sigma,seed,run,round,mode,pixel_mse,gradient_error
0.05,101,0,0,current,0.023084774613380432,0.04496739059686661
0.05,101,0,1,current,0.027072668075561523,0.055423054844141006
0.05,101,0,2,current,0.05260365456342697,0.1927616000175476
0.05,101,0,3,current,0.06906040012836456,0.11483390629291534
0.05,101,0,4,current,0.04984835162758827,0.07688485085964203
0.05,101,0,5,current,0.05631130188703537,0.08589725196361542
0.05,101,0,6,current,0.10154848545789719,0.1383880078792572
0.05,101,0,7,current,0.04284977540373802,0.07105520367622375
0.05,101,0,8,current,0.06134260073304176,0.07703917473554611
0.05,101,0,9,current,0.05149376764893532,0.09918583184480667
0.05,101,0,10,current,0.06036023050546646,0.08111888915300369
0.05,101,0,11,current,0.04641113430261612,0.08334706723690033
0.05,101,0,12,current,0.03441360592842102,0.0735793262720108
0.05,101,0,13,current,0.05403895303606987,0.1253359615802765
0.05,101,0,14,current,0.04687974974513054,0.09688861668109894
0.05,101,0,15,current,0.04866835102438927,0.10291557013988495
0.05,101,1,0,current,0.016339624300599098,0.052995167672634125
0.05,101,1,1,current,0.04636644199490547,0.0663379430770874
0.05,101,1,2,current,0.0514146164059639,0.11160117387771606
0.05,101,1,3,current,0.057056695222854614,0.12388741970062256
0.05,101,1,4,current,0.05281661078333855,0.09478523582220078
0.05,101,1,5,current,0.06510718911886215,0.10521280020475388
0.05,101,1,6,current,0.04935093969106674,0.08711390197277069
0.05,101,1,7,current,0.04728487879037857,0.1685539186000824
0.05,101,1,8,current,0.062045078724622726,0.10778392851352692
0.05,101,1,9,current,0.06208306550979614,0.10523416101932526
0.05,101,1,10,current,0.057271700352430344,0.08431319892406464
0.05,101,1,11,current,0.06873292475938797,0.14985431730747223
0.05,101,1,12,current,0.05315066874027252,0.09680566191673279
0.05,101,1,13,current,0.05657584220170975,0.07163863629102707
0.05,101,1,14,current,0.06405498087406158,0.12981298565864563
0.05,101,1,15,current,0.07961633801460266,0.13694456219673157
0.05,101,2,0,current,0.04741957411170006,0.09369964897632599
0.05,101,2,1,current,0.024379674345254898,0.10271453857421875
0.05,101,2,2,current,0.027954181656241417,0.04778653383255005
0.05,101,2,3,current,0.08283882588148117,0.07869350910186768
0.05,101,2,4,current,0.07132107764482498,0.09865985065698624
0.05,101,2,5,current,0.0659942552447319,0.24862386286258698
0.05,101,2,6,current,0.0209339689463377,0.04022512584924698
0.05,101,2,7,current,0.05398726463317871,0.0874803215265274
0.05,101,2,8,current,0.058549266308546066,0.11711922287940979
0.05,101,2,9,current,0.05068349465727806,0.08910050243139267
0.05,101,2,10,current,0.032540228217840195,0.0817033052444458
0.05,101,2,11,current,0.08239959925413132,0.1177375540137291
0.05,101,2,12,current,0.044381044805049896,0.12210030853748322
0.05,101,2,13,current,0.043759994208812714,0.08866613358259201
0.05,101,2,14,current,0.05369875207543373,0.09940451383590698
0.05,101,2,15,current,0.05101590231060982,0.09991457313299179
0.05,101,3,0,current,0.07533973455429077,0.14497072994709015
0.05,101,3,1,current,0.05435110256075859,0.08238191157579422
0.05,101,3,2,current,0.05855680629611015,0.09585846960544586
0.05,101,3,3,current,0.05072231590747833,0.07022739946842194
0.05,101,3,4,current,0.0514853298664093,0.09276419878005981
0.05,101,3,5,current,0.02149060368537903,0.03255502134561539
0.05,101,3,6,current,0.06834425032138824,0.11671580374240875
0.05,101,3,7,current,0.049932777881622314,0.08035135269165039
0.05,101,3,8,current,0.05310283973813057,0.0768616572022438
0.05,101,3,9,current,0.05281836539506912,0.07724031805992126
0.05,101,3,10,current,0.06536584347486496,0.07222014665603638
0.05,101,3,11,current,0.08357768505811691,0.14297915995121002
0.05,101,3,12,current,0.05828297510743141,0.1426757276058197
0.05,101,3,13,current,0.061073560267686844,0.12261445820331573
0.05,101,3,14,current,0.028881583362817764,0.07050633430480957
0.05,101,3,15,current,0.047725312411785126,0.08389046788215637
0.05,101,4,0,current,0.07742733508348465,0.1420266181230545
0.05,101,4,1,current,0.05380123853683472,0.07227436453104019
0.05,101,4,2,current,0.045637812465429306,0.07087881863117218
0.05,101,4,3,current,0.026605799794197083,0.06397029757499695
0.05,101,4,4,current,0.03846246749162674,0.08168966323137283
0.05,101,4,5,current,0.06322625279426575,0.10655396431684494
0.05,101,4,6,current,0.055707547813653946,0.1113295704126358
0.05,101,4,7,current,0.037005096673965454,0.06683196127414703
0.05,101,4,8,current,0.07787343114614487,0.15066185593605042
0.05,101,4,9,current,0.0802706778049469,0.1416161209344864
0.05,101,4,10,current,0.05663830786943436,0.10674868524074554
0.05,101,4,11,current,0.036372460424900055,0.056860990822315216
0.05,101,4,12,current,0.05140155553817749,0.09196817874908447
0.05,101,4,13,current,0.0676225870847702,0.10651614516973495
0.05,101,4,14,current,0.08403374999761581,0.1309136301279068
0.05,101,4,15,current,0.04299154877662659,0.07712667435407639
0.05,101,5,0,current,0.053188011050224304,0.056582480669021606
0.05,101,5,1,current,0.04406755790114403,0.10464444011449814
0.05,101,5,2,current,0.05441715195775032,0.09003159403800964
0.05,101,5,3,current,0.057480309158563614,0.04953017085790634
0.05,101,5,4,current,0.04694785922765732,0.06986677646636963
0.05,101,5,5,current,0.04680820554494858,0.06448176503181458
0.05,101,5,6,current,0.10012336820363998,0.15925967693328857
0.05,101,5,7,current,0.04304004833102226,0.08339528739452362
0.05,101,5,8,current,0.05631260573863983,0.07435721904039383
0.05,101,5,9,current,0.06407010555267334,0.10613419115543365
0.05,101,5,10,current,0.035493023693561554,0.08481372892856598
0.05,101,5,11,current,0.05400834605097771,0.12290127575397491
0.05,101,5,12,current,0.07665474712848663,0.17000733315944672
0.05,101,5,13,current,0.05421500653028488,0.09682890772819519
0.05,101,5,14,current,0.08752238750457764,0.20655834674835205
0.05,101,5,15,current,0.06744930893182755,0.1443910002708435
0.05,101,6,0,current,0.03489340841770172,0.05477790907025337
0.05,101,6,1,current,0.06503953784704208,0.09674052894115448
0.05,101,6,2,current,0.0661989375948906,0.11164459586143494
0.05,101,6,3,current,0.061559248715639114,0.10883361846208572
0.05,101,6,4,current,0.05978260561823845,0.09061327576637268
0.05,101,6,5,current,0.05523034557700157,0.10723006725311279
0.05,101,6,6,current,0.031204110011458397,0.06236926466226578
0.05,101,6,7,current,0.03858114406466484,0.08880579471588135
0.05,101,6,8,current,0.07999475300312042,0.07513788342475891
0.05,101,6,9,current,0.06609506160020828,0.0650399923324585
0.05,101,6,10,current,0.0675961896777153,0.13141269981861115
0.05,101,6,11,current,0.03055749647319317,0.09137764573097229
0.05,101,6,12,current,0.039989594370126724,0.09893681108951569
0.05,101,6,13,current,0.04619096219539642,0.0696815699338913
0.05,101,6,14,current,0.0603225976228714,0.12691134214401245
0.05,101,6,15,current,0.05374560132622719,0.08785907924175262
0.05,101,7,0,current,0.02192750945687294,0.039505552500486374
0.05,101,7,1,current,0.04890015721321106,0.10390140116214752
0.05,101,7,2,current,0.04510147124528885,0.07583105564117432
0.05,101,7,3,current,0.08669260889291763,0.14725162088871002
0.05,101,7,4,current,0.030180081725120544,0.058796484023332596
0.05,101,7,5,current,0.041277896612882614,0.06968208402395248
0.05,101,7,6,current,0.06015416979789734,0.0833423063158989
0.05,101,7,7,current,0.05385416001081467,0.09396947920322418
0.05,101,7,8,current,0.05035768076777458,0.07755886763334274
0.05,101,7,9,current,0.055434685200452805,0.09674390405416489
0.05,101,7,10,current,0.05294036865234375,0.09112970530986786
0.05,101,7,11,current,0.0691199004650116,0.06617042422294617
0.05,101,7,12,current,0.07536700367927551,0.1238391101360321
0.05,101,7,13,current,0.05723479390144348,0.09347376972436905
0.05,101,7,14,current,0.05348649248480797,0.09652240574359894
0.05,101,7,15,current,0.05533180385828018,0.08845337480306625
0.05,101,0,0,past,0.019296785816550255,0.051947541534900665
0.05,101,0,1,past,0.025541530922055244,0.06918228417634964
0.05,101,0,2,past,0.052248917520046234,0.2092856615781784
0.05,101,0,3,past,0.06881973892450333,0.11546289920806885
0.05,101,0,4,past,0.047300152480602264,0.06479830294847488
0.05,101,0,5,past,0.05747769773006439,0.10235201567411423
0.05,101,0,6,past,0.09804818034172058,0.14369909465312958
0.05,101,0,7,past,0.04004558175802231,0.08024995028972626
0.05,101,0,8,past,0.06403379142284393,0.09705124795436859
0.05,101,0,9,past,0.05116138979792595,0.11375419050455093
0.05,101,0,10,past,0.06032349541783333,0.08798587322235107
0.05,101,0,11,past,0.04485724866390228,0.09342581033706665
0.05,101,0,12,past,0.03885622322559357,0.08010229468345642
0.05,101,0,13,past,0.05657951533794403,0.14101412892341614
0.05,101,0,14,past,0.04709342122077942,0.10950367152690887
0.05,101,0,15,past,0.051611386239528656,0.11165142059326172
0.05,101,1,0,past,0.015775486826896667,0.04479274898767471
0.05,101,1,1,past,0.04377235099673271,0.06892555207014084
0.05,101,1,2,past,0.050527703016996384,0.10891425609588623
0.05,101,1,3,past,0.055309709161520004,0.12177623808383942
0.05,101,1,4,past,0.04956383258104324,0.10026991367340088
0.05,101,1,5,past,0.05949220806360245,0.10711824893951416
0.05,101,1,6,past,0.04658908396959305,0.0902421697974205
0.05,101,1,7,past,0.049636878073215485,0.16652870178222656
0.05,101,1,8,past,0.05900423973798752,0.09302211552858353
0.05,101,1,9,past,0.06116645038127899,0.11414356529712677
0.05,101,1,10,past,0.05530506372451782,0.08411430567502975
0.05,101,1,11,past,0.06653054058551788,0.15922138094902039
0.05,101,1,12,past,0.05591365322470665,0.10680335760116577
0.05,101,1,13,past,0.053844112902879715,0.07160530239343643
0.05,101,1,14,past,0.06049733608961105,0.1448700726032257
0.05,101,1,15,past,0.07669758796691895,0.13829302787780762
0.05,101,2,0,past,0.046288423240184784,0.10462802648544312
0.05,101,2,1,past,0.027307437732815742,0.10667215287685394
0.05,101,2,2,past,0.029183803126215935,0.051112957298755646
0.05,101,2,3,past,0.07551572471857071,0.07293147593736649
0.05,101,2,4,past,0.07480350136756897,0.10340142250061035
0.05,101,2,5,past,0.06524458527565002,0.2599654793739319
0.05,101,2,6,past,0.020827356725931168,0.03952598571777344
0.05,101,2,7,past,0.05231770873069763,0.09429790079593658
0.05,101,2,8,past,0.05433613806962967,0.10951685905456543
0.05,101,2,9,past,0.05078500136733055,0.09485723078250885
0.05,101,2,10,past,0.03213096037507057,0.08410847932100296
0.05,101,2,11,past,0.08470918983221054,0.133692666888237
0.05,101,2,12,past,0.043223172426223755,0.13624271750450134
0.05,101,2,13,past,0.043808694928884506,0.09363529831171036
0.05,101,2,14,past,0.05002402886748314,0.0988362580537796
0.05,101,2,15,past,0.04934460297226906,0.10944090783596039
0.05,101,3,0,past,0.07895608246326447,0.1529960334300995
0.05,101,3,1,past,0.056959882378578186,0.08708730340003967
0.05,101,3,2,past,0.05713984742760658,0.09962645918130875
0.05,101,3,3,past,0.048778582364320755,0.07944372296333313
0.05,101,3,4,past,0.04670807346701622,0.10063009709119797
0.05,101,3,5,past,0.023001644760370255,0.03237900882959366
0.05,101,3,6,past,0.0756351500749588,0.12326888740062714
0.05,101,3,7,past,0.04982519522309303,0.09114941954612732
0.05,101,3,8,past,0.052989404648542404,0.08489128947257996
0.05,101,3,9,past,0.05138006806373596,0.08314378559589386
0.05,101,3,10,past,0.07176239788532257,0.08367399871349335
0.05,101,3,11,past,0.08169650286436081,0.16007786989212036
0.05,101,3,12,past,0.05922365188598633,0.1581684947013855
0.05,101,3,13,past,0.05625518411397934,0.13376504182815552
0.05,101,3,14,past,0.03216962516307831,0.07420684397220612
0.05,101,3,15,past,0.0456562340259552,0.09755468368530273
0.05,101,4,0,past,0.07501618564128876,0.13803081214427948
0.05,101,4,1,past,0.05748710781335831,0.06679373979568481
0.05,101,4,2,past,0.044485971331596375,0.06813758611679077
0.05,101,4,3,past,0.032435666769742966,0.0706644281744957
0.05,101,4,4,past,0.037379223853349686,0.07684314250946045
0.05,101,4,5,past,0.06559275835752487,0.12104964256286621
0.05,101,4,6,past,0.05413902923464775,0.11312197148799896
0.05,101,4,7,past,0.03555529937148094,0.0656525045633316
0.05,101,4,8,past,0.07645434141159058,0.15094265341758728
0.05,101,4,9,past,0.07394567131996155,0.15902705490589142
0.05,101,4,10,past,0.054595910012722015,0.10462958365678787
0.05,101,4,11,past,0.036070816218853,0.05562175065279007
0.05,101,4,12,past,0.05818699672818184,0.10456256568431854
0.05,101,4,13,past,0.06692583858966827,0.11476969718933105
0.05,101,4,14,past,0.08021070808172226,0.14276719093322754
0.05,101,4,15,past,0.04333875700831413,0.08599814772605896
0.05,101,5,0,past,0.05203450098633766,0.05820600315928459
0.05,101,5,1,past,0.04315412417054176,0.09745664894580841
0.05,101,5,2,past,0.04752248525619507,0.08844061940908432
0.05,101,5,3,past,0.06445623189210892,0.054058607667684555
0.05,101,5,4,past,0.04348522424697876,0.07494476437568665
0.05,101,5,5,past,0.047063589096069336,0.07419846951961517
0.05,101,5,6,past,0.10026075690984726,0.15215030312538147
0.05,101,5,7,past,0.041157759726047516,0.07328256964683533
0.05,101,5,8,past,0.05655430629849434,0.08286666125059128
0.05,101,5,9,past,0.06718964129686356,0.10503111034631729
0.05,101,5,10,past,0.03979199379682541,0.11380941420793533
0.05,101,5,11,past,0.0508873276412487,0.13459016382694244
0.05,101,5,12,past,0.07819890230894089,0.1770590990781784
0.05,101,5,13,past,0.05447467416524887,0.10495705157518387
0.05,101,5,14,past,0.08689003437757492,0.21841299533843994
0.05,101,5,15,past,0.06378984451293945,0.15973643958568573
0.05,101,6,0,past,0.033261626958847046,0.05424325540661812
0.05,101,6,1,past,0.06033209338784218,0.12026285380125046
0.05,101,6,2,past,0.06635130941867828,0.12417564541101456
0.05,101,6,3,past,0.05067410320043564,0.10988005250692368
0.05,101,6,4,past,0.05701974034309387,0.09817864000797272
0.05,101,6,5,past,0.052127398550510406,0.11220680177211761
0.05,101,6,6,past,0.03244059160351753,0.08054208755493164
0.05,101,6,7,past,0.034591495990753174,0.09530667215585709
0.05,101,6,8,past,0.07997684180736542,0.07273393869400024
0.05,101,6,9,past,0.06341743469238281,0.06942876428365707
0.05,101,6,10,past,0.06322932988405228,0.13998976349830627
0.05,101,6,11,past,0.03245093673467636,0.11201710999011993
0.05,101,6,12,past,0.04102368280291557,0.11162418127059937
0.05,101,6,13,past,0.04476390406489372,0.07836215198040009
0.05,101,6,14,past,0.060403648763895035,0.14201511442661285
0.05,101,6,15,past,0.051497604697942734,0.09415963292121887
0.05,101,7,0,past,0.02250741980969906,0.03863825649023056
0.05,101,7,1,past,0.04565652459859848,0.0930468812584877
0.05,101,7,2,past,0.04856767877936363,0.08332236856222153
0.05,101,7,3,past,0.08325804769992828,0.1406964659690857
0.05,101,7,4,past,0.02960231900215149,0.06616750359535217
0.05,101,7,5,past,0.05225690081715584,0.06052977964282036
0.05,101,7,6,past,0.060374025255441666,0.09642061591148376
0.05,101,7,7,past,0.05763201788067818,0.09377359598875046
0.05,101,7,8,past,0.052291374653577805,0.08386193215847015
0.05,101,7,9,past,0.04829901084303856,0.08927805721759796
0.05,101,7,10,past,0.04918806999921799,0.0941254198551178
0.05,101,7,11,past,0.06712518632411957,0.060257688164711
0.05,101,7,12,past,0.0766938254237175,0.12960729002952576
0.05,101,7,13,past,0.05905473604798317,0.08781708776950836
0.05,101,7,14,past,0.0563555546104908,0.09100114554166794
0.05,101,7,15,past,0.05612649396061897,0.09049862623214722
0.05,101,0,0,full,0.020173801109194756,0.05486685410141945
0.05,101,0,1,full,0.027179569005966187,0.0848020613193512
0.05,101,0,2,full,0.05449443310499191,0.2036294937133789
0.05,101,0,3,full,0.06990955770015717,0.1299334168434143
0.05,101,0,4,full,0.04437132179737091,0.06776680052280426
0.05,101,0,5,full,0.06015566736459732,0.10959486663341522
0.05,101,0,6,full,0.09360269457101822,0.1553819477558136
0.05,101,0,7,full,0.04196688160300255,0.08527165651321411
0.05,101,0,8,full,0.06403321027755737,0.09072169661521912
0.05,101,0,9,full,0.05278604477643967,0.12222415208816528
0.05,101,0,10,full,0.05859222263097763,0.09104235470294952
0.05,101,0,11,full,0.042581696063280106,0.08935865014791489
0.05,101,0,12,full,0.04217594489455223,0.08454064279794693
0.05,101,0,13,full,0.05413876101374626,0.14623525738716125
0.05,101,0,14,full,0.04834253340959549,0.11604073643684387
0.05,101,0,15,full,0.04811551794409752,0.09831656515598297
0.05,101,1,0,full,0.01693044602870941,0.05182092636823654
0.05,101,1,1,full,0.046787358820438385,0.07831820845603943
0.05,101,1,2,full,0.04431752860546112,0.11943924427032471
0.05,101,1,3,full,0.05353476479649544,0.12473127245903015
0.05,101,1,4,full,0.051832880824804306,0.10454753041267395
0.05,101,1,5,full,0.0575772263109684,0.1052914708852768
0.05,101,1,6,full,0.04809985309839249,0.09060490131378174
0.05,101,1,7,full,0.05299168825149536,0.17009253799915314
0.05,101,1,8,full,0.05652971565723419,0.10129310190677643
0.05,101,1,9,full,0.060903098434209824,0.12093514949083328
0.05,101,1,10,full,0.05833030119538307,0.09143927693367004
0.05,101,1,11,full,0.06532303988933563,0.16815340518951416
0.05,101,1,12,full,0.05910075455904007,0.11784105747938156
0.05,101,1,13,full,0.05296173691749573,0.06658212840557098
0.05,101,1,14,full,0.05812915042042732,0.15119680762290955
0.05,101,1,15,full,0.07751739025115967,0.13397078216075897
0.05,101,2,0,full,0.04699668660759926,0.11532311141490936
0.05,101,2,1,full,0.02545170672237873,0.12086173892021179
0.05,101,2,2,full,0.03222492337226868,0.053199734538793564
0.05,101,2,3,full,0.08192521333694458,0.08285824954509735
0.05,101,2,4,full,0.07497065514326096,0.11182908713817596
0.05,101,2,5,full,0.06864263862371445,0.2750742435455322
0.05,101,2,6,full,0.01991053856909275,0.04173851013183594
0.05,101,2,7,full,0.049114275723695755,0.09636037796735764
0.05,101,2,8,full,0.05320281535387039,0.11596505343914032
0.05,101,2,9,full,0.047829870134592056,0.10694953799247742
0.05,101,2,10,full,0.029650848358869553,0.0756358802318573
0.05,101,2,11,full,0.08133620768785477,0.13641557097434998
0.05,101,2,12,full,0.04501776769757271,0.12880782783031464
0.05,101,2,13,full,0.03885456547141075,0.10274440050125122
0.05,101,2,14,full,0.048190753906965256,0.10734553635120392
0.05,101,2,15,full,0.04573505371809006,0.09471917897462845
0.05,101,3,0,full,0.08222179859876633,0.15714409947395325
0.05,101,3,1,full,0.06213010102510452,0.0951143205165863
0.05,101,3,2,full,0.06203322485089302,0.10500240325927734
0.05,101,3,3,full,0.04834720492362976,0.08376354724168777
0.05,101,3,4,full,0.04627357795834541,0.10194875299930573
0.05,101,3,5,full,0.022368457168340683,0.034344471991062164
0.05,101,3,6,full,0.07652021944522858,0.1353825032711029
0.05,101,3,7,full,0.04543932154774666,0.0916348397731781
0.05,101,3,8,full,0.05349165201187134,0.10194459557533264
0.05,101,3,9,full,0.04934357479214668,0.08713026344776154
0.05,101,3,10,full,0.06717050820589066,0.08004990220069885
0.05,101,3,11,full,0.08261941373348236,0.17044812440872192
0.05,101,3,12,full,0.062483180314302444,0.16552171111106873
0.05,101,3,13,full,0.05501924827694893,0.1516532003879547
0.05,101,3,14,full,0.03754320368170738,0.0833212211728096
0.05,101,3,15,full,0.045052334666252136,0.095633864402771
0.05,101,4,0,full,0.07788196951150894,0.1433834582567215
0.05,101,4,1,full,0.057381805032491684,0.06155819445848465
0.05,101,4,2,full,0.04258326068520546,0.0779610425233841
0.05,101,4,3,full,0.02899857610464096,0.07503065466880798
0.05,101,4,4,full,0.03718097135424614,0.09249899536371231
0.05,101,4,5,full,0.06575367599725723,0.1247565895318985
0.05,101,4,6,full,0.0567341111600399,0.11123637855052948
0.05,101,4,7,full,0.03685833886265755,0.07746915519237518
0.05,101,4,8,full,0.07949595898389816,0.15327760577201843
0.05,101,4,9,full,0.07733898609876633,0.15424156188964844
0.05,101,4,10,full,0.05408219248056412,0.10373641550540924
0.05,101,4,11,full,0.03609437495470047,0.06230920925736427
0.05,101,4,12,full,0.06049755588173866,0.11185146868228912
0.05,101,4,13,full,0.07086873799562454,0.12696316838264465
0.05,101,4,14,full,0.0816076472401619,0.15003949403762817
0.05,101,4,15,full,0.04360135272145271,0.0791284441947937
0.05,101,5,0,full,0.047373149544000626,0.0707714855670929
0.05,101,5,1,full,0.039443839341402054,0.10452592372894287
0.05,101,5,2,full,0.04853377118706703,0.09126898646354675
0.05,101,5,3,full,0.06152733415365219,0.05768235772848129
0.05,101,5,4,full,0.04697330668568611,0.07985921949148178
0.05,101,5,5,full,0.047594036906957626,0.0703326165676117
0.05,101,5,6,full,0.10183047503232956,0.16495269536972046
0.05,101,5,7,full,0.04098425433039665,0.07675443589687347
0.05,101,5,8,full,0.056422069668769836,0.08006967604160309
0.05,101,5,9,full,0.06865652650594711,0.1239125207066536
0.05,101,5,10,full,0.04256168007850647,0.1194746196269989
0.05,101,5,11,full,0.05124293640255928,0.13225626945495605
0.05,101,5,12,full,0.08563656359910965,0.17993338406085968
0.05,101,5,13,full,0.05139201506972313,0.1095336303114891
0.05,101,5,14,full,0.08996749669313431,0.21213537454605103
0.05,101,5,15,full,0.06633759289979935,0.14428475499153137
0.05,101,6,0,full,0.03782140836119652,0.06192003935575485
0.05,101,6,1,full,0.06079811975359917,0.12513981759548187
0.05,101,6,2,full,0.06725868582725525,0.13654421269893646
0.05,101,6,3,full,0.04841885715723038,0.1062329113483429
0.05,101,6,4,full,0.05768250301480293,0.1048310250043869
0.05,101,6,5,full,0.05525483563542366,0.11912365257740021
0.05,101,6,6,full,0.03461446240544319,0.08847744762897491
0.05,101,6,7,full,0.03486360237002373,0.10262604057788849
0.05,101,6,8,full,0.08097653836011887,0.08304516971111298
0.05,101,6,9,full,0.0691567063331604,0.06961840391159058
0.05,101,6,10,full,0.06147922948002815,0.148854061961174
0.05,101,6,11,full,0.03351271525025368,0.11121967434883118
0.05,101,6,12,full,0.0446716733276844,0.12373630702495575
0.05,101,6,13,full,0.04599703475832939,0.0806732028722763
0.05,101,6,14,full,0.05957421660423279,0.14006775617599487
0.05,101,6,15,full,0.049774426966905594,0.08567556738853455
0.05,101,7,0,full,0.022820113226771355,0.03954596817493439
0.05,101,7,1,full,0.045014265924692154,0.09208793193101883
0.05,101,7,2,full,0.0463242344558239,0.08449538052082062
0.05,101,7,3,full,0.08988730609416962,0.15371625125408173
0.05,101,7,4,full,0.02978849969804287,0.066812664270401
0.05,101,7,5,full,0.05328482389450073,0.07606157660484314
0.05,101,7,6,full,0.07242889702320099,0.10096128284931183
0.05,101,7,7,full,0.055627644062042236,0.09044216573238373
0.05,101,7,8,full,0.04990501329302788,0.08503042161464691
0.05,101,7,9,full,0.04772412031888962,0.0951269119977951
0.05,101,7,10,full,0.052740950137376785,0.09556950628757477
0.05,101,7,11,full,0.06217268109321594,0.05670372024178505
0.05,101,7,12,full,0.07368111610412598,0.12656885385513306
0.05,101,7,13,full,0.05766531452536583,0.08864754438400269
0.05,101,7,14,full,0.054585933685302734,0.0900178849697113
0.05,101,7,15,full,0.06333957612514496,0.09185688942670822
0.05,101,0,0,full_test_shuffled,0.021925147622823715,0.054250866174697876
0.05,101,0,1,full_test_shuffled,0.025710854679346085,0.07320116460323334
0.05,101,0,2,full_test_shuffled,0.05384282022714615,0.20390033721923828
0.05,101,0,3,full_test_shuffled,0.06872377544641495,0.12180425971746445
0.05,101,0,4,full_test_shuffled,0.044567763805389404,0.07354729622602463
0.05,101,0,5,full_test_shuffled,0.06359757483005524,0.1110021099448204
0.05,101,0,6,full_test_shuffled,0.09440691769123077,0.15151289105415344
0.05,101,0,7,full_test_shuffled,0.04332932084798813,0.07949794828891754
0.05,101,0,8,full_test_shuffled,0.06365074962377548,0.08721268177032471
0.05,101,0,9,full_test_shuffled,0.058192115277051926,0.11279921233654022
0.05,101,0,10,full_test_shuffled,0.06181509420275688,0.09578456729650497
0.05,101,0,11,full_test_shuffled,0.043505217880010605,0.0860266461968422
0.05,101,0,12,full_test_shuffled,0.03917791694402695,0.08240942656993866
0.05,101,0,13,full_test_shuffled,0.053532540798187256,0.14676512777805328
0.05,101,0,14,full_test_shuffled,0.04823809489607811,0.11115236580371857
0.05,101,0,15,full_test_shuffled,0.047618068754673004,0.09497959166765213
0.05,101,1,0,full_test_shuffled,0.017017807811498642,0.05210453271865845
0.05,101,1,1,full_test_shuffled,0.04516907036304474,0.07673651725053787
0.05,101,1,2,full_test_shuffled,0.04687734693288803,0.10960185527801514
0.05,101,1,3,full_test_shuffled,0.05753954499959946,0.1282491832971573
0.05,101,1,4,full_test_shuffled,0.050807684659957886,0.09987273067235947
0.05,101,1,5,full_test_shuffled,0.057646699249744415,0.10850856453180313
0.05,101,1,6,full_test_shuffled,0.045332301408052444,0.08936765789985657
0.05,101,1,7,full_test_shuffled,0.049332160502672195,0.1671134978532791
0.05,101,1,8,full_test_shuffled,0.0556894950568676,0.1010890007019043
0.05,101,1,9,full_test_shuffled,0.06319420039653778,0.11633579432964325
0.05,101,1,10,full_test_shuffled,0.05555271357297897,0.09352762252092361
0.05,101,1,11,full_test_shuffled,0.06999654322862625,0.16705164313316345
0.05,101,1,12,full_test_shuffled,0.05290708690881729,0.11651460826396942
0.05,101,1,13,full_test_shuffled,0.053899604827165604,0.07907648384571075
0.05,101,1,14,full_test_shuffled,0.06156519055366516,0.15948531031608582
0.05,101,1,15,full_test_shuffled,0.07941842079162598,0.1372181475162506
0.05,101,2,0,full_test_shuffled,0.04745345935225487,0.11523237079381943
0.05,101,2,1,full_test_shuffled,0.025595569983124733,0.12126986682415009
0.05,101,2,2,full_test_shuffled,0.0312107615172863,0.05438916012644768
0.05,101,2,3,full_test_shuffled,0.08497947454452515,0.08371646702289581
0.05,101,2,4,full_test_shuffled,0.07524141669273376,0.1124657541513443
0.05,101,2,5,full_test_shuffled,0.0675259530544281,0.27742862701416016
0.05,101,2,6,full_test_shuffled,0.020724492147564888,0.04152964428067207
0.05,101,2,7,full_test_shuffled,0.05424909666180611,0.09258265793323517
0.05,101,2,8,full_test_shuffled,0.05491407960653305,0.115938201546669
0.05,101,2,9,full_test_shuffled,0.049247484654188156,0.10602781921625137
0.05,101,2,10,full_test_shuffled,0.030259916558861732,0.07898858189582825
0.05,101,2,11,full_test_shuffled,0.08499707281589508,0.1363036334514618
0.05,101,2,12,full_test_shuffled,0.0473366305232048,0.13056986033916473
0.05,101,2,13,full_test_shuffled,0.04068984463810921,0.09906896948814392
0.05,101,2,14,full_test_shuffled,0.05100063234567642,0.10389073193073273
0.05,101,2,15,full_test_shuffled,0.04815308004617691,0.09371504187583923
0.05,101,3,0,full_test_shuffled,0.08446472883224487,0.16270306706428528
0.05,101,3,1,full_test_shuffled,0.05971517413854599,0.09232351928949356
0.05,101,3,2,full_test_shuffled,0.05789046362042427,0.10533449798822403
0.05,101,3,3,full_test_shuffled,0.046813059598207474,0.08198702335357666
0.05,101,3,4,full_test_shuffled,0.04586642235517502,0.1089530736207962
0.05,101,3,5,full_test_shuffled,0.022433286532759666,0.03386061266064644
0.05,101,3,6,full_test_shuffled,0.07339586317539215,0.12737199664115906
0.05,101,3,7,full_test_shuffled,0.04750819131731987,0.08709468692541122
0.05,101,3,8,full_test_shuffled,0.051189154386520386,0.10275864601135254
0.05,101,3,9,full_test_shuffled,0.04909045249223709,0.10116102546453476
0.05,101,3,10,full_test_shuffled,0.059786081314086914,0.07610484212636948
0.05,101,3,11,full_test_shuffled,0.0822829157114029,0.17218415439128876
0.05,101,3,12,full_test_shuffled,0.0598185658454895,0.15276844799518585
0.05,101,3,13,full_test_shuffled,0.05798356980085373,0.14803707599639893
0.05,101,3,14,full_test_shuffled,0.03545001894235611,0.06764010339975357
0.05,101,3,15,full_test_shuffled,0.04854645952582359,0.0943063274025917
0.05,101,4,0,full_test_shuffled,0.07726369798183441,0.1438893973827362
0.05,101,4,1,full_test_shuffled,0.0583374910056591,0.06927286088466644
0.05,101,4,2,full_test_shuffled,0.04806935414671898,0.08173568546772003
0.05,101,4,3,full_test_shuffled,0.0316309928894043,0.08363089710474014
0.05,101,4,4,full_test_shuffled,0.04109649360179901,0.08019449561834335
0.05,101,4,5,full_test_shuffled,0.06216063350439072,0.126779243350029
0.05,101,4,6,full_test_shuffled,0.05598265677690506,0.1067105382680893
0.05,101,4,7,full_test_shuffled,0.03964611515402794,0.06822210550308228
0.05,101,4,8,full_test_shuffled,0.07758808135986328,0.147426038980484
0.05,101,4,9,full_test_shuffled,0.07843437045812607,0.16173125803470612
0.05,101,4,10,full_test_shuffled,0.05686108022928238,0.10993869602680206
0.05,101,4,11,full_test_shuffled,0.03646954149007797,0.05985948443412781
0.05,101,4,12,full_test_shuffled,0.05826334282755852,0.10877466201782227
0.05,101,4,13,full_test_shuffled,0.06680652499198914,0.11410234123468399
0.05,101,4,14,full_test_shuffled,0.08254098147153854,0.14605456590652466
0.05,101,4,15,full_test_shuffled,0.04427095502614975,0.07880706340074539
0.05,101,5,0,full_test_shuffled,0.05374864488840103,0.06851256638765335
0.05,101,5,1,full_test_shuffled,0.04230307415127754,0.102891705930233
0.05,101,5,2,full_test_shuffled,0.049837641417980194,0.08181150257587433
0.05,101,5,3,full_test_shuffled,0.06505181640386581,0.06217638775706291
0.05,101,5,4,full_test_shuffled,0.046767327934503555,0.08139076083898544
0.05,101,5,5,full_test_shuffled,0.04818963259458542,0.07267492264509201
0.05,101,5,6,full_test_shuffled,0.10418210923671722,0.16738255321979523
0.05,101,5,7,full_test_shuffled,0.0404309518635273,0.07219152897596359
0.05,101,5,8,full_test_shuffled,0.06118281930685043,0.08212035149335861
0.05,101,5,9,full_test_shuffled,0.06836266815662384,0.11570719629526138
0.05,101,5,10,full_test_shuffled,0.04159434512257576,0.10318700969219208
0.05,101,5,11,full_test_shuffled,0.052123118191957474,0.13229545950889587
0.05,101,5,12,full_test_shuffled,0.08118875324726105,0.18899095058441162
0.05,101,5,13,full_test_shuffled,0.05237159878015518,0.10049395263195038
0.05,101,5,14,full_test_shuffled,0.08599106222391129,0.20634785294532776
0.05,101,5,15,full_test_shuffled,0.06936641037464142,0.14421296119689941
0.05,101,6,0,full_test_shuffled,0.03597051277756691,0.06723042577505112
0.05,101,6,1,full_test_shuffled,0.0653180480003357,0.12569640576839447
0.05,101,6,2,full_test_shuffled,0.06494110077619553,0.11874677985906601
0.05,101,6,3,full_test_shuffled,0.050172459334135056,0.11563055217266083
0.05,101,6,4,full_test_shuffled,0.055324625223875046,0.0979144349694252
0.05,101,6,5,full_test_shuffled,0.05505318567156792,0.11250831186771393
0.05,101,6,6,full_test_shuffled,0.029719173908233643,0.0777624100446701
0.05,101,6,7,full_test_shuffled,0.035357579588890076,0.08675164729356766
0.05,101,6,8,full_test_shuffled,0.08292237669229507,0.0894327238202095
0.05,101,6,9,full_test_shuffled,0.0718974620103836,0.07272248715162277
0.05,101,6,10,full_test_shuffled,0.06190831586718559,0.15141068398952484
0.05,101,6,11,full_test_shuffled,0.032748013734817505,0.11129593849182129
0.05,101,6,12,full_test_shuffled,0.04424436017870903,0.11846667528152466
0.05,101,6,13,full_test_shuffled,0.048330653458833694,0.07440990209579468
0.05,101,6,14,full_test_shuffled,0.060736339539289474,0.1437438726425171
0.05,101,6,15,full_test_shuffled,0.051789116114377975,0.0826454907655716
0.05,101,7,0,full_test_shuffled,0.021706068888306618,0.04293782263994217
0.05,101,7,1,full_test_shuffled,0.049382925033569336,0.09451550990343094
0.05,101,7,2,full_test_shuffled,0.047049183398485184,0.0837734043598175
0.05,101,7,3,full_test_shuffled,0.08742126077413559,0.1574220359325409
0.05,101,7,4,full_test_shuffled,0.027906592935323715,0.06815832853317261
0.05,101,7,5,full_test_shuffled,0.05090292543172836,0.07840726524591446
0.05,101,7,6,full_test_shuffled,0.06734668463468552,0.09487154334783554
0.05,101,7,7,full_test_shuffled,0.05098689720034599,0.09576746076345444
0.05,101,7,8,full_test_shuffled,0.05419024080038071,0.08989892154932022
0.05,101,7,9,full_test_shuffled,0.04942404478788376,0.09382331371307373
0.05,101,7,10,full_test_shuffled,0.05272559076547623,0.09810398519039154
0.05,101,7,11,full_test_shuffled,0.06499576568603516,0.06716082245111465
0.05,101,7,12,full_test_shuffled,0.07420889288187027,0.12621651589870453
0.05,101,7,13,full_test_shuffled,0.057401012629270554,0.08797945082187653
0.05,101,7,14,full_test_shuffled,0.05661927908658981,0.09040143340826035
0.05,101,7,15,full_test_shuffled,0.057950831949710846,0.09459491074085236
0.05,101,0,0,shuffled,0.02009313739836216,0.05557991936802864
0.05,101,0,1,shuffled,0.026151388883590698,0.05495147779583931
0.05,101,0,2,shuffled,0.05307718366384506,0.18060199916362762
0.05,101,0,3,shuffled,0.06773298978805542,0.11485640704631805
0.05,101,0,4,shuffled,0.04580249637365341,0.06885714083909988
0.05,101,0,5,shuffled,0.05818232148885727,0.09751991927623749
0.05,101,0,6,shuffled,0.09575299918651581,0.14232096076011658
0.05,101,0,7,shuffled,0.044776368886232376,0.07983312755823135
0.05,101,0,8,shuffled,0.06229614093899727,0.0785781666636467
0.05,101,0,9,shuffled,0.048774514347314835,0.10392776876688004
0.05,101,0,10,shuffled,0.06090183183550835,0.086149662733078
0.05,101,0,11,shuffled,0.044995538890361786,0.08613916486501694
0.05,101,0,12,shuffled,0.037288278341293335,0.07277581095695496
0.05,101,0,13,shuffled,0.05549980327486992,0.12475021928548813
0.05,101,0,14,shuffled,0.044525209814310074,0.09446613490581512
0.05,101,0,15,shuffled,0.04863564297556877,0.09579665958881378
0.05,101,1,0,shuffled,0.016059618443250656,0.054478250443935394
0.05,101,1,1,shuffled,0.044647473841905594,0.06761499494314194
0.05,101,1,2,shuffled,0.04855753853917122,0.10356777906417847
0.05,101,1,3,shuffled,0.050828881561756134,0.12277885526418686
0.05,101,1,4,shuffled,0.05243637040257454,0.0894012600183487
0.05,101,1,5,shuffled,0.06407149881124496,0.1100647822022438
0.05,101,1,6,shuffled,0.04674524813890457,0.07921414077281952
0.05,101,1,7,shuffled,0.04783455282449722,0.15890385210514069
0.05,101,1,8,shuffled,0.05962405726313591,0.09671325981616974
0.05,101,1,9,shuffled,0.0605417899787426,0.11054408550262451
0.05,101,1,10,shuffled,0.05862913653254509,0.08769898116588593
0.05,101,1,11,shuffled,0.06719841063022614,0.1472926139831543
0.05,101,1,12,shuffled,0.04970167949795723,0.09621917456388474
0.05,101,1,13,shuffled,0.054761022329330444,0.06408585608005524
0.05,101,1,14,shuffled,0.06336741149425507,0.13339489698410034
0.05,101,1,15,shuffled,0.07616329938173294,0.12417291104793549
0.05,101,2,0,shuffled,0.04775593802332878,0.10987744480371475
0.05,101,2,1,shuffled,0.026671338826417923,0.10392242670059204
0.05,101,2,2,shuffled,0.02825646661221981,0.04903705045580864
0.05,101,2,3,shuffled,0.07873784005641937,0.07430803775787354
0.05,101,2,4,shuffled,0.072069451212883,0.09652815014123917
0.05,101,2,5,shuffled,0.06305770576000214,0.25818485021591187
0.05,101,2,6,shuffled,0.02018202655017376,0.03799399733543396
0.05,101,2,7,shuffled,0.054172582924366,0.08971886336803436
0.05,101,2,8,shuffled,0.056356895714998245,0.11972687393426895
0.05,101,2,9,shuffled,0.05045842379331589,0.09430607408285141
0.05,101,2,10,shuffled,0.032472413033246994,0.08265868574380875
0.05,101,2,11,shuffled,0.08569806814193726,0.12624181807041168
0.05,101,2,12,shuffled,0.04524774104356766,0.12722721695899963
0.05,101,2,13,shuffled,0.04172419384121895,0.09265760332345963
0.05,101,2,14,shuffled,0.05373203754425049,0.0935945063829422
0.05,101,2,15,shuffled,0.04923807829618454,0.09277860075235367
0.05,101,3,0,shuffled,0.07243460416793823,0.14689746499061584
0.05,101,3,1,shuffled,0.05591757223010063,0.08132673054933548
0.05,101,3,2,shuffled,0.05738223344087601,0.0861930102109909
0.05,101,3,3,shuffled,0.049155134707689285,0.08294470608234406
0.05,101,3,4,shuffled,0.053328461945056915,0.0951513722538948
0.05,101,3,5,shuffled,0.01973070576786995,0.03232283145189285
0.05,101,3,6,shuffled,0.07455366104841232,0.12359144538640976
0.05,101,3,7,shuffled,0.045092977583408356,0.08241309225559235
0.05,101,3,8,shuffled,0.05459555238485336,0.08527447283267975
0.05,101,3,9,shuffled,0.05022367089986801,0.09008399397134781
0.05,101,3,10,shuffled,0.06119786575436592,0.07468290627002716
0.05,101,3,11,shuffled,0.08450901508331299,0.1528121531009674
0.05,101,3,12,shuffled,0.059705525636672974,0.1344149112701416
0.05,101,3,13,shuffled,0.060116708278656006,0.13483892381191254
0.05,101,3,14,shuffled,0.02917546033859253,0.06149645894765854
0.05,101,3,15,shuffled,0.04494505748152733,0.0804750993847847
0.05,101,4,0,shuffled,0.07629285752773285,0.14701524376869202
0.05,101,4,1,shuffled,0.05794108659029007,0.0660734698176384
0.05,101,4,2,shuffled,0.04991712048649788,0.0669068992137909
0.05,101,4,3,shuffled,0.02664494514465332,0.06461305916309357
0.05,101,4,4,shuffled,0.038571037352085114,0.07300667464733124
0.05,101,4,5,shuffled,0.059020452201366425,0.11080148071050644
0.05,101,4,6,shuffled,0.05689463019371033,0.10486771166324615
0.05,101,4,7,shuffled,0.03815259784460068,0.0574520044028759
0.05,101,4,8,shuffled,0.0724717527627945,0.1357402354478836
0.05,101,4,9,shuffled,0.083641417324543,0.14846770465373993
0.05,101,4,10,shuffled,0.05488751083612442,0.10940569639205933
0.05,101,4,11,shuffled,0.034042827785015106,0.05657949298620224
0.05,101,4,12,shuffled,0.05555666238069534,0.09943179786205292
0.05,101,4,13,shuffled,0.06691095232963562,0.10759534686803818
0.05,101,4,14,shuffled,0.07718481868505478,0.14391300082206726
0.05,101,4,15,shuffled,0.04372461512684822,0.07026635110378265
0.05,101,5,0,shuffled,0.05210891366004944,0.059258799999952316
0.05,101,5,1,shuffled,0.0421585813164711,0.10316816717386246
0.05,101,5,2,shuffled,0.05085276812314987,0.08042434602975845
0.05,101,5,3,shuffled,0.056924086064100266,0.04881518334150314
0.05,101,5,4,shuffled,0.04539003223180771,0.07625488191843033
0.05,101,5,5,shuffled,0.04674031585454941,0.06118948385119438
0.05,101,5,6,shuffled,0.10240546613931656,0.15086185932159424
0.05,101,5,7,shuffled,0.0411834642291069,0.06906388700008392
0.05,101,5,8,shuffled,0.05629444867372513,0.07251205295324326
0.05,101,5,9,shuffled,0.06406159698963165,0.10432232916355133
0.05,101,5,10,shuffled,0.03922892361879349,0.09296993911266327
0.05,101,5,11,shuffled,0.05107662081718445,0.11432425677776337
0.05,101,5,12,shuffled,0.07580187171697617,0.16648630797863007
0.05,101,5,13,shuffled,0.05282939225435257,0.09222583472728729
0.05,101,5,14,shuffled,0.08939054608345032,0.20285627245903015
0.05,101,5,15,shuffled,0.06689275801181793,0.137240469455719
0.05,101,6,0,shuffled,0.03668384999036789,0.0576990470290184
0.05,101,6,1,shuffled,0.06555382907390594,0.09958495944738388
0.05,101,6,2,shuffled,0.06496377289295197,0.11841250956058502
0.05,101,6,3,shuffled,0.05788044258952141,0.10748767852783203
0.05,101,6,4,shuffled,0.05457443743944168,0.08635399490594864
0.05,101,6,5,shuffled,0.05556180328130722,0.11199192702770233
0.05,101,6,6,shuffled,0.030935192480683327,0.06842651218175888
0.05,101,6,7,shuffled,0.038051050156354904,0.07987436652183533
0.05,101,6,8,shuffled,0.08068529516458511,0.08254305273294449
0.05,101,6,9,shuffled,0.06250081956386566,0.06437376886606216
0.05,101,6,10,shuffled,0.06260412186384201,0.13615193963050842
0.05,101,6,11,shuffled,0.03144801780581474,0.0991862416267395
0.05,101,6,12,shuffled,0.038953348994255066,0.10402314364910126
0.05,101,6,13,shuffled,0.047615911811590195,0.06677699089050293
0.05,101,6,14,shuffled,0.06076790764927864,0.13403907418251038
0.05,101,6,15,shuffled,0.05124305561184883,0.07924802601337433
0.05,101,7,0,shuffled,0.022907687351107597,0.04151909053325653
0.05,101,7,1,shuffled,0.04888887330889702,0.09919538348913193
0.05,101,7,2,shuffled,0.04822869598865509,0.07988543808460236
0.05,101,7,3,shuffled,0.08602888882160187,0.14176781475543976
0.05,101,7,4,shuffled,0.027334365993738174,0.06501378118991852
0.05,101,7,5,shuffled,0.04964275285601616,0.06686022877693176
0.05,101,7,6,shuffled,0.0648888498544693,0.09838132560253143
0.05,101,7,7,shuffled,0.05127192288637161,0.09035845845937729
0.05,101,7,8,shuffled,0.04832850769162178,0.07642167806625366
0.05,101,7,9,shuffled,0.05123620480298996,0.0968986302614212
0.05,101,7,10,shuffled,0.04983323812484741,0.09303392469882965
0.05,101,7,11,shuffled,0.06357826292514801,0.06079528480768204
0.05,101,7,12,shuffled,0.0763603001832962,0.1273943930864334
0.05,101,7,13,shuffled,0.05528100207448006,0.09412021189928055
0.05,101,7,14,shuffled,0.057261012494564056,0.09468989074230194
0.05,101,7,15,shuffled,0.055870432406663895,0.08985300362110138
0.05,202,0,0,current,0.022632824257016182,0.03896403685212135
0.05,202,0,1,current,0.024755233898758888,0.07264591753482819
0.05,202,0,2,current,0.05751530081033707,0.20638060569763184
0.05,202,0,3,current,0.062639020383358,0.11068074405193329
0.05,202,0,4,current,0.04181130975484848,0.07318758964538574
0.05,202,0,5,current,0.055379707366228104,0.09560687839984894
0.05,202,0,6,current,0.10047556459903717,0.1259615123271942
0.05,202,0,7,current,0.04504059627652168,0.0854463055729866
0.05,202,0,8,current,0.06291526556015015,0.08429519832134247
0.05,202,0,9,current,0.05553796514868736,0.11215494573116302
0.05,202,0,10,current,0.05803564563393593,0.06817562878131866
0.05,202,0,11,current,0.048229530453681946,0.07900974899530411
0.05,202,0,12,current,0.03635617345571518,0.07748471945524216
0.05,202,0,13,current,0.05716143921017647,0.12212233990430832
0.05,202,0,14,current,0.04537727311253548,0.08156266808509827
0.05,202,0,15,current,0.042587123811244965,0.09934767335653305
0.05,202,1,0,current,0.015143467113375664,0.050204794853925705
0.05,202,1,1,current,0.05098474398255348,0.07808078080415726
0.05,202,1,2,current,0.05064237490296364,0.09958134591579437
0.05,202,1,3,current,0.05945383757352829,0.11572176963090897
0.05,202,1,4,current,0.05186149850487709,0.08569987118244171
0.05,202,1,5,current,0.06371647119522095,0.09487918764352798
0.05,202,1,6,current,0.04515889659523964,0.08137349784374237
0.05,202,1,7,current,0.053512122482061386,0.14685750007629395
0.05,202,1,8,current,0.06098230555653572,0.072856605052948
0.05,202,1,9,current,0.06503884494304657,0.1335718184709549
0.05,202,1,10,current,0.05977414920926094,0.07956960052251816
0.05,202,1,11,current,0.08290909975767136,0.16411539912223816
0.05,202,1,12,current,0.05146796256303787,0.10591334104537964
0.05,202,1,13,current,0.06929200887680054,0.06705430150032043
0.05,202,1,14,current,0.058661796152591705,0.13519373536109924
0.05,202,1,15,current,0.07520363479852676,0.13877058029174805
0.05,202,2,0,current,0.04845276474952698,0.1139337420463562
0.05,202,2,1,current,0.025929611176252365,0.09291837364435196
0.05,202,2,2,current,0.02646440826356411,0.054017458111047745
0.05,202,2,3,current,0.07247825711965561,0.06823902577161789
0.05,202,2,4,current,0.07263953983783722,0.09961795061826706
0.05,202,2,5,current,0.06400436162948608,0.25878751277923584
0.05,202,2,6,current,0.023482542484998703,0.03539716452360153
0.05,202,2,7,current,0.05519542470574379,0.08871687203645706
0.05,202,2,8,current,0.05456043779850006,0.1054139956831932
0.05,202,2,9,current,0.04899509623646736,0.09257858246564865
0.05,202,2,10,current,0.03427756950259209,0.08202780038118362
0.05,202,2,11,current,0.08461517840623856,0.11830044537782669
0.05,202,2,12,current,0.05135238543152809,0.12466588616371155
0.05,202,2,13,current,0.04147377237677574,0.08780515193939209
0.05,202,2,14,current,0.05524912476539612,0.09806481748819351
0.05,202,2,15,current,0.05612145736813545,0.07668550312519073
0.05,202,3,0,current,0.08201998472213745,0.16063514351844788
0.05,202,3,1,current,0.05686572566628456,0.09675128757953644
0.05,202,3,2,current,0.051755666732788086,0.07599614560604095
0.05,202,3,3,current,0.05032366141676903,0.08226069808006287
0.05,202,3,4,current,0.04788099601864815,0.09000859409570694
0.05,202,3,5,current,0.021609649062156677,0.03849410265684128
0.05,202,3,6,current,0.06976034492254257,0.10944907367229462
0.05,202,3,7,current,0.0466143935918808,0.0834587812423706
0.05,202,3,8,current,0.062184546142816544,0.07655580341815948
0.05,202,3,9,current,0.04772629961371422,0.08427244424819946
0.05,202,3,10,current,0.07071518898010254,0.06027796119451523
0.05,202,3,11,current,0.09001179039478302,0.17289941012859344
0.05,202,3,12,current,0.060671135783195496,0.1522541493177414
0.05,202,3,13,current,0.05545575171709061,0.11897721886634827
0.05,202,3,14,current,0.03368277847766876,0.0705612376332283
0.05,202,3,15,current,0.049686480313539505,0.09867425262928009
0.05,202,4,0,current,0.07488024234771729,0.14890408515930176
0.05,202,4,1,current,0.05357176065444946,0.08108814805746078
0.05,202,4,2,current,0.03554153814911842,0.06485506892204285
0.05,202,4,3,current,0.027329443022608757,0.06918511539697647
0.05,202,4,4,current,0.03975434601306915,0.08495032787322998
0.05,202,4,5,current,0.0581548847258091,0.10421307384967804
0.05,202,4,6,current,0.05327453836798668,0.10607170313596725
0.05,202,4,7,current,0.03707106411457062,0.06853753328323364
0.05,202,4,8,current,0.0653473287820816,0.13224393129348755
0.05,202,4,9,current,0.08003834635019302,0.1519019901752472
0.05,202,4,10,current,0.05474434047937393,0.10192587226629257
0.05,202,4,11,current,0.03226742520928383,0.06070590764284134
0.05,202,4,12,current,0.06507592648267746,0.11266423761844635
0.05,202,4,13,current,0.06493683904409409,0.11366388946771622
0.05,202,4,14,current,0.0896187350153923,0.12673887610435486
0.05,202,4,15,current,0.045020658522844315,0.07724136114120483
0.05,202,5,0,current,0.04825480654835701,0.060743220150470734
0.05,202,5,1,current,0.04215949773788452,0.08965347707271576
0.05,202,5,2,current,0.054288193583488464,0.08490139991044998
0.05,202,5,3,current,0.05497274175286293,0.04033461585640907
0.05,202,5,4,current,0.047847386449575424,0.08490487188100815
0.05,202,5,5,current,0.049255020916461945,0.05821632593870163
0.05,202,5,6,current,0.10453703254461288,0.15764622390270233
0.05,202,5,7,current,0.04052993655204773,0.0736628994345665
0.05,202,5,8,current,0.06038961187005043,0.08559232205152512
0.05,202,5,9,current,0.06655425578355789,0.11328445374965668
0.05,202,5,10,current,0.03978477790951729,0.08633238077163696
0.05,202,5,11,current,0.061929475516080856,0.11996667832136154
0.05,202,5,12,current,0.0722246915102005,0.17104551196098328
0.05,202,5,13,current,0.04949453845620155,0.09276381134986877
0.05,202,5,14,current,0.08642558008432388,0.20303604006767273
0.05,202,5,15,current,0.06373614817857742,0.13991975784301758
0.05,202,6,0,current,0.030636515468358994,0.056331560015678406
0.05,202,6,1,current,0.06076622009277344,0.11567319184541702
0.05,202,6,2,current,0.06626056134700775,0.10509905219078064
0.05,202,6,3,current,0.047674547880887985,0.1115209311246872
0.05,202,6,4,current,0.05643409490585327,0.07715396583080292
0.05,202,6,5,current,0.057993676513433456,0.11343425512313843
0.05,202,6,6,current,0.02859811671078205,0.0646635890007019
0.05,202,6,7,current,0.04184950143098831,0.08895460516214371
0.05,202,6,8,current,0.0770382285118103,0.07875202596187592
0.05,202,6,9,current,0.057389937341213226,0.05486151576042175
0.05,202,6,10,current,0.06513538211584091,0.12298445403575897
0.05,202,6,11,current,0.030222153291106224,0.08152101933956146
0.05,202,6,12,current,0.05088046193122864,0.10062725841999054
0.05,202,6,13,current,0.04873419180512428,0.06703910231590271
0.05,202,6,14,current,0.05405009910464287,0.11740625649690628
0.05,202,6,15,current,0.05221116170287132,0.09739325940608978
0.05,202,7,0,current,0.023428020998835564,0.038664110004901886
0.05,202,7,1,current,0.047275323420763016,0.0788237452507019
0.05,202,7,2,current,0.04718036204576492,0.07810831069946289
0.05,202,7,3,current,0.09386923164129257,0.13839775323867798
0.05,202,7,4,current,0.02992521971464157,0.056489504873752594
0.05,202,7,5,current,0.0406847819685936,0.06724303215742111
0.05,202,7,6,current,0.06610970944166183,0.09302455931901932
0.05,202,7,7,current,0.055116936564445496,0.10473060607910156
0.05,202,7,8,current,0.06319919228553772,0.0911845713853836
0.05,202,7,9,current,0.04571787267923355,0.0985502228140831
0.05,202,7,10,current,0.060257527977228165,0.10290427505970001
0.05,202,7,11,current,0.059825871139764786,0.06531800329685211
0.05,202,7,12,current,0.08046051859855652,0.12298247218132019
0.05,202,7,13,current,0.052751652896404266,0.07859505712985992
0.05,202,7,14,current,0.055674437433481216,0.08445413410663605
0.05,202,7,15,current,0.05545951426029205,0.08882831037044525
0.05,202,0,0,past,0.023510217666625977,0.05473710224032402
0.05,202,0,1,past,0.025297444313764572,0.07384902983903885
0.05,202,0,2,past,0.05855976417660713,0.20096102356910706
0.05,202,0,3,past,0.06180022656917572,0.1086181178689003
0.05,202,0,4,past,0.044632453471422195,0.07901569455862045
0.05,202,0,5,past,0.056551121175289154,0.09858091920614243
0.05,202,0,6,past,0.09361463785171509,0.13546794652938843
0.05,202,0,7,past,0.0441761277616024,0.0827985629439354
0.05,202,0,8,past,0.06331443041563034,0.08940372616052628
0.05,202,0,9,past,0.0575740672647953,0.12497111409902573
0.05,202,0,10,past,0.05987296625971794,0.07941961288452148
0.05,202,0,11,past,0.04953429102897644,0.09239021688699722
0.05,202,0,12,past,0.03984721750020981,0.08281418681144714
0.05,202,0,13,past,0.059568628668785095,0.11777577549219131
0.05,202,0,14,past,0.042505063116550446,0.10062544792890549
0.05,202,0,15,past,0.04281792789697647,0.100604347884655
0.05,202,1,0,past,0.01654631644487381,0.04966527223587036
0.05,202,1,1,past,0.04995085299015045,0.07741008698940277
0.05,202,1,2,past,0.04349576309323311,0.11107957363128662
0.05,202,1,3,past,0.06506435573101044,0.13074368238449097
0.05,202,1,4,past,0.05103535205125809,0.09536457061767578
0.05,202,1,5,past,0.06302758306264877,0.10639043897390366
0.05,202,1,6,past,0.04465405270457268,0.08599071949720383
0.05,202,1,7,past,0.051459379494190216,0.15669941902160645
0.05,202,1,8,past,0.0634060949087143,0.0828874260187149
0.05,202,1,9,past,0.06477917730808258,0.12429940700531006
0.05,202,1,10,past,0.057197049260139465,0.09084978699684143
0.05,202,1,11,past,0.07548139244318008,0.16208180785179138
0.05,202,1,12,past,0.04809438809752464,0.11930368095636368
0.05,202,1,13,past,0.06252715736627579,0.0625763088464737
0.05,202,1,14,past,0.059985410422086716,0.1486469954252243
0.05,202,1,15,past,0.08355245739221573,0.14476314187049866
0.05,202,2,0,past,0.049117133021354675,0.11346305906772614
0.05,202,2,1,past,0.026867907494306564,0.11052150279283524
0.05,202,2,2,past,0.026001781225204468,0.06093268096446991
0.05,202,2,3,past,0.07853274792432785,0.06890750676393509
0.05,202,2,4,past,0.07189635932445526,0.10177914053201675
0.05,202,2,5,past,0.06196492537856102,0.2626340985298157
0.05,202,2,6,past,0.023086240515112877,0.03909515589475632
0.05,202,2,7,past,0.05166373774409294,0.09093011915683746
0.05,202,2,8,past,0.05592857673764229,0.10412026196718216
0.05,202,2,9,past,0.05162679776549339,0.09487887471914291
0.05,202,2,10,past,0.030388332903385162,0.09092648327350616
0.05,202,2,11,past,0.07976644486188889,0.12103506922721863
0.05,202,2,12,past,0.051865704357624054,0.12676748633384705
0.05,202,2,13,past,0.03983845189213753,0.0908162072300911
0.05,202,2,14,past,0.055933304131031036,0.10657380521297455
0.05,202,2,15,past,0.054025568068027496,0.09226012229919434
0.05,202,3,0,past,0.08434224873781204,0.14451460540294647
0.05,202,3,1,past,0.05844327434897423,0.08882026374340057
0.05,202,3,2,past,0.05600888282060623,0.08996041119098663
0.05,202,3,3,past,0.05351788550615311,0.10067987442016602
0.05,202,3,4,past,0.04320722073316574,0.0930233746767044
0.05,202,3,5,past,0.02230316959321499,0.04326751083135605
0.05,202,3,6,past,0.06823065131902695,0.1274063140153885
0.05,202,3,7,past,0.04447193443775177,0.08102880418300629
0.05,202,3,8,past,0.06456080079078674,0.09278630465269089
0.05,202,3,9,past,0.05112992972135544,0.08701740205287933
0.05,202,3,10,past,0.06878788769245148,0.06487856805324554
0.05,202,3,11,past,0.08759947121143341,0.1787143498659134
0.05,202,3,12,past,0.06039595976471901,0.14453354477882385
0.05,202,3,13,past,0.05909980461001396,0.14289698004722595
0.05,202,3,14,past,0.034464187920093536,0.06614215672016144
0.05,202,3,15,past,0.0450415164232254,0.12058082967996597
0.05,202,4,0,past,0.07867306470870972,0.1376345008611679
0.05,202,4,1,past,0.05355251207947731,0.07701830565929413
0.05,202,4,2,past,0.0386943444609642,0.06182679533958435
0.05,202,4,3,past,0.030542144551873207,0.07330954074859619
0.05,202,4,4,past,0.036959610879421234,0.0842122733592987
0.05,202,4,5,past,0.06299127638339996,0.11834392696619034
0.05,202,4,6,past,0.05830550566315651,0.09600074589252472
0.05,202,4,7,past,0.040476471185684204,0.06845781207084656
0.05,202,4,8,past,0.061922091990709305,0.15449756383895874
0.05,202,4,9,past,0.07986463606357574,0.15152184665203094
0.05,202,4,10,past,0.05477207526564598,0.10688236355781555
0.05,202,4,11,past,0.03331486135721207,0.06322242319583893
0.05,202,4,12,past,0.0631747618317604,0.1071007251739502
0.05,202,4,13,past,0.06873591244220734,0.11943268775939941
0.05,202,4,14,past,0.08670443296432495,0.13601861894130707
0.05,202,4,15,past,0.04316197708249092,0.08238004148006439
0.05,202,5,0,past,0.05554267391562462,0.06219595670700073
0.05,202,5,1,past,0.04437834396958351,0.09691067039966583
0.05,202,5,2,past,0.06289482116699219,0.08532430231571198
0.05,202,5,3,past,0.05653395131230354,0.044190663844347
0.05,202,5,4,past,0.04602929577231407,0.08315454423427582
0.05,202,5,5,past,0.04872114956378937,0.06596410274505615
0.05,202,5,6,past,0.10485276579856873,0.1688937395811081
0.05,202,5,7,past,0.040198538452386856,0.07491260766983032
0.05,202,5,8,past,0.06380683183670044,0.08249569684267044
0.05,202,5,9,past,0.06348296999931335,0.1213972344994545
0.05,202,5,10,past,0.039882127195596695,0.09454957395792007
0.05,202,5,11,past,0.059995003044605255,0.1317792534828186
0.05,202,5,12,past,0.0798480436205864,0.1907838135957718
0.05,202,5,13,past,0.05189886689186096,0.1050029769539833
0.05,202,5,14,past,0.08244165033102036,0.2221294343471527
0.05,202,5,15,past,0.06350676715373993,0.1528446078300476
0.05,202,6,0,past,0.02891356684267521,0.055559322237968445
0.05,202,6,1,past,0.06389226019382477,0.1159791499376297
0.05,202,6,2,past,0.06619961559772491,0.1260349005460739
0.05,202,6,3,past,0.04860731214284897,0.1154269427061081
0.05,202,6,4,past,0.05832405388355255,0.10526791214942932
0.05,202,6,5,past,0.05835221707820892,0.11525624990463257
0.05,202,6,6,past,0.03192249685525894,0.06504450738430023
0.05,202,6,7,past,0.04348370060324669,0.08667143434286118
0.05,202,6,8,past,0.07985378801822662,0.08183066546916962
0.05,202,6,9,past,0.05496598407626152,0.06246571987867355
0.05,202,6,10,past,0.06136823073029518,0.13368462026119232
0.05,202,6,11,past,0.03218036890029907,0.10823507606983185
0.05,202,6,12,past,0.05089450255036354,0.11012288928031921
0.05,202,6,13,past,0.04997871443629265,0.06412184983491898
0.05,202,6,14,past,0.057125505059957504,0.12957186996936798
0.05,202,6,15,past,0.052505794912576675,0.10100139677524567
0.05,202,7,0,past,0.02354362979531288,0.03319600969552994
0.05,202,7,1,past,0.04928739368915558,0.08012159168720245
0.05,202,7,2,past,0.051150206476449966,0.0996461883187294
0.05,202,7,3,past,0.08651784807443619,0.14741168916225433
0.05,202,7,4,past,0.03210504725575447,0.06326521933078766
0.05,202,7,5,past,0.03704128414392471,0.06935399025678635
0.05,202,7,6,past,0.07334353774785995,0.10343858599662781
0.05,202,7,7,past,0.05720981955528259,0.10446632653474808
0.05,202,7,8,past,0.05827711522579193,0.09166701138019562
0.05,202,7,9,past,0.04710341617465019,0.10112081468105316
0.05,202,7,10,past,0.06050164997577667,0.10565636307001114
0.05,202,7,11,past,0.060677867382764816,0.06656869500875473
0.05,202,7,12,past,0.08248058706521988,0.1312260925769806
0.05,202,7,13,past,0.05435722693800926,0.08292104303836823
0.05,202,7,14,past,0.059417467564344406,0.09052564948797226
0.05,202,7,15,past,0.06082518771290779,0.09647903591394424
0.05,202,0,0,full,0.023037558421492577,0.05934523046016693
0.05,202,0,1,full,0.026897350326180458,0.08779774606227875
0.05,202,0,2,full,0.06337539851665497,0.2145770788192749
0.05,202,0,3,full,0.06574518978595734,0.10364893823862076
0.05,202,0,4,full,0.04872363433241844,0.08073154091835022
0.05,202,0,5,full,0.054966606199741364,0.09256581217050552
0.05,202,0,6,full,0.09380992501974106,0.14218807220458984
0.05,202,0,7,full,0.044513098895549774,0.0961860865354538
0.05,202,0,8,full,0.06172989681363106,0.09790096431970596
0.05,202,0,9,full,0.0563199482858181,0.11797824501991272
0.05,202,0,10,full,0.05747289955615997,0.07788890600204468
0.05,202,0,11,full,0.05067186430096626,0.09041541069746017
0.05,202,0,12,full,0.039400938898324966,0.09059037268161774
0.05,202,0,13,full,0.0681496411561966,0.12477874755859375
0.05,202,0,14,full,0.04418760538101196,0.10751276463270187
0.05,202,0,15,full,0.04699893295764923,0.10213033854961395
0.05,202,1,0,full,0.016390448436141014,0.056640204042196274
0.05,202,1,1,full,0.045408498495817184,0.08929833024740219
0.05,202,1,2,full,0.045577522367239,0.12504366040229797
0.05,202,1,3,full,0.06602204591035843,0.1374242901802063
0.05,202,1,4,full,0.05126656964421272,0.10441803187131882
0.05,202,1,5,full,0.0585460290312767,0.11143472790718079
0.05,202,1,6,full,0.049982838332653046,0.0942068099975586
0.05,202,1,7,full,0.0506245419383049,0.17093369364738464
0.05,202,1,8,full,0.060734182596206665,0.08183072507381439
0.05,202,1,9,full,0.05939704179763794,0.11854976415634155
0.05,202,1,10,full,0.0576297901570797,0.08970725536346436
0.05,202,1,11,full,0.08177167177200317,0.17957830429077148
0.05,202,1,12,full,0.04701533168554306,0.12214776873588562
0.05,202,1,13,full,0.06773259490728378,0.057533927261829376
0.05,202,1,14,full,0.05475698783993721,0.14762987196445465
0.05,202,1,15,full,0.08709535002708435,0.14173506200313568
0.05,202,2,0,full,0.05154828727245331,0.11735153198242188
0.05,202,2,1,full,0.024076391011476517,0.11062412708997726
0.05,202,2,2,full,0.02676500380039215,0.06538605690002441
0.05,202,2,3,full,0.07565312832593918,0.07555931806564331
0.05,202,2,4,full,0.07194621860980988,0.1121719628572464
0.05,202,2,5,full,0.06448608636856079,0.2695683240890503
0.05,202,2,6,full,0.02237013168632984,0.04145213961601257
0.05,202,2,7,full,0.04651562124490738,0.10085473954677582
0.05,202,2,8,full,0.05658149719238281,0.10838031768798828
0.05,202,2,9,full,0.05231599509716034,0.09554878622293472
0.05,202,2,10,full,0.030147414654493332,0.09144139289855957
0.05,202,2,11,full,0.08993727713823318,0.13400013744831085
0.05,202,2,12,full,0.053378283977508545,0.12220247834920883
0.05,202,2,13,full,0.03994619473814964,0.09621769934892654
0.05,202,2,14,full,0.0549643337726593,0.11400808393955231
0.05,202,2,15,full,0.04646938294172287,0.08850745856761932
0.05,202,3,0,full,0.08049622178077698,0.1481158584356308
0.05,202,3,1,full,0.06220510974526405,0.09185612201690674
0.05,202,3,2,full,0.05610870197415352,0.08892413973808289
0.05,202,3,3,full,0.059191737323999405,0.13052703440189362
0.05,202,3,4,full,0.04523235559463501,0.10378982126712799
0.05,202,3,5,full,0.02320118248462677,0.050065234303474426
0.05,202,3,6,full,0.06873657554388046,0.1239221841096878
0.05,202,3,7,full,0.046269554644823074,0.08460767567157745
0.05,202,3,8,full,0.0676623284816742,0.09899740666151047
0.05,202,3,9,full,0.051329467445611954,0.09423818439245224
0.05,202,3,10,full,0.06611815094947815,0.07235361635684967
0.05,202,3,11,full,0.08527346700429916,0.18138599395751953
0.05,202,3,12,full,0.05806479603052139,0.13336889445781708
0.05,202,3,13,full,0.06096011400222778,0.14409595727920532
0.05,202,3,14,full,0.03315100073814392,0.08159094303846359
0.05,202,3,15,full,0.047325536608695984,0.12070837616920471
0.05,202,4,0,full,0.08717933297157288,0.15964116156101227
0.05,202,4,1,full,0.050621308386325836,0.07997703552246094
0.05,202,4,2,full,0.03893093764781952,0.06910192221403122
0.05,202,4,3,full,0.0298101045191288,0.07138651609420776
0.05,202,4,4,full,0.03683244064450264,0.09387795627117157
0.05,202,4,5,full,0.06970827281475067,0.12137766927480698
0.05,202,4,6,full,0.059835802763700485,0.09593865275382996
0.05,202,4,7,full,0.04106120765209198,0.06567375361919403
0.05,202,4,8,full,0.06069058179855347,0.16857628524303436
0.05,202,4,9,full,0.08199965953826904,0.162716343998909
0.05,202,4,10,full,0.05151400715112686,0.11412055790424347
0.05,202,4,11,full,0.03697336092591286,0.06747214496135712
0.05,202,4,12,full,0.06633172929286957,0.10772347450256348
0.05,202,4,13,full,0.07074400782585144,0.1219170093536377
0.05,202,4,14,full,0.08561690896749496,0.12986882030963898
0.05,202,4,15,full,0.04026845842599869,0.07622475922107697
0.05,202,5,0,full,0.055285561829805374,0.0744505375623703
0.05,202,5,1,full,0.04661787673830986,0.10116665810346603
0.05,202,5,2,full,0.06010033190250397,0.09052678942680359
0.05,202,5,3,full,0.055742423981428146,0.04528586566448212
0.05,202,5,4,full,0.04888095706701279,0.07733279466629028
0.05,202,5,5,full,0.04733284190297127,0.07091349363327026
0.05,202,5,6,full,0.09947728365659714,0.16426989436149597
0.05,202,5,7,full,0.03624564781785011,0.06994037330150604
0.05,202,5,8,full,0.06409520655870438,0.07851250469684601
0.05,202,5,9,full,0.06529077142477036,0.13110670447349548
0.05,202,5,10,full,0.04073112830519676,0.09622034430503845
0.05,202,5,11,full,0.05646394193172455,0.12678122520446777
0.05,202,5,12,full,0.0794513076543808,0.19875723123550415
0.05,202,5,13,full,0.05259669944643974,0.11510813981294632
0.05,202,5,14,full,0.08414273709058762,0.22852309048175812
0.05,202,5,15,full,0.0646836906671524,0.1432938426733017
0.05,202,6,0,full,0.028389697894454002,0.05588905140757561
0.05,202,6,1,full,0.06268510222434998,0.12381390482187271
0.05,202,6,2,full,0.06560131907463074,0.1365647315979004
0.05,202,6,3,full,0.04515865445137024,0.13483767211437225
0.05,202,6,4,full,0.05693625286221504,0.1125134751200676
0.05,202,6,5,full,0.06338682770729065,0.11344968527555466
0.05,202,6,6,full,0.030372723937034607,0.0709165409207344
0.05,202,6,7,full,0.04164785146713257,0.09329348802566528
0.05,202,6,8,full,0.08287791907787323,0.08828508853912354
0.05,202,6,9,full,0.06111050769686699,0.06762231141328812
0.05,202,6,10,full,0.07762693613767624,0.15028342604637146
0.05,202,6,11,full,0.03188115730881691,0.11669960618019104
0.05,202,6,12,full,0.04786733165383339,0.12357819825410843
0.05,202,6,13,full,0.058329466730356216,0.07814062386751175
0.05,202,6,14,full,0.05654924735426903,0.1316196322441101
0.05,202,6,15,full,0.04778659716248512,0.09682370722293854
0.05,202,7,0,full,0.02359802834689617,0.0431457981467247
0.05,202,7,1,full,0.05130993202328682,0.09034807235002518
0.05,202,7,2,full,0.046759843826293945,0.09498080611228943
0.05,202,7,3,full,0.08855953812599182,0.14546716213226318
0.05,202,7,4,full,0.03362979739904404,0.07013121247291565
0.05,202,7,5,full,0.036002542823553085,0.07127156853675842
0.05,202,7,6,full,0.07264479994773865,0.10723307728767395
0.05,202,7,7,full,0.05963385850191116,0.11207661032676697
0.05,202,7,8,full,0.057325851172208786,0.09697979688644409
0.05,202,7,9,full,0.047913603484630585,0.1037837564945221
0.05,202,7,10,full,0.06017911806702614,0.11428800225257874
0.05,202,7,11,full,0.06305684894323349,0.05908114090561867
0.05,202,7,12,full,0.08143079280853271,0.13670183718204498
0.05,202,7,13,full,0.05410616099834442,0.0861663818359375
0.05,202,7,14,full,0.056479886174201965,0.09605911374092102
0.05,202,7,15,full,0.06236305832862854,0.09805358201265335
0.05,202,0,0,full_test_shuffled,0.022996004670858383,0.05651655048131943
0.05,202,0,1,full_test_shuffled,0.026341285556554794,0.08095808327198029
0.05,202,0,2,full_test_shuffled,0.06172865629196167,0.21218974888324738
0.05,202,0,3,full_test_shuffled,0.06491607427597046,0.1094018965959549
0.05,202,0,4,full_test_shuffled,0.04699968546628952,0.07292266190052032
0.05,202,0,5,full_test_shuffled,0.0591232068836689,0.10122561454772949
0.05,202,0,6,full_test_shuffled,0.094904325902462,0.15213295817375183
0.05,202,0,7,full_test_shuffled,0.043278615921735764,0.08838586509227753
0.05,202,0,8,full_test_shuffled,0.06329958885908127,0.08975964039564133
0.05,202,0,9,full_test_shuffled,0.05683808773756027,0.11813046783208847
0.05,202,0,10,full_test_shuffled,0.056803278625011444,0.07217295467853546
0.05,202,0,11,full_test_shuffled,0.049545418471097946,0.09023921191692352
0.05,202,0,12,full_test_shuffled,0.040206510573625565,0.09145783632993698
0.05,202,0,13,full_test_shuffled,0.059702444821596146,0.12597668170928955
0.05,202,0,14,full_test_shuffled,0.0449439212679863,0.10120563209056854
0.05,202,0,15,full_test_shuffled,0.04663518816232681,0.09833403676748276
0.05,202,1,0,full_test_shuffled,0.017015287652611732,0.05631473660469055
0.05,202,1,1,full_test_shuffled,0.046188924461603165,0.09339208900928497
0.05,202,1,2,full_test_shuffled,0.05004401132464409,0.12299109995365143
0.05,202,1,3,full_test_shuffled,0.06729334592819214,0.1360064297914505
0.05,202,1,4,full_test_shuffled,0.04866344854235649,0.09539072215557098
0.05,202,1,5,full_test_shuffled,0.06254829466342926,0.11352059990167618
0.05,202,1,6,full_test_shuffled,0.04810216277837753,0.0888960212469101
0.05,202,1,7,full_test_shuffled,0.05265951156616211,0.15882572531700134
0.05,202,1,8,full_test_shuffled,0.061373282223939896,0.08297151327133179
0.05,202,1,9,full_test_shuffled,0.060617636889219284,0.11429893970489502
0.05,202,1,10,full_test_shuffled,0.05918430536985397,0.08697570115327835
0.05,202,1,11,full_test_shuffled,0.0818321481347084,0.17523790895938873
0.05,202,1,12,full_test_shuffled,0.0490478053689003,0.13327038288116455
0.05,202,1,13,full_test_shuffled,0.07106591761112213,0.06883800029754639
0.05,202,1,14,full_test_shuffled,0.0567815788090229,0.14918410778045654
0.05,202,1,15,full_test_shuffled,0.0895327478647232,0.14885243773460388
0.05,202,2,0,full_test_shuffled,0.05063881725072861,0.11690743267536163
0.05,202,2,1,full_test_shuffled,0.02610906958580017,0.1042405366897583
0.05,202,2,2,full_test_shuffled,0.026737401261925697,0.057773005217313766
0.05,202,2,3,full_test_shuffled,0.07738497108221054,0.08306838572025299
0.05,202,2,4,full_test_shuffled,0.0724022164940834,0.11050061881542206
0.05,202,2,5,full_test_shuffled,0.06358061730861664,0.2722347676753998
0.05,202,2,6,full_test_shuffled,0.022306662052869797,0.04190319776535034
0.05,202,2,7,full_test_shuffled,0.05294638127088547,0.0996963158249855
0.05,202,2,8,full_test_shuffled,0.056085020303726196,0.1199367493391037
0.05,202,2,9,full_test_shuffled,0.054361749440431595,0.1007678285241127
0.05,202,2,10,full_test_shuffled,0.030765902251005173,0.09859605878591537
0.05,202,2,11,full_test_shuffled,0.08399465680122375,0.12664128839969635
0.05,202,2,12,full_test_shuffled,0.05358006805181503,0.12024228274822235
0.05,202,2,13,full_test_shuffled,0.04149707034230232,0.0973326712846756
0.05,202,2,14,full_test_shuffled,0.05226641893386841,0.10848697274923325
0.05,202,2,15,full_test_shuffled,0.04777653142809868,0.08126423507928848
0.05,202,3,0,full_test_shuffled,0.08069655299186707,0.1534912884235382
0.05,202,3,1,full_test_shuffled,0.06061168760061264,0.09436547011137009
0.05,202,3,2,full_test_shuffled,0.057502128183841705,0.0950956791639328
0.05,202,3,3,full_test_shuffled,0.051555074751377106,0.11180377006530762
0.05,202,3,4,full_test_shuffled,0.04856543987989426,0.11085677146911621
0.05,202,3,5,full_test_shuffled,0.023438388481736183,0.04659584164619446
0.05,202,3,6,full_test_shuffled,0.07340975105762482,0.11989659070968628
0.05,202,3,7,full_test_shuffled,0.0476706400513649,0.09403396397829056
0.05,202,3,8,full_test_shuffled,0.0641465038061142,0.09366767108440399
0.05,202,3,9,full_test_shuffled,0.05128247290849686,0.09576614946126938
0.05,202,3,10,full_test_shuffled,0.06665302067995071,0.06600280106067657
0.05,202,3,11,full_test_shuffled,0.08160309493541718,0.16925862431526184
0.05,202,3,12,full_test_shuffled,0.0603330060839653,0.14179912209510803
0.05,202,3,13,full_test_shuffled,0.06176075339317322,0.1382099837064743
0.05,202,3,14,full_test_shuffled,0.0303585734218359,0.07771569490432739
0.05,202,3,15,full_test_shuffled,0.04572434350848198,0.12054822593927383
0.05,202,4,0,full_test_shuffled,0.08539823442697525,0.15787005424499512
0.05,202,4,1,full_test_shuffled,0.053648777306079865,0.08780165016651154
0.05,202,4,2,full_test_shuffled,0.0384758859872818,0.06654148548841476
0.05,202,4,3,full_test_shuffled,0.03262120485305786,0.08181591331958771
0.05,202,4,4,full_test_shuffled,0.0383637361228466,0.09186996519565582
0.05,202,4,5,full_test_shuffled,0.06115647405385971,0.11374647915363312
0.05,202,4,6,full_test_shuffled,0.058512382209300995,0.09581272304058075
0.05,202,4,7,full_test_shuffled,0.04089374840259552,0.07856075465679169
0.05,202,4,8,full_test_shuffled,0.06148653104901314,0.1703651249408722
0.05,202,4,9,full_test_shuffled,0.08467672765254974,0.1580658257007599
0.05,202,4,10,full_test_shuffled,0.05063081905245781,0.10551793873310089
0.05,202,4,11,full_test_shuffled,0.03577280417084694,0.07033397257328033
0.05,202,4,12,full_test_shuffled,0.0643538236618042,0.11929680407047272
0.05,202,4,13,full_test_shuffled,0.06811074167490005,0.12603124976158142
0.05,202,4,14,full_test_shuffled,0.09299962222576141,0.1410990208387375
0.05,202,4,15,full_test_shuffled,0.04232272505760193,0.07028830796480179
0.05,202,5,0,full_test_shuffled,0.057397354394197464,0.07160572707653046
0.05,202,5,1,full_test_shuffled,0.04552192613482475,0.10229834169149399
0.05,202,5,2,full_test_shuffled,0.05822690576314926,0.09224635362625122
0.05,202,5,3,full_test_shuffled,0.05126703903079033,0.04536200687289238
0.05,202,5,4,full_test_shuffled,0.04538918659090996,0.07547320425510406
0.05,202,5,5,full_test_shuffled,0.048298850655555725,0.06992937624454498
0.05,202,5,6,full_test_shuffled,0.09916608035564423,0.16497230529785156
0.05,202,5,7,full_test_shuffled,0.03924546390771866,0.07236084342002869
0.05,202,5,8,full_test_shuffled,0.06289694458246231,0.08085285127162933
0.05,202,5,9,full_test_shuffled,0.06524396687746048,0.13056382536888123
0.05,202,5,10,full_test_shuffled,0.04267137497663498,0.09802951663732529
0.05,202,5,11,full_test_shuffled,0.0577055886387825,0.13412699103355408
0.05,202,5,12,full_test_shuffled,0.07623501121997833,0.19259925186634064
0.05,202,5,13,full_test_shuffled,0.05084240436553955,0.11970307677984238
0.05,202,5,14,full_test_shuffled,0.08422823250293732,0.22586166858673096
0.05,202,5,15,full_test_shuffled,0.06229783967137337,0.14027203619480133
0.05,202,6,0,full_test_shuffled,0.02943020686507225,0.059431202709674835
0.05,202,6,1,full_test_shuffled,0.06389085948467255,0.11411549150943756
0.05,202,6,2,full_test_shuffled,0.0634046345949173,0.12308454513549805
0.05,202,6,3,full_test_shuffled,0.047366559505462646,0.11843989044427872
0.05,202,6,4,full_test_shuffled,0.0572594478726387,0.10206814855337143
0.05,202,6,5,full_test_shuffled,0.05589183419942856,0.11535414308309555
0.05,202,6,6,full_test_shuffled,0.029181012883782387,0.07148077338933945
0.05,202,6,7,full_test_shuffled,0.04083239287137985,0.08688919246196747
0.05,202,6,8,full_test_shuffled,0.08029815554618835,0.08905842155218124
0.05,202,6,9,full_test_shuffled,0.06145436689257622,0.06542816758155823
0.05,202,6,10,full_test_shuffled,0.07392964512109756,0.1482149362564087
0.05,202,6,11,full_test_shuffled,0.03317169472575188,0.11721788346767426
0.05,202,6,12,full_test_shuffled,0.050472766160964966,0.11283840984106064
0.05,202,6,13,full_test_shuffled,0.05095679685473442,0.07058770954608917
0.05,202,6,14,full_test_shuffled,0.0550314262509346,0.13278928399085999
0.05,202,6,15,full_test_shuffled,0.04775961488485336,0.09508892148733139
0.05,202,7,0,full_test_shuffled,0.0268402062356472,0.04408875107765198
0.05,202,7,1,full_test_shuffled,0.04891042783856392,0.08968721330165863
0.05,202,7,2,full_test_shuffled,0.04787164181470871,0.0945831760764122
0.05,202,7,3,full_test_shuffled,0.0904722809791565,0.15464094281196594
0.05,202,7,4,full_test_shuffled,0.03200438246130943,0.06401853263378143
0.05,202,7,5,full_test_shuffled,0.038489751517772675,0.0692681223154068
0.05,202,7,6,full_test_shuffled,0.07380079478025436,0.1091248169541359
0.05,202,7,7,full_test_shuffled,0.057378679513931274,0.11161977052688599
0.05,202,7,8,full_test_shuffled,0.05544828623533249,0.09240381419658661
0.05,202,7,9,full_test_shuffled,0.046844519674777985,0.09228359907865524
0.05,202,7,10,full_test_shuffled,0.062463659793138504,0.11582139879465103
0.05,202,7,11,full_test_shuffled,0.06577877700328827,0.07423411309719086
0.05,202,7,12,full_test_shuffled,0.07934508472681046,0.1335940659046173
0.05,202,7,13,full_test_shuffled,0.05692378431558609,0.08662194013595581
0.05,202,7,14,full_test_shuffled,0.056581757962703705,0.10129344463348389
0.05,202,7,15,full_test_shuffled,0.059690069407224655,0.09964927285909653
0.05,202,0,0,shuffled,0.022422708570957184,0.04450277239084244
0.05,202,0,1,shuffled,0.025539999827742577,0.0678534060716629
0.05,202,0,2,shuffled,0.05305460840463638,0.20828485488891602
0.05,202,0,3,shuffled,0.06494512408971786,0.10918961465358734
0.05,202,0,4,shuffled,0.042741529643535614,0.07141748070716858
0.05,202,0,5,shuffled,0.053081758320331573,0.08794347941875458
0.05,202,0,6,shuffled,0.0922873392701149,0.12727651000022888
0.05,202,0,7,shuffled,0.04333268851041794,0.07959163188934326
0.05,202,0,8,shuffled,0.06326357275247574,0.0831923633813858
0.05,202,0,9,shuffled,0.05835893005132675,0.11699557304382324
0.05,202,0,10,shuffled,0.05663209408521652,0.06502372026443481
0.05,202,0,11,shuffled,0.04918741062283516,0.08514030277729034
0.05,202,0,12,shuffled,0.03843549266457558,0.07467968761920929
0.05,202,0,13,shuffled,0.05704213306307793,0.11287250369787216
0.05,202,0,14,shuffled,0.044987134635448456,0.08254968374967575
0.05,202,0,15,shuffled,0.04372480884194374,0.09094750136137009
0.05,202,1,0,shuffled,0.015909109264612198,0.05155571550130844
0.05,202,1,1,shuffled,0.04701312631368637,0.08059605956077576
0.05,202,1,2,shuffled,0.054517488926649094,0.10168199241161346
0.05,202,1,3,shuffled,0.06260663270950317,0.1317238211631775
0.05,202,1,4,shuffled,0.05266916751861572,0.0847504585981369
0.05,202,1,5,shuffled,0.06355500966310501,0.09244467318058014
0.05,202,1,6,shuffled,0.04461749643087387,0.0805954560637474
0.05,202,1,7,shuffled,0.056867826730012894,0.13986830413341522
0.05,202,1,8,shuffled,0.05973188206553459,0.07503390312194824
0.05,202,1,9,shuffled,0.06424154341220856,0.1168060451745987
0.05,202,1,10,shuffled,0.060648251324892044,0.0815446749329567
0.05,202,1,11,shuffled,0.07990161329507828,0.16224166750907898
0.05,202,1,12,shuffled,0.04869622364640236,0.10487627983093262
0.05,202,1,13,shuffled,0.07449858635663986,0.06341589987277985
0.05,202,1,14,shuffled,0.05763179063796997,0.14353930950164795
0.05,202,1,15,shuffled,0.0800744891166687,0.14159050583839417
0.05,202,2,0,shuffled,0.04796410724520683,0.11615101993083954
0.05,202,2,1,shuffled,0.02492634952068329,0.08958090841770172
0.05,202,2,2,shuffled,0.025593867525458336,0.05180906131863594
0.05,202,2,3,shuffled,0.07225506007671356,0.06703834980726242
0.05,202,2,4,shuffled,0.07006636261940002,0.10268430411815643
0.05,202,2,5,shuffled,0.06183197349309921,0.26707392930984497
0.05,202,2,6,shuffled,0.024096932262182236,0.04081006348133087
0.05,202,2,7,shuffled,0.052796971052885056,0.09430433064699173
0.05,202,2,8,shuffled,0.055289894342422485,0.10327651351690292
0.05,202,2,9,shuffled,0.0484464056789875,0.0951170027256012
0.05,202,2,10,shuffled,0.03355312719941139,0.08056757599115372
0.05,202,2,11,shuffled,0.08108153194189072,0.12247810512781143
0.05,202,2,12,shuffled,0.05037154629826546,0.10892891883850098
0.05,202,2,13,shuffled,0.042360592633485794,0.09297088533639908
0.05,202,2,14,shuffled,0.055052757263183594,0.09725914150476456
0.05,202,2,15,shuffled,0.04941951856017113,0.08302559703588486
0.05,202,3,0,shuffled,0.08226872980594635,0.15614601969718933
0.05,202,3,1,shuffled,0.056674592196941376,0.0897769182920456
0.05,202,3,2,shuffled,0.055471260100603104,0.08448159694671631
0.05,202,3,3,shuffled,0.04736359789967537,0.07998353987932205
0.05,202,3,4,shuffled,0.04926460236310959,0.08477652072906494
0.05,202,3,5,shuffled,0.02027912624180317,0.03848451003432274
0.05,202,3,6,shuffled,0.07336367666721344,0.11526364088058472
0.05,202,3,7,shuffled,0.048374902456998825,0.07973390817642212
0.05,202,3,8,shuffled,0.06539277732372284,0.08023693412542343
0.05,202,3,9,shuffled,0.0494157113134861,0.08911903202533722
0.05,202,3,10,shuffled,0.06462641060352325,0.061830420047044754
0.05,202,3,11,shuffled,0.08891662210226059,0.17312538623809814
0.05,202,3,12,shuffled,0.05781557410955429,0.13177716732025146
0.05,202,3,13,shuffled,0.058567531406879425,0.12643668055534363
0.05,202,3,14,shuffled,0.03237346187233925,0.06415396928787231
0.05,202,3,15,shuffled,0.043581828474998474,0.09605492651462555
0.05,202,4,0,shuffled,0.07750263810157776,0.13851530849933624
0.05,202,4,1,shuffled,0.05895133689045906,0.07801686227321625
0.05,202,4,2,shuffled,0.03596331924200058,0.06438872963190079
0.05,202,4,3,shuffled,0.026380250230431557,0.07381317764520645
0.05,202,4,4,shuffled,0.03673470392823219,0.08494815230369568
0.05,202,4,5,shuffled,0.059881336987018585,0.10731963068246841
0.05,202,4,6,shuffled,0.054715532809495926,0.09285593032836914
0.05,202,4,7,shuffled,0.037728458642959595,0.06688983738422394
0.05,202,4,8,shuffled,0.06376303732395172,0.13714680075645447
0.05,202,4,9,shuffled,0.07760709524154663,0.14151395857334137
0.05,202,4,10,shuffled,0.056848615407943726,0.10102677345275879
0.05,202,4,11,shuffled,0.030995864421129227,0.06665205955505371
0.05,202,4,12,shuffled,0.0634482353925705,0.10785907506942749
0.05,202,4,13,shuffled,0.06448749452829361,0.11053011566400528
0.05,202,4,14,shuffled,0.08815394341945648,0.13286425173282623
0.05,202,4,15,shuffled,0.04275139048695564,0.06906872987747192
0.05,202,5,0,shuffled,0.050391487777233124,0.06176989525556564
0.05,202,5,1,shuffled,0.04182328283786774,0.0868658646941185
0.05,202,5,2,shuffled,0.05095483735203743,0.0814276784658432
0.05,202,5,3,shuffled,0.050054579973220825,0.04138734191656113
0.05,202,5,4,shuffled,0.045567549765110016,0.08192507922649384
0.05,202,5,5,shuffled,0.04944626986980438,0.05838576704263687
0.05,202,5,6,shuffled,0.10355789959430695,0.1568026840686798
0.05,202,5,7,shuffled,0.03955895081162453,0.06569987535476685
0.05,202,5,8,shuffled,0.058697618544101715,0.07847452163696289
0.05,202,5,9,shuffled,0.06454561650753021,0.1177966371178627
0.05,202,5,10,shuffled,0.03928406536579132,0.08426086604595184
0.05,202,5,11,shuffled,0.061092473566532135,0.12296068668365479
0.05,202,5,12,shuffled,0.07453224807977676,0.17196381092071533
0.05,202,5,13,shuffled,0.049465980380773544,0.09749001264572144
0.05,202,5,14,shuffled,0.08513182401657104,0.20885249972343445
0.05,202,5,15,shuffled,0.06369242817163467,0.1367873102426529
0.05,202,6,0,shuffled,0.03097175993025303,0.05441673845052719
0.05,202,6,1,shuffled,0.0643552839756012,0.10889463126659393
0.05,202,6,2,shuffled,0.06447148323059082,0.10288383066654205
0.05,202,6,3,shuffled,0.04751529172062874,0.1117745190858841
0.05,202,6,4,shuffled,0.05884426087141037,0.08728281408548355
0.05,202,6,5,shuffled,0.05828968808054924,0.10403428971767426
0.05,202,6,6,shuffled,0.0279023889452219,0.06520048528909683
0.05,202,6,7,shuffled,0.0395965650677681,0.09390416741371155
0.05,202,6,8,shuffled,0.07941222935914993,0.07484109699726105
0.05,202,6,9,shuffled,0.061233919113874435,0.055509649217128754
0.05,202,6,10,shuffled,0.06625887006521225,0.12668476998806
0.05,202,6,11,shuffled,0.03319187089800835,0.09755270183086395
0.05,202,6,12,shuffled,0.052189867943525314,0.10075950622558594
0.05,202,6,13,shuffled,0.04454237222671509,0.062322042882442474
0.05,202,6,14,shuffled,0.06052520126104355,0.12631961703300476
0.05,202,6,15,shuffled,0.04773160442709923,0.08454672992229462
0.05,202,7,0,shuffled,0.02391906827688217,0.03835232928395271
0.05,202,7,1,shuffled,0.04871632903814316,0.07837291061878204
0.05,202,7,2,shuffled,0.04532990604639053,0.08206550031900406
0.05,202,7,3,shuffled,0.09412127733230591,0.13682246208190918
0.05,202,7,4,shuffled,0.028851937502622604,0.05466955900192261
0.05,202,7,5,shuffled,0.03726061061024666,0.06980657577514648
0.05,202,7,6,shuffled,0.0708010345697403,0.09586091339588165
0.05,202,7,7,shuffled,0.05534045025706291,0.09862799942493439
0.05,202,7,8,shuffled,0.060075629502534866,0.09106764942407608
0.05,202,7,9,shuffled,0.04572039097547531,0.09587345272302628
0.05,202,7,10,shuffled,0.06002151221036911,0.11332746595144272
0.05,202,7,11,shuffled,0.05760132148861885,0.06934724003076553
0.05,202,7,12,shuffled,0.08225478231906891,0.12195032835006714
0.05,202,7,13,shuffled,0.054120104759931564,0.08263562619686127
0.05,202,7,14,shuffled,0.060338009148836136,0.08864687383174896
0.05,202,7,15,shuffled,0.06122320890426636,0.09895987808704376
0.05,303,0,0,current,0.02604682743549347,0.04348255693912506
0.05,303,0,1,current,0.024990933015942574,0.06778280436992645
0.05,303,0,2,current,0.0534590408205986,0.18250642716884613
0.05,303,0,3,current,0.07284294068813324,0.12303521484136581
0.05,303,0,4,current,0.04514775425195694,0.07894225418567657
0.05,303,0,5,current,0.060677867382764816,0.10293598473072052
0.05,303,0,6,current,0.09608103334903717,0.13403606414794922
0.05,303,0,7,current,0.03900546580553055,0.07139758765697479
0.05,303,0,8,current,0.05967889353632927,0.07591143250465393
0.05,303,0,9,current,0.048643965274095535,0.11457215249538422
0.05,303,0,10,current,0.06331552565097809,0.07651138305664062
0.05,303,0,11,current,0.046989556401968,0.07776615023612976
0.05,303,0,12,current,0.03614348918199539,0.08630897104740143
0.05,303,0,13,current,0.05766129121184349,0.13884980976581573
0.05,303,0,14,current,0.04602165147662163,0.10324849933385849
0.05,303,0,15,current,0.04501093551516533,0.08607270568609238
0.05,303,1,0,current,0.01781279966235161,0.05405460298061371
0.05,303,1,1,current,0.04340346157550812,0.07738623023033142
0.05,303,1,2,current,0.05049486085772514,0.0959445983171463
0.05,303,1,3,current,0.05719105899333954,0.10668262839317322
0.05,303,1,4,current,0.048228099942207336,0.08879586309194565
0.05,303,1,5,current,0.06006228178739548,0.10490996390581131
0.05,303,1,6,current,0.045338936150074005,0.09360592067241669
0.05,303,1,7,current,0.05101005733013153,0.13954293727874756
0.05,303,1,8,current,0.05571099743247032,0.08259959518909454
0.05,303,1,9,current,0.06395657360553741,0.1402791142463684
0.05,303,1,10,current,0.07338979095220566,0.09433901309967041
0.05,303,1,11,current,0.07104990631341934,0.1455550640821457
0.05,303,1,12,current,0.04528678581118584,0.10218295454978943
0.05,303,1,13,current,0.053689274936914444,0.07295596599578857
0.05,303,1,14,current,0.0696021318435669,0.13660165667533875
0.05,303,1,15,current,0.08161108940839767,0.13450229167938232
0.05,303,2,0,current,0.04411521181464195,0.08451734483242035
0.05,303,2,1,current,0.025952432304620743,0.11111144721508026
0.05,303,2,2,current,0.02786681428551674,0.05377625674009323
0.05,303,2,3,current,0.07270200550556183,0.08119368553161621
0.05,303,2,4,current,0.06683679670095444,0.0952899307012558
0.05,303,2,5,current,0.06648881733417511,0.260139524936676
0.05,303,2,6,current,0.02051629312336445,0.04229360818862915
0.05,303,2,7,current,0.05689741298556328,0.08896797895431519
0.05,303,2,8,current,0.05870074778795242,0.10438751429319382
0.05,303,2,9,current,0.0501677468419075,0.09028175473213196
0.05,303,2,10,current,0.03376169502735138,0.07390831410884857
0.05,303,2,11,current,0.07880184799432755,0.13445071876049042
0.05,303,2,12,current,0.04390329122543335,0.10950841754674911
0.05,303,2,13,current,0.04052002355456352,0.07914815843105316
0.05,303,2,14,current,0.054771870374679565,0.08979878574609756
0.05,303,2,15,current,0.048032961785793304,0.09119584411382675
0.05,303,3,0,current,0.08108249306678772,0.1465177983045578
0.05,303,3,1,current,0.058935027569532394,0.08759744465351105
0.05,303,3,2,current,0.051775261759757996,0.07821451127529144
0.05,303,3,3,current,0.05332854762673378,0.08282546699047089
0.05,303,3,4,current,0.05717528238892555,0.08598197251558304
0.05,303,3,5,current,0.019584907218813896,0.02677326835691929
0.05,303,3,6,current,0.07618884742259979,0.11123468726873398
0.05,303,3,7,current,0.0496915839612484,0.07163996994495392
0.05,303,3,8,current,0.06230659410357475,0.08305525034666061
0.05,303,3,9,current,0.05403480678796768,0.09980607032775879
0.05,303,3,10,current,0.061052240431308746,0.06041518598794937
0.05,303,3,11,current,0.08650986105203629,0.1464909315109253
0.05,303,3,12,current,0.05703674629330635,0.1392398476600647
0.05,303,3,13,current,0.06187296286225319,0.12935976684093475
0.05,303,3,14,current,0.038410384207963943,0.07147480547428131
0.05,303,3,15,current,0.04744812846183777,0.10659441351890564
0.05,303,4,0,current,0.07517807185649872,0.16118654608726501
0.05,303,4,1,current,0.062297869473695755,0.07201678305864334
0.05,303,4,2,current,0.03359793499112129,0.06921704858541489
0.05,303,4,3,current,0.025624044239521027,0.06189126893877983
0.05,303,4,4,current,0.04211738333106041,0.0816929042339325
0.05,303,4,5,current,0.059769969433546066,0.11065956950187683
0.05,303,4,6,current,0.05796615779399872,0.10243211686611176
0.05,303,4,7,current,0.040383726358413696,0.07129435241222382
0.05,303,4,8,current,0.0629076436161995,0.13317900896072388
0.05,303,4,9,current,0.07921353727579117,0.1494506597518921
0.05,303,4,10,current,0.05778919905424118,0.11246106773614883
0.05,303,4,11,current,0.031034184619784355,0.06540880352258682
0.05,303,4,12,current,0.056388381868600845,0.10130906105041504
0.05,303,4,13,current,0.07008671015501022,0.11759310960769653
0.05,303,4,14,current,0.08824291080236435,0.13802102208137512
0.05,303,4,15,current,0.04354158788919449,0.07017652690410614
0.05,303,5,0,current,0.04841543734073639,0.0664396733045578
0.05,303,5,1,current,0.04259611666202545,0.0978315994143486
0.05,303,5,2,current,0.05426495522260666,0.08262200653553009
0.05,303,5,3,current,0.05067875608801842,0.046551816165447235
0.05,303,5,4,current,0.05138799175620079,0.0847054123878479
0.05,303,5,5,current,0.050237324088811874,0.06304618716239929
0.05,303,5,6,current,0.10869377851486206,0.16576719284057617
0.05,303,5,7,current,0.040078870952129364,0.08333583176136017
0.05,303,5,8,current,0.06330978870391846,0.07637712359428406
0.05,303,5,9,current,0.06384370476007462,0.10798966884613037
0.05,303,5,10,current,0.0366993248462677,0.10340046882629395
0.05,303,5,11,current,0.059334393590688705,0.1330028623342514
0.05,303,5,12,current,0.07004209607839584,0.16686902940273285
0.05,303,5,13,current,0.050289664417505264,0.10064814239740372
0.05,303,5,14,current,0.101170115172863,0.2118818312883377
0.05,303,5,15,current,0.06621842831373215,0.14025895297527313
0.05,303,6,0,current,0.030713343992829323,0.06606501340866089
0.05,303,6,1,current,0.061610568314790726,0.10664449632167816
0.05,303,6,2,current,0.06797447800636292,0.1048353835940361
0.05,303,6,3,current,0.05143609642982483,0.10799707472324371
0.05,303,6,4,current,0.06554823368787766,0.0898076742887497
0.05,303,6,5,current,0.05866625905036926,0.11685163527727127
0.05,303,6,6,current,0.029231484979391098,0.05894459784030914
0.05,303,6,7,current,0.04117099195718765,0.07883979380130768
0.05,303,6,8,current,0.0747353583574295,0.07462268322706223
0.05,303,6,9,current,0.060764897614717484,0.055494774132966995
0.05,303,6,10,current,0.06504315137863159,0.15015366673469543
0.05,303,6,11,current,0.029104139655828476,0.10074316710233688
0.05,303,6,12,current,0.04988081008195877,0.10165727883577347
0.05,303,6,13,current,0.05383140593767166,0.0745246559381485
0.05,303,6,14,current,0.05177988484501839,0.13086575269699097
0.05,303,6,15,current,0.05086494982242584,0.09157054126262665
0.05,303,7,0,current,0.02298429235816002,0.03887661546468735
0.05,303,7,1,current,0.054607465863227844,0.08618487417697906
0.05,303,7,2,current,0.050901029258966446,0.09146828949451447
0.05,303,7,3,current,0.08519726246595383,0.15954849123954773
0.05,303,7,4,current,0.028699981048703194,0.060884181410074234
0.05,303,7,5,current,0.04656016454100609,0.07276235520839691
0.05,303,7,6,current,0.050989821553230286,0.08896254003047943
0.05,303,7,7,current,0.05622144043445587,0.10492166876792908
0.05,303,7,8,current,0.05792633444070816,0.08243031799793243
0.05,303,7,9,current,0.05014265701174736,0.09611351788043976
0.05,303,7,10,current,0.06170408055186272,0.09887330234050751
0.05,303,7,11,current,0.08347833156585693,0.06502410024404526
0.05,303,7,12,current,0.07548923790454865,0.12386162579059601
0.05,303,7,13,current,0.058922939002513885,0.09143587946891785
0.05,303,7,14,current,0.0559602789580822,0.08416903018951416
0.05,303,7,15,current,0.05197359621524811,0.07949717342853546
0.05,303,0,0,past,0.026198212057352066,0.047284673899412155
0.05,303,0,1,past,0.024553455412387848,0.05872827768325806
0.05,303,0,2,past,0.053996775299310684,0.17973190546035767
0.05,303,0,3,past,0.07211355119943619,0.12003791332244873
0.05,303,0,4,past,0.051390111446380615,0.07522950321435928
0.05,303,0,5,past,0.06810612231492996,0.10929721593856812
0.05,303,0,6,past,0.09119608998298645,0.1435510367155075
0.05,303,0,7,past,0.03978082910180092,0.07709246873855591
0.05,303,0,8,past,0.059703171253204346,0.07330666482448578
0.05,303,0,9,past,0.047174520790576935,0.11903911083936691
0.05,303,0,10,past,0.0635671466588974,0.07263456284999847
0.05,303,0,11,past,0.04918065667152405,0.08013594150543213
0.05,303,0,12,past,0.03796818107366562,0.0835350826382637
0.05,303,0,13,past,0.058210279792547226,0.14030811190605164
0.05,303,0,14,past,0.045644644647836685,0.10843895375728607
0.05,303,0,15,past,0.039960287511348724,0.08972711861133575
0.05,303,1,0,past,0.017318852245807648,0.054144877940416336
0.05,303,1,1,past,0.04669816792011261,0.0774979293346405
0.05,303,1,2,past,0.054199617356061935,0.09707563370466232
0.05,303,1,3,past,0.06125475838780403,0.11557739228010178
0.05,303,1,4,past,0.05373186990618706,0.090123251080513
0.05,303,1,5,past,0.06996508687734604,0.10998871922492981
0.05,303,1,6,past,0.04353766143321991,0.07528765499591827
0.05,303,1,7,past,0.056099098175764084,0.13053517043590546
0.05,303,1,8,past,0.05685019865632057,0.09118637442588806
0.05,303,1,9,past,0.05944983661174774,0.13583672046661377
0.05,303,1,10,past,0.06503837555646896,0.10375966876745224
0.05,303,1,11,past,0.06466060876846313,0.1542229950428009
0.05,303,1,12,past,0.04763740301132202,0.11036346852779388
0.05,303,1,13,past,0.06253000348806381,0.06264251470565796
0.05,303,1,14,past,0.06431011110544205,0.13135604560375214
0.05,303,1,15,past,0.08401963859796524,0.15347906947135925
0.05,303,2,0,past,0.044061314314603806,0.08980977535247803
0.05,303,2,1,past,0.027035731822252274,0.11183246225118637
0.05,303,2,2,past,0.028235385194420815,0.05453290045261383
0.05,303,2,3,past,0.07308019697666168,0.08439537137746811
0.05,303,2,4,past,0.07299093902111053,0.1079215407371521
0.05,303,2,5,past,0.07219414412975311,0.2636728286743164
0.05,303,2,6,past,0.020294327288866043,0.040213488042354584
0.05,303,2,7,past,0.055336836725473404,0.0949147492647171
0.05,303,2,8,past,0.052207108587026596,0.11157942563295364
0.05,303,2,9,past,0.05152532458305359,0.0943862795829773
0.05,303,2,10,past,0.029680218547582626,0.08193895220756531
0.05,303,2,11,past,0.07569990307092667,0.1210622638463974
0.05,303,2,12,past,0.05276551470160484,0.128187894821167
0.05,303,2,13,past,0.046796295791864395,0.09262702614068985
0.05,303,2,14,past,0.05150572955608368,0.08689156919717789
0.05,303,2,15,past,0.05272188410162926,0.09891277551651001
0.05,303,3,0,past,0.07690457254648209,0.1390916407108307
0.05,303,3,1,past,0.06464431434869766,0.09360434859991074
0.05,303,3,2,past,0.046851664781570435,0.079207643866539
0.05,303,3,3,past,0.04938564822077751,0.07815489172935486
0.05,303,3,4,past,0.05967756360769272,0.0926290899515152
0.05,303,3,5,past,0.021947897970676422,0.04440997913479805
0.05,303,3,6,past,0.07655897736549377,0.13745513558387756
0.05,303,3,7,past,0.04639967530965805,0.08486489951610565
0.05,303,3,8,past,0.05894209444522858,0.09185541421175003
0.05,303,3,9,past,0.054772913455963135,0.10098916292190552
0.05,303,3,10,past,0.06190318614244461,0.06602297723293304
0.05,303,3,11,past,0.0866977795958519,0.1579187512397766
0.05,303,3,12,past,0.06449127197265625,0.14813372492790222
0.05,303,3,13,past,0.05931604281067848,0.1510196328163147
0.05,303,3,14,past,0.03635893389582634,0.06657492369413376
0.05,303,3,15,past,0.049064476042985916,0.10378505289554596
0.05,303,4,0,past,0.07703142613172531,0.15793545544147491
0.05,303,4,1,past,0.06432928144931793,0.07789599895477295
0.05,303,4,2,past,0.03700530156493187,0.07492610812187195
0.05,303,4,3,past,0.029892103746533394,0.06007341295480728
0.05,303,4,4,past,0.040274012833833694,0.07564613223075867
0.05,303,4,5,past,0.06265058368444443,0.1205834448337555
0.05,303,4,6,past,0.06040510907769203,0.09980670362710953
0.05,303,4,7,past,0.03794466704130173,0.06994951516389847
0.05,303,4,8,past,0.06253897398710251,0.15235474705696106
0.05,303,4,9,past,0.07731866091489792,0.16624082624912262
0.05,303,4,10,past,0.06226419284939766,0.11439584195613861
0.05,303,4,11,past,0.031201742589473724,0.06674067676067352
0.05,303,4,12,past,0.0581284835934639,0.10652600973844528
0.05,303,4,13,past,0.06682411581277847,0.12243891507387161
0.05,303,4,14,past,0.08793655037879944,0.13330183923244476
0.05,303,4,15,past,0.04277694970369339,0.07795195281505585
0.05,303,5,0,past,0.05213582143187523,0.058686528354883194
0.05,303,5,1,past,0.04322807118296623,0.10289348661899567
0.05,303,5,2,past,0.06209878623485565,0.08615535497665405
0.05,303,5,3,past,0.049088917672634125,0.056412942707538605
0.05,303,5,4,past,0.04890400916337967,0.0785379707813263
0.05,303,5,5,past,0.052609872072935104,0.0680621862411499
0.05,303,5,6,past,0.10947612673044205,0.1630302369594574
0.05,303,5,7,past,0.04385457560420036,0.08527901023626328
0.05,303,5,8,past,0.0594397708773613,0.07986129820346832
0.05,303,5,9,past,0.062812939286232,0.11657767742872238
0.05,303,5,10,past,0.03960345312952995,0.10485835373401642
0.05,303,5,11,past,0.05319477990269661,0.1216328963637352
0.05,303,5,12,past,0.07011633366346359,0.18022844195365906
0.05,303,5,13,past,0.05337802693247795,0.10787360370159149
0.05,303,5,14,past,0.09834151715040207,0.23049584031105042
0.05,303,5,15,past,0.06708957254886627,0.14585205912590027
0.05,303,6,0,past,0.031024662777781487,0.05650259926915169
0.05,303,6,1,past,0.06199701875448227,0.11068008095026016
0.05,303,6,2,past,0.06707125902175903,0.11158084869384766
0.05,303,6,3,past,0.04687081649899483,0.11836899071931839
0.05,303,6,4,past,0.06096147000789642,0.08664247393608093
0.05,303,6,5,past,0.058748818933963776,0.1106131449341774
0.05,303,6,6,past,0.0321170911192894,0.06437715888023376
0.05,303,6,7,past,0.0422540009021759,0.07699212431907654
0.05,303,6,8,past,0.07481478899717331,0.08913958817720413
0.05,303,6,9,past,0.06704437732696533,0.06655444204807281
0.05,303,6,10,past,0.058241330087184906,0.1278706192970276
0.05,303,6,11,past,0.027670003473758698,0.1063324362039566
0.05,303,6,12,past,0.05088478699326515,0.10812442749738693
0.05,303,6,13,past,0.05172476917505264,0.07117515802383423
0.05,303,6,14,past,0.04860205575823784,0.1431065797805786
0.05,303,6,15,past,0.048217348754405975,0.09661300480365753
0.05,303,7,0,past,0.022088760510087013,0.03929520025849342
0.05,303,7,1,past,0.050425607711076736,0.0804799497127533
0.05,303,7,2,past,0.053023163229227066,0.10442348569631577
0.05,303,7,3,past,0.09345678240060806,0.1467875987291336
0.05,303,7,4,past,0.030264370143413544,0.060334883630275726
0.05,303,7,5,past,0.044986944645643234,0.08584823459386826
0.05,303,7,6,past,0.05666910856962204,0.09703336656093597
0.05,303,7,7,past,0.0584508441388607,0.10356080532073975
0.05,303,7,8,past,0.06090295687317848,0.08955232053995132
0.05,303,7,9,past,0.05406026542186737,0.0905589759349823
0.05,303,7,10,past,0.06142767518758774,0.10754487663507462
0.05,303,7,11,past,0.07526616007089615,0.07014370709657669
0.05,303,7,12,past,0.07343172281980515,0.12794125080108643
0.05,303,7,13,past,0.05850577726960182,0.09269289672374725
0.05,303,7,14,past,0.050580549985170364,0.09478756040334702
0.05,303,7,15,past,0.0540468655526638,0.0816860944032669
0.05,303,0,0,full,0.026032455265522003,0.04740370064973831
0.05,303,0,1,full,0.025448989123106003,0.06865169107913971
0.05,303,0,2,full,0.05770852789282799,0.19683131575584412
0.05,303,0,3,full,0.07206495106220245,0.12223638594150543
0.05,303,0,4,full,0.05592058226466179,0.08449782431125641
0.05,303,0,5,full,0.07345449924468994,0.11318637430667877
0.05,303,0,6,full,0.09688838571310043,0.14719685912132263
0.05,303,0,7,full,0.04229867830872536,0.08172130584716797
0.05,303,0,8,full,0.06561452150344849,0.09326579421758652
0.05,303,0,9,full,0.05086042359471321,0.11661520600318909
0.05,303,0,10,full,0.06048306077718735,0.07064944505691528
0.05,303,0,11,full,0.05282113328576088,0.08994950354099274
0.05,303,0,12,full,0.03816664591431618,0.08445266634225845
0.05,303,0,13,full,0.054228972643613815,0.1535436511039734
0.05,303,0,14,full,0.0442483127117157,0.10550160706043243
0.05,303,0,15,full,0.04451490566134453,0.09368930757045746
0.05,303,1,0,full,0.020654233172535896,0.06214384734630585
0.05,303,1,1,full,0.04710248112678528,0.08534038066864014
0.05,303,1,2,full,0.05239877104759216,0.10132390260696411
0.05,303,1,3,full,0.05763610452413559,0.12288621068000793
0.05,303,1,4,full,0.05259959399700165,0.09949973225593567
0.05,303,1,5,full,0.07042839378118515,0.11823387444019318
0.05,303,1,6,full,0.04430108144879341,0.07980162650346756
0.05,303,1,7,full,0.05425538495182991,0.14120623469352722
0.05,303,1,8,full,0.059603869915008545,0.09478219598531723
0.05,303,1,9,full,0.060758527368307114,0.13370874524116516
0.05,303,1,10,full,0.059040334075689316,0.09788449853658676
0.05,303,1,11,full,0.07314921170473099,0.16350039839744568
0.05,303,1,12,full,0.05089589208364487,0.1186910942196846
0.05,303,1,13,full,0.06115083768963814,0.07094863057136536
0.05,303,1,14,full,0.0657026544213295,0.14100006222724915
0.05,303,1,15,full,0.0822199210524559,0.14977717399597168
0.05,303,2,0,full,0.043287940323352814,0.09162484109401703
0.05,303,2,1,full,0.02399718202650547,0.11257535219192505
0.05,303,2,2,full,0.02927093207836151,0.06697540730237961
0.05,303,2,3,full,0.07396450638771057,0.08698852360248566
0.05,303,2,4,full,0.07486806809902191,0.10393615067005157
0.05,303,2,5,full,0.07054372131824493,0.278104305267334
0.05,303,2,6,full,0.021381927654147148,0.0428890660405159
0.05,303,2,7,full,0.05188041925430298,0.10274627804756165
0.05,303,2,8,full,0.05344526469707489,0.11749632656574249
0.05,303,2,9,full,0.05403609573841095,0.1016869992017746
0.05,303,2,10,full,0.028241954743862152,0.08768396824598312
0.05,303,2,11,full,0.07880441844463348,0.1230633333325386
0.05,303,2,12,full,0.05316098779439926,0.12072346359491348
0.05,303,2,13,full,0.04618237540125847,0.09471294283866882
0.05,303,2,14,full,0.050347231328487396,0.09897419810295105
0.05,303,2,15,full,0.050711166113615036,0.08893491327762604
0.05,303,3,0,full,0.07920361310243607,0.14448444545269012
0.05,303,3,1,full,0.07141625881195068,0.1040428876876831
0.05,303,3,2,full,0.05468777194619179,0.0890195369720459
0.05,303,3,3,full,0.054675597697496414,0.08810164034366608
0.05,303,3,4,full,0.05408591032028198,0.0928194522857666
0.05,303,3,5,full,0.02337755262851715,0.04232628643512726
0.05,303,3,6,full,0.07589743286371231,0.13204365968704224
0.05,303,3,7,full,0.05097882077097893,0.08812341094017029
0.05,303,3,8,full,0.06111282855272293,0.10614831745624542
0.05,303,3,9,full,0.048212967813014984,0.10330138355493546
0.05,303,3,10,full,0.059987302869558334,0.06274941563606262
0.05,303,3,11,full,0.08872463554143906,0.16132643818855286
0.05,303,3,12,full,0.0662233754992485,0.16073352098464966
0.05,303,3,13,full,0.0605943463742733,0.16051983833312988
0.05,303,3,14,full,0.03979284316301346,0.06971824914216995
0.05,303,3,15,full,0.0443970151245594,0.095990851521492
0.05,303,4,0,full,0.08085506409406662,0.1688678115606308
0.05,303,4,1,full,0.05597778409719467,0.07839620858430862
0.05,303,4,2,full,0.033277399837970734,0.07450148463249207
0.05,303,4,3,full,0.03037497028708458,0.06527166068553925
0.05,303,4,4,full,0.04009154066443443,0.08718074858188629
0.05,303,4,5,full,0.06408016383647919,0.13103130459785461
0.05,303,4,6,full,0.057834185659885406,0.1048734039068222
0.05,303,4,7,full,0.03873578459024429,0.06580682098865509
0.05,303,4,8,full,0.06579282134771347,0.1574518084526062
0.05,303,4,9,full,0.0789223238825798,0.17528370022773743
0.05,303,4,10,full,0.06284383684396744,0.11155755817890167
0.05,303,4,11,full,0.032367389649152756,0.07733123004436493
0.05,303,4,12,full,0.06030688062310219,0.11646801233291626
0.05,303,4,13,full,0.06721001863479614,0.12673243880271912
0.05,303,4,14,full,0.0872735008597374,0.14160770177841187
0.05,303,4,15,full,0.044981539249420166,0.07337969541549683
0.05,303,5,0,full,0.05533229187130928,0.06373628973960876
0.05,303,5,1,full,0.046387866139411926,0.11300709843635559
0.05,303,5,2,full,0.054824937134981155,0.0827149972319603
0.05,303,5,3,full,0.049679629504680634,0.05435687303543091
0.05,303,5,4,full,0.051888082176446915,0.07834279537200928
0.05,303,5,5,full,0.051587264984846115,0.06546702980995178
0.05,303,5,6,full,0.10917479544878006,0.17969337105751038
0.05,303,5,7,full,0.044865112751722336,0.08313344419002533
0.05,303,5,8,full,0.05987108126282692,0.08385548740625381
0.05,303,5,9,full,0.06588327884674072,0.12207482010126114
0.05,303,5,10,full,0.03863024339079857,0.11543308198451996
0.05,303,5,11,full,0.05549883842468262,0.13254427909851074
0.05,303,5,12,full,0.07352624833583832,0.19190117716789246
0.05,303,5,13,full,0.05243001505732536,0.11340928077697754
0.05,303,5,14,full,0.09116867929697037,0.237947016954422
0.05,303,5,15,full,0.0600348599255085,0.1320556402206421
0.05,303,6,0,full,0.031067801639437675,0.06181749701499939
0.05,303,6,1,full,0.06760868430137634,0.12446727603673935
0.05,303,6,2,full,0.0650845617055893,0.12134691327810287
0.05,303,6,3,full,0.048768483102321625,0.1373157501220703
0.05,303,6,4,full,0.06147545203566551,0.0840766504406929
0.05,303,6,5,full,0.05578678101301193,0.10385245084762573
0.05,303,6,6,full,0.032801464200019836,0.0667925775051117
0.05,303,6,7,full,0.043093156069517136,0.09000978618860245
0.05,303,6,8,full,0.07810831815004349,0.10571333765983582
0.05,303,6,9,full,0.06381822377443314,0.06860502809286118
0.05,303,6,10,full,0.05954235792160034,0.13784903287887573
0.05,303,6,11,full,0.02810836024582386,0.11247994005680084
0.05,303,6,12,full,0.05232779309153557,0.10780812799930573
0.05,303,6,13,full,0.051244355738162994,0.0757257342338562
0.05,303,6,14,full,0.05068264529109001,0.14662498235702515
0.05,303,6,15,full,0.04617927595973015,0.09578859806060791
0.05,303,7,0,full,0.0228861253708601,0.04264633730053902
0.05,303,7,1,full,0.053380388766527176,0.08307689428329468
0.05,303,7,2,full,0.05232464149594307,0.10631950199604034
0.05,303,7,3,full,0.09116757661104202,0.15405131876468658
0.05,303,7,4,full,0.031703881919384,0.0712997168302536
0.05,303,7,5,full,0.04835207015275955,0.09465818107128143
0.05,303,7,6,full,0.06030934303998947,0.09727932512760162
0.05,303,7,7,full,0.06016289442777634,0.09938979893922806
0.05,303,7,8,full,0.05883733183145523,0.08873748034238815
0.05,303,7,9,full,0.05270427465438843,0.08741533756256104
0.05,303,7,10,full,0.060829367488622665,0.112176813185215
0.05,303,7,11,full,0.06547687947750092,0.06922347843647003
0.05,303,7,12,full,0.07502654939889908,0.12799668312072754
0.05,303,7,13,full,0.05844118073582649,0.09010159969329834
0.05,303,7,14,full,0.05176367610692978,0.09825945645570755
0.05,303,7,15,full,0.05403657257556915,0.0894770473241806
0.05,303,0,0,full_test_shuffled,0.02695409022271633,0.04970049113035202
0.05,303,0,1,full_test_shuffled,0.025428110733628273,0.07054837793111801
0.05,303,0,2,full_test_shuffled,0.053666360676288605,0.1993701010942459
0.05,303,0,3,full_test_shuffled,0.07103411108255386,0.12254021316766739
0.05,303,0,4,full_test_shuffled,0.054231565445661545,0.07663252204656601
0.05,303,0,5,full_test_shuffled,0.07012882083654404,0.10848750174045563
0.05,303,0,6,full_test_shuffled,0.10218469798564911,0.1535268872976303
0.05,303,0,7,full_test_shuffled,0.040845923125743866,0.0809275358915329
0.05,303,0,8,full_test_shuffled,0.060791634023189545,0.08584551513195038
0.05,303,0,9,full_test_shuffled,0.048915162682533264,0.11265717446804047
0.05,303,0,10,full_test_shuffled,0.06408446282148361,0.07542936503887177
0.05,303,0,11,full_test_shuffled,0.04992324858903885,0.08609170466661453
0.05,303,0,12,full_test_shuffled,0.038836248219013214,0.09441518783569336
0.05,303,0,13,full_test_shuffled,0.05509642884135246,0.14605200290679932
0.05,303,0,14,full_test_shuffled,0.047895658761262894,0.11200841516256332
0.05,303,0,15,full_test_shuffled,0.04578235372900963,0.09089182317256927
0.05,303,1,0,full_test_shuffled,0.018297359347343445,0.06188119202852249
0.05,303,1,1,full_test_shuffled,0.04113082215189934,0.0905136913061142
0.05,303,1,2,full_test_shuffled,0.04844669625163078,0.10500665754079819
0.05,303,1,3,full_test_shuffled,0.06074291467666626,0.13358992338180542
0.05,303,1,4,full_test_shuffled,0.051186006516218185,0.10557732731103897
0.05,303,1,5,full_test_shuffled,0.06649113446474075,0.12099754810333252
0.05,303,1,6,full_test_shuffled,0.04477258771657944,0.08179719746112823
0.05,303,1,7,full_test_shuffled,0.05650518462061882,0.14881578087806702
0.05,303,1,8,full_test_shuffled,0.06137987971305847,0.0850548967719078
0.05,303,1,9,full_test_shuffled,0.06022835522890091,0.13016574084758759
0.05,303,1,10,full_test_shuffled,0.05802527815103531,0.10473749786615372
0.05,303,1,11,full_test_shuffled,0.07149766385555267,0.16427567601203918
0.05,303,1,12,full_test_shuffled,0.04895656183362007,0.12992894649505615
0.05,303,1,13,full_test_shuffled,0.06311646848917007,0.07715757936239243
0.05,303,1,14,full_test_shuffled,0.06600357592105865,0.13823242485523224
0.05,303,1,15,full_test_shuffled,0.08583589643239975,0.15418528020381927
0.05,303,2,0,full_test_shuffled,0.042627185583114624,0.09505508840084076
0.05,303,2,1,full_test_shuffled,0.026071175932884216,0.11400473117828369
0.05,303,2,2,full_test_shuffled,0.0295901857316494,0.06030719354748726
0.05,303,2,3,full_test_shuffled,0.07425681501626968,0.0848955512046814
0.05,303,2,4,full_test_shuffled,0.07563465088605881,0.1089736670255661
0.05,303,2,5,full_test_shuffled,0.06948316097259521,0.27851253747940063
0.05,303,2,6,full_test_shuffled,0.022413555532693863,0.04448454827070236
0.05,303,2,7,full_test_shuffled,0.06118152663111687,0.09765353798866272
0.05,303,2,8,full_test_shuffled,0.054726868867874146,0.12161381542682648
0.05,303,2,9,full_test_shuffled,0.053682249039411545,0.09639815986156464
0.05,303,2,10,full_test_shuffled,0.02809036336839199,0.09376714378595352
0.05,303,2,11,full_test_shuffled,0.08241625875234604,0.13003654778003693
0.05,303,2,12,full_test_shuffled,0.047876205295324326,0.11926960945129395
0.05,303,2,13,full_test_shuffled,0.043455060571432114,0.09470485895872116
0.05,303,2,14,full_test_shuffled,0.051442891359329224,0.10247538238763809
0.05,303,2,15,full_test_shuffled,0.049862973392009735,0.08382092416286469
0.05,303,3,0,full_test_shuffled,0.08016116917133331,0.14480242133140564
0.05,303,3,1,full_test_shuffled,0.06365016847848892,0.09574557840824127
0.05,303,3,2,full_test_shuffled,0.050955187529325485,0.09317030012607574
0.05,303,3,3,full_test_shuffled,0.05242236703634262,0.08180125802755356
0.05,303,3,4,full_test_shuffled,0.05477491766214371,0.09585300087928772
0.05,303,3,5,full_test_shuffled,0.023729976266622543,0.0430675745010376
0.05,303,3,6,full_test_shuffled,0.07896451652050018,0.13431984186172485
0.05,303,3,7,full_test_shuffled,0.0508866123855114,0.08903307467699051
0.05,303,3,8,full_test_shuffled,0.05838505178689957,0.10381253063678741
0.05,303,3,9,full_test_shuffled,0.05530925467610359,0.11601084470748901
0.05,303,3,10,full_test_shuffled,0.05994146317243576,0.06658810377120972
0.05,303,3,11,full_test_shuffled,0.08680913597345352,0.17201970517635345
0.05,303,3,12,full_test_shuffled,0.06378354877233505,0.1516394168138504
0.05,303,3,13,full_test_shuffled,0.06485544145107269,0.15443283319473267
0.05,303,3,14,full_test_shuffled,0.03904075548052788,0.07418917119503021
0.05,303,3,15,full_test_shuffled,0.04539203643798828,0.09922364354133606
0.05,303,4,0,full_test_shuffled,0.0796617716550827,0.1661980003118515
0.05,303,4,1,full_test_shuffled,0.057367466390132904,0.07648314535617828
0.05,303,4,2,full_test_shuffled,0.03585591912269592,0.07705295085906982
0.05,303,4,3,full_test_shuffled,0.033912431448698044,0.07365386188030243
0.05,303,4,4,full_test_shuffled,0.03913583606481552,0.0917474627494812
0.05,303,4,5,full_test_shuffled,0.060896895825862885,0.13212986290454865
0.05,303,4,6,full_test_shuffled,0.05622656270861626,0.09881601482629776
0.05,303,4,7,full_test_shuffled,0.04108237475156784,0.07226507365703583
0.05,303,4,8,full_test_shuffled,0.06558103859424591,0.154972642660141
0.05,303,4,9,full_test_shuffled,0.07957130670547485,0.16754284501075745
0.05,303,4,10,full_test_shuffled,0.05710489675402641,0.11159424483776093
0.05,303,4,11,full_test_shuffled,0.033191364258527756,0.07256148010492325
0.05,303,4,12,full_test_shuffled,0.060558535158634186,0.12202248722314835
0.05,303,4,13,full_test_shuffled,0.06760291755199432,0.12836366891860962
0.05,303,4,14,full_test_shuffled,0.09140744060277939,0.1332627832889557
0.05,303,4,15,full_test_shuffled,0.0462455078959465,0.07338980585336685
0.05,303,5,0,full_test_shuffled,0.05620148032903671,0.0603572353720665
0.05,303,5,1,full_test_shuffled,0.04228784143924713,0.11278893798589706
0.05,303,5,2,full_test_shuffled,0.05517623573541641,0.08467753231525421
0.05,303,5,3,full_test_shuffled,0.05464816093444824,0.058691877871751785
0.05,303,5,4,full_test_shuffled,0.048385895788669586,0.08026887476444244
0.05,303,5,5,full_test_shuffled,0.05209719017148018,0.06659621000289917
0.05,303,5,6,full_test_shuffled,0.10851031541824341,0.17925485968589783
0.05,303,5,7,full_test_shuffled,0.040921662002801895,0.07609874755144119
0.05,303,5,8,full_test_shuffled,0.057997893542051315,0.07994463294744492
0.05,303,5,9,full_test_shuffled,0.06803320348262787,0.12131217867136002
0.05,303,5,10,full_test_shuffled,0.04105181619524956,0.11061396449804306
0.05,303,5,11,full_test_shuffled,0.059471290558576584,0.13282865285873413
0.05,303,5,12,full_test_shuffled,0.07208944112062454,0.18875660002231598
0.05,303,5,13,full_test_shuffled,0.051925189793109894,0.11484495550394058
0.05,303,5,14,full_test_shuffled,0.08737629652023315,0.23577380180358887
0.05,303,5,15,full_test_shuffled,0.06055961921811104,0.13843627274036407
0.05,303,6,0,full_test_shuffled,0.029828205704689026,0.0607929453253746
0.05,303,6,1,full_test_shuffled,0.06970230489969254,0.12087495625019073
0.05,303,6,2,full_test_shuffled,0.06869044154882431,0.12336321175098419
0.05,303,6,3,full_test_shuffled,0.05037306621670723,0.12530311942100525
0.05,303,6,4,full_test_shuffled,0.0613279826939106,0.0839446485042572
0.05,303,6,5,full_test_shuffled,0.05826181173324585,0.09972646087408066
0.05,303,6,6,full_test_shuffled,0.03137954697012901,0.06993545591831207
0.05,303,6,7,full_test_shuffled,0.04225362092256546,0.08780745416879654
0.05,303,6,8,full_test_shuffled,0.07839907705783844,0.10264470428228378
0.05,303,6,9,full_test_shuffled,0.065592460334301,0.06503214687108994
0.05,303,6,10,full_test_shuffled,0.06329171359539032,0.13916566967964172
0.05,303,6,11,full_test_shuffled,0.029270151630043983,0.10694454610347748
0.05,303,6,12,full_test_shuffled,0.051592547446489334,0.11541855335235596
0.05,303,6,13,full_test_shuffled,0.04543804004788399,0.07138172537088394
0.05,303,6,14,full_test_shuffled,0.05149196833372116,0.14719553291797638
0.05,303,6,15,full_test_shuffled,0.046715572476387024,0.09354929625988007
0.05,303,7,0,full_test_shuffled,0.022404899820685387,0.04728657379746437
0.05,303,7,1,full_test_shuffled,0.05489087849855423,0.08995530754327774
0.05,303,7,2,full_test_shuffled,0.05144267529249191,0.10546340048313141
0.05,303,7,3,full_test_shuffled,0.09079472720623016,0.15705454349517822
0.05,303,7,4,full_test_shuffled,0.031082525849342346,0.06537406146526337
0.05,303,7,5,full_test_shuffled,0.04772496223449707,0.08812256157398224
0.05,303,7,6,full_test_shuffled,0.060550667345523834,0.10594958066940308
0.05,303,7,7,full_test_shuffled,0.053172774612903595,0.11011965572834015
0.05,303,7,8,full_test_shuffled,0.06147152930498123,0.09003414958715439
0.05,303,7,9,full_test_shuffled,0.04856286197900772,0.08610276877880096
0.05,303,7,10,full_test_shuffled,0.06174454838037491,0.11872993409633636
0.05,303,7,11,full_test_shuffled,0.06891806423664093,0.07018475234508514
0.05,303,7,12,full_test_shuffled,0.07388246059417725,0.12635920941829681
0.05,303,7,13,full_test_shuffled,0.05846066027879715,0.09746608883142471
0.05,303,7,14,full_test_shuffled,0.050831347703933716,0.09645263105630875
0.05,303,7,15,full_test_shuffled,0.05096147581934929,0.09042041003704071
0.05,303,0,0,shuffled,0.02684873342514038,0.04551810771226883
0.05,303,0,1,shuffled,0.026214290410280228,0.05917475372552872
0.05,303,0,2,shuffled,0.05558744817972183,0.19773292541503906
0.05,303,0,3,shuffled,0.06935036182403564,0.11524951457977295
0.05,303,0,4,shuffled,0.045163482427597046,0.07372701168060303
0.05,303,0,5,shuffled,0.06605145335197449,0.09683940559625626
0.05,303,0,6,shuffled,0.09711913019418716,0.13899767398834229
0.05,303,0,7,shuffled,0.0403396300971508,0.07494413107633591
0.05,303,0,8,shuffled,0.06094541400671005,0.07302340120077133
0.05,303,0,9,shuffled,0.050925277173519135,0.11119318008422852
0.05,303,0,10,shuffled,0.06338636577129364,0.07895141839981079
0.05,303,0,11,shuffled,0.04778813198208809,0.08294544368982315
0.05,303,0,12,shuffled,0.03518734499812126,0.08623703569173813
0.05,303,0,13,shuffled,0.05348063260316849,0.1357983946800232
0.05,303,0,14,shuffled,0.046041086316108704,0.09972377121448517
0.05,303,0,15,shuffled,0.04781617969274521,0.08579518646001816
0.05,303,1,0,shuffled,0.017323080450296402,0.05152171105146408
0.05,303,1,1,shuffled,0.04013359546661377,0.07898317277431488
0.05,303,1,2,shuffled,0.04963016137480736,0.0998077541589737
0.05,303,1,3,shuffled,0.05764691159129143,0.11726018041372299
0.05,303,1,4,shuffled,0.050423167645931244,0.09077416360378265
0.05,303,1,5,shuffled,0.061162929981946945,0.10859298706054688
0.05,303,1,6,shuffled,0.04520494490861893,0.08900889754295349
0.05,303,1,7,shuffled,0.05457025021314621,0.1377168446779251
0.05,303,1,8,shuffled,0.05664248391985893,0.0786045640707016
0.05,303,1,9,shuffled,0.06163275986909866,0.12488044798374176
0.05,303,1,10,shuffled,0.06537827849388123,0.08947180211544037
0.05,303,1,11,shuffled,0.06858886778354645,0.14881205558776855
0.05,303,1,12,shuffled,0.04986028000712395,0.0988050252199173
0.05,303,1,13,shuffled,0.058406390249729156,0.06251321732997894
0.05,303,1,14,shuffled,0.06536796689033508,0.13658832013607025
0.05,303,1,15,shuffled,0.07883704453706741,0.14024166762828827
0.05,303,2,0,shuffled,0.04461485892534256,0.08814698457717896
0.05,303,2,1,shuffled,0.028313953429460526,0.10876663029193878
0.05,303,2,2,shuffled,0.028747763484716415,0.05393792316317558
0.05,303,2,3,shuffled,0.07070702314376831,0.07089197635650635
0.05,303,2,4,shuffled,0.06977838277816772,0.10346247255802155
0.05,303,2,5,shuffled,0.06746415793895721,0.2635020315647125
0.05,303,2,6,shuffled,0.02278340794146061,0.04289349168539047
0.05,303,2,7,shuffled,0.05445622652769089,0.08830392360687256
0.05,303,2,8,shuffled,0.06098892539739609,0.10168783366680145
0.05,303,2,9,shuffled,0.051862407475709915,0.09665893018245697
0.05,303,2,10,shuffled,0.029554039239883423,0.07249734550714493
0.05,303,2,11,shuffled,0.07977030426263809,0.13455665111541748
0.05,303,2,12,shuffled,0.04386047646403313,0.10239603370428085
0.05,303,2,13,shuffled,0.04352116584777832,0.09071799367666245
0.05,303,2,14,shuffled,0.05446745082736015,0.09031826257705688
0.05,303,2,15,shuffled,0.051826197654008865,0.0826689749956131
0.05,303,3,0,shuffled,0.08227269351482391,0.1378251314163208
0.05,303,3,1,shuffled,0.05846491456031799,0.09139440208673477
0.05,303,3,2,shuffled,0.051140762865543365,0.07567029446363449
0.05,303,3,3,shuffled,0.050662197172641754,0.07528980076313019
0.05,303,3,4,shuffled,0.058767009526491165,0.08341992646455765
0.05,303,3,5,shuffled,0.02075273171067238,0.03268402814865112
0.05,303,3,6,shuffled,0.08160724490880966,0.11217725276947021
0.05,303,3,7,shuffled,0.04838902875781059,0.0750124454498291
0.05,303,3,8,shuffled,0.06127314642071724,0.09733972698450089
0.05,303,3,9,shuffled,0.055223237723112106,0.09575557708740234
0.05,303,3,10,shuffled,0.057403314858675,0.05803109332919121
0.05,303,3,11,shuffled,0.09126605838537216,0.15761104226112366
0.05,303,3,12,shuffled,0.058881472796201706,0.142057865858078
0.05,303,3,13,shuffled,0.0621507354080677,0.12724483013153076
0.05,303,3,14,shuffled,0.03907545655965805,0.06930619478225708
0.05,303,3,15,shuffled,0.047655150294303894,0.10460851341485977
0.05,303,4,0,shuffled,0.07712532579898834,0.14943663775920868
0.05,303,4,1,shuffled,0.06057574227452278,0.07528634369373322
0.05,303,4,2,shuffled,0.031222622841596603,0.06040635704994202
0.05,303,4,3,shuffled,0.027773216366767883,0.06420551985502243
0.05,303,4,4,shuffled,0.039410609751939774,0.08251488208770752
0.05,303,4,5,shuffled,0.059511084109544754,0.10802306979894638
0.05,303,4,6,shuffled,0.053895480930805206,0.10663075745105743
0.05,303,4,7,shuffled,0.04308339208364487,0.06587187945842743
0.05,303,4,8,shuffled,0.06730590015649796,0.13655078411102295
0.05,303,4,9,shuffled,0.08143247663974762,0.16296109557151794
0.05,303,4,10,shuffled,0.05825451761484146,0.1096997857093811
0.05,303,4,11,shuffled,0.03370274230837822,0.06851477175951004
0.05,303,4,12,shuffled,0.05209927633404732,0.09698930382728577
0.05,303,4,13,shuffled,0.07070357352495193,0.11985175311565399
0.05,303,4,14,shuffled,0.08989645540714264,0.1335337609052658
0.05,303,4,15,shuffled,0.043134644627571106,0.06567279994487762
0.05,303,5,0,shuffled,0.05095283314585686,0.06363024562597275
0.05,303,5,1,shuffled,0.04249143600463867,0.09910377860069275
0.05,303,5,2,shuffled,0.0571657195687294,0.08634046465158463
0.05,303,5,3,shuffled,0.05110641568899155,0.05237730219960213
0.05,303,5,4,shuffled,0.04533809795975685,0.07214482873678207
0.05,303,5,5,shuffled,0.05063685029745102,0.07131906598806381
0.05,303,5,6,shuffled,0.10866717994213104,0.17196527123451233
0.05,303,5,7,shuffled,0.04042576998472214,0.07530658692121506
0.05,303,5,8,shuffled,0.058873020112514496,0.07111183553934097
0.05,303,5,9,shuffled,0.06704039126634598,0.1009611040353775
0.05,303,5,10,shuffled,0.040963247418403625,0.1070869192481041
0.05,303,5,11,shuffled,0.05223045498132706,0.1265464723110199
0.05,303,5,12,shuffled,0.06851832568645477,0.167421355843544
0.05,303,5,13,shuffled,0.04882143810391426,0.09847360104322433
0.05,303,5,14,shuffled,0.09865365922451019,0.21698813140392303
0.05,303,5,15,shuffled,0.06569869816303253,0.13281449675559998
0.05,303,6,0,shuffled,0.03070577047765255,0.06178104877471924
0.05,303,6,1,shuffled,0.06010090559720993,0.10868199169635773
0.05,303,6,2,shuffled,0.06800520420074463,0.10289778560400009
0.05,303,6,3,shuffled,0.04994509369134903,0.10970117896795273
0.05,303,6,4,shuffled,0.06186410039663315,0.0777890682220459
0.05,303,6,5,shuffled,0.060246895998716354,0.11327824741601944
0.05,303,6,6,shuffled,0.029574204236268997,0.058991122990846634
0.05,303,6,7,shuffled,0.04190561920404434,0.07435847818851471
0.05,303,6,8,shuffled,0.0745084136724472,0.07851871103048325
0.05,303,6,9,shuffled,0.06103299930691719,0.05519488453865051
0.05,303,6,10,shuffled,0.06312762200832367,0.135291188955307
0.05,303,6,11,shuffled,0.02881462313234806,0.0905243307352066
0.05,303,6,12,shuffled,0.04795056954026222,0.1030070036649704
0.05,303,6,13,shuffled,0.052546579390764236,0.07509305328130722
0.05,303,6,14,shuffled,0.05407072976231575,0.13323931396007538
0.05,303,6,15,shuffled,0.048214174807071686,0.08926712721586227
0.05,303,7,0,shuffled,0.022187035530805588,0.03788144141435623
0.05,303,7,1,shuffled,0.05717784911394119,0.0886278972029686
0.05,303,7,2,shuffled,0.05071495845913887,0.09489144384860992
0.05,303,7,3,shuffled,0.08384500443935394,0.15514561533927917
0.05,303,7,4,shuffled,0.027108896523714066,0.06431593745946884
0.05,303,7,5,shuffled,0.04499123618006706,0.07740813493728638
0.05,303,7,6,shuffled,0.05787770077586174,0.08519188314676285
0.05,303,7,7,shuffled,0.056120991706848145,0.10111777484416962
0.05,303,7,8,shuffled,0.059314824640750885,0.08234505355358124
0.05,303,7,9,shuffled,0.05313601344823837,0.09045083820819855
0.05,303,7,10,shuffled,0.06334066390991211,0.10806010663509369
0.05,303,7,11,shuffled,0.0787653774023056,0.060433387756347656
0.05,303,7,12,shuffled,0.07213898003101349,0.12056772410869598
0.05,303,7,13,shuffled,0.056335508823394775,0.09105048328638077
0.05,303,7,14,shuffled,0.05306068807840347,0.09035756438970566
0.05,303,7,15,shuffled,0.051682330667972565,0.08561085164546967
0.5,101,0,0,current,0.04847380518913269,0.11554005742073059
0.5,101,0,1,current,0.05347013473510742,0.3148863911628723
0.5,101,0,2,current,0.07398764044046402,0.8252454996109009
0.5,101,0,3,current,0.07740999013185501,0.4018617868423462
0.5,101,0,4,current,0.06108638271689415,0.4958479106426239
0.5,101,0,5,current,0.0819118469953537,0.36543798446655273
0.5,101,0,6,current,0.11850516498088837,0.5028064250946045
0.5,101,0,7,current,0.062419287860393524,0.6361435055732727
0.5,101,0,8,current,0.06512051075696945,0.3996019959449768
0.5,101,0,9,current,0.06901347637176514,0.5884479284286499
0.5,101,0,10,current,0.07761719822883606,0.3332577347755432
0.5,101,0,11,current,0.07685679942369461,0.3773631155490875
0.5,101,0,12,current,0.05707356706261635,0.42594021558761597
0.5,101,0,13,current,0.08146961033344269,0.5225787162780762
0.5,101,0,14,current,0.0784802958369255,0.4862295985221863
0.5,101,0,15,current,0.07384254783391953,0.3476691246032715
0.5,101,1,0,current,0.041727498173713684,0.3440436124801636
0.5,101,1,1,current,0.06638247519731522,0.3072859048843384
0.5,101,1,2,current,0.07373044639825821,0.36266112327575684
0.5,101,1,3,current,0.07520279288291931,0.45286041498184204
0.5,101,1,4,current,0.08340704441070557,0.4414505958557129
0.5,101,1,5,current,0.08619105815887451,0.35822224617004395
0.5,101,1,6,current,0.0829707682132721,0.2579273581504822
0.5,101,1,7,current,0.05857807397842407,0.4280589818954468
0.5,101,1,8,current,0.07147231698036194,0.3854343891143799
0.5,101,1,9,current,0.08962272852659225,0.4446865916252136
0.5,101,1,10,current,0.081585593521595,0.3370671272277832
0.5,101,1,11,current,0.09336254745721817,0.6201967000961304
0.5,101,1,12,current,0.09596243500709534,0.7600092887878418
0.5,101,1,13,current,0.07999646663665771,0.18867145478725433
0.5,101,1,14,current,0.08167073130607605,0.43482959270477295
0.5,101,1,15,current,0.08271731436252594,0.4811970889568329
0.5,101,2,0,current,0.06220437213778496,0.3270801901817322
0.5,101,2,1,current,0.0583387166261673,0.5843906402587891
0.5,101,2,2,current,0.040502943098545074,0.4806124269962311
0.5,101,2,3,current,0.08914685994386673,0.31424131989479065
0.5,101,2,4,current,0.07754290103912354,0.3758484125137329
0.5,101,2,5,current,0.07741595059633255,0.7617610692977905
0.5,101,2,6,current,0.0364588126540184,0.18135330080986023
0.5,101,2,7,current,0.053068988025188446,0.4266907274723053
0.5,101,2,8,current,0.05745065584778786,0.3193623423576355
0.5,101,2,9,current,0.0630272775888443,0.27857786417007446
0.5,101,2,10,current,0.050039686262607574,0.3417733311653137
0.5,101,2,11,current,0.10305991768836975,0.3988780379295349
0.5,101,2,12,current,0.09133374691009521,0.44875311851501465
0.5,101,2,13,current,0.0692792609333992,0.4374538064002991
0.5,101,2,14,current,0.06878109276294708,0.6218322515487671
0.5,101,2,15,current,0.06329336762428284,0.4350331425666809
0.5,101,3,0,current,0.07159557193517685,0.44551217555999756
0.5,101,3,1,current,0.07522659748792648,0.35198700428009033
0.5,101,3,2,current,0.0684593990445137,0.574548065662384
0.5,101,3,3,current,0.06199340522289276,0.492845356464386
0.5,101,3,4,current,0.05043972656130791,0.4815537929534912
0.5,101,3,5,current,0.034056708216667175,0.4393119215965271
0.5,101,3,6,current,0.08189579844474792,0.5810901522636414
0.5,101,3,7,current,0.07288650423288345,0.3456162214279175
0.5,101,3,8,current,0.07008664309978485,0.4570879638195038
0.5,101,3,9,current,0.07798036932945251,0.5325682163238525
0.5,101,3,10,current,0.08110180497169495,0.4541241526603699
0.5,101,3,11,current,0.08067723363637924,0.3449952006340027
0.5,101,3,12,current,0.0714210569858551,0.566236138343811
0.5,101,3,13,current,0.06785695254802704,0.39067786931991577
0.5,101,3,14,current,0.049658216536045074,0.2580775022506714
0.5,101,3,15,current,0.06129048392176628,0.4410526156425476
0.5,101,4,0,current,0.1025242879986763,0.6048749685287476
0.5,101,4,1,current,0.07481319457292557,0.31113511323928833
0.5,101,4,2,current,0.04968470335006714,0.25916367769241333
0.5,101,4,3,current,0.054133910685777664,0.45999497175216675
0.5,101,4,4,current,0.052887361496686935,0.27767547965049744
0.5,101,4,5,current,0.0630902349948883,0.48470139503479004
0.5,101,4,6,current,0.07131794840097427,0.4314054846763611
0.5,101,4,7,current,0.050754718482494354,0.3676232397556305
0.5,101,4,8,current,0.08812247216701508,0.40926510095596313
0.5,101,4,9,current,0.08372272551059723,0.5612226128578186
0.5,101,4,10,current,0.0645480677485466,0.2702063322067261
0.5,101,4,11,current,0.08052821457386017,0.45439353585243225
0.5,101,4,12,current,0.08872133493423462,0.33728092908859253
0.5,101,4,13,current,0.07729483395814896,0.4451310634613037
0.5,101,4,14,current,0.09337615966796875,0.43801257014274597
0.5,101,4,15,current,0.061783429235219955,0.42836374044418335
0.5,101,5,0,current,0.061289314180612564,0.24868682026863098
0.5,101,5,1,current,0.07228964567184448,0.38325268030166626
0.5,101,5,2,current,0.06949743628501892,0.4776940941810608
0.5,101,5,3,current,0.07510929554700851,0.21854515373706818
0.5,101,5,4,current,0.07166510075330734,0.2618648409843445
0.5,101,5,5,current,0.07648865133523941,0.4348325729370117
0.5,101,5,6,current,0.09389585256576538,0.6583250761032104
0.5,101,5,7,current,0.07511643320322037,0.4257427453994751
0.5,101,5,8,current,0.07080025225877762,0.5217970609664917
0.5,101,5,9,current,0.07645466923713684,0.34668606519699097
0.5,101,5,10,current,0.05321631208062172,0.5331860780715942
0.5,101,5,11,current,0.07987953722476959,0.6775788068771362
0.5,101,5,12,current,0.09449363499879837,0.5901086926460266
0.5,101,5,13,current,0.0824785828590393,0.5236698389053345
0.5,101,5,14,current,0.08522916585206985,0.5683534145355225
0.5,101,5,15,current,0.07003933936357498,0.4589368999004364
0.5,101,6,0,current,0.058810755610466,0.3735221028327942
0.5,101,6,1,current,0.09059925377368927,0.4211443066596985
0.5,101,6,2,current,0.07504364103078842,0.3354042172431946
0.5,101,6,3,current,0.044637519866228104,0.47002023458480835
0.5,101,6,4,current,0.08105355501174927,0.5538617968559265
0.5,101,6,5,current,0.0911884605884552,0.3742203116416931
0.5,101,6,6,current,0.06173688545823097,0.4778275489807129
0.5,101,6,7,current,0.05185176059603691,0.3861526548862457
0.5,101,6,8,current,0.10646870732307434,0.42484134435653687
0.5,101,6,9,current,0.10035848617553711,0.49492347240448
0.5,101,6,10,current,0.11047318577766418,0.39358091354370117
0.5,101,6,11,current,0.052014414221048355,0.44344019889831543
0.5,101,6,12,current,0.06630115956068039,0.37654685974121094
0.5,101,6,13,current,0.06250018626451492,0.5316495299339294
0.5,101,6,14,current,0.06492999941110611,0.4296436905860901
0.5,101,6,15,current,0.07704830914735794,0.49251219630241394
0.5,101,7,0,current,0.035438183695077896,0.3219573199748993
0.5,101,7,1,current,0.06361137330532074,0.3525776267051697
0.5,101,7,2,current,0.06328963488340378,0.3542972803115845
0.5,101,7,3,current,0.08750835806131363,0.422821044921875
0.5,101,7,4,current,0.08160408586263657,0.40030038356781006
0.5,101,7,5,current,0.07671540230512619,0.39061468839645386
0.5,101,7,6,current,0.08754069358110428,0.43803003430366516
0.5,101,7,7,current,0.06794392317533493,0.32594287395477295
0.5,101,7,8,current,0.05704507976770401,0.42008304595947266
0.5,101,7,9,current,0.09348312765359879,0.4374789595603943
0.5,101,7,10,current,0.08878281712532043,0.35320329666137695
0.5,101,7,11,current,0.08052478730678558,0.1775439828634262
0.5,101,7,12,current,0.09243523329496384,0.3921131491661072
0.5,101,7,13,current,0.09112891554832458,0.22315770387649536
0.5,101,7,14,current,0.053902413696050644,0.4592097997665405
0.5,101,7,15,current,0.08896464109420776,0.3621427118778229
0.5,101,0,0,past,0.055753614753484726,0.14900942146778107
0.5,101,0,1,past,0.0572543665766716,0.35966819524765015
0.5,101,0,2,past,0.07584141939878464,0.7549757957458496
0.5,101,0,3,past,0.07754629850387573,0.428799569606781
0.5,101,0,4,past,0.05549269914627075,0.4496661424636841
0.5,101,0,5,past,0.07912220060825348,0.38151729106903076
0.5,101,0,6,past,0.11171188950538635,0.5660359859466553
0.5,101,0,7,past,0.06711722165346146,0.6731085181236267
0.5,101,0,8,past,0.07104907184839249,0.3622966408729553
0.5,101,0,9,past,0.06177987903356552,0.5945807099342346
0.5,101,0,10,past,0.07540130615234375,0.3240131735801697
0.5,101,0,11,past,0.07647605985403061,0.3718636631965637
0.5,101,0,12,past,0.05865370109677315,0.4147412180900574
0.5,101,0,13,past,0.08412981778383255,0.5285564064979553
0.5,101,0,14,past,0.08906059712171555,0.5063123106956482
0.5,101,0,15,past,0.07253582775592804,0.33744117617607117
0.5,101,1,0,past,0.04815845191478729,0.36844441294670105
0.5,101,1,1,past,0.06485205143690109,0.30802786350250244
0.5,101,1,2,past,0.07381787896156311,0.42425602674484253
0.5,101,1,3,past,0.07339048385620117,0.46014267206192017
0.5,101,1,4,past,0.071656234562397,0.446517676115036
0.5,101,1,5,past,0.0807230994105339,0.3617376685142517
0.5,101,1,6,past,0.082656629383564,0.31163981556892395
0.5,101,1,7,past,0.05771520361304283,0.4810006618499756
0.5,101,1,8,past,0.06963393837213516,0.44419702887535095
0.5,101,1,9,past,0.08651069551706314,0.40266522765159607
0.5,101,1,10,past,0.07156266272068024,0.33973729610443115
0.5,101,1,11,past,0.09812325239181519,0.5238999724388123
0.5,101,1,12,past,0.08972717076539993,0.6959941387176514
0.5,101,1,13,past,0.06950244307518005,0.14622098207473755
0.5,101,1,14,past,0.08290625363588333,0.4170377850532532
0.5,101,1,15,past,0.09018021821975708,0.4562915563583374
0.5,101,2,0,past,0.06344126164913177,0.3436325192451477
0.5,101,2,1,past,0.05136299133300781,0.5349062085151672
0.5,101,2,2,past,0.0393272303044796,0.4841466546058655
0.5,101,2,3,past,0.09670423716306686,0.25566133856773376
0.5,101,2,4,past,0.07654230296611786,0.35443276166915894
0.5,101,2,5,past,0.08460184931755066,0.7265106439590454
0.5,101,2,6,past,0.041025564074516296,0.19040344655513763
0.5,101,2,7,past,0.052720896899700165,0.47034889459609985
0.5,101,2,8,past,0.06157416105270386,0.3417917490005493
0.5,101,2,9,past,0.06479485332965851,0.2619207501411438
0.5,101,2,10,past,0.049406517297029495,0.36539196968078613
0.5,101,2,11,past,0.1073879823088646,0.35509687662124634
0.5,101,2,12,past,0.08837905526161194,0.4518356919288635
0.5,101,2,13,past,0.06970734894275665,0.4629216194152832
0.5,101,2,14,past,0.07153293490409851,0.5972360372543335
0.5,101,2,15,past,0.07074078917503357,0.4363046884536743
0.5,101,3,0,past,0.06904429197311401,0.4617745876312256
0.5,101,3,1,past,0.0696057379245758,0.30533283948898315
0.5,101,3,2,past,0.06934712827205658,0.517801821231842
0.5,101,3,3,past,0.05680729076266289,0.544485330581665
0.5,101,3,4,past,0.050750911235809326,0.45035815238952637
0.5,101,3,5,past,0.03677761182188988,0.49686968326568604
0.5,101,3,6,past,0.079133041203022,0.6075937747955322
0.5,101,3,7,past,0.07003490626811981,0.3662114143371582
0.5,101,3,8,past,0.07113499939441681,0.4458982050418854
0.5,101,3,9,past,0.08623389899730682,0.5293273329734802
0.5,101,3,10,past,0.07609009742736816,0.5067865252494812
0.5,101,3,11,past,0.08179794251918793,0.3376918137073517
0.5,101,3,12,past,0.07516396790742874,0.4724051058292389
0.5,101,3,13,past,0.07563990354537964,0.39206790924072266
0.5,101,3,14,past,0.052646052092313766,0.28716206550598145
0.5,101,3,15,past,0.05557247996330261,0.4641064405441284
0.5,101,4,0,past,0.10443883389234543,0.6079035997390747
0.5,101,4,1,past,0.07919208705425262,0.34255605936050415
0.5,101,4,2,past,0.05268873646855354,0.22404228150844574
0.5,101,4,3,past,0.051669809967279434,0.4204758107662201
0.5,101,4,4,past,0.05371861159801483,0.28391560912132263
0.5,101,4,5,past,0.05973755568265915,0.40265995264053345
0.5,101,4,6,past,0.08404909819364548,0.42977142333984375
0.5,101,4,7,past,0.05030188336968422,0.36461877822875977
0.5,101,4,8,past,0.08679913729429245,0.4185321629047394
0.5,101,4,9,past,0.08494735509157181,0.6122567653656006
0.5,101,4,10,past,0.06926492601633072,0.28001171350479126
0.5,101,4,11,past,0.0802941620349884,0.4523696005344391
0.5,101,4,12,past,0.08874467015266418,0.3576135039329529
0.5,101,4,13,past,0.07489325851202011,0.42340242862701416
0.5,101,4,14,past,0.09609749168157578,0.5178478360176086
0.5,101,4,15,past,0.06055012345314026,0.40678828954696655
0.5,101,5,0,past,0.0600372813642025,0.2652740478515625
0.5,101,5,1,past,0.0698772445321083,0.3740732669830322
0.5,101,5,2,past,0.09161055088043213,0.4272899627685547
0.5,101,5,3,past,0.07389895617961884,0.24475254118442535
0.5,101,5,4,past,0.06954000145196915,0.25697943568229675
0.5,101,5,5,past,0.07218781113624573,0.4408855140209198
0.5,101,5,6,past,0.09254278242588043,0.6689562797546387
0.5,101,5,7,past,0.07262051105499268,0.4122421443462372
0.5,101,5,8,past,0.0722789540886879,0.5035792589187622
0.5,101,5,9,past,0.07359078526496887,0.3590477406978607
0.5,101,5,10,past,0.059070393443107605,0.5607176423072815
0.5,101,5,11,past,0.07708550244569778,0.6507298946380615
0.5,101,5,12,past,0.08996900916099548,0.6113138198852539
0.5,101,5,13,past,0.07527965307235718,0.6023194789886475
0.5,101,5,14,past,0.09071149677038193,0.5967920422554016
0.5,101,5,15,past,0.07451857626438141,0.4584083557128906
0.5,101,6,0,past,0.0630021020770073,0.3443427085876465
0.5,101,6,1,past,0.08902158588171005,0.392922580242157
0.5,101,6,2,past,0.0692545548081398,0.27682122588157654
0.5,101,6,3,past,0.05842844769358635,0.42450135946273804
0.5,101,6,4,past,0.09347940981388092,0.514363706111908
0.5,101,6,5,past,0.08966885507106781,0.3133978843688965
0.5,101,6,6,past,0.08021041005849838,0.47853100299835205
0.5,101,6,7,past,0.053996581584215164,0.3763807415962219
0.5,101,6,8,past,0.10536731779575348,0.44214147329330444
0.5,101,6,9,past,0.08952756971120834,0.44827795028686523
0.5,101,6,10,past,0.12041871249675751,0.4551087021827698
0.5,101,6,11,past,0.052898358553647995,0.38252997398376465
0.5,101,6,12,past,0.08658380061388016,0.35926133394241333
0.5,101,6,13,past,0.07568307965993881,0.5295074582099915
0.5,101,6,14,past,0.07922922074794769,0.46644020080566406
0.5,101,6,15,past,0.07733449339866638,0.44660741090774536
0.5,101,7,0,past,0.03771159052848816,0.411440908908844
0.5,101,7,1,past,0.06860972940921783,0.3363754153251648
0.5,101,7,2,past,0.06726820766925812,0.35523852705955505
0.5,101,7,3,past,0.09259617328643799,0.3848285973072052
0.5,101,7,4,past,0.09232727438211441,0.41096699237823486
0.5,101,7,5,past,0.08901554346084595,0.4515523612499237
0.5,101,7,6,past,0.08833081275224686,0.46414831280708313
0.5,101,7,7,past,0.07079175859689713,0.3961879014968872
0.5,101,7,8,past,0.05940697714686394,0.4106031656265259
0.5,101,7,9,past,0.10142145305871964,0.4640175402164459
0.5,101,7,10,past,0.08722857385873795,0.35649460554122925
0.5,101,7,11,past,0.09038091450929642,0.19141948223114014
0.5,101,7,12,past,0.08459606021642685,0.41617897152900696
0.5,101,7,13,past,0.0870317816734314,0.2053528130054474
0.5,101,7,14,past,0.05508017912507057,0.4089990258216858
0.5,101,7,15,past,0.09188754111528397,0.30895283818244934
0.5,101,0,0,full,0.050002146512269974,0.12510299682617188
0.5,101,0,1,full,0.06327345222234726,0.37107300758361816
0.5,101,0,2,full,0.08500365912914276,0.734725832939148
0.5,101,0,3,full,0.08135323971509933,0.4741557836532593
0.5,101,0,4,full,0.059243373572826385,0.46106022596359253
0.5,101,0,5,full,0.07973150163888931,0.3547252416610718
0.5,101,0,6,full,0.11824625730514526,0.5919212102890015
0.5,101,0,7,full,0.08051393181085587,0.5585623979568481
0.5,101,0,8,full,0.07717040926218033,0.36339426040649414
0.5,101,0,9,full,0.06044812500476837,0.45468640327453613
0.5,101,0,10,full,0.08316121995449066,0.38656383752822876
0.5,101,0,11,full,0.07777993381023407,0.3428593873977661
0.5,101,0,12,full,0.05828402563929558,0.40031489729881287
0.5,101,0,13,full,0.08211545646190643,0.524691641330719
0.5,101,0,14,full,0.08152279257774353,0.4838726818561554
0.5,101,0,15,full,0.07143811881542206,0.36421799659729004
0.5,101,1,0,full,0.052847277373075485,0.3591712415218353
0.5,101,1,1,full,0.06570646911859512,0.33551812171936035
0.5,101,1,2,full,0.07500889152288437,0.3239153325557709
0.5,101,1,3,full,0.07503252476453781,0.5888367891311646
0.5,101,1,4,full,0.0778522714972496,0.4476749300956726
0.5,101,1,5,full,0.08743958920240402,0.4240342974662781
0.5,101,1,6,full,0.08477173745632172,0.32606011629104614
0.5,101,1,7,full,0.06454481184482574,0.5579501986503601
0.5,101,1,8,full,0.07203329354524612,0.401852011680603
0.5,101,1,9,full,0.08510077744722366,0.3917352259159088
0.5,101,1,10,full,0.07852983474731445,0.3496650457382202
0.5,101,1,11,full,0.09272470325231552,0.4992676377296448
0.5,101,1,12,full,0.07677491009235382,0.6275832653045654
0.5,101,1,13,full,0.07022286206483841,0.14828716218471527
0.5,101,1,14,full,0.084243543446064,0.45869338512420654
0.5,101,1,15,full,0.08554986119270325,0.45977485179901123
0.5,101,2,0,full,0.0605776272714138,0.30353108048439026
0.5,101,2,1,full,0.062097515910863876,0.6089158654212952
0.5,101,2,2,full,0.04714423790574074,0.576342761516571
0.5,101,2,3,full,0.08766154944896698,0.18835631012916565
0.5,101,2,4,full,0.07981134951114655,0.3475346565246582
0.5,101,2,5,full,0.08533569425344467,0.6222702264785767
0.5,101,2,6,full,0.042256247252225876,0.17925304174423218
0.5,101,2,7,full,0.06145722046494484,0.5342662334442139
0.5,101,2,8,full,0.0635765939950943,0.3909870386123657
0.5,101,2,9,full,0.06471782922744751,0.259568452835083
0.5,101,2,10,full,0.055372461676597595,0.3082546889781952
0.5,101,2,11,full,0.09852327406406403,0.35701557993888855
0.5,101,2,12,full,0.08823830634355545,0.4475160837173462
0.5,101,2,13,full,0.0667983740568161,0.39622998237609863
0.5,101,2,14,full,0.06874638795852661,0.5777410268783569
0.5,101,2,15,full,0.07438274472951889,0.43264463543891907
0.5,101,3,0,full,0.07018617540597916,0.5039170980453491
0.5,101,3,1,full,0.08102203905582428,0.32560229301452637
0.5,101,3,2,full,0.06957152485847473,0.5244858264923096
0.5,101,3,3,full,0.058371882885694504,0.4845088720321655
0.5,101,3,4,full,0.05101423338055611,0.5415183305740356
0.5,101,3,5,full,0.03810828551650047,0.46461451053619385
0.5,101,3,6,full,0.07395929098129272,0.6566506624221802
0.5,101,3,7,full,0.06321357935667038,0.3074144124984741
0.5,101,3,8,full,0.062365420162677765,0.4164772629737854
0.5,101,3,9,full,0.07609713822603226,0.5968530774116516
0.5,101,3,10,full,0.07949378341436386,0.4909813404083252
0.5,101,3,11,full,0.08456125110387802,0.35050511360168457
0.5,101,3,12,full,0.08557220548391342,0.5799958109855652
0.5,101,3,13,full,0.06563113629817963,0.397585928440094
0.5,101,3,14,full,0.06359577178955078,0.29563260078430176
0.5,101,3,15,full,0.05207917466759682,0.39650464057922363
0.5,101,4,0,full,0.10779651999473572,0.5571402311325073
0.5,101,4,1,full,0.07290226966142654,0.3295545279979706
0.5,101,4,2,full,0.05214308574795723,0.22083404660224915
0.5,101,4,3,full,0.04915178567171097,0.4087466597557068
0.5,101,4,4,full,0.05706595256924629,0.27827322483062744
0.5,101,4,5,full,0.07332444190979004,0.48589515686035156
0.5,101,4,6,full,0.08163683861494064,0.42260271310806274
0.5,101,4,7,full,0.05392809212207794,0.3897445797920227
0.5,101,4,8,full,0.08669058233499527,0.45748311281204224
0.5,101,4,9,full,0.07854780554771423,0.5194430947303772
0.5,101,4,10,full,0.06575586646795273,0.2651482820510864
0.5,101,4,11,full,0.07188209891319275,0.37369513511657715
0.5,101,4,12,full,0.09266965091228485,0.39801692962646484
0.5,101,4,13,full,0.07119732350111008,0.3588642179965973
0.5,101,4,14,full,0.09742119908332825,0.5225440859794617
0.5,101,4,15,full,0.059402529150247574,0.44986236095428467
0.5,101,5,0,full,0.06582127511501312,0.2646198272705078
0.5,101,5,1,full,0.07585697621107101,0.3746376931667328
0.5,101,5,2,full,0.09236636757850647,0.5246575474739075
0.5,101,5,3,full,0.057295095175504684,0.17172515392303467
0.5,101,5,4,full,0.06504401564598083,0.21541056036949158
0.5,101,5,5,full,0.07566913962364197,0.4351873993873596
0.5,101,5,6,full,0.10298080742359161,0.6794717907905579
0.5,101,5,7,full,0.08271162956953049,0.36050307750701904
0.5,101,5,8,full,0.06286906450986862,0.47686249017715454
0.5,101,5,9,full,0.0720268189907074,0.35917842388153076
0.5,101,5,10,full,0.05001978948712349,0.5857635140419006
0.5,101,5,11,full,0.07357367128133774,0.624242901802063
0.5,101,5,12,full,0.09471187740564346,0.5869110226631165
0.5,101,5,13,full,0.07586637139320374,0.6350476741790771
0.5,101,5,14,full,0.08670420199632645,0.5725775957107544
0.5,101,5,15,full,0.07261326909065247,0.4469161033630371
0.5,101,6,0,full,0.06344470381736755,0.3359473645687103
0.5,101,6,1,full,0.08906551450490952,0.4469851553440094
0.5,101,6,2,full,0.07883162051439285,0.3121486306190491
0.5,101,6,3,full,0.05743541195988655,0.4090901017189026
0.5,101,6,4,full,0.08866529166698456,0.4395517110824585
0.5,101,6,5,full,0.0864526629447937,0.3099237084388733
0.5,101,6,6,full,0.08271978050470352,0.4524594843387604
0.5,101,6,7,full,0.05566492676734924,0.3353796601295471
0.5,101,6,8,full,0.10215667635202408,0.4957227408885956
0.5,101,6,9,full,0.0852145105600357,0.4937823712825775
0.5,101,6,10,full,0.11710704863071442,0.4591096043586731
0.5,101,6,11,full,0.06042807549238205,0.3847584128379822
0.5,101,6,12,full,0.07313617318868637,0.3740317225456238
0.5,101,6,13,full,0.06301794946193695,0.5182577967643738
0.5,101,6,14,full,0.07713544368743896,0.5027527809143066
0.5,101,6,15,full,0.0768132209777832,0.4781784117221832
0.5,101,7,0,full,0.03914611414074898,0.40893810987472534
0.5,101,7,1,full,0.06279901415109634,0.30940359830856323
0.5,101,7,2,full,0.07683175802230835,0.32925519347190857
0.5,101,7,3,full,0.08919239789247513,0.364261269569397
0.5,101,7,4,full,0.08732856065034866,0.4482882022857666
0.5,101,7,5,full,0.09501902014017105,0.3258771598339081
0.5,101,7,6,full,0.09612791985273361,0.5097438097000122
0.5,101,7,7,full,0.07322346419095993,0.32148629426956177
0.5,101,7,8,full,0.05594078451395035,0.450964093208313
0.5,101,7,9,full,0.10294126719236374,0.44022461771965027
0.5,101,7,10,full,0.08918055891990662,0.3702641725540161
0.5,101,7,11,full,0.0817735344171524,0.15403735637664795
0.5,101,7,12,full,0.08439665287733078,0.4166509509086609
0.5,101,7,13,full,0.09529408812522888,0.19979041814804077
0.5,101,7,14,full,0.0585639514029026,0.47330424189567566
0.5,101,7,15,full,0.08922920376062393,0.3595850169658661
0.5,101,0,0,full_test_shuffled,0.053298644721508026,0.13297483325004578
0.5,101,0,1,full_test_shuffled,0.06274391710758209,0.36207330226898193
0.5,101,0,2,full_test_shuffled,0.08704011887311935,0.7774895429611206
0.5,101,0,3,full_test_shuffled,0.08229157328605652,0.4763413071632385
0.5,101,0,4,full_test_shuffled,0.06416216492652893,0.448507159948349
0.5,101,0,5,full_test_shuffled,0.07889022678136826,0.33464398980140686
0.5,101,0,6,full_test_shuffled,0.1177196279168129,0.5567038059234619
0.5,101,0,7,full_test_shuffled,0.07014527171850204,0.5521262884140015
0.5,101,0,8,full_test_shuffled,0.07204742729663849,0.3349758982658386
0.5,101,0,9,full_test_shuffled,0.06000006943941116,0.5170348882675171
0.5,101,0,10,full_test_shuffled,0.0803123340010643,0.35730335116386414
0.5,101,0,11,full_test_shuffled,0.07552081346511841,0.33742159605026245
0.5,101,0,12,full_test_shuffled,0.056909721344709396,0.41432952880859375
0.5,101,0,13,full_test_shuffled,0.08091111481189728,0.4697642922401428
0.5,101,0,14,full_test_shuffled,0.07522083818912506,0.4775771200656891
0.5,101,0,15,full_test_shuffled,0.07360028475522995,0.3537083566188812
0.5,101,1,0,full_test_shuffled,0.050689805299043655,0.36941641569137573
0.5,101,1,1,full_test_shuffled,0.06390538066625595,0.336203396320343
0.5,101,1,2,full_test_shuffled,0.07181370258331299,0.3317390978336334
0.5,101,1,3,full_test_shuffled,0.07649163901805878,0.4888952374458313
0.5,101,1,4,full_test_shuffled,0.07916947454214096,0.4721806049346924
0.5,101,1,5,full_test_shuffled,0.08778681606054306,0.4167931079864502
0.5,101,1,6,full_test_shuffled,0.0816720575094223,0.3091580271720886
0.5,101,1,7,full_test_shuffled,0.06521747261285782,0.5036327242851257
0.5,101,1,8,full_test_shuffled,0.06776026636362076,0.43316787481307983
0.5,101,1,9,full_test_shuffled,0.08535132557153702,0.3861040771007538
0.5,101,1,10,full_test_shuffled,0.07814064621925354,0.34311357140541077
0.5,101,1,11,full_test_shuffled,0.09262798726558685,0.5011953115463257
0.5,101,1,12,full_test_shuffled,0.07642687112092972,0.6805996894836426
0.5,101,1,13,full_test_shuffled,0.07010772824287415,0.15104366838932037
0.5,101,1,14,full_test_shuffled,0.08419913053512573,0.4683564305305481
0.5,101,1,15,full_test_shuffled,0.08256101608276367,0.4893764853477478
0.5,101,2,0,full_test_shuffled,0.061572641134262085,0.30517396330833435
0.5,101,2,1,full_test_shuffled,0.05474168062210083,0.5535897612571716
0.5,101,2,2,full_test_shuffled,0.04386577382683754,0.5046549439430237
0.5,101,2,3,full_test_shuffled,0.08830815553665161,0.1944037675857544
0.5,101,2,4,full_test_shuffled,0.08093169331550598,0.3560400605201721
0.5,101,2,5,full_test_shuffled,0.0826864242553711,0.6462688446044922
0.5,101,2,6,full_test_shuffled,0.039389632642269135,0.17560577392578125
0.5,101,2,7,full_test_shuffled,0.06076265498995781,0.47379034757614136
0.5,101,2,8,full_test_shuffled,0.06431393325328827,0.4119090139865875
0.5,101,2,9,full_test_shuffled,0.06449587643146515,0.25145426392555237
0.5,101,2,10,full_test_shuffled,0.05820279195904732,0.32555899024009705
0.5,101,2,11,full_test_shuffled,0.0978567823767662,0.3742806315422058
0.5,101,2,12,full_test_shuffled,0.08554063737392426,0.42569923400878906
0.5,101,2,13,full_test_shuffled,0.06532853841781616,0.40882164239883423
0.5,101,2,14,full_test_shuffled,0.0688183531165123,0.5690649747848511
0.5,101,2,15,full_test_shuffled,0.07924456894397736,0.4546499252319336
0.5,101,3,0,full_test_shuffled,0.07485315948724747,0.4914981424808502
0.5,101,3,1,full_test_shuffled,0.08266042172908783,0.2972773611545563
0.5,101,3,2,full_test_shuffled,0.07146292179822922,0.5177866220474243
0.5,101,3,3,full_test_shuffled,0.06070876121520996,0.5317608714103699
0.5,101,3,4,full_test_shuffled,0.05363776534795761,0.4923973083496094
0.5,101,3,5,full_test_shuffled,0.03675584867596626,0.4744792878627777
0.5,101,3,6,full_test_shuffled,0.07843931019306183,0.5735126733779907
0.5,101,3,7,full_test_shuffled,0.06550894677639008,0.29909104108810425
0.5,101,3,8,full_test_shuffled,0.06178462505340576,0.4388822913169861
0.5,101,3,9,full_test_shuffled,0.0718970075249672,0.6472858786582947
0.5,101,3,10,full_test_shuffled,0.07863940298557281,0.5175690650939941
0.5,101,3,11,full_test_shuffled,0.08201764523983002,0.3805610239505768
0.5,101,3,12,full_test_shuffled,0.08249594271183014,0.5864974856376648
0.5,101,3,13,full_test_shuffled,0.0701105073094368,0.41165241599082947
0.5,101,3,14,full_test_shuffled,0.06366471201181412,0.3239591121673584
0.5,101,3,15,full_test_shuffled,0.055951692163944244,0.43239888548851013
0.5,101,4,0,full_test_shuffled,0.10896269232034683,0.5707963109016418
0.5,101,4,1,full_test_shuffled,0.08188842236995697,0.3283312916755676
0.5,101,4,2,full_test_shuffled,0.0514284186065197,0.20588092505931854
0.5,101,4,3,full_test_shuffled,0.052233416587114334,0.3987448811531067
0.5,101,4,4,full_test_shuffled,0.05371449515223503,0.26848310232162476
0.5,101,4,5,full_test_shuffled,0.06745211035013199,0.4748058319091797
0.5,101,4,6,full_test_shuffled,0.07681863009929657,0.3956991732120514
0.5,101,4,7,full_test_shuffled,0.050932396203279495,0.3974247872829437
0.5,101,4,8,full_test_shuffled,0.08745835721492767,0.4489784240722656
0.5,101,4,9,full_test_shuffled,0.08078816533088684,0.46974143385887146
0.5,101,4,10,full_test_shuffled,0.06754610687494278,0.2776041626930237
0.5,101,4,11,full_test_shuffled,0.07498080283403397,0.36853858828544617
0.5,101,4,12,full_test_shuffled,0.09149525314569473,0.3805425763130188
0.5,101,4,13,full_test_shuffled,0.07537849247455597,0.3670165538787842
0.5,101,4,14,full_test_shuffled,0.09781492501497269,0.5578337907791138
0.5,101,4,15,full_test_shuffled,0.06113423779606819,0.47348660230636597
0.5,101,5,0,full_test_shuffled,0.06488008052110672,0.2670840919017792
0.5,101,5,1,full_test_shuffled,0.08150222897529602,0.3932509422302246
0.5,101,5,2,full_test_shuffled,0.09105023741722107,0.5263630747795105
0.5,101,5,3,full_test_shuffled,0.05930054187774658,0.16123780608177185
0.5,101,5,4,full_test_shuffled,0.06653851270675659,0.2349669635295868
0.5,101,5,5,full_test_shuffled,0.07355527579784393,0.4354308247566223
0.5,101,5,6,full_test_shuffled,0.09767451882362366,0.687888503074646
0.5,101,5,7,full_test_shuffled,0.08038203418254852,0.3704586923122406
0.5,101,5,8,full_test_shuffled,0.0628221407532692,0.456636518239975
0.5,101,5,9,full_test_shuffled,0.07563867419958115,0.34418120980262756
0.5,101,5,10,full_test_shuffled,0.05207113176584244,0.5798290967941284
0.5,101,5,11,full_test_shuffled,0.07261296361684799,0.5919678807258606
0.5,101,5,12,full_test_shuffled,0.09227146208286285,0.5828431248664856
0.5,101,5,13,full_test_shuffled,0.07954664528369904,0.5735186338424683
0.5,101,5,14,full_test_shuffled,0.08759494870901108,0.5770636200904846
0.5,101,5,15,full_test_shuffled,0.06876686960458755,0.4740564227104187
0.5,101,6,0,full_test_shuffled,0.06660132855176926,0.35196638107299805
0.5,101,6,1,full_test_shuffled,0.09146927297115326,0.4323331415653229
0.5,101,6,2,full_test_shuffled,0.0698586031794548,0.3012017607688904
0.5,101,6,3,full_test_shuffled,0.058681733906269073,0.4350009560585022
0.5,101,6,4,full_test_shuffled,0.08745100349187851,0.4607941508293152
0.5,101,6,5,full_test_shuffled,0.08106426894664764,0.32296550273895264
0.5,101,6,6,full_test_shuffled,0.07942194491624832,0.47661885619163513
0.5,101,6,7,full_test_shuffled,0.051895808428525925,0.3606773018836975
0.5,101,6,8,full_test_shuffled,0.1016065925359726,0.5137265920639038
0.5,101,6,9,full_test_shuffled,0.09445399791002274,0.537724494934082
0.5,101,6,10,full_test_shuffled,0.11664950847625732,0.4573582708835602
0.5,101,6,11,full_test_shuffled,0.05128408223390579,0.4162365794181824
0.5,101,6,12,full_test_shuffled,0.06847653537988663,0.38454630970954895
0.5,101,6,13,full_test_shuffled,0.05825706571340561,0.45494675636291504
0.5,101,6,14,full_test_shuffled,0.0707271471619606,0.4800318777561188
0.5,101,6,15,full_test_shuffled,0.07557951658964157,0.49099236726760864
0.5,101,7,0,full_test_shuffled,0.04345511272549629,0.4273715019226074
0.5,101,7,1,full_test_shuffled,0.06607136875391006,0.34402984380722046
0.5,101,7,2,full_test_shuffled,0.07018576562404633,0.32309669256210327
0.5,101,7,3,full_test_shuffled,0.08172775059938431,0.33513596653938293
0.5,101,7,4,full_test_shuffled,0.08340910822153091,0.36052122712135315
0.5,101,7,5,full_test_shuffled,0.09610152244567871,0.3191754221916199
0.5,101,7,6,full_test_shuffled,0.09179283678531647,0.49923786520957947
0.5,101,7,7,full_test_shuffled,0.08171586692333221,0.35290294885635376
0.5,101,7,8,full_test_shuffled,0.065750852227211,0.4509739875793457
0.5,101,7,9,full_test_shuffled,0.09414343535900116,0.43619003891944885
0.5,101,7,10,full_test_shuffled,0.09338904917240143,0.36023738980293274
0.5,101,7,11,full_test_shuffled,0.08698005229234695,0.16221562027931213
0.5,101,7,12,full_test_shuffled,0.08788037300109863,0.41323795914649963
0.5,101,7,13,full_test_shuffled,0.09187515825033188,0.2191489189863205
0.5,101,7,14,full_test_shuffled,0.05984156206250191,0.466754674911499
0.5,101,7,15,full_test_shuffled,0.09074363857507706,0.36005058884620667
0.5,101,0,0,shuffled,0.04733166843652725,0.12539023160934448
0.5,101,0,1,shuffled,0.05565259978175163,0.2865802049636841
0.5,101,0,2,shuffled,0.07657959312200546,0.770146369934082
0.5,101,0,3,shuffled,0.08072005212306976,0.4617839753627777
0.5,101,0,4,shuffled,0.057742346078157425,0.435950368642807
0.5,101,0,5,shuffled,0.07600198686122894,0.34631454944610596
0.5,101,0,6,shuffled,0.11864607036113739,0.4847331643104553
0.5,101,0,7,shuffled,0.0646536722779274,0.6007788181304932
0.5,101,0,8,shuffled,0.07564669847488403,0.38371002674102783
0.5,101,0,9,shuffled,0.06251310557126999,0.4807378649711609
0.5,101,0,10,shuffled,0.07510696351528168,0.279704213142395
0.5,101,0,11,shuffled,0.07607357949018478,0.3766445815563202
0.5,101,0,12,shuffled,0.05563554912805557,0.43857207894325256
0.5,101,0,13,shuffled,0.07830673456192017,0.427945613861084
0.5,101,0,14,shuffled,0.07626721262931824,0.5034133195877075
0.5,101,0,15,shuffled,0.06460200250148773,0.3134167790412903
0.5,101,1,0,shuffled,0.060656022280454636,0.4495454728603363
0.5,101,1,1,shuffled,0.06418860703706741,0.3233853280544281
0.5,101,1,2,shuffled,0.07025035470724106,0.33827975392341614
0.5,101,1,3,shuffled,0.07835540175437927,0.4442300796508789
0.5,101,1,4,shuffled,0.077908456325531,0.427046537399292
0.5,101,1,5,shuffled,0.08694969117641449,0.3695206642150879
0.5,101,1,6,shuffled,0.08741885423660278,0.3159271776676178
0.5,101,1,7,shuffled,0.06143001839518547,0.4474102854728699
0.5,101,1,8,shuffled,0.06616394221782684,0.37493059039115906
0.5,101,1,9,shuffled,0.08240041136741638,0.3900127410888672
0.5,101,1,10,shuffled,0.07503549754619598,0.3262920677661896
0.5,101,1,11,shuffled,0.09588146954774857,0.5275400876998901
0.5,101,1,12,shuffled,0.08063261210918427,0.7173264622688293
0.5,101,1,13,shuffled,0.06840541213750839,0.15337173640727997
0.5,101,1,14,shuffled,0.08121807128190994,0.432488352060318
0.5,101,1,15,shuffled,0.08473752439022064,0.4861985146999359
0.5,101,2,0,shuffled,0.0621081218123436,0.32322758436203003
0.5,101,2,1,shuffled,0.060911405831575394,0.5380038022994995
0.5,101,2,2,shuffled,0.039302755147218704,0.5171185731887817
0.5,101,2,3,shuffled,0.0874510183930397,0.24311065673828125
0.5,101,2,4,shuffled,0.0794222503900528,0.3386375904083252
0.5,101,2,5,shuffled,0.08358629047870636,0.6561843752861023
0.5,101,2,6,shuffled,0.03694171831011772,0.18101288378238678
0.5,101,2,7,shuffled,0.05327191203832626,0.43835169076919556
0.5,101,2,8,shuffled,0.06553138792514801,0.37288516759872437
0.5,101,2,9,shuffled,0.06545387208461761,0.26502054929733276
0.5,101,2,10,shuffled,0.047642044723033905,0.33575373888015747
0.5,101,2,11,shuffled,0.0994974821805954,0.344693124294281
0.5,101,2,12,shuffled,0.08757536113262177,0.4210006594657898
0.5,101,2,13,shuffled,0.06377463787794113,0.4051159918308258
0.5,101,2,14,shuffled,0.06778047978878021,0.6158795356750488
0.5,101,2,15,shuffled,0.07086388766765594,0.4545418322086334
0.5,101,3,0,shuffled,0.0693136528134346,0.4244583249092102
0.5,101,3,1,shuffled,0.07622327655553818,0.28531384468078613
0.5,101,3,2,shuffled,0.07112643122673035,0.5290406942367554
0.5,101,3,3,shuffled,0.06110764667391777,0.5156022310256958
0.5,101,3,4,shuffled,0.05502898246049881,0.484067440032959
0.5,101,3,5,shuffled,0.03696032613515854,0.47409796714782715
0.5,101,3,6,shuffled,0.07403083890676498,0.5771633386611938
0.5,101,3,7,shuffled,0.07078434526920319,0.3414878845214844
0.5,101,3,8,shuffled,0.07097376883029938,0.4882337152957916
0.5,101,3,9,shuffled,0.08167099952697754,0.45978307723999023
0.5,101,3,10,shuffled,0.07359165698289871,0.4789212644100189
0.5,101,3,11,shuffled,0.07761970907449722,0.3710121214389801
0.5,101,3,12,shuffled,0.07886313647031784,0.5551332831382751
0.5,101,3,13,shuffled,0.0645146295428276,0.4017150402069092
0.5,101,3,14,shuffled,0.05585714057087898,0.2563677728176117
0.5,101,3,15,shuffled,0.05864840745925903,0.4543367028236389
0.5,101,4,0,shuffled,0.10509221255779266,0.5907291769981384
0.5,101,4,1,shuffled,0.07675207406282425,0.3113231658935547
0.5,101,4,2,shuffled,0.0496693029999733,0.2050822675228119
0.5,101,4,3,shuffled,0.046836040914058685,0.3908809721469879
0.5,101,4,4,shuffled,0.0503079779446125,0.2758491635322571
0.5,101,4,5,shuffled,0.06640557199716568,0.4684542715549469
0.5,101,4,6,shuffled,0.08216618001461029,0.41038045287132263
0.5,101,4,7,shuffled,0.05508989840745926,0.37496790289878845
0.5,101,4,8,shuffled,0.0815962553024292,0.4352506697177887
0.5,101,4,9,shuffled,0.08365260064601898,0.5188867449760437
0.5,101,4,10,shuffled,0.06948210299015045,0.28475630283355713
0.5,101,4,11,shuffled,0.07181132584810257,0.4474199712276459
0.5,101,4,12,shuffled,0.09204491227865219,0.35030892491340637
0.5,101,4,13,shuffled,0.07803105562925339,0.41478919982910156
0.5,101,4,14,shuffled,0.10070185363292694,0.5766876339912415
0.5,101,4,15,shuffled,0.062394917011260986,0.4053850769996643
0.5,101,5,0,shuffled,0.0604805126786232,0.2538430094718933
0.5,101,5,1,shuffled,0.08049670606851578,0.3642585873603821
0.5,101,5,2,shuffled,0.0790204256772995,0.5405089259147644
0.5,101,5,3,shuffled,0.06638512760400772,0.17071481049060822
0.5,101,5,4,shuffled,0.07032322138547897,0.20074209570884705
0.5,101,5,5,shuffled,0.07353455573320389,0.4766330122947693
0.5,101,5,6,shuffled,0.09318579733371735,0.6305962800979614
0.5,101,5,7,shuffled,0.07156213372945786,0.3905637264251709
0.5,101,5,8,shuffled,0.05716956779360771,0.4945439398288727
0.5,101,5,9,shuffled,0.0732915848493576,0.3232019543647766
0.5,101,5,10,shuffled,0.058550722897052765,0.5328289866447449
0.5,101,5,11,shuffled,0.06941332668066025,0.526172935962677
0.5,101,5,12,shuffled,0.09052915126085281,0.6070945858955383
0.5,101,5,13,shuffled,0.0872064083814621,0.5070924758911133
0.5,101,5,14,shuffled,0.0871792659163475,0.5741798877716064
0.5,101,5,15,shuffled,0.06565837562084198,0.42742300033569336
0.5,101,6,0,shuffled,0.06244317442178726,0.3195760250091553
0.5,101,6,1,shuffled,0.08977808803319931,0.4138208031654358
0.5,101,6,2,shuffled,0.06992360204458237,0.3184466063976288
0.5,101,6,3,shuffled,0.05485447123646736,0.5127406716346741
0.5,101,6,4,shuffled,0.0832156091928482,0.5133801102638245
0.5,101,6,5,shuffled,0.09001205116510391,0.31059402227401733
0.5,101,6,6,shuffled,0.0738503485918045,0.48280033469200134
0.5,101,6,7,shuffled,0.05430162698030472,0.3785322904586792
0.5,101,6,8,shuffled,0.0975874811410904,0.408392995595932
0.5,101,6,9,shuffled,0.09367148578166962,0.5380052328109741
0.5,101,6,10,shuffled,0.11556384712457657,0.3869771957397461
0.5,101,6,11,shuffled,0.05588429421186447,0.43445879220962524
0.5,101,6,12,shuffled,0.070900559425354,0.3601517975330353
0.5,101,6,13,shuffled,0.059414297342300415,0.5029577612876892
0.5,101,6,14,shuffled,0.0668448954820633,0.45091351866722107
0.5,101,6,15,shuffled,0.07808762788772583,0.5353749990463257
0.5,101,7,0,shuffled,0.0410161018371582,0.39069274067878723
0.5,101,7,1,shuffled,0.0754159539937973,0.3984852433204651
0.5,101,7,2,shuffled,0.06532502919435501,0.321757972240448
0.5,101,7,3,shuffled,0.08660124242305756,0.3870169520378113
0.5,101,7,4,shuffled,0.08462972193956375,0.3814675807952881
0.5,101,7,5,shuffled,0.09179742634296417,0.3404536843299866
0.5,101,7,6,shuffled,0.08550554513931274,0.4461440443992615
0.5,101,7,7,shuffled,0.07280395179986954,0.3397741913795471
0.5,101,7,8,shuffled,0.05704353004693985,0.43990057706832886
0.5,101,7,9,shuffled,0.09875424206256866,0.42164501547813416
0.5,101,7,10,shuffled,0.08854584395885468,0.33348360657691956
0.5,101,7,11,shuffled,0.0852494090795517,0.1620139330625534
0.5,101,7,12,shuffled,0.08867765963077545,0.4006320834159851
0.5,101,7,13,shuffled,0.08749568462371826,0.21265694499015808
0.5,101,7,14,shuffled,0.055056892335414886,0.4561043679714203
0.5,101,7,15,shuffled,0.08856374025344849,0.3220406174659729
0.5,202,0,0,current,0.0512944757938385,0.1466885805130005
0.5,202,0,1,current,0.05762387439608574,0.267933189868927
0.5,202,0,2,current,0.06969283521175385,0.6408321857452393
0.5,202,0,3,current,0.07134810090065002,0.43332695960998535
0.5,202,0,4,current,0.05013183131814003,0.3017611503601074
0.5,202,0,5,current,0.07517485320568085,0.3810412883758545
0.5,202,0,6,current,0.10923684388399124,0.5485292077064514
0.5,202,0,7,current,0.060559142380952835,0.6299930810928345
0.5,202,0,8,current,0.07518164068460464,0.4326403737068176
0.5,202,0,9,current,0.0651342049241066,0.5504891276359558
0.5,202,0,10,current,0.06457837671041489,0.20433323085308075
0.5,202,0,11,current,0.07294563204050064,0.3261735439300537
0.5,202,0,12,current,0.07157852500677109,0.579427182674408
0.5,202,0,13,current,0.08557210862636566,0.5142953395843506
0.5,202,0,14,current,0.07364927232265472,0.4793316721916199
0.5,202,0,15,current,0.064000204205513,0.3406210243701935
0.5,202,1,0,current,0.0424029566347599,0.30781471729278564
0.5,202,1,1,current,0.06747560948133469,0.3351971507072449
0.5,202,1,2,current,0.0732964500784874,0.40091145038604736
0.5,202,1,3,current,0.07464466989040375,0.36030203104019165
0.5,202,1,4,current,0.08314928412437439,0.3879733085632324
0.5,202,1,5,current,0.09424081444740295,0.39466118812561035
0.5,202,1,6,current,0.07118966430425644,0.2915195822715759
0.5,202,1,7,current,0.05540617182850838,0.4661329388618469
0.5,202,1,8,current,0.07133150845766068,0.3882216513156891
0.5,202,1,9,current,0.09749708324670792,0.35789215564727783
0.5,202,1,10,current,0.08025257289409637,0.4582509696483612
0.5,202,1,11,current,0.09256115555763245,0.5616267919540405
0.5,202,1,12,current,0.06865911930799484,0.6481417417526245
0.5,202,1,13,current,0.08204621076583862,0.1852453649044037
0.5,202,1,14,current,0.08330700546503067,0.4907482862472534
0.5,202,1,15,current,0.08033540844917297,0.4417244791984558
0.5,202,2,0,current,0.06879433244466782,0.41381025314331055
0.5,202,2,1,current,0.07258182764053345,0.4956556558609009
0.5,202,2,2,current,0.032615505158901215,0.4186858534812927
0.5,202,2,3,current,0.10789582878351212,0.28988003730773926
0.5,202,2,4,current,0.08702962100505829,0.39385247230529785
0.5,202,2,5,current,0.06492957472801208,0.6797688603401184
0.5,202,2,6,current,0.04466924071311951,0.2392149269580841
0.5,202,2,7,current,0.05466150864958763,0.3871695399284363
0.5,202,2,8,current,0.06002423167228699,0.37387824058532715
0.5,202,2,9,current,0.07423269748687744,0.32489994168281555
0.5,202,2,10,current,0.04184095561504364,0.2364920675754547
0.5,202,2,11,current,0.09233081340789795,0.41810181736946106
0.5,202,2,12,current,0.0973619818687439,0.5315647125244141
0.5,202,2,13,current,0.06592769920825958,0.39190787076950073
0.5,202,2,14,current,0.07099194079637527,0.6507229804992676
0.5,202,2,15,current,0.07029762119054794,0.43058186769485474
0.5,202,3,0,current,0.07429362088441849,0.4898279905319214
0.5,202,3,1,current,0.07489477097988129,0.3862869143486023
0.5,202,3,2,current,0.07055574655532837,0.5769587755203247
0.5,202,3,3,current,0.06158224493265152,0.5193381905555725
0.5,202,3,4,current,0.04876438528299332,0.4489862024784088
0.5,202,3,5,current,0.03570383042097092,0.3337913155555725
0.5,202,3,6,current,0.08828030526638031,0.6091889142990112
0.5,202,3,7,current,0.07692249119281769,0.37100309133529663
0.5,202,3,8,current,0.06485901027917862,0.4503679871559143
0.5,202,3,9,current,0.056261688470840454,0.5093593597412109
0.5,202,3,10,current,0.07310573011636734,0.3337731957435608
0.5,202,3,11,current,0.08508482575416565,0.3436972498893738
0.5,202,3,12,current,0.08665662258863449,0.5554085373878479
0.5,202,3,13,current,0.06663495302200317,0.4118601679801941
0.5,202,3,14,current,0.04693908989429474,0.23856860399246216
0.5,202,3,15,current,0.05083295702934265,0.503368079662323
0.5,202,4,0,current,0.1162310242652893,0.6701329946517944
0.5,202,4,1,current,0.07183168083429337,0.33317530155181885
0.5,202,4,2,current,0.050557106733322144,0.2754976153373718
0.5,202,4,3,current,0.04819848760962486,0.45796510577201843
0.5,202,4,4,current,0.047345034778118134,0.3268353343009949
0.5,202,4,5,current,0.06750597059726715,0.5055656433105469
0.5,202,4,6,current,0.08272872865200043,0.45305442810058594
0.5,202,4,7,current,0.050630949437618256,0.29903241991996765
0.5,202,4,8,current,0.08898817747831345,0.4832446575164795
0.5,202,4,9,current,0.0900958999991417,0.5474124550819397
0.5,202,4,10,current,0.0701090469956398,0.33706942200660706
0.5,202,4,11,current,0.0608108714222908,0.30225151777267456
0.5,202,4,12,current,0.09542743861675262,0.3352473974227905
0.5,202,4,13,current,0.08233451843261719,0.34792962670326233
0.5,202,4,14,current,0.09750455617904663,0.5881865620613098
0.5,202,4,15,current,0.06018289923667908,0.4451315999031067
0.5,202,5,0,current,0.07394667714834213,0.37384334206581116
0.5,202,5,1,current,0.0661935806274414,0.3277454376220703
0.5,202,5,2,current,0.09769538044929504,0.4291774034500122
0.5,202,5,3,current,0.05916094779968262,0.18450585007667542
0.5,202,5,4,current,0.06288160383701324,0.21189196407794952
0.5,202,5,5,current,0.061227019876241684,0.4340704679489136
0.5,202,5,6,current,0.10537663102149963,0.5346421599388123
0.5,202,5,7,current,0.06794755160808563,0.2916272282600403
0.5,202,5,8,current,0.06666724383831024,0.39354074001312256
0.5,202,5,9,current,0.07716669887304306,0.39556217193603516
0.5,202,5,10,current,0.05009312182664871,0.3783588707447052
0.5,202,5,11,current,0.08141336590051651,0.530690610408783
0.5,202,5,12,current,0.10113455355167389,0.5663933157920837
0.5,202,5,13,current,0.0790168046951294,0.40992307662963867
0.5,202,5,14,current,0.08569131791591644,0.6216392517089844
0.5,202,5,15,current,0.06068514287471771,0.40663862228393555
0.5,202,6,0,current,0.06226217374205589,0.3257039785385132
0.5,202,6,1,current,0.09064605087041855,0.4259180426597595
0.5,202,6,2,current,0.06200674921274185,0.41264608502388
0.5,202,6,3,current,0.06911793351173401,0.3444179892539978
0.5,202,6,4,current,0.08509393781423569,0.4513772428035736
0.5,202,6,5,current,0.08739101886749268,0.4287239909172058
0.5,202,6,6,current,0.052992742508649826,0.26491981744766235
0.5,202,6,7,current,0.05398537591099739,0.27610933780670166
0.5,202,6,8,current,0.09173888713121414,0.5397384166717529
0.5,202,6,9,current,0.0897073745727539,0.48921293020248413
0.5,202,6,10,current,0.11309626698493958,0.3785809278488159
0.5,202,6,11,current,0.04328768700361252,0.3634311258792877
0.5,202,6,12,current,0.05856812372803688,0.32671117782592773
0.5,202,6,13,current,0.06324977427721024,0.47869640588760376
0.5,202,6,14,current,0.05989557504653931,0.5088342428207397
0.5,202,6,15,current,0.07194630801677704,0.46233057975769043
0.5,202,7,0,current,0.0486258938908577,0.24762308597564697
0.5,202,7,1,current,0.07126305997371674,0.3573648929595947
0.5,202,7,2,current,0.05967140197753906,0.3446274399757385
0.5,202,7,3,current,0.08166887611150742,0.36175474524497986
0.5,202,7,4,current,0.07735218107700348,0.3861114978790283
0.5,202,7,5,current,0.08752958476543427,0.3457411527633667
0.5,202,7,6,current,0.0855640396475792,0.38288700580596924
0.5,202,7,7,current,0.08179373294115067,0.2732026278972626
0.5,202,7,8,current,0.0672556683421135,0.40919533371925354
0.5,202,7,9,current,0.07588762044906616,0.35935866832733154
0.5,202,7,10,current,0.08854395151138306,0.3643425703048706
0.5,202,7,11,current,0.07383345812559128,0.1640942394733429
0.5,202,7,12,current,0.08617337048053741,0.42389440536499023
0.5,202,7,13,current,0.08822570741176605,0.27716147899627686
0.5,202,7,14,current,0.06464800983667374,0.45947879552841187
0.5,202,7,15,current,0.08548238128423691,0.36619096994400024
0.5,202,0,0,past,0.053364433348178864,0.17836570739746094
0.5,202,0,1,past,0.06174027547240257,0.27139514684677124
0.5,202,0,2,past,0.074643075466156,0.6235156655311584
0.5,202,0,3,past,0.07329294830560684,0.46287280321121216
0.5,202,0,4,past,0.04874703288078308,0.29831352829933167
0.5,202,0,5,past,0.08035855740308762,0.4474613070487976
0.5,202,0,6,past,0.10417422652244568,0.5744291543960571
0.5,202,0,7,past,0.05807020887732506,0.632510244846344
0.5,202,0,8,past,0.07724379748106003,0.3879273533821106
0.5,202,0,9,past,0.06969578564167023,0.5208675265312195
0.5,202,0,10,past,0.06138654053211212,0.21004530787467957
0.5,202,0,11,past,0.06677120923995972,0.3378755450248718
0.5,202,0,12,past,0.06672267615795135,0.5608834624290466
0.5,202,0,13,past,0.08454930782318115,0.5197049379348755
0.5,202,0,14,past,0.07190656661987305,0.42386728525161743
0.5,202,0,15,past,0.06898641586303711,0.3733632564544678
0.5,202,1,0,past,0.047040510922670364,0.37070557475090027
0.5,202,1,1,past,0.06645912677049637,0.32831352949142456
0.5,202,1,2,past,0.06985776871442795,0.4178146719932556
0.5,202,1,3,past,0.07024512439966202,0.4035099148750305
0.5,202,1,4,past,0.08075831085443497,0.36581486463546753
0.5,202,1,5,past,0.09203250706195831,0.3852658271789551
0.5,202,1,6,past,0.08312984555959702,0.34977400302886963
0.5,202,1,7,past,0.05528951808810234,0.42207854986190796
0.5,202,1,8,past,0.07162506878376007,0.36467471718788147
0.5,202,1,9,past,0.09961502999067307,0.3348734378814697
0.5,202,1,10,past,0.07905944436788559,0.39877843856811523
0.5,202,1,11,past,0.09601757675409317,0.5207151174545288
0.5,202,1,12,past,0.06597386300563812,0.6734188795089722
0.5,202,1,13,past,0.08772916346788406,0.16413095593452454
0.5,202,1,14,past,0.08244311809539795,0.5002752542495728
0.5,202,1,15,past,0.09063379466533661,0.42222070693969727
0.5,202,2,0,past,0.06933260709047318,0.38635632395744324
0.5,202,2,1,past,0.07256116718053818,0.5396515130996704
0.5,202,2,2,past,0.03510889410972595,0.47843924164772034
0.5,202,2,3,past,0.10986996442079544,0.2676790654659271
0.5,202,2,4,past,0.08623161911964417,0.37887322902679443
0.5,202,2,5,past,0.06854944676160812,0.6904467940330505
0.5,202,2,6,past,0.04445453733205795,0.23358654975891113
0.5,202,2,7,past,0.05104232206940651,0.4264015555381775
0.5,202,2,8,past,0.065131276845932,0.38834431767463684
0.5,202,2,9,past,0.07367666065692902,0.2756445109844208
0.5,202,2,10,past,0.045634716749191284,0.26913949847221375
0.5,202,2,11,past,0.09904065728187561,0.4056318998336792
0.5,202,2,12,past,0.08882085978984833,0.48993831872940063
0.5,202,2,13,past,0.06026401370763779,0.4172077775001526
0.5,202,2,14,past,0.0667271539568901,0.6334084868431091
0.5,202,2,15,past,0.07624217122793198,0.47876688838005066
0.5,202,3,0,past,0.07442643493413925,0.5451228022575378
0.5,202,3,1,past,0.07270065695047379,0.39516279101371765
0.5,202,3,2,past,0.06676358729600906,0.6078293323516846
0.5,202,3,3,past,0.06192717328667641,0.5252010822296143
0.5,202,3,4,past,0.0542786568403244,0.48211023211479187
0.5,202,3,5,past,0.038402266800403595,0.3587178587913513
0.5,202,3,6,past,0.07869876176118851,0.6100436449050903
0.5,202,3,7,past,0.07294560223817825,0.3702676296234131
0.5,202,3,8,past,0.07340657711029053,0.418088436126709
0.5,202,3,9,past,0.055945709347724915,0.515909731388092
0.5,202,3,10,past,0.06536846607923508,0.30220288038253784
0.5,202,3,11,past,0.08447259664535522,0.3470345735549927
0.5,202,3,12,past,0.0838761031627655,0.4758341610431671
0.5,202,3,13,past,0.06873993575572968,0.414736270904541
0.5,202,3,14,past,0.045181307941675186,0.19857589900493622
0.5,202,3,15,past,0.05631760507822037,0.47861915826797485
0.5,202,4,0,past,0.11628501117229462,0.7120452523231506
0.5,202,4,1,past,0.07246396690607071,0.33728092908859253
0.5,202,4,2,past,0.05316222459077835,0.2375258207321167
0.5,202,4,3,past,0.061983074992895126,0.5378786325454712
0.5,202,4,4,past,0.056831758469343185,0.4057033360004425
0.5,202,4,5,past,0.06495513767004013,0.4998905062675476
0.5,202,4,6,past,0.08038320392370224,0.4886736273765564
0.5,202,4,7,past,0.05022478476166725,0.33899831771850586
0.5,202,4,8,past,0.08864635229110718,0.5146957635879517
0.5,202,4,9,past,0.08521135151386261,0.6081992983818054
0.5,202,4,10,past,0.06898263841867447,0.2919889986515045
0.5,202,4,11,past,0.05979960784316063,0.3355024456977844
0.5,202,4,12,past,0.08708203583955765,0.37513622641563416
0.5,202,4,13,past,0.08520997315645218,0.3424479365348816
0.5,202,4,14,past,0.0976678803563118,0.599826455116272
0.5,202,4,15,past,0.057958781719207764,0.42714691162109375
0.5,202,5,0,past,0.06912160664796829,0.3136194348335266
0.5,202,5,1,past,0.07096404582262039,0.359807550907135
0.5,202,5,2,past,0.09531860053539276,0.47324687242507935
0.5,202,5,3,past,0.05709356814622879,0.15319490432739258
0.5,202,5,4,past,0.05628162622451782,0.23587918281555176
0.5,202,5,5,past,0.06489523500204086,0.35751861333847046
0.5,202,5,6,past,0.1073014885187149,0.5913560390472412
0.5,202,5,7,past,0.07017502188682556,0.37567177414894104
0.5,202,5,8,past,0.06352698057889938,0.4323587119579315
0.5,202,5,9,past,0.0893634557723999,0.4255942106246948
0.5,202,5,10,past,0.058863166719675064,0.36439669132232666
0.5,202,5,11,past,0.07053608447313309,0.5332322716712952
0.5,202,5,12,past,0.09874171763658524,0.5951443314552307
0.5,202,5,13,past,0.08430685102939606,0.4641592800617218
0.5,202,5,14,past,0.08919893205165863,0.6042523384094238
0.5,202,5,15,past,0.06543505191802979,0.4195244014263153
0.5,202,6,0,past,0.06336349993944168,0.31989359855651855
0.5,202,6,1,past,0.09399139881134033,0.4058704376220703
0.5,202,6,2,past,0.058325737714767456,0.4077824056148529
0.5,202,6,3,past,0.0788525640964508,0.36794453859329224
0.5,202,6,4,past,0.09761238098144531,0.4449339210987091
0.5,202,6,5,past,0.08906635642051697,0.33400797843933105
0.5,202,6,6,past,0.057589709758758545,0.31625789403915405
0.5,202,6,7,past,0.06015718728303909,0.34761571884155273
0.5,202,6,8,past,0.09696893393993378,0.5502618551254272
0.5,202,6,9,past,0.07301390171051025,0.5206946134567261
0.5,202,6,10,past,0.12768766283988953,0.4075099229812622
0.5,202,6,11,past,0.04208138957619667,0.3553706109523773
0.5,202,6,12,past,0.053145166486501694,0.31378936767578125
0.5,202,6,13,past,0.0743376687169075,0.5642803907394409
0.5,202,6,14,past,0.0683208629488945,0.5394251942634583
0.5,202,6,15,past,0.07460696995258331,0.44778066873550415
0.5,202,7,0,past,0.04310813173651695,0.3148689866065979
0.5,202,7,1,past,0.07111961394548416,0.3319598436355591
0.5,202,7,2,past,0.061240166425704956,0.30232733488082886
0.5,202,7,3,past,0.09391613304615021,0.404096782207489
0.5,202,7,4,past,0.07709603756666183,0.4203576445579529
0.5,202,7,5,past,0.08481083065271378,0.39194995164871216
0.5,202,7,6,past,0.09014252573251724,0.3483021855354309
0.5,202,7,7,past,0.06536368280649185,0.30518054962158203
0.5,202,7,8,past,0.07276290655136108,0.45084303617477417
0.5,202,7,9,past,0.07765191793441772,0.42413079738616943
0.5,202,7,10,past,0.08870385587215424,0.31489095091819763
0.5,202,7,11,past,0.0846661850810051,0.1577233076095581
0.5,202,7,12,past,0.08394508063793182,0.45789721608161926
0.5,202,7,13,past,0.08633758872747421,0.286093533039093
0.5,202,7,14,past,0.06184185668826103,0.5148289203643799
0.5,202,7,15,past,0.08191031962633133,0.3422582149505615
0.5,202,0,0,full,0.044074784964323044,0.1450212001800537
0.5,202,0,1,full,0.06270502507686615,0.2742156684398651
0.5,202,0,2,full,0.0699751079082489,0.5681817531585693
0.5,202,0,3,full,0.06952451169490814,0.3955252170562744
0.5,202,0,4,full,0.05265543982386589,0.3042377829551697
0.5,202,0,5,full,0.07535059750080109,0.4509284496307373
0.5,202,0,6,full,0.11392917484045029,0.573951244354248
0.5,202,0,7,full,0.05979453772306442,0.6044374704360962
0.5,202,0,8,full,0.07577124983072281,0.3954916000366211
0.5,202,0,9,full,0.06301110982894897,0.4508180618286133
0.5,202,0,10,full,0.06671386957168579,0.25629723072052
0.5,202,0,11,full,0.08073048293590546,0.34198522567749023
0.5,202,0,12,full,0.06459231674671173,0.5219210386276245
0.5,202,0,13,full,0.08156019449234009,0.49733829498291016
0.5,202,0,14,full,0.08256480097770691,0.48205140233039856
0.5,202,0,15,full,0.059095513075590134,0.31912505626678467
0.5,202,1,0,full,0.044909149408340454,0.33505120873451233
0.5,202,1,1,full,0.06397660076618195,0.3276030421257019
0.5,202,1,2,full,0.0689857229590416,0.3539091944694519
0.5,202,1,3,full,0.06722919642925262,0.43428465723991394
0.5,202,1,4,full,0.07229149341583252,0.3501516580581665
0.5,202,1,5,full,0.09204835444688797,0.4227428734302521
0.5,202,1,6,full,0.08728393912315369,0.335949182510376
0.5,202,1,7,full,0.06437557190656662,0.517429530620575
0.5,202,1,8,full,0.07752719521522522,0.35069382190704346
0.5,202,1,9,full,0.09035416692495346,0.33627891540527344
0.5,202,1,10,full,0.07917030155658722,0.3899761438369751
0.5,202,1,11,full,0.09581518918275833,0.47677481174468994
0.5,202,1,12,full,0.07077297568321228,0.6666364669799805
0.5,202,1,13,full,0.07818616181612015,0.1596173644065857
0.5,202,1,14,full,0.07798334211111069,0.46179619431495667
0.5,202,1,15,full,0.08815955370664597,0.4172935485839844
0.5,202,2,0,full,0.0692993700504303,0.35574597120285034
0.5,202,2,1,full,0.07060298323631287,0.5032363533973694
0.5,202,2,2,full,0.032645247876644135,0.48821142315864563
0.5,202,2,3,full,0.11181724071502686,0.252347469329834
0.5,202,2,4,full,0.08422397822141647,0.3357381224632263
0.5,202,2,5,full,0.06625863909721375,0.5923685431480408
0.5,202,2,6,full,0.04066945239901543,0.2100817859172821
0.5,202,2,7,full,0.05268382653594017,0.4298665523529053
0.5,202,2,8,full,0.0656532496213913,0.4222593307495117
0.5,202,2,9,full,0.07917007058858871,0.3185192346572876
0.5,202,2,10,full,0.04608326405286789,0.25025931000709534
0.5,202,2,11,full,0.09589662402868271,0.36452847719192505
0.5,202,2,12,full,0.0897717997431755,0.4670258164405823
0.5,202,2,13,full,0.0652383491396904,0.41343069076538086
0.5,202,2,14,full,0.0702146664261818,0.6012268662452698
0.5,202,2,15,full,0.07382331043481827,0.46017590165138245
0.5,202,3,0,full,0.06863794475793839,0.6351468563079834
0.5,202,3,1,full,0.07597184181213379,0.43264204263687134
0.5,202,3,2,full,0.06892276555299759,0.5303542613983154
0.5,202,3,3,full,0.05987266078591347,0.4314391016960144
0.5,202,3,4,full,0.05052836611866951,0.5068755149841309
0.5,202,3,5,full,0.03957163915038109,0.3757486343383789
0.5,202,3,6,full,0.07565861940383911,0.5374109745025635
0.5,202,3,7,full,0.0712328553199768,0.32032671570777893
0.5,202,3,8,full,0.06289041042327881,0.3463566303253174
0.5,202,3,9,full,0.05620325729250908,0.537031888961792
0.5,202,3,10,full,0.06165507063269615,0.28517913818359375
0.5,202,3,11,full,0.08466526865959167,0.3591262996196747
0.5,202,3,12,full,0.08551794290542603,0.49649927020072937
0.5,202,3,13,full,0.06813254952430725,0.36400941014289856
0.5,202,3,14,full,0.05144906044006348,0.21147754788398743
0.5,202,3,15,full,0.054720014333724976,0.4889484941959381
0.5,202,4,0,full,0.105432890355587,0.6393296718597412
0.5,202,4,1,full,0.0720953717827797,0.30799371004104614
0.5,202,4,2,full,0.05199754610657692,0.2661159038543701
0.5,202,4,3,full,0.06279697269201279,0.5268772840499878
0.5,202,4,4,full,0.055045511573553085,0.3755642771720886
0.5,202,4,5,full,0.07686865329742432,0.5745652914047241
0.5,202,4,6,full,0.07983454316854477,0.464949369430542
0.5,202,4,7,full,0.05016826093196869,0.3153931498527527
0.5,202,4,8,full,0.08848658204078674,0.5139021873474121
0.5,202,4,9,full,0.07185521721839905,0.5204157829284668
0.5,202,4,10,full,0.06520035862922668,0.2608199417591095
0.5,202,4,11,full,0.06215723231434822,0.316173791885376
0.5,202,4,12,full,0.09473154693841934,0.3910713195800781
0.5,202,4,13,full,0.07910922914743423,0.3562668561935425
0.5,202,4,14,full,0.09943240880966187,0.6230647563934326
0.5,202,4,15,full,0.0610482357442379,0.41299229860305786
0.5,202,5,0,full,0.07284245640039444,0.331107497215271
0.5,202,5,1,full,0.06954030692577362,0.3508089482784271
0.5,202,5,2,full,0.09261008352041245,0.424818754196167
0.5,202,5,3,full,0.051549576222896576,0.12383371591567993
0.5,202,5,4,full,0.06572438031435013,0.26466667652130127
0.5,202,5,5,full,0.06544055789709091,0.38696929812431335
0.5,202,5,6,full,0.10290257632732391,0.5661811232566833
0.5,202,5,7,full,0.06856803596019745,0.39844009280204773
0.5,202,5,8,full,0.07418102025985718,0.37209200859069824
0.5,202,5,9,full,0.07383403182029724,0.42030462622642517
0.5,202,5,10,full,0.058894891291856766,0.4829760491847992
0.5,202,5,11,full,0.07297812402248383,0.5244203805923462
0.5,202,5,12,full,0.0966394692659378,0.590519905090332
0.5,202,5,13,full,0.07450713217258453,0.46676838397979736
0.5,202,5,14,full,0.08621326833963394,0.5553369522094727
0.5,202,5,15,full,0.06814637035131454,0.4340619444847107
0.5,202,6,0,full,0.05913316458463669,0.4182180166244507
0.5,202,6,1,full,0.0862661600112915,0.4098122715950012
0.5,202,6,2,full,0.06552641093730927,0.3917067050933838
0.5,202,6,3,full,0.08666744083166122,0.40765711665153503
0.5,202,6,4,full,0.10406897217035294,0.43619874119758606
0.5,202,6,5,full,0.08562171459197998,0.35714632272720337
0.5,202,6,6,full,0.057789918035268784,0.33462458848953247
0.5,202,6,7,full,0.06887714564800262,0.3714445233345032
0.5,202,6,8,full,0.09993520379066467,0.5443902611732483
0.5,202,6,9,full,0.07629449665546417,0.45458728075027466
0.5,202,6,10,full,0.12638385593891144,0.4080030918121338
0.5,202,6,11,full,0.048415038734674454,0.2980521321296692
0.5,202,6,12,full,0.05906805768609047,0.2998422384262085
0.5,202,6,13,full,0.06201265752315521,0.5145652294158936
0.5,202,6,14,full,0.06250041723251343,0.563603937625885
0.5,202,6,15,full,0.07104699313640594,0.44673165678977966
0.5,202,7,0,full,0.04508219286799431,0.31550589203834534
0.5,202,7,1,full,0.06312303245067596,0.3337916135787964
0.5,202,7,2,full,0.06330256909132004,0.29120874404907227
0.5,202,7,3,full,0.09242840111255646,0.4431200325489044
0.5,202,7,4,full,0.08933039754629135,0.5118459463119507
0.5,202,7,5,full,0.10752974450588226,0.4020191431045532
0.5,202,7,6,full,0.10972859710454941,0.3387535810470581
0.5,202,7,7,full,0.08597707748413086,0.3463544249534607
0.5,202,7,8,full,0.07161713391542435,0.42720043659210205
0.5,202,7,9,full,0.10191240161657333,0.35281044244766235
0.5,202,7,10,full,0.08652906119823456,0.34268686175346375
0.5,202,7,11,full,0.08191321790218353,0.16711102426052094
0.5,202,7,12,full,0.07884979248046875,0.40780627727508545
0.5,202,7,13,full,0.0889391154050827,0.2433653026819229
0.5,202,7,14,full,0.06235092505812645,0.5491388440132141
0.5,202,7,15,full,0.0814865380525589,0.36161959171295166
0.5,202,0,0,full_test_shuffled,0.04692494124174118,0.15131431818008423
0.5,202,0,1,full_test_shuffled,0.06773079186677933,0.27441170811653137
0.5,202,0,2,full_test_shuffled,0.07048183679580688,0.6229351758956909
0.5,202,0,3,full_test_shuffled,0.07105322182178497,0.384514182806015
0.5,202,0,4,full_test_shuffled,0.04934744909405708,0.3100945055484772
0.5,202,0,5,full_test_shuffled,0.07580094039440155,0.4619654715061188
0.5,202,0,6,full_test_shuffled,0.11643850803375244,0.5778418779373169
0.5,202,0,7,full_test_shuffled,0.05880250781774521,0.6232690215110779
0.5,202,0,8,full_test_shuffled,0.07638588547706604,0.4060083329677582
0.5,202,0,9,full_test_shuffled,0.06362001597881317,0.4737873673439026
0.5,202,0,10,full_test_shuffled,0.06549032777547836,0.2552873492240906
0.5,202,0,11,full_test_shuffled,0.07431638985872269,0.32785630226135254
0.5,202,0,12,full_test_shuffled,0.06449256837368011,0.5141497850418091
0.5,202,0,13,full_test_shuffled,0.08281737565994263,0.44906729459762573
0.5,202,0,14,full_test_shuffled,0.08266081660985947,0.45808058977127075
0.5,202,0,15,full_test_shuffled,0.05454080179333687,0.2786317467689514
0.5,202,1,0,full_test_shuffled,0.04571857675909996,0.33290743827819824
0.5,202,1,1,full_test_shuffled,0.06496499478816986,0.3246901035308838
0.5,202,1,2,full_test_shuffled,0.06888200342655182,0.3631187081336975
0.5,202,1,3,full_test_shuffled,0.06547955423593521,0.4082542061805725
0.5,202,1,4,full_test_shuffled,0.0783105194568634,0.3721785247325897
0.5,202,1,5,full_test_shuffled,0.09592387080192566,0.41451698541641235
0.5,202,1,6,full_test_shuffled,0.08241841942071915,0.34086674451828003
0.5,202,1,7,full_test_shuffled,0.0651036947965622,0.4646299481391907
0.5,202,1,8,full_test_shuffled,0.07284139096736908,0.35700109601020813
0.5,202,1,9,full_test_shuffled,0.0853888988494873,0.3505958914756775
0.5,202,1,10,full_test_shuffled,0.0784836858510971,0.3929963707923889
0.5,202,1,11,full_test_shuffled,0.09758220613002777,0.4730105400085449
0.5,202,1,12,full_test_shuffled,0.06772536784410477,0.6742297410964966
0.5,202,1,13,full_test_shuffled,0.0805121660232544,0.16450993716716766
0.5,202,1,14,full_test_shuffled,0.07985925674438477,0.46914544701576233
0.5,202,1,15,full_test_shuffled,0.08418507128953934,0.42491060495376587
0.5,202,2,0,full_test_shuffled,0.06854148954153061,0.3552423119544983
0.5,202,2,1,full_test_shuffled,0.07219742983579636,0.5134590864181519
0.5,202,2,2,full_test_shuffled,0.033136166632175446,0.45864400267601013
0.5,202,2,3,full_test_shuffled,0.1064579039812088,0.24291619658470154
0.5,202,2,4,full_test_shuffled,0.08693172037601471,0.3906034231185913
0.5,202,2,5,full_test_shuffled,0.06693721562623978,0.6021970510482788
0.5,202,2,6,full_test_shuffled,0.04629426449537277,0.22594687342643738
0.5,202,2,7,full_test_shuffled,0.05765635892748833,0.41267138719558716
0.5,202,2,8,full_test_shuffled,0.06559578329324722,0.45584407448768616
0.5,202,2,9,full_test_shuffled,0.07630963623523712,0.31206056475639343
0.5,202,2,10,full_test_shuffled,0.04402492195367813,0.26348358392715454
0.5,202,2,11,full_test_shuffled,0.0946924090385437,0.4095209240913391
0.5,202,2,12,full_test_shuffled,0.08758185803890228,0.4790136218070984
0.5,202,2,13,full_test_shuffled,0.06502934545278549,0.42391282320022583
0.5,202,2,14,full_test_shuffled,0.06946945190429688,0.655371367931366
0.5,202,2,15,full_test_shuffled,0.07287998497486115,0.4658653736114502
0.5,202,3,0,full_test_shuffled,0.06777924299240112,0.5855160355567932
0.5,202,3,1,full_test_shuffled,0.07447438687086105,0.36900681257247925
0.5,202,3,2,full_test_shuffled,0.06444308161735535,0.49897369742393494
0.5,202,3,3,full_test_shuffled,0.05980851128697395,0.44158849120140076
0.5,202,3,4,full_test_shuffled,0.053484927862882614,0.5157065391540527
0.5,202,3,5,full_test_shuffled,0.038413163274526596,0.37516507506370544
0.5,202,3,6,full_test_shuffled,0.0753723755478859,0.5230003595352173
0.5,202,3,7,full_test_shuffled,0.0746648907661438,0.32133692502975464
0.5,202,3,8,full_test_shuffled,0.0652916431427002,0.36979418992996216
0.5,202,3,9,full_test_shuffled,0.05630142614245415,0.5592917799949646
0.5,202,3,10,full_test_shuffled,0.07097342610359192,0.3559153974056244
0.5,202,3,11,full_test_shuffled,0.08056999742984772,0.38428330421447754
0.5,202,3,12,full_test_shuffled,0.08331457525491714,0.49807509779930115
0.5,202,3,13,full_test_shuffled,0.06987239420413971,0.42443257570266724
0.5,202,3,14,full_test_shuffled,0.04944001883268356,0.22982986271381378
0.5,202,3,15,full_test_shuffled,0.055959783494472504,0.49450621008872986
0.5,202,4,0,full_test_shuffled,0.11548216640949249,0.7138307690620422
0.5,202,4,1,full_test_shuffled,0.0746864378452301,0.3230695128440857
0.5,202,4,2,full_test_shuffled,0.05044909566640854,0.23849144577980042
0.5,202,4,3,full_test_shuffled,0.06028870865702629,0.514789879322052
0.5,202,4,4,full_test_shuffled,0.054057490080595016,0.33181437849998474
0.5,202,4,5,full_test_shuffled,0.06954946368932724,0.5680359601974487
0.5,202,4,6,full_test_shuffled,0.08539796620607376,0.4652377665042877
0.5,202,4,7,full_test_shuffled,0.04946786165237427,0.31933993101119995
0.5,202,4,8,full_test_shuffled,0.09000467509031296,0.5045039057731628
0.5,202,4,9,full_test_shuffled,0.08110197633504868,0.5109027028083801
0.5,202,4,10,full_test_shuffled,0.06537385284900665,0.2798706591129303
0.5,202,4,11,full_test_shuffled,0.06322338432073593,0.3177187442779541
0.5,202,4,12,full_test_shuffled,0.09654204547405243,0.3913863003253937
0.5,202,4,13,full_test_shuffled,0.08274109661579132,0.3415791094303131
0.5,202,4,14,full_test_shuffled,0.09905055165290833,0.653774082660675
0.5,202,4,15,full_test_shuffled,0.060742370784282684,0.44562482833862305
0.5,202,5,0,full_test_shuffled,0.07216759771108627,0.314667284488678
0.5,202,5,1,full_test_shuffled,0.06723828613758087,0.35956263542175293
0.5,202,5,2,full_test_shuffled,0.08497439324855804,0.4482801854610443
0.5,202,5,3,full_test_shuffled,0.05507482960820198,0.11914700269699097
0.5,202,5,4,full_test_shuffled,0.0626518577337265,0.21833911538124084
0.5,202,5,5,full_test_shuffled,0.06311294436454773,0.41159066557884216
0.5,202,5,6,full_test_shuffled,0.10072938352823257,0.5624234080314636
0.5,202,5,7,full_test_shuffled,0.07383543998003006,0.3484029769897461
0.5,202,5,8,full_test_shuffled,0.07009154558181763,0.3384058475494385
0.5,202,5,9,full_test_shuffled,0.07689802348613739,0.39948728680610657
0.5,202,5,10,full_test_shuffled,0.059613071382045746,0.5165361166000366
0.5,202,5,11,full_test_shuffled,0.07484074681997299,0.5394821166992188
0.5,202,5,12,full_test_shuffled,0.09292631596326828,0.5631371736526489
0.5,202,5,13,full_test_shuffled,0.07782447338104248,0.4398380219936371
0.5,202,5,14,full_test_shuffled,0.0854446068406105,0.5944367051124573
0.5,202,5,15,full_test_shuffled,0.06389041244983673,0.44466066360473633
0.5,202,6,0,full_test_shuffled,0.05859159305691719,0.39045196771621704
0.5,202,6,1,full_test_shuffled,0.08231848478317261,0.4009605050086975
0.5,202,6,2,full_test_shuffled,0.06322958320379257,0.45271262526512146
0.5,202,6,3,full_test_shuffled,0.07510411739349365,0.41846609115600586
0.5,202,6,4,full_test_shuffled,0.09905032813549042,0.43299388885498047
0.5,202,6,5,full_test_shuffled,0.08340857923030853,0.3512372374534607
0.5,202,6,6,full_test_shuffled,0.05580217391252518,0.3401130735874176
0.5,202,6,7,full_test_shuffled,0.059661269187927246,0.34014594554901123
0.5,202,6,8,full_test_shuffled,0.10083673149347305,0.578933596611023
0.5,202,6,9,full_test_shuffled,0.08634935319423676,0.47180384397506714
0.5,202,6,10,full_test_shuffled,0.1228477954864502,0.4009038507938385
0.5,202,6,11,full_test_shuffled,0.04551180079579353,0.3152276277542114
0.5,202,6,12,full_test_shuffled,0.0581212043762207,0.3328930735588074
0.5,202,6,13,full_test_shuffled,0.06039050966501236,0.48325592279434204
0.5,202,6,14,full_test_shuffled,0.06520386040210724,0.5613540410995483
0.5,202,6,15,full_test_shuffled,0.0708305612206459,0.4699109196662903
0.5,202,7,0,full_test_shuffled,0.05295626074075699,0.3089058995246887
0.5,202,7,1,full_test_shuffled,0.06859320402145386,0.3855110704898834
0.5,202,7,2,full_test_shuffled,0.06094043329358101,0.30139246582984924
0.5,202,7,3,full_test_shuffled,0.09571187943220139,0.4238021969795227
0.5,202,7,4,full_test_shuffled,0.08667079359292984,0.44700223207473755
0.5,202,7,5,full_test_shuffled,0.10540258884429932,0.34618791937828064
0.5,202,7,6,full_test_shuffled,0.09885002672672272,0.36026376485824585
0.5,202,7,7,full_test_shuffled,0.07580120861530304,0.36256274580955505
0.5,202,7,8,full_test_shuffled,0.07809023559093475,0.4545973241329193
0.5,202,7,9,full_test_shuffled,0.10070528835058212,0.3367976248264313
0.5,202,7,10,full_test_shuffled,0.08903376013040543,0.34377267956733704
0.5,202,7,11,full_test_shuffled,0.08473333716392517,0.18035325407981873
0.5,202,7,12,full_test_shuffled,0.07743091881275177,0.365876168012619
0.5,202,7,13,full_test_shuffled,0.08975852280855179,0.2623194754123688
0.5,202,7,14,full_test_shuffled,0.05955728143453598,0.5174039602279663
0.5,202,7,15,full_test_shuffled,0.08380725234746933,0.368125855922699
0.5,202,0,0,shuffled,0.048020828515291214,0.14742933213710785
0.5,202,0,1,shuffled,0.06152442842721939,0.2586061656475067
0.5,202,0,2,shuffled,0.07541042566299438,0.6105736494064331
0.5,202,0,3,shuffled,0.07181768119335175,0.42483967542648315
0.5,202,0,4,shuffled,0.053868383169174194,0.3278018534183502
0.5,202,0,5,shuffled,0.07436543703079224,0.42141517996788025
0.5,202,0,6,shuffled,0.11846017837524414,0.5254641771316528
0.5,202,0,7,shuffled,0.058382343500852585,0.6041321754455566
0.5,202,0,8,shuffled,0.065865658223629,0.3834705650806427
0.5,202,0,9,shuffled,0.06398414075374603,0.45175114274024963
0.5,202,0,10,shuffled,0.06466393172740936,0.2558823227882385
0.5,202,0,11,shuffled,0.0802958682179451,0.3548192083835602
0.5,202,0,12,shuffled,0.06519494950771332,0.5085357427597046
0.5,202,0,13,shuffled,0.08490500599145889,0.4993211627006531
0.5,202,0,14,shuffled,0.07683948427438736,0.46685630083084106
0.5,202,0,15,shuffled,0.05661562830209732,0.2832684814929962
0.5,202,1,0,shuffled,0.042551249265670776,0.2962071895599365
0.5,202,1,1,shuffled,0.06513296067714691,0.3275728225708008
0.5,202,1,2,shuffled,0.06874143332242966,0.38691481947898865
0.5,202,1,3,shuffled,0.0704997330904007,0.41412144899368286
0.5,202,1,4,shuffled,0.0771046131849289,0.3677671551704407
0.5,202,1,5,shuffled,0.09059478342533112,0.3799123764038086
0.5,202,1,6,shuffled,0.07531964033842087,0.3620193600654602
0.5,202,1,7,shuffled,0.05884893983602524,0.4396270215511322
0.5,202,1,8,shuffled,0.07293581962585449,0.4486035406589508
0.5,202,1,9,shuffled,0.08972392231225967,0.35306549072265625
0.5,202,1,10,shuffled,0.08195137977600098,0.3894619345664978
0.5,202,1,11,shuffled,0.09355849027633667,0.48493218421936035
0.5,202,1,12,shuffled,0.0658014640212059,0.6599421501159668
0.5,202,1,13,shuffled,0.08423790335655212,0.1662900745868683
0.5,202,1,14,shuffled,0.08115195482969284,0.49179014563560486
0.5,202,1,15,shuffled,0.08069369941949844,0.4286174774169922
0.5,202,2,0,shuffled,0.07123298943042755,0.4148034155368805
0.5,202,2,1,shuffled,0.0789434090256691,0.5374108552932739
0.5,202,2,2,shuffled,0.032596878707408905,0.5013813376426697
0.5,202,2,3,shuffled,0.10080514848232269,0.2408243715763092
0.5,202,2,4,shuffled,0.07771079987287521,0.3667219579219818
0.5,202,2,5,shuffled,0.06686914712190628,0.694044828414917
0.5,202,2,6,shuffled,0.039460133761167526,0.20194721221923828
0.5,202,2,7,shuffled,0.05711295083165169,0.42408356070518494
0.5,202,2,8,shuffled,0.06341767311096191,0.37248706817626953
0.5,202,2,9,shuffled,0.07089017331600189,0.278991162776947
0.5,202,2,10,shuffled,0.04378419369459152,0.24256746470928192
0.5,202,2,11,shuffled,0.10054735094308853,0.43668332695961
0.5,202,2,12,shuffled,0.08717206865549088,0.5000609159469604
0.5,202,2,13,shuffled,0.06333895027637482,0.3785625398159027
0.5,202,2,14,shuffled,0.06617992371320724,0.6628777384757996
0.5,202,2,15,shuffled,0.07172997295856476,0.47280415892601013
0.5,202,3,0,shuffled,0.07140148431062698,0.5356646180152893
0.5,202,3,1,shuffled,0.07222270965576172,0.36155015230178833
0.5,202,3,2,shuffled,0.06876178085803986,0.6263037919998169
0.5,202,3,3,shuffled,0.06190910190343857,0.5227428674697876
0.5,202,3,4,shuffled,0.048923514783382416,0.42889872193336487
0.5,202,3,5,shuffled,0.03746791556477547,0.32015368342399597
0.5,202,3,6,shuffled,0.08136913180351257,0.5841519236564636
0.5,202,3,7,shuffled,0.07115323841571808,0.33413782715797424
0.5,202,3,8,shuffled,0.06517300009727478,0.38999009132385254
0.5,202,3,9,shuffled,0.05025004222989082,0.6439309120178223
0.5,202,3,10,shuffled,0.06482582539319992,0.32594412565231323
0.5,202,3,11,shuffled,0.08362670242786407,0.3548666834831238
0.5,202,3,12,shuffled,0.08994095027446747,0.5736083388328552
0.5,202,3,13,shuffled,0.07068877667188644,0.4239775240421295
0.5,202,3,14,shuffled,0.0431651845574379,0.2842648923397064
0.5,202,3,15,shuffled,0.05531759932637215,0.4713607430458069
0.5,202,4,0,shuffled,0.11264164745807648,0.6669605374336243
0.5,202,4,1,shuffled,0.07577051222324371,0.3522838056087494
0.5,202,4,2,shuffled,0.05070421099662781,0.266313374042511
0.5,202,4,3,shuffled,0.05390866845846176,0.4405609667301178
0.5,202,4,4,shuffled,0.05211764574050903,0.3432546555995941
0.5,202,4,5,shuffled,0.06318717449903488,0.4595464766025543
0.5,202,4,6,shuffled,0.08214788138866425,0.4541797637939453
0.5,202,4,7,shuffled,0.0534861795604229,0.3322799801826477
0.5,202,4,8,shuffled,0.08876565098762512,0.524325966835022
0.5,202,4,9,shuffled,0.08412614464759827,0.5082566142082214
0.5,202,4,10,shuffled,0.0681350827217102,0.30102166533470154
0.5,202,4,11,shuffled,0.06501936912536621,0.3155808746814728
0.5,202,4,12,shuffled,0.08877380192279816,0.35406774282455444
0.5,202,4,13,shuffled,0.07813973724842072,0.34054094552993774
0.5,202,4,14,shuffled,0.09407598525285721,0.5989080667495728
0.5,202,4,15,shuffled,0.06021914631128311,0.44998830556869507
0.5,202,5,0,shuffled,0.07186751812696457,0.3314686417579651
0.5,202,5,1,shuffled,0.07363630831241608,0.38772085309028625
0.5,202,5,2,shuffled,0.09342695772647858,0.45519715547561646
0.5,202,5,3,shuffled,0.060157954692840576,0.14782913029193878
0.5,202,5,4,shuffled,0.06163741275668144,0.18730108439922333
0.5,202,5,5,shuffled,0.06040151044726372,0.4089633822441101
0.5,202,5,6,shuffled,0.09840308129787445,0.5340649485588074
0.5,202,5,7,shuffled,0.06741681694984436,0.2989988923072815
0.5,202,5,8,shuffled,0.06280288845300674,0.3588799834251404
0.5,202,5,9,shuffled,0.07496915757656097,0.3895643949508667
0.5,202,5,10,shuffled,0.04991530999541283,0.4152148365974426
0.5,202,5,11,shuffled,0.07533685863018036,0.5187469720840454
0.5,202,5,12,shuffled,0.0909821093082428,0.5727928876876831
0.5,202,5,13,shuffled,0.0745675191283226,0.43196049332618713
0.5,202,5,14,shuffled,0.0859605073928833,0.5722938776016235
0.5,202,5,15,shuffled,0.06630368530750275,0.4239233136177063
0.5,202,6,0,shuffled,0.06011257320642471,0.3210337460041046
0.5,202,6,1,shuffled,0.09008089452981949,0.3914965093135834
0.5,202,6,2,shuffled,0.06334137916564941,0.38274210691452026
0.5,202,6,3,shuffled,0.07649900764226913,0.4140195846557617
0.5,202,6,4,shuffled,0.09291614592075348,0.47275686264038086
0.5,202,6,5,shuffled,0.08384931832551956,0.3743113577365875
0.5,202,6,6,shuffled,0.050171125680208206,0.3201712667942047
0.5,202,6,7,shuffled,0.054229021072387695,0.27770328521728516
0.5,202,6,8,shuffled,0.09505574405193329,0.5858132243156433
0.5,202,6,9,shuffled,0.07914407551288605,0.47853851318359375
0.5,202,6,10,shuffled,0.12038151919841766,0.35878410935401917
0.5,202,6,11,shuffled,0.042103786021471024,0.3396090269088745
0.5,202,6,12,shuffled,0.0557393841445446,0.32946842908859253
0.5,202,6,13,shuffled,0.06396740674972534,0.4603481888771057
0.5,202,6,14,shuffled,0.06343422830104828,0.5203139781951904
0.5,202,6,15,shuffled,0.0715685784816742,0.4563278555870056
0.5,202,7,0,shuffled,0.04619469493627548,0.2860642373561859
0.5,202,7,1,shuffled,0.07014235109090805,0.35152187943458557
0.5,202,7,2,shuffled,0.06280462443828583,0.2989470660686493
0.5,202,7,3,shuffled,0.08894626796245575,0.3321760296821594
0.5,202,7,4,shuffled,0.09795548021793365,0.38856416940689087
0.5,202,7,5,shuffled,0.09159356355667114,0.3138647973537445
0.5,202,7,6,shuffled,0.08674250543117523,0.40525031089782715
0.5,202,7,7,shuffled,0.08493713289499283,0.28596773743629456
0.5,202,7,8,shuffled,0.07667827606201172,0.44650253653526306
0.5,202,7,9,shuffled,0.0840526670217514,0.32868385314941406
0.5,202,7,10,shuffled,0.0818401426076889,0.3339229226112366
0.5,202,7,11,shuffled,0.07672617584466934,0.1741662621498108
0.5,202,7,12,shuffled,0.08778925240039825,0.45771917700767517
0.5,202,7,13,shuffled,0.08690869808197021,0.2769116759300232
0.5,202,7,14,shuffled,0.06587190181016922,0.5248628854751587
0.5,202,7,15,shuffled,0.08138956129550934,0.3759818971157074
0.5,303,0,0,current,0.06290315836668015,0.17908751964569092
0.5,303,0,1,current,0.0567961111664772,0.3329530358314514
0.5,303,0,2,current,0.07915794104337692,0.6492729187011719
0.5,303,0,3,current,0.06734101474285126,0.38768941164016724
0.5,303,0,4,current,0.05717180669307709,0.4521113932132721
0.5,303,0,5,current,0.0757831335067749,0.3634784519672394
0.5,303,0,6,current,0.11490218341350555,0.48743313550949097
0.5,303,0,7,current,0.06379327178001404,0.6442735195159912
0.5,303,0,8,current,0.07502124458551407,0.373970627784729
0.5,303,0,9,current,0.07526916265487671,0.5566785931587219
0.5,303,0,10,current,0.07344747334718704,0.3008615970611572
0.5,303,0,11,current,0.07056465744972229,0.3860483467578888
0.5,303,0,12,current,0.061138611286878586,0.48902571201324463
0.5,303,0,13,current,0.08396466076374054,0.46138817071914673
0.5,303,0,14,current,0.0768231451511383,0.42451906204223633
0.5,303,0,15,current,0.0647919550538063,0.3155921697616577
0.5,303,1,0,current,0.04572982341051102,0.4233677089214325
0.5,303,1,1,current,0.0673271119594574,0.37807661294937134
0.5,303,1,2,current,0.07568306475877762,0.45427295565605164
0.5,303,1,3,current,0.07044406980276108,0.392208993434906
0.5,303,1,4,current,0.07163459807634354,0.41805294156074524
0.5,303,1,5,current,0.09275898337364197,0.37640804052352905
0.5,303,1,6,current,0.07356025278568268,0.3426382541656494
0.5,303,1,7,current,0.05901765450835228,0.4635050296783447
0.5,303,1,8,current,0.0660695880651474,0.3517383933067322
0.5,303,1,9,current,0.09114997088909149,0.3925783336162567
0.5,303,1,10,current,0.07825037837028503,0.4736942648887634
0.5,303,1,11,current,0.08637767285108566,0.5022814273834229
0.5,303,1,12,current,0.07774437218904495,0.7329047322273254
0.5,303,1,13,current,0.08175059407949448,0.16370895504951477
0.5,303,1,14,current,0.07863849401473999,0.44215649366378784
0.5,303,1,15,current,0.07784339040517807,0.4156622886657715
0.5,303,2,0,current,0.06502612680196762,0.37573426961898804
0.5,303,2,1,current,0.06374241411685944,0.4975263774394989
0.5,303,2,2,current,0.03435223549604416,0.36284923553466797
0.5,303,2,3,current,0.08478623628616333,0.28637123107910156
0.5,303,2,4,current,0.08716261386871338,0.34822791814804077
0.5,303,2,5,current,0.08618700504302979,0.6083194017410278
0.5,303,2,6,current,0.044304925948381424,0.17367544770240784
0.5,303,2,7,current,0.05296576768159866,0.432610422372818
0.5,303,2,8,current,0.06170118600130081,0.3358682096004486
0.5,303,2,9,current,0.07888462394475937,0.39319881796836853
0.5,303,2,10,current,0.055920690298080444,0.30790725350379944
0.5,303,2,11,current,0.09674321115016937,0.5549455881118774
0.5,303,2,12,current,0.09119863063097,0.47257447242736816
0.5,303,2,13,current,0.0683218464255333,0.3648129105567932
0.5,303,2,14,current,0.05953008681535721,0.6307290196418762
0.5,303,2,15,current,0.06863437592983246,0.4638367295265198
0.5,303,3,0,current,0.06376834958791733,0.5190138220787048
0.5,303,3,1,current,0.07122821360826492,0.39804357290267944
0.5,303,3,2,current,0.06853224337100983,0.49046823382377625
0.5,303,3,3,current,0.056662239134311676,0.4972873330116272
0.5,303,3,4,current,0.06216795742511749,0.6013476848602295
0.5,303,3,5,current,0.038528334349393845,0.37394267320632935
0.5,303,3,6,current,0.07095962017774582,0.6565518975257874
0.5,303,3,7,current,0.07709691673517227,0.39330410957336426
0.5,303,3,8,current,0.06377432495355606,0.3752747178077698
0.5,303,3,9,current,0.06951138377189636,0.4924638867378235
0.5,303,3,10,current,0.06915624439716339,0.41025424003601074
0.5,303,3,11,current,0.08465655148029327,0.41406792402267456
0.5,303,3,12,current,0.07858487218618393,0.61860191822052
0.5,303,3,13,current,0.07251475006341934,0.49557358026504517
0.5,303,3,14,current,0.059287723153829575,0.2108432948589325
0.5,303,3,15,current,0.058144692331552505,0.4760361313819885
0.5,303,4,0,current,0.1000182256102562,0.5804147720336914
0.5,303,4,1,current,0.07372099161148071,0.5035895109176636
0.5,303,4,2,current,0.05279487371444702,0.20799365639686584
0.5,303,4,3,current,0.044999975711107254,0.44008201360702515
0.5,303,4,4,current,0.0468694269657135,0.37455809116363525
0.5,303,4,5,current,0.07120836526155472,0.40511804819107056
0.5,303,4,6,current,0.06846167147159576,0.48957473039627075
0.5,303,4,7,current,0.05230822414159775,0.38876280188560486
0.5,303,4,8,current,0.08110260218381882,0.4309471547603607
0.5,303,4,9,current,0.08263789117336273,0.5469309091567993
0.5,303,4,10,current,0.062051922082901,0.2562525272369385
0.5,303,4,11,current,0.06380729377269745,0.39302730560302734
0.5,303,4,12,current,0.08790257573127747,0.3146786689758301
0.5,303,4,13,current,0.07744910567998886,0.3608301281929016
0.5,303,4,14,current,0.09001375734806061,0.5617742538452148
0.5,303,4,15,current,0.06301562488079071,0.4671408236026764
0.5,303,5,0,current,0.06571918725967407,0.23305533826351166
0.5,303,5,1,current,0.067316934466362,0.3069797158241272
0.5,303,5,2,current,0.08118097484111786,0.5344619750976562
0.5,303,5,3,current,0.06437189877033234,0.19614146649837494
0.5,303,5,4,current,0.06494247913360596,0.2748974561691284
0.5,303,5,5,current,0.0676991418004036,0.48416996002197266
0.5,303,5,6,current,0.0931246355175972,0.6803584098815918
0.5,303,5,7,current,0.07224606722593307,0.308111310005188
0.5,303,5,8,current,0.07464265078306198,0.4166092574596405
0.5,303,5,9,current,0.08902378380298615,0.3367936611175537
0.5,303,5,10,current,0.05604122206568718,0.516116738319397
0.5,303,5,11,current,0.07929582893848419,0.6233617067337036
0.5,303,5,12,current,0.0975380465388298,0.48486602306365967
0.5,303,5,13,current,0.07468096166849136,0.49893850088119507
0.5,303,5,14,current,0.08047756552696228,0.6743056774139404
0.5,303,5,15,current,0.06734107434749603,0.400806188583374
0.5,303,6,0,current,0.06376146525144577,0.48768383264541626
0.5,303,6,1,current,0.08796603232622147,0.43491125106811523
0.5,303,6,2,current,0.057193584740161896,0.34839409589767456
0.5,303,6,3,current,0.06603372097015381,0.37151259183883667
0.5,303,6,4,current,0.10196634382009506,0.4763997793197632
0.5,303,6,5,current,0.07848057150840759,0.30224210023880005
0.5,303,6,6,current,0.07707515358924866,0.49436473846435547
0.5,303,6,7,current,0.0531168133020401,0.3020859360694885
0.5,303,6,8,current,0.08952680230140686,0.5118479132652283
0.5,303,6,9,current,0.09247972816228867,0.5434858798980713
0.5,303,6,10,current,0.11309212446212769,0.399423211812973
0.5,303,6,11,current,0.055125586688518524,0.39430081844329834
0.5,303,6,12,current,0.07872597128152847,0.36334699392318726
0.5,303,6,13,current,0.0594029426574707,0.5372172594070435
0.5,303,6,14,current,0.06518029421567917,0.46567654609680176
0.5,303,6,15,current,0.0865187719464302,0.5277234315872192
0.5,303,7,0,current,0.043541405349969864,0.3249930143356323
0.5,303,7,1,current,0.07643551379442215,0.37411561608314514
0.5,303,7,2,current,0.061995383352041245,0.45032232999801636
0.5,303,7,3,current,0.08294492959976196,0.35938501358032227
0.5,303,7,4,current,0.0674971342086792,0.3227136731147766
0.5,303,7,5,current,0.099752277135849,0.3468063473701477
0.5,303,7,6,current,0.10169052332639694,0.43681204319000244
0.5,303,7,7,current,0.0868234857916832,0.3184109926223755
0.5,303,7,8,current,0.061464592814445496,0.4489562511444092
0.5,303,7,9,current,0.09533662348985672,0.3622986674308777
0.5,303,7,10,current,0.09465672820806503,0.48779600858688354
0.5,303,7,11,current,0.09082496166229248,0.2149125635623932
0.5,303,7,12,current,0.08577339351177216,0.4723793566226959
0.5,303,7,13,current,0.07997023314237595,0.3087778091430664
0.5,303,7,14,current,0.06149345636367798,0.39978528022766113
0.5,303,7,15,current,0.08204717934131622,0.3460453450679779
0.5,303,0,0,past,0.05935412645339966,0.18439026176929474
0.5,303,0,1,past,0.060018427670001984,0.3004261255264282
0.5,303,0,2,past,0.07709621638059616,0.6857624053955078
0.5,303,0,3,past,0.07526624202728271,0.35818153619766235
0.5,303,0,4,past,0.053120311349630356,0.4279922842979431
0.5,303,0,5,past,0.08286263793706894,0.37916725873947144
0.5,303,0,6,past,0.10265165567398071,0.4693882465362549
0.5,303,0,7,past,0.05898725613951683,0.6138414144515991
0.5,303,0,8,past,0.08091855049133301,0.37198925018310547
0.5,303,0,9,past,0.06924060732126236,0.5080721378326416
0.5,303,0,10,past,0.08124081790447235,0.31765809655189514
0.5,303,0,11,past,0.0744505301117897,0.44885683059692383
0.5,303,0,12,past,0.06214647367596626,0.5198447704315186
0.5,303,0,13,past,0.0811171904206276,0.4618922770023346
0.5,303,0,14,past,0.08805052936077118,0.48570650815963745
0.5,303,0,15,past,0.06734465807676315,0.3753822445869446
0.5,303,1,0,past,0.04666346311569214,0.4253690242767334
0.5,303,1,1,past,0.06892643868923187,0.41191017627716064
0.5,303,1,2,past,0.07048337161540985,0.41638556122779846
0.5,303,1,3,past,0.07547546178102493,0.3936116099357605
0.5,303,1,4,past,0.06747955083847046,0.416647344827652
0.5,303,1,5,past,0.09019936621189117,0.41196107864379883
0.5,303,1,6,past,0.07145097106695175,0.34333208203315735
0.5,303,1,7,past,0.0642242506146431,0.48595696687698364
0.5,303,1,8,past,0.07055406272411346,0.3163275420665741
0.5,303,1,9,past,0.08687794953584671,0.3511781394481659
0.5,303,1,10,past,0.08316800743341446,0.4765523672103882
0.5,303,1,11,past,0.0835130363702774,0.5219733119010925
0.5,303,1,12,past,0.06870709359645844,0.6793897151947021
0.5,303,1,13,past,0.07717103511095047,0.16649207472801208
0.5,303,1,14,past,0.08074689656496048,0.516469419002533
0.5,303,1,15,past,0.08611930906772614,0.3938289284706116
0.5,303,2,0,past,0.06348087638616562,0.34876272082328796
0.5,303,2,1,past,0.07251226902008057,0.5206708908081055
0.5,303,2,2,past,0.038498975336551666,0.32094264030456543
0.5,303,2,3,past,0.08781204372644424,0.26124778389930725
0.5,303,2,4,past,0.08184566348791122,0.32545730471611023
0.5,303,2,5,past,0.08144020289182663,0.5892339944839478
0.5,303,2,6,past,0.043859150260686874,0.19857820868492126
0.5,303,2,7,past,0.05022085830569267,0.4492449164390564
0.5,303,2,8,past,0.059550508856773376,0.33576324582099915
0.5,303,2,9,past,0.07995676249265671,0.35711008310317993
0.5,303,2,10,past,0.052480824291706085,0.2547191083431244
0.5,303,2,11,past,0.10024518519639969,0.5143271684646606
0.5,303,2,12,past,0.09084882587194443,0.4902881979942322
0.5,303,2,13,past,0.06922909617424011,0.3920508921146393
0.5,303,2,14,past,0.059784092009067535,0.6482312679290771
0.5,303,2,15,past,0.07741484045982361,0.44468367099761963
0.5,303,3,0,past,0.06288018822669983,0.5255073308944702
0.5,303,3,1,past,0.06507519632577896,0.3958892226219177
0.5,303,3,2,past,0.06751137971878052,0.5096423029899597
0.5,303,3,3,past,0.05472421646118164,0.5088605284690857
0.5,303,3,4,past,0.06334372609853745,0.6054388284683228
0.5,303,3,5,past,0.038467295467853546,0.3384639024734497
0.5,303,3,6,past,0.07385369390249252,0.6216518878936768
0.5,303,3,7,past,0.0807952806353569,0.36937034130096436
0.5,303,3,8,past,0.05885985493659973,0.3584330677986145
0.5,303,3,9,past,0.0705898329615593,0.4897204339504242
0.5,303,3,10,past,0.05935100466012955,0.3575972616672516
0.5,303,3,11,past,0.07502343505620956,0.38605135679244995
0.5,303,3,12,past,0.07671010494232178,0.5245069265365601
0.5,303,3,13,past,0.06675869971513748,0.47547444701194763
0.5,303,3,14,past,0.05694640800356865,0.2095983922481537
0.5,303,3,15,past,0.05833810567855835,0.5162700414657593
0.5,303,4,0,past,0.099732905626297,0.606332004070282
0.5,303,4,1,past,0.07009045779705048,0.43668466806411743
0.5,303,4,2,past,0.05203057453036308,0.18382418155670166
0.5,303,4,3,past,0.044974617660045624,0.4334731101989746
0.5,303,4,4,past,0.04211058095097542,0.35594671964645386
0.5,303,4,5,past,0.08439957350492477,0.4295460283756256
0.5,303,4,6,past,0.0686955526471138,0.45188966393470764
0.5,303,4,7,past,0.04780014231801033,0.3995908200740814
0.5,303,4,8,past,0.07888288050889969,0.4667152762413025
0.5,303,4,9,past,0.07877296954393387,0.5680745244026184
0.5,303,4,10,past,0.05833066627383232,0.23669229447841644
0.5,303,4,11,past,0.06616756319999695,0.38240742683410645
0.5,303,4,12,past,0.09071163088083267,0.3496231138706207
0.5,303,4,13,past,0.07711205631494522,0.3890005350112915
0.5,303,4,14,past,0.09656111150979996,0.6032662391662598
0.5,303,4,15,past,0.05933230742812157,0.5069878101348877
0.5,303,5,0,past,0.05922740325331688,0.25759103894233704
0.5,303,5,1,past,0.06376852095127106,0.25719672441482544
0.5,303,5,2,past,0.08295360952615738,0.5205494165420532
0.5,303,5,3,past,0.06489583104848862,0.21223008632659912
0.5,303,5,4,past,0.062378786504268646,0.252430260181427
0.5,303,5,5,past,0.06716997921466827,0.44862043857574463
0.5,303,5,6,past,0.09813772886991501,0.6307300329208374
0.5,303,5,7,past,0.07462599873542786,0.3378242254257202
0.5,303,5,8,past,0.07111982256174088,0.4148100018501282
0.5,303,5,9,past,0.08080176264047623,0.3953284025192261
0.5,303,5,10,past,0.05984458327293396,0.5486929416656494
0.5,303,5,11,past,0.0738866999745369,0.605868399143219
0.5,303,5,12,past,0.09514286369085312,0.49156123399734497
0.5,303,5,13,past,0.07248446345329285,0.5907883644104004
0.5,303,5,14,past,0.08294755220413208,0.5770270824432373
0.5,303,5,15,past,0.06711841374635696,0.41258519887924194
0.5,303,6,0,past,0.06501328945159912,0.40185773372650146
0.5,303,6,1,past,0.0867636650800705,0.458462655544281
0.5,303,6,2,past,0.058927182108163834,0.3922185003757477
0.5,303,6,3,past,0.07361215353012085,0.42034411430358887
0.5,303,6,4,past,0.10356327146291733,0.4779773950576782
0.5,303,6,5,past,0.08420771360397339,0.27706119418144226
0.5,303,6,6,past,0.06526757776737213,0.49496713280677795
0.5,303,6,7,past,0.05547662824392319,0.29058927297592163
0.5,303,6,8,past,0.094745934009552,0.6198669075965881
0.5,303,6,9,past,0.08500450849533081,0.45498186349868774
0.5,303,6,10,past,0.10980229824781418,0.4034300744533539
0.5,303,6,11,past,0.051589030772447586,0.32913491129875183
0.5,303,6,12,past,0.08423470705747604,0.29547154903411865
0.5,303,6,13,past,0.05824180692434311,0.5268574357032776
0.5,303,6,14,past,0.06880193948745728,0.4495382606983185
0.5,303,6,15,past,0.08024809509515762,0.4673014283180237
0.5,303,7,0,past,0.044695381075143814,0.37518930435180664
0.5,303,7,1,past,0.08087203651666641,0.3517606258392334
0.5,303,7,2,past,0.06199245899915695,0.40451735258102417
0.5,303,7,3,past,0.0843718945980072,0.357904851436615
0.5,303,7,4,past,0.06441665440797806,0.312688946723938
0.5,303,7,5,past,0.09285692125558853,0.42445051670074463
0.5,303,7,6,past,0.1005118116736412,0.42754244804382324
0.5,303,7,7,past,0.09206566214561462,0.288831889629364
0.5,303,7,8,past,0.07434536516666412,0.4675236642360687
0.5,303,7,9,past,0.10380198806524277,0.41014060378074646
0.5,303,7,10,past,0.09747839719057083,0.47620129585266113
0.5,303,7,11,past,0.08314526081085205,0.1980006843805313
0.5,303,7,12,past,0.08353468775749207,0.5088036060333252
0.5,303,7,13,past,0.08201930671930313,0.25809893012046814
0.5,303,7,14,past,0.06111340597271919,0.414153516292572
0.5,303,7,15,past,0.09257597476243973,0.34960752725601196
0.5,303,0,0,full,0.05524754896759987,0.15832051634788513
0.5,303,0,1,full,0.05683738365769386,0.3116445243358612
0.5,303,0,2,full,0.07682506740093231,0.5941382646560669
0.5,303,0,3,full,0.07723061740398407,0.40195390582084656
0.5,303,0,4,full,0.05226609483361244,0.3670992851257324
0.5,303,0,5,full,0.07940912991762161,0.3410957157611847
0.5,303,0,6,full,0.11243833601474762,0.479184627532959
0.5,303,0,7,full,0.057311613112688065,0.600911021232605
0.5,303,0,8,full,0.07638150453567505,0.38527968525886536
0.5,303,0,9,full,0.06546156853437424,0.40249311923980713
0.5,303,0,10,full,0.07446165382862091,0.2922041416168213
0.5,303,0,11,full,0.07496447116136551,0.38177400827407837
0.5,303,0,12,full,0.06436550617218018,0.49138498306274414
0.5,303,0,13,full,0.07825710624456406,0.4778553247451782
0.5,303,0,14,full,0.08635297417640686,0.4322478473186493
0.5,303,0,15,full,0.06969717890024185,0.36559921503067017
0.5,303,1,0,full,0.057141322642564774,0.44363677501678467
0.5,303,1,1,full,0.06775397062301636,0.41700035333633423
0.5,303,1,2,full,0.0672987550497055,0.3643649220466614
0.5,303,1,3,full,0.0787026509642601,0.4532015323638916
0.5,303,1,4,full,0.06587426364421844,0.39182955026626587
0.5,303,1,5,full,0.0869971364736557,0.4415377378463745
0.5,303,1,6,full,0.0769413635134697,0.3104400932788849
0.5,303,1,7,full,0.06213643029332161,0.4663252830505371
0.5,303,1,8,full,0.07605713605880737,0.3102014660835266
0.5,303,1,9,full,0.09138473123311996,0.333532452583313
0.5,303,1,10,full,0.07884183526039124,0.43994566798210144
0.5,303,1,11,full,0.08495597541332245,0.5554457902908325
0.5,303,1,12,full,0.07469229400157928,0.6660720109939575
0.5,303,1,13,full,0.07791659235954285,0.16200600564479828
0.5,303,1,14,full,0.0819491371512413,0.48373886942863464
0.5,303,1,15,full,0.08596254885196686,0.3856413662433624
0.5,303,2,0,full,0.06435851007699966,0.31701740622520447
0.5,303,2,1,full,0.06855124235153198,0.5012295842170715
0.5,303,2,2,full,0.03375638276338577,0.4627389907836914
0.5,303,2,3,full,0.07856514304876328,0.20657804608345032
0.5,303,2,4,full,0.07412508875131607,0.29665666818618774
0.5,303,2,5,full,0.07786650210618973,0.580463171005249
0.5,303,2,6,full,0.040874384343624115,0.20501604676246643
0.5,303,2,7,full,0.05062314122915268,0.368281751871109
0.5,303,2,8,full,0.05532083287835121,0.292635440826416
0.5,303,2,9,full,0.07328847795724869,0.41061586141586304
0.5,303,2,10,full,0.04653146490454674,0.2384386658668518
0.5,303,2,11,full,0.09497363865375519,0.4906902611255646
0.5,303,2,12,full,0.09667851030826569,0.5293249487876892
0.5,303,2,13,full,0.07230319082736969,0.29703259468078613
0.5,303,2,14,full,0.05694834887981415,0.6064134240150452
0.5,303,2,15,full,0.07599464058876038,0.48006385564804077
0.5,303,3,0,full,0.0694424957036972,0.5168865323066711
0.5,303,3,1,full,0.0763578787446022,0.38029590249061584
0.5,303,3,2,full,0.07624593377113342,0.5296738743782043
0.5,303,3,3,full,0.05856883153319359,0.4631779193878174
0.5,303,3,4,full,0.06674774736166,0.5272308588027954
0.5,303,3,5,full,0.04328183829784393,0.4300515651702881
0.5,303,3,6,full,0.07713308185338974,0.5781368613243103
0.5,303,3,7,full,0.07369830459356308,0.30868926644325256
0.5,303,3,8,full,0.058422885835170746,0.36871710419654846
0.5,303,3,9,full,0.07038536667823792,0.596266508102417
0.5,303,3,10,full,0.07046660780906677,0.35436534881591797
0.5,303,3,11,full,0.07619758695363998,0.385297954082489
0.5,303,3,12,full,0.0857747495174408,0.5347846746444702
0.5,303,3,13,full,0.06675399839878082,0.40945136547088623
0.5,303,3,14,full,0.059283722192049026,0.22907769680023193
0.5,303,3,15,full,0.05921219661831856,0.5262011289596558
0.5,303,4,0,full,0.08707460016012192,0.5718401670455933
0.5,303,4,1,full,0.07103442400693893,0.39025622606277466
0.5,303,4,2,full,0.04695931077003479,0.15623196959495544
0.5,303,4,3,full,0.044901058077812195,0.4636894464492798
0.5,303,4,4,full,0.04188248887658119,0.340009868144989
0.5,303,4,5,full,0.08466494828462601,0.49273449182510376
0.5,303,4,6,full,0.06393805146217346,0.4721454977989197
0.5,303,4,7,full,0.04794606566429138,0.40101632475852966
0.5,303,4,8,full,0.08044973760843277,0.506615936756134
0.5,303,4,9,full,0.0818517804145813,0.5368762612342834
0.5,303,4,10,full,0.058062199503183365,0.2663080394268036
0.5,303,4,11,full,0.06607621163129807,0.3226667642593384
0.5,303,4,12,full,0.09459266066551208,0.39513400197029114
0.5,303,4,13,full,0.07555234432220459,0.38369065523147583
0.5,303,4,14,full,0.09665841609239578,0.59947669506073
0.5,303,4,15,full,0.060976602137088776,0.4740719199180603
0.5,303,5,0,full,0.06879804283380508,0.284416526556015
0.5,303,5,1,full,0.07327279448509216,0.2739798128604889
0.5,303,5,2,full,0.09622471034526825,0.48257339000701904
0.5,303,5,3,full,0.06786658614873886,0.1830681562423706
0.5,303,5,4,full,0.0664793848991394,0.26077279448509216
0.5,303,5,5,full,0.07063981145620346,0.44036582112312317
0.5,303,5,6,full,0.10355615615844727,0.7132145166397095
0.5,303,5,7,full,0.0865640714764595,0.3255353569984436
0.5,303,5,8,full,0.07286447286605835,0.39084649085998535
0.5,303,5,9,full,0.07723649591207504,0.39040040969848633
0.5,303,5,10,full,0.05604054406285286,0.5545051097869873
0.5,303,5,11,full,0.07680336385965347,0.6399781107902527
0.5,303,5,12,full,0.09401868283748627,0.5005340576171875
0.5,303,5,13,full,0.06768815219402313,0.5492064952850342
0.5,303,5,14,full,0.07995730638504028,0.5718600749969482
0.5,303,5,15,full,0.06602790206670761,0.39798152446746826
0.5,303,6,0,full,0.06887485831975937,0.4665604531764984
0.5,303,6,1,full,0.08234326541423798,0.4953573942184448
0.5,303,6,2,full,0.06542569398880005,0.3592366576194763
0.5,303,6,3,full,0.08181151747703552,0.43569207191467285
0.5,303,6,4,full,0.09039586037397385,0.4061641991138458
0.5,303,6,5,full,0.08781088888645172,0.29246699810028076
0.5,303,6,6,full,0.06801726669073105,0.5100473165512085
0.5,303,6,7,full,0.05098682641983032,0.29808464646339417
0.5,303,6,8,full,0.09021927416324615,0.6221516728401184
0.5,303,6,9,full,0.08801008760929108,0.45801839232444763
0.5,303,6,10,full,0.09586073458194733,0.3678436875343323
0.5,303,6,11,full,0.040064167231321335,0.32284027338027954
0.5,303,6,12,full,0.07719004899263382,0.3329768776893616
0.5,303,6,13,full,0.0554182194173336,0.47944653034210205
0.5,303,6,14,full,0.057039741426706314,0.43195027112960815
0.5,303,6,15,full,0.08028212934732437,0.4463888704776764
0.5,303,7,0,full,0.04494526982307434,0.3975822627544403
0.5,303,7,1,full,0.07909411191940308,0.38595104217529297
0.5,303,7,2,full,0.06523708254098892,0.38882148265838623
0.5,303,7,3,full,0.08329311013221741,0.37357744574546814
0.5,303,7,4,full,0.06856881827116013,0.32561856508255005
0.5,303,7,5,full,0.09928187727928162,0.3870314955711365
0.5,303,7,6,full,0.09973461925983429,0.3912982940673828
0.5,303,7,7,full,0.07912293076515198,0.24331900477409363
0.5,303,7,8,full,0.07753466814756393,0.43771272897720337
0.5,303,7,9,full,0.11561881005764008,0.4346773326396942
0.5,303,7,10,full,0.09697630256414413,0.48909619450569153
0.5,303,7,11,full,0.08612650632858276,0.1905103325843811
0.5,303,7,12,full,0.09049443155527115,0.5265073180198669
0.5,303,7,13,full,0.08653314411640167,0.27798280119895935
0.5,303,7,14,full,0.057577598839998245,0.38445615768432617
0.5,303,7,15,full,0.08611348271369934,0.3893635869026184
0.5,303,0,0,full_test_shuffled,0.054850928485393524,0.15516206622123718
0.5,303,0,1,full_test_shuffled,0.05664198473095894,0.31903213262557983
0.5,303,0,2,full_test_shuffled,0.07694435864686966,0.6422519683837891
0.5,303,0,3,full_test_shuffled,0.07348556816577911,0.38693028688430786
0.5,303,0,4,full_test_shuffled,0.05434132367372513,0.39607107639312744
0.5,303,0,5,full_test_shuffled,0.07986506819725037,0.3522508144378662
0.5,303,0,6,full_test_shuffled,0.11276191473007202,0.46125999093055725
0.5,303,0,7,full_test_shuffled,0.058976851403713226,0.5789667367935181
0.5,303,0,8,full_test_shuffled,0.07563994824886322,0.3597908616065979
0.5,303,0,9,full_test_shuffled,0.06602639704942703,0.41505080461502075
0.5,303,0,10,full_test_shuffled,0.0726398229598999,0.28840845823287964
0.5,303,0,11,full_test_shuffled,0.0705864354968071,0.3709562420845032
0.5,303,0,12,full_test_shuffled,0.057638444006443024,0.46283215284347534
0.5,303,0,13,full_test_shuffled,0.07806147634983063,0.41746383905410767
0.5,303,0,14,full_test_shuffled,0.07637040317058563,0.4006648063659668
0.5,303,0,15,full_test_shuffled,0.06823019683361053,0.3438200056552887
0.5,303,1,0,full_test_shuffled,0.05267565697431564,0.4335014820098877
0.5,303,1,1,full_test_shuffled,0.06656114757061005,0.3935132622718811
0.5,303,1,2,full_test_shuffled,0.06235992908477783,0.3911893963813782
0.5,303,1,3,full_test_shuffled,0.08040927350521088,0.4641381800174713
0.5,303,1,4,full_test_shuffled,0.07078643143177032,0.3995126783847809
0.5,303,1,5,full_test_shuffled,0.08577132970094681,0.4345388412475586
0.5,303,1,6,full_test_shuffled,0.07045082747936249,0.35830357670783997
0.5,303,1,7,full_test_shuffled,0.06355194002389908,0.4289395213127136
0.5,303,1,8,full_test_shuffled,0.07297462970018387,0.3423042893409729
0.5,303,1,9,full_test_shuffled,0.0889744907617569,0.3506661057472229
0.5,303,1,10,full_test_shuffled,0.07849544286727905,0.43897438049316406
0.5,303,1,11,full_test_shuffled,0.08813595026731491,0.5118504762649536
0.5,303,1,12,full_test_shuffled,0.06846965849399567,0.7085070610046387
0.5,303,1,13,full_test_shuffled,0.0798005610704422,0.15774324536323547
0.5,303,1,14,full_test_shuffled,0.08102218806743622,0.4945419430732727
0.5,303,1,15,full_test_shuffled,0.08267727494239807,0.40120869874954224
0.5,303,2,0,full_test_shuffled,0.0649639368057251,0.3440712094306946
0.5,303,2,1,full_test_shuffled,0.07077457755804062,0.4904373288154602
0.5,303,2,2,full_test_shuffled,0.03404059261083603,0.4656866490840912
0.5,303,2,3,full_test_shuffled,0.0831010565161705,0.21168863773345947
0.5,303,2,4,full_test_shuffled,0.08036589622497559,0.30406832695007324
0.5,303,2,5,full_test_shuffled,0.07662715762853622,0.5885608792304993
0.5,303,2,6,full_test_shuffled,0.04851008206605911,0.18984182178974152
0.5,303,2,7,full_test_shuffled,0.054761458188295364,0.3866698741912842
0.5,303,2,8,full_test_shuffled,0.06195748597383499,0.3240113854408264
0.5,303,2,9,full_test_shuffled,0.07262192666530609,0.35376471281051636
0.5,303,2,10,full_test_shuffled,0.04719315096735954,0.2764124274253845
0.5,303,2,11,full_test_shuffled,0.09196508675813675,0.5110459327697754
0.5,303,2,12,full_test_shuffled,0.0894269272685051,0.46941009163856506
0.5,303,2,13,full_test_shuffled,0.07186618447303772,0.34575796127319336
0.5,303,2,14,full_test_shuffled,0.057612210512161255,0.5938080549240112
0.5,303,2,15,full_test_shuffled,0.07487548142671585,0.46468058228492737
0.5,303,3,0,full_test_shuffled,0.0662187710404396,0.5220164060592651
0.5,303,3,1,full_test_shuffled,0.07408490031957626,0.34427088499069214
0.5,303,3,2,full_test_shuffled,0.06739015877246857,0.500641405582428
0.5,303,3,3,full_test_shuffled,0.06115197017788887,0.49039226770401
0.5,303,3,4,full_test_shuffled,0.06290494650602341,0.5139951705932617
0.5,303,3,5,full_test_shuffled,0.042789310216903687,0.4865022599697113
0.5,303,3,6,full_test_shuffled,0.07037223875522614,0.5564451217651367
0.5,303,3,7,full_test_shuffled,0.0784112736582756,0.35855692625045776
0.5,303,3,8,full_test_shuffled,0.06279055029153824,0.36909618973731995
0.5,303,3,9,full_test_shuffled,0.07423410564661026,0.602207601070404
0.5,303,3,10,full_test_shuffled,0.07391981780529022,0.3757020831108093
0.5,303,3,11,full_test_shuffled,0.07747232913970947,0.40775561332702637
0.5,303,3,12,full_test_shuffled,0.08953814208507538,0.5786221027374268
0.5,303,3,13,full_test_shuffled,0.07504603266716003,0.42291221022605896
0.5,303,3,14,full_test_shuffled,0.0604998841881752,0.2156578004360199
0.5,303,3,15,full_test_shuffled,0.05676303058862686,0.5312010049819946
0.5,303,4,0,full_test_shuffled,0.09180877357721329,0.5944579243659973
0.5,303,4,1,full_test_shuffled,0.06975100189447403,0.4016242027282715
0.5,303,4,2,full_test_shuffled,0.0465112179517746,0.1630178987979889
0.5,303,4,3,full_test_shuffled,0.04776483774185181,0.44380101561546326
0.5,303,4,4,full_test_shuffled,0.04330551624298096,0.350580096244812
0.5,303,4,5,full_test_shuffled,0.07342307269573212,0.43770891427993774
0.5,303,4,6,full_test_shuffled,0.07298038899898529,0.4599953293800354
0.5,303,4,7,full_test_shuffled,0.04972795397043228,0.3874969482421875
0.5,303,4,8,full_test_shuffled,0.08130230754613876,0.48616304993629456
0.5,303,4,9,full_test_shuffled,0.08377283811569214,0.54925936460495
0.5,303,4,10,full_test_shuffled,0.06345434486865997,0.24550099670886993
0.5,303,4,11,full_test_shuffled,0.06362172961235046,0.3277589678764343
0.5,303,4,12,full_test_shuffled,0.09317672252655029,0.36772435903549194
0.5,303,4,13,full_test_shuffled,0.07434963434934616,0.3610886335372925
0.5,303,4,14,full_test_shuffled,0.09845150262117386,0.609784722328186
0.5,303,4,15,full_test_shuffled,0.060941148549318314,0.47804132103919983
0.5,303,5,0,full_test_shuffled,0.0709981843829155,0.28108280897140503
0.5,303,5,1,full_test_shuffled,0.07668954133987427,0.2830033600330353
0.5,303,5,2,full_test_shuffled,0.08255218714475632,0.4881819784641266
0.5,303,5,3,full_test_shuffled,0.06549403071403503,0.1537674367427826
0.5,303,5,4,full_test_shuffled,0.06861498206853867,0.25389400124549866
0.5,303,5,5,full_test_shuffled,0.07173749059438705,0.46015602350234985
0.5,303,5,6,full_test_shuffled,0.0990103930234909,0.6433800458908081
0.5,303,5,7,full_test_shuffled,0.08235129714012146,0.3049039840698242
0.5,303,5,8,full_test_shuffled,0.0734223946928978,0.39749616384506226
0.5,303,5,9,full_test_shuffled,0.07818009704351425,0.3744220733642578
0.5,303,5,10,full_test_shuffled,0.05767624452710152,0.5511329174041748
0.5,303,5,11,full_test_shuffled,0.08131330460309982,0.6165318489074707
0.5,303,5,12,full_test_shuffled,0.09820421040058136,0.48654812574386597
0.5,303,5,13,full_test_shuffled,0.06712709367275238,0.5520480871200562
0.5,303,5,14,full_test_shuffled,0.08244596421718597,0.6319864988327026
0.5,303,5,15,full_test_shuffled,0.0649818629026413,0.3990563750267029
0.5,303,6,0,full_test_shuffled,0.06991297006607056,0.4308930039405823
0.5,303,6,1,full_test_shuffled,0.08514644205570221,0.47287335991859436
0.5,303,6,2,full_test_shuffled,0.05915715545415878,0.35559508204460144
0.5,303,6,3,full_test_shuffled,0.07619492709636688,0.43208256363868713
0.5,303,6,4,full_test_shuffled,0.09377823770046234,0.39873453974723816
0.5,303,6,5,full_test_shuffled,0.0830424576997757,0.3351989984512329
0.5,303,6,6,full_test_shuffled,0.06736871600151062,0.4677816927433014
0.5,303,6,7,full_test_shuffled,0.051711272448301315,0.30558809638023376
0.5,303,6,8,full_test_shuffled,0.0906907394528389,0.6246300339698792
0.5,303,6,9,full_test_shuffled,0.08793787658214569,0.47142887115478516
0.5,303,6,10,full_test_shuffled,0.09501981735229492,0.36441001296043396
0.5,303,6,11,full_test_shuffled,0.045493148267269135,0.3470929265022278
0.5,303,6,12,full_test_shuffled,0.07135872542858124,0.3460090160369873
0.5,303,6,13,full_test_shuffled,0.05330008268356323,0.47238126397132874
0.5,303,6,14,full_test_shuffled,0.05843082815408707,0.43810534477233887
0.5,303,6,15,full_test_shuffled,0.08004983514547348,0.4661223888397217
0.5,303,7,0,full_test_shuffled,0.04583514481782913,0.3932369351387024
0.5,303,7,1,full_test_shuffled,0.07237772643566132,0.3645544946193695
0.5,303,7,2,full_test_shuffled,0.06331797689199448,0.40532875061035156
0.5,303,7,3,full_test_shuffled,0.0855787992477417,0.3434964716434479
0.5,303,7,4,full_test_shuffled,0.07305316627025604,0.3530762791633606
0.5,303,7,5,full_test_shuffled,0.10423894226551056,0.37500014901161194
0.5,303,7,6,full_test_shuffled,0.09697325527667999,0.3749500811100006
0.5,303,7,7,full_test_shuffled,0.08024637401103973,0.2973790764808655
0.5,303,7,8,full_test_shuffled,0.07041803002357483,0.49329549074172974
0.5,303,7,9,full_test_shuffled,0.10527537018060684,0.3874533474445343
0.5,303,7,10,full_test_shuffled,0.09943941235542297,0.42920464277267456
0.5,303,7,11,full_test_shuffled,0.08184728771448135,0.17514464259147644
0.5,303,7,12,full_test_shuffled,0.08587369322776794,0.517000675201416
0.5,303,7,13,full_test_shuffled,0.09126090258359909,0.28170058131217957
0.5,303,7,14,full_test_shuffled,0.05677985027432442,0.3765431344509125
0.5,303,7,15,full_test_shuffled,0.08665113151073456,0.395028293132782
0.5,303,0,0,shuffled,0.05571776628494263,0.1603279560804367
0.5,303,0,1,shuffled,0.058055102825164795,0.29134491086006165
0.5,303,0,2,shuffled,0.07438807934522629,0.6559460163116455
0.5,303,0,3,shuffled,0.06928781419992447,0.3883378505706787
0.5,303,0,4,shuffled,0.059296298772096634,0.4993256628513336
0.5,303,0,5,shuffled,0.07483609765768051,0.3363732397556305
0.5,303,0,6,shuffled,0.1120438203215599,0.4628736078739166
0.5,303,0,7,shuffled,0.0602249912917614,0.6039965748786926
0.5,303,0,8,shuffled,0.074025459587574,0.3969469666481018
0.5,303,0,9,shuffled,0.0713011845946312,0.4925364553928375
0.5,303,0,10,shuffled,0.07310794293880463,0.31559962034225464
0.5,303,0,11,shuffled,0.06645747274160385,0.3567371368408203
0.5,303,0,12,shuffled,0.06119314581155777,0.4797140061855316
0.5,303,0,13,shuffled,0.08348114788532257,0.423651784658432
0.5,303,0,14,shuffled,0.07693667709827423,0.3759714961051941
0.5,303,0,15,shuffled,0.0703122466802597,0.35983648896217346
0.5,303,1,0,shuffled,0.04938144609332085,0.40111207962036133
0.5,303,1,1,shuffled,0.06602005660533905,0.35388219356536865
0.5,303,1,2,shuffled,0.06938786804676056,0.39170628786087036
0.5,303,1,3,shuffled,0.0694805458188057,0.40199488401412964
0.5,303,1,4,shuffled,0.07484915852546692,0.4149555265903473
0.5,303,1,5,shuffled,0.08475860208272934,0.372392863035202
0.5,303,1,6,shuffled,0.07544135302305222,0.321978360414505
0.5,303,1,7,shuffled,0.059217315167188644,0.4037831425666809
0.5,303,1,8,shuffled,0.07278518378734589,0.32625812292099
0.5,303,1,9,shuffled,0.08716817200183868,0.3625704050064087
0.5,303,1,10,shuffled,0.07824377715587616,0.44977837800979614
0.5,303,1,11,shuffled,0.08958081156015396,0.4902274012565613
0.5,303,1,12,shuffled,0.06867590546607971,0.7103779911994934
0.5,303,1,13,shuffled,0.08295213431119919,0.16150328516960144
0.5,303,1,14,shuffled,0.07690776884555817,0.4378403127193451
0.5,303,1,15,shuffled,0.07858975976705551,0.38322049379348755
0.5,303,2,0,shuffled,0.06581468135118484,0.38439908623695374
0.5,303,2,1,shuffled,0.0771908089518547,0.5360625982284546
0.5,303,2,2,shuffled,0.03412744402885437,0.4498685896396637
0.5,303,2,3,shuffled,0.08290903270244598,0.22776779532432556
0.5,303,2,4,shuffled,0.08315364271402359,0.3324020504951477
0.5,303,2,5,shuffled,0.07915901392698288,0.5540212988853455
0.5,303,2,6,shuffled,0.04754605144262314,0.1956874430179596
0.5,303,2,7,shuffled,0.053913652896881104,0.4339119791984558
0.5,303,2,8,shuffled,0.05918548256158829,0.3123294711112976
0.5,303,2,9,shuffled,0.08247175067663193,0.3329639732837677
0.5,303,2,10,shuffled,0.04599537327885628,0.27086082100868225
0.5,303,2,11,shuffled,0.09888523072004318,0.5242252945899963
0.5,303,2,12,shuffled,0.08818574249744415,0.42988839745521545
0.5,303,2,13,shuffled,0.06894570589065552,0.3505555987358093
0.5,303,2,14,shuffled,0.055757373571395874,0.5951460003852844
0.5,303,2,15,shuffled,0.06779323518276215,0.4564352035522461
0.5,303,3,0,shuffled,0.06460468471050262,0.5006682276725769
0.5,303,3,1,shuffled,0.06733565777540207,0.3389291763305664
0.5,303,3,2,shuffled,0.06485539674758911,0.4916841387748718
0.5,303,3,3,shuffled,0.0622888021171093,0.46936410665512085
0.5,303,3,4,shuffled,0.07821127027273178,0.5110429525375366
0.5,303,3,5,shuffled,0.040280453860759735,0.4340406060218811
0.5,303,3,6,shuffled,0.07452944666147232,0.6050161123275757
0.5,303,3,7,shuffled,0.07712899148464203,0.38563084602355957
0.5,303,3,8,shuffled,0.05623989552259445,0.39261144399642944
0.5,303,3,9,shuffled,0.0572221577167511,0.48869675397872925
0.5,303,3,10,shuffled,0.07431450486183167,0.43180423974990845
0.5,303,3,11,shuffled,0.08368530124425888,0.419323205947876
0.5,303,3,12,shuffled,0.07639464735984802,0.5951442122459412
0.5,303,3,13,shuffled,0.0768992006778717,0.4506893754005432
0.5,303,3,14,shuffled,0.05700576305389404,0.2097868174314499
0.5,303,3,15,shuffled,0.056207168847322464,0.45563608407974243
0.5,303,4,0,shuffled,0.10303889214992523,0.6057934761047363
0.5,303,4,1,shuffled,0.07211029529571533,0.4205849766731262
0.5,303,4,2,shuffled,0.04917148873209953,0.1782906949520111
0.5,303,4,3,shuffled,0.04330635815858841,0.4270254075527191
0.5,303,4,4,shuffled,0.04421558976173401,0.35934707522392273
0.5,303,4,5,shuffled,0.0718889981508255,0.42095035314559937
0.5,303,4,6,shuffled,0.06709172576665878,0.4544963240623474
0.5,303,4,7,shuffled,0.051033176481723785,0.37452754378318787
0.5,303,4,8,shuffled,0.07870087027549744,0.47723880410194397
0.5,303,4,9,shuffled,0.08310899883508682,0.5205826163291931
0.5,303,4,10,shuffled,0.06407961994409561,0.226118803024292
0.5,303,4,11,shuffled,0.062260519713163376,0.2970643937587738
0.5,303,4,12,shuffled,0.08597011864185333,0.3293207883834839
0.5,303,4,13,shuffled,0.07594464719295502,0.3338477611541748
0.5,303,4,14,shuffled,0.09572293609380722,0.5443945527076721
0.5,303,4,15,shuffled,0.06185438111424446,0.41717275977134705
0.5,303,5,0,shuffled,0.06570478528738022,0.252475768327713
0.5,303,5,1,shuffled,0.06839731335639954,0.2750834822654724
0.5,303,5,2,shuffled,0.07707943767309189,0.5044533610343933
0.5,303,5,3,shuffled,0.058905161917209625,0.1376793384552002
0.5,303,5,4,shuffled,0.0643908828496933,0.2841416001319885
0.5,303,5,5,shuffled,0.06527151167392731,0.40645933151245117
0.5,303,5,6,shuffled,0.09973784536123276,0.6043841242790222
0.5,303,5,7,shuffled,0.07218258082866669,0.32421737909317017
0.5,303,5,8,shuffled,0.06527787446975708,0.37073665857315063
0.5,303,5,9,shuffled,0.08131762593984604,0.36003321409225464
0.5,303,5,10,shuffled,0.0545966736972332,0.4753892421722412
0.5,303,5,11,shuffled,0.0812876969575882,0.5491538047790527
0.5,303,5,12,shuffled,0.09624040126800537,0.5149959921836853
0.5,303,5,13,shuffled,0.06609109789133072,0.46542423963546753
0.5,303,5,14,shuffled,0.07825614511966705,0.6549636721611023
0.5,303,5,15,shuffled,0.06390656530857086,0.3987939655780792
0.5,303,6,0,shuffled,0.06530579179525375,0.3816911578178406
0.5,303,6,1,shuffled,0.08563541620969772,0.437307745218277
0.5,303,6,2,shuffled,0.05698303505778313,0.35688433051109314
0.5,303,6,3,shuffled,0.06412962079048157,0.36657339334487915
0.5,303,6,4,shuffled,0.09196503460407257,0.4404727816581726
0.5,303,6,5,shuffled,0.07832441478967667,0.30779582262039185
0.5,303,6,6,shuffled,0.07362501323223114,0.4316472113132477
0.5,303,6,7,shuffled,0.05050355941057205,0.3162887990474701
0.5,303,6,8,shuffled,0.09606923162937164,0.6107428073883057
0.5,303,6,9,shuffled,0.08634529262781143,0.48331207036972046
0.5,303,6,10,shuffled,0.10149198770523071,0.36125028133392334
0.5,303,6,11,shuffled,0.04931199178099632,0.3635784983634949
0.5,303,6,12,shuffled,0.07420472800731659,0.32027536630630493
0.5,303,6,13,shuffled,0.055692099034786224,0.49186229705810547
0.5,303,6,14,shuffled,0.06605710089206696,0.4446534514427185
0.5,303,6,15,shuffled,0.08436887711286545,0.49113768339157104
0.5,303,7,0,shuffled,0.04263359308242798,0.31700366735458374
0.5,303,7,1,shuffled,0.07639704644680023,0.40764251351356506
0.5,303,7,2,shuffled,0.06593004614114761,0.39337486028671265
0.5,303,7,3,shuffled,0.08516594022512436,0.34174641966819763
0.5,303,7,4,shuffled,0.06386172771453857,0.28030067682266235
0.5,303,7,5,shuffled,0.09720306843519211,0.36756229400634766
0.5,303,7,6,shuffled,0.09699077904224396,0.39161020517349243
0.5,303,7,7,shuffled,0.09506016224622726,0.31094256043434143
0.5,303,7,8,shuffled,0.06474904716014862,0.4615802764892578
0.5,303,7,9,shuffled,0.09849243611097336,0.3833546042442322
0.5,303,7,10,shuffled,0.09903573989868164,0.4341070055961609
0.5,303,7,11,shuffled,0.0852748304605484,0.17004284262657166
0.5,303,7,12,shuffled,0.08106716722249985,0.41543325781822205
0.5,303,7,13,shuffled,0.0833047553896904,0.279146671295166
0.5,303,7,14,shuffled,0.06094041466712952,0.3395252823829651
0.5,303,7,15,shuffled,0.0801801085472107,0.36317744851112366
