sigma,run,round,method,pixel_mse,psnr_db,digit_accuracy,gradient_error
0.05,0,0,context_only,0.07187912613153458,11.433972120285034,0.0,0.22699406743049622
0.05,0,1,context_only,0.0687544196844101,11.626993417739868,0.0,0.2681726813316345
0.05,0,2,context_only,0.08004352450370789,10.96673846244812,0.0,0.6222414970397949
0.05,0,3,context_only,0.07971080392599106,10.984828472137451,0.0,0.5606820583343506
0.05,0,4,context_only,0.07369796931743622,11.325445175170898,0.5,0.31363415718078613
0.05,0,5,context_only,0.07483840733766556,11.25875473022461,0.5,0.3705683946609497
0.05,0,6,context_only,0.09853579103946686,10.064059495925903,0.0,0.5122864842414856
0.05,0,7,context_only,0.06690431386232376,11.745458841323853,0.0,0.4599818289279938
0.05,0,8,context_only,0.0737299993634224,11.32355809211731,0.5,0.33455103635787964
0.05,0,9,context_only,0.0724625289440155,11.398864984512329,0.0,0.4669315814971924
0.05,0,10,context_only,0.0707281306385994,11.504077911376953,0.5,0.31971853971481323
0.05,0,11,context_only,0.08549114316701889,10.68078875541687,0.5,0.3127802610397339
0.05,0,12,context_only,0.06459595263004303,11.89794659614563,0.5,0.4094915986061096
0.05,0,13,context_only,0.07738293707370758,11.113548278808594,0.0,0.33060845732688904
0.05,0,14,context_only,0.08146777749061584,10.890141725540161,0.0,0.37726083397865295
0.05,0,15,context_only,0.06701626628637314,11.738197803497314,0.0,0.42916399240493774
0.05,1,0,context_only,0.06501420587301254,11.869916915893555,0.0,0.4243308901786804
0.05,1,1,context_only,0.07080354541540146,11.499450206756592,0.0,0.5892882347106934
0.05,1,2,context_only,0.0736624002456665,11.327540874481201,0.0,0.5028599500656128
0.05,1,3,context_only,0.07327622175216675,11.350369453430176,0.0,0.4129413962364197
0.05,1,4,context_only,0.0759161114692688,11.196660995483398,0.0,0.44979172945022583
0.05,1,5,context_only,0.07939008623361588,11.002336740493774,0.5,0.49695029854774475
0.05,1,6,context_only,0.06620151549577713,11.791321039199829,0.0,0.3778730034828186
0.05,1,7,context_only,0.059097323566675186,12.284321784973145,0.5,0.5250107645988464
0.05,1,8,context_only,0.07133574038743973,11.466928720474243,0.0,0.40442347526550293
0.05,1,9,context_only,0.07832416892051697,11.061042547225952,0.0,0.3309192657470703
0.05,1,10,context_only,0.07058678567409515,11.512765884399414,0.0,0.27418914437294006
0.05,1,11,context_only,0.0717395469546318,11.442413330078125,0.5,0.41344353556632996
0.05,1,12,context_only,0.07165830582380295,11.447334289550781,0.0,0.7947559952735901
0.05,1,13,context_only,0.07430503517389297,11.289817094802856,0.0,0.0873480811715126
0.05,1,14,context_only,0.07094504684209824,11.490778923034668,0.0,0.5453248023986816
0.05,1,15,context_only,0.07913284003734589,11.016432046890259,0.0,0.5489208102226257
0.05,2,0,context_only,0.07074340432882309,11.503140926361084,0.0,0.3515823483467102
0.05,2,1,context_only,0.06545954197645187,11.840270757675171,0.0,0.4754607081413269
0.05,2,2,context_only,0.0679040402173996,11.681044101715088,0.0,0.6026229858398438
0.05,2,3,context_only,0.0892166718840599,10.495539903640747,0.5,0.2338462918996811
0.05,2,4,context_only,0.08057988435029984,10.93773365020752,0.0,0.2687910497188568
0.05,2,5,context_only,0.0783390924334526,11.06021523475647,0.0,0.4962930381298065
0.05,2,6,context_only,0.06763662397861481,11.698180437088013,0.0,0.3151003122329712
0.05,2,7,context_only,0.07454774528741837,11.275655031204224,0.0,0.42979925870895386
0.05,2,8,context_only,0.07401464879512787,11.306823492050171,0.5,0.532713770866394
0.05,2,9,context_only,0.07033596187829971,11.528226137161255,0.0,0.3219042718410492
0.05,2,10,context_only,0.06858137995004654,11.637938022613525,0.0,0.3207204341888428
0.05,2,11,context_only,0.0835462287068367,10.780731439590454,0.0,0.3634151816368103
0.05,2,12,context_only,0.08058420568704605,10.937501192092896,0.0,0.5270187258720398
0.05,2,13,context_only,0.06785784661769867,11.683999300003052,0.0,0.2927476763725281
0.05,2,14,context_only,0.06672663986682892,11.757007837295532,0.5,0.482174277305603
0.05,2,15,context_only,0.07394061982631683,11.311168670654297,0.0,0.5015777945518494
0.05,3,0,context_only,0.07519702613353729,11.237993240356445,0.0,0.5137057900428772
0.05,3,1,context_only,0.07479686290025711,11.261166334152222,0.0,0.22979417443275452
0.05,3,2,context_only,0.06903453916311264,11.609336137771606,0.5,0.5043941736221313
0.05,3,3,context_only,0.06596416980028152,11.806919574737549,0.5,0.4519091546535492
0.05,3,4,context_only,0.06441571563482285,11.9100821018219,0.0,0.5686453580856323
0.05,3,5,context_only,0.059903401881456375,12.225484848022461,0.0,0.414645254611969
0.05,3,6,context_only,0.07640521228313446,11.168769598007202,0.0,0.529370903968811
0.05,3,7,context_only,0.06939694285392761,11.586596965789795,0.0,0.13391579687595367
0.05,3,8,context_only,0.06342176347970963,11.977616548538208,0.0,0.5375032424926758
0.05,3,9,context_only,0.06645594537258148,11.774661540985107,0.0,0.5750206708908081
0.05,3,10,context_only,0.0596904419362545,12.240952253341675,0.5,0.3735516667366028
0.05,3,11,context_only,0.08337492495775223,10.789645910263062,0.0,0.5232683420181274
0.05,3,12,context_only,0.0687093436717987,11.629842519760132,0.5,0.9421133399009705
0.05,3,13,context_only,0.06673536449670792,11.756439208984375,0.0,0.30374014377593994
0.05,3,14,context_only,0.0602572001516819,12.199910879135132,0.0,0.2469331920146942
0.05,3,15,context_only,0.058566316962242126,12.323521375656128,0.0,0.5331855416297913
0.05,4,0,context_only,0.09189987927675247,10.366851091384888,0.0,0.5324044823646545
0.05,4,1,context_only,0.07511302083730698,11.242847442626953,0.0,0.2781575918197632
0.05,4,2,context_only,0.07258116453886032,11.391760110855103,0.0,0.19406092166900635
0.05,4,3,context_only,0.07433794438838959,11.287894248962402,0.0,0.5375407934188843
0.05,4,4,context_only,0.07925700396299362,11.009624004364014,0.0,0.35871994495391846
0.05,4,5,context_only,0.08341170102357864,10.78773021697998,0.0,0.5216825008392334
0.05,4,6,context_only,0.073635034263134,11.329154968261719,0.0,0.42882493138313293
0.05,4,7,context_only,0.07540798932313919,11.225826740264893,0.0,0.8024269938468933
0.05,4,8,context_only,0.07668358832597733,11.15297555923462,0.0,0.648987889289856
0.05,4,9,context_only,0.0711926743388176,11.475646495819092,0.0,0.42139148712158203
0.05,4,10,context_only,0.06330045312643051,11.985931396484375,0.5,0.17620986700057983
0.05,4,11,context_only,0.06475525349378586,11.887249946594238,0.0,0.3449797034263611
0.05,4,12,context_only,0.07983623445034027,10.977998971939087,0.0,0.3835086226463318
0.05,4,13,context_only,0.07353424280881882,11.335103511810303,0.5,0.45678067207336426
0.05,4,14,context_only,0.0891665369272232,10.497981309890747,0.0,0.45005881786346436
0.05,4,15,context_only,0.06797993183135986,11.676192283630371,0.5,0.42358821630477905
0.05,5,0,context_only,0.06946729868650436,11.58219575881958,0.0,0.3223183751106262
0.05,5,1,context_only,0.0760851502418518,11.187001466751099,0.0,0.4264052212238312
0.05,5,2,context_only,0.08675695955753326,10.616956949234009,0.0,0.3914390802383423
0.05,5,3,context_only,0.08624310046434402,10.642756223678589,0.0,0.21460941433906555
0.05,5,4,context_only,0.08029663562774658,10.95302700996399,0.5,0.28237077593803406
0.05,5,5,context_only,0.08552131056785583,10.679256916046143,0.0,0.3225415050983429
0.05,5,6,context_only,0.09363425523042679,10.285652875900269,0.0,0.5809063911437988
0.05,5,7,context_only,0.0746871680021286,11.267540454864502,0.0,0.29674649238586426
0.05,5,8,context_only,0.08164794743061066,10.880547761917114,0.0,0.26366180181503296
0.05,5,9,context_only,0.0769948735833168,11.13538146018982,0.0,0.31691083312034607
0.05,5,10,context_only,0.06512875109910965,11.862272024154663,0.5,0.42850813269615173
0.05,5,11,context_only,0.07569236308336258,11.209479570388794,0.5,0.5474989414215088
0.05,5,12,context_only,0.08410938084125519,10.751556158065796,0.0,0.5073230266571045
0.05,5,13,context_only,0.06569704413414001,11.82454228401184,0.0,0.5262446403503418
0.05,5,14,context_only,0.08019173890352249,10.958703756332397,0.0,0.6450921297073364
0.05,5,15,context_only,0.07555598020553589,11.21731162071228,0.0,0.5374084115028381
0.05,6,0,context_only,0.07282057404518127,11.377458572387695,0.0,0.44229018688201904
0.05,6,1,context_only,0.08573251962661743,10.668543577194214,0.0,0.3810431957244873
0.05,6,2,context_only,0.0746045932173729,11.272344589233398,0.0,0.4260716438293457
0.05,6,3,context_only,0.07320883125066757,11.354365348815918,0.0,0.6453143954277039
0.05,6,4,context_only,0.0767960250377655,11.146612167358398,0.0,0.42192190885543823
0.05,6,5,context_only,0.08520922064781189,10.695134401321411,0.0,0.4483092129230499
0.05,6,6,context_only,0.07400473952293396,11.307405233383179,0.5,0.35313016176223755
0.05,6,7,context_only,0.07523136585950851,11.236010789871216,0.0,0.5187748670578003
0.05,6,8,context_only,0.08711626380681992,10.599007606506348,0.0,0.2927623391151428
0.05,6,9,context_only,0.08149173855781555,10.888863801956177,0.0,0.18869301676750183
0.05,6,10,context_only,0.09376149624586105,10.279754400253296,0.0,0.4659438133239746
0.05,6,11,context_only,0.06474710255861282,11.887797117233276,0.0,0.5506736636161804
0.05,6,12,context_only,0.07004638761281967,11.546142101287842,0.0,0.48270171880722046
0.05,6,13,context_only,0.06699448823928833,11.739609241485596,0.0,0.40458014607429504
0.05,6,14,context_only,0.06587501615285873,11.812793016433716,0.0,0.47786110639572144
0.05,6,15,context_only,0.06785129755735397,11.68441891670227,0.0,0.449901282787323
0.05,7,0,context_only,0.06213969737291336,12.06630825996399,0.0,0.2748887240886688
0.05,7,1,context_only,0.07317344844341278,11.356464624404907,0.0,0.4958667755126953
0.05,7,2,context_only,0.07356792688369751,11.333115100860596,0.0,0.4682157039642334
0.05,7,3,context_only,0.0844537615776062,10.733809471130371,0.0,0.44921839237213135
0.05,7,4,context_only,0.08927866816520691,10.492522716522217,0.5,0.35755860805511475
0.05,7,5,context_only,0.07366499304771423,11.327388286590576,0.0,0.5211108922958374
0.05,7,6,context_only,0.09028244018554688,10.443967580795288,0.0,0.331822007894516
0.05,7,7,context_only,0.07550162822008133,11.220437288284302,0.0,0.32222309708595276
0.05,7,8,context_only,0.08285290747880936,10.816922187805176,0.0,0.4800060987472534
0.05,7,9,context_only,0.07838399708271027,11.05772614479065,0.0,0.45800328254699707
0.05,7,10,context_only,0.08942140638828278,10.485584735870361,0.5,0.4737769365310669
0.05,7,11,context_only,0.08235722035169601,10.842983722686768,0.0,0.07850157469511032
0.05,7,12,context_only,0.08769004046916962,10.570497512817383,0.0,0.5274394750595093
0.05,7,13,context_only,0.08355408906936646,10.780322551727295,0.5,0.16747033596038818
0.05,7,14,context_only,0.07539672404527664,11.226475238800049,0.5,0.4829992353916168
0.05,7,15,context_only,0.08391828089952469,10.761433839797974,0.0,0.3299406170845032
0.05,0,0,gaussian_current,0.02485807240009308,16.045325994491577,1.0,0.03665398806333542
0.05,0,1,gaussian_current,0.022543400526046753,16.469805240631104,1.0,0.04740503430366516
0.05,0,2,gaussian_current,0.058085329830646515,12.35933542251587,0.5,0.1391845941543579
0.05,0,3,gaussian_current,0.0650540292263031,11.867258548736572,1.0,0.07627043128013611
0.05,0,4,gaussian_current,0.03906170651316643,14.08248782157898,1.0,0.04969482868909836
0.05,0,5,gaussian_current,0.0577438622713089,12.384941577911377,1.0,0.0702134296298027
0.05,0,6,gaussian_current,0.10195820778608322,9.915778040885925,0.5,0.10000665485858917
0.05,0,7,gaussian_current,0.041201401501894,13.850879669189453,0.0,0.04956211894750595
0.05,0,8,gaussian_current,0.061651408672332764,12.10057020187378,0.5,0.062377870082855225
0.05,0,9,gaussian_current,0.0418279692530632,13.785332441329956,1.0,0.0730256736278534
0.05,0,10,gaussian_current,0.05589595064520836,12.526196241378784,0.0,0.05105214565992355
0.05,0,11,gaussian_current,0.04531640559434891,13.437445163726807,0.5,0.07015274465084076
0.05,0,12,gaussian_current,0.034460365772247314,14.626801013946533,1.0,0.059110864996910095
0.05,0,13,gaussian_current,0.0605928935110569,12.175782918930054,1.0,0.09137891232967377
0.05,0,14,gaussian_current,0.043612100183963776,13.603930473327637,1.0,0.07771138846874237
0.05,0,15,gaussian_current,0.04279632493853569,13.685935735702515,1.0,0.07160487771034241
0.05,1,0,gaussian_current,0.015293645672500134,18.154889345169067,1.0,0.04252924397587776
0.05,1,1,gaussian_current,0.04745778813958168,13.236925601959229,0.5,0.05727849900722504
0.05,1,2,gaussian_current,0.05215992406010628,12.82663106918335,0.5,0.07427884638309479
0.05,1,3,gaussian_current,0.0584205687046051,12.334342002868652,0.0,0.0858035534620285
0.05,1,4,gaussian_current,0.04851015284657478,13.141673803329468,1.0,0.0708400160074234
0.05,1,5,gaussian_current,0.06343184411525726,11.976926326751709,1.0,0.0792534202337265
0.05,1,6,gaussian_current,0.042669110000133514,13.698863983154297,0.5,0.05966416373848915
0.05,1,7,gaussian_current,0.0537445992231369,12.696651220321655,0.5,0.10578096657991409
0.05,1,8,gaussian_current,0.0542038269340992,12.6596999168396,1.0,0.063085176050663
0.05,1,9,gaussian_current,0.06068796664476395,12.168973684310913,0.5,0.08907053619623184
0.05,1,10,gaussian_current,0.05424139276146889,12.656692266464233,0.5,0.06691093742847443
0.05,1,11,gaussian_current,0.0677730143070221,11.68943166732788,0.5,0.11410374939441681
0.05,1,12,gaussian_current,0.04566427692770958,13.404234647750854,1.0,0.0666794702410698
0.05,1,13,gaussian_current,0.07052662968635559,11.516468524932861,0.0,0.04138597846031189
0.05,1,14,gaussian_current,0.064897321164608,11.877732276916504,0.5,0.10627453774213791
0.05,1,15,gaussian_current,0.07966820895671844,10.987149477005005,0.5,0.0981438085436821
0.05,2,0,gaussian_current,0.04522290453314781,13.446415662765503,0.5,0.07012436538934708
0.05,2,1,gaussian_current,0.01975691318511963,17.042808532714844,1.0,0.066729336977005
0.05,2,2,gaussian_current,0.029401501640677452,15.316305160522461,1.0,0.04152723401784897
0.05,2,3,gaussian_current,0.0684795156121254,11.6443932056427,0.5,0.048681046813726425
0.05,2,4,gaussian_current,0.0702812597155571,11.531604528427124,0.0,0.0692952573299408
0.05,2,5,gaussian_current,0.061544019728899,12.10814118385315,0.0,0.20342470705509186
0.05,2,6,gaussian_current,0.018825771287083626,17.252472639083862,1.0,0.03626025468111038
0.05,2,7,gaussian_current,0.05054501071572304,12.963217496871948,0.0,0.0723479837179184
0.05,2,8,gaussian_current,0.05041114613413811,12.97473430633545,0.0,0.07350453734397888
0.05,2,9,gaussian_current,0.05194714292883873,12.844383716583252,0.5,0.06726278364658356
0.05,2,10,gaussian_current,0.027435701340436935,15.616838932037354,1.0,0.05541107803583145
0.05,2,11,gaussian_current,0.08511726558208466,10.699822902679443,0.0,0.08804668486118317
0.05,2,12,gaussian_current,0.04360150173306465,13.604985475540161,1.0,0.08783631026744843
0.05,2,13,gaussian_current,0.03835645318031311,14.161615371704102,1.0,0.0675116777420044
0.05,2,14,gaussian_current,0.05393967032432556,12.680916786193848,1.0,0.0716080442070961
0.05,2,15,gaussian_current,0.05445375293493271,12.639721632003784,0.5,0.059628505259752274
0.05,3,0,gaussian_current,0.08428435772657394,10.74252963066101,0.5,0.11299852281808853
0.05,3,1,gaussian_current,0.05513589829206467,12.585655450820923,0.5,0.06918027251958847
0.05,3,2,gaussian_current,0.05295019596815109,12.761324644088745,0.0,0.06791509687900543
0.05,3,3,gaussian_current,0.04761053994297981,13.222968578338623,0.5,0.052872397005558014
0.05,3,4,gaussian_current,0.04491677135229111,13.47591519355774,0.0,0.05968717485666275
0.05,3,5,gaussian_current,0.021283915266394615,16.719484329223633,1.0,0.033544789999723434
0.05,3,6,gaussian_current,0.07104386389255524,11.484733819961548,0.5,0.08451720327138901
0.05,3,7,gaussian_current,0.051809776574373245,12.85588264465332,0.0,0.0531354658305645
0.05,3,8,gaussian_current,0.05575573071837425,12.537105083465576,0.5,0.05729447305202484
0.05,3,9,gaussian_current,0.04972042888402939,13.034651279449463,0.5,0.06104903668165207
0.05,3,10,gaussian_current,0.06740427017211914,11.713125705718994,0.5,0.04690578579902649
0.05,3,11,gaussian_current,0.08666842430830002,10.621391534805298,0.5,0.11854282766580582
0.05,3,12,gaussian_current,0.060046374797821045,12.215131521224976,0.5,0.08814001083374023
0.05,3,13,gaussian_current,0.051841579377651215,12.85321831703186,0.5,0.0913199856877327
0.05,3,14,gaussian_current,0.029755057767033577,15.264391899108887,1.0,0.05351545289158821
0.05,3,15,gaussian_current,0.04738776385784149,13.243337869644165,0.5,0.06776953488588333
0.05,4,0,gaussian_current,0.07249942421913147,11.396654844284058,0.5,0.09604541957378387
0.05,4,1,gaussian_current,0.05321790277957916,12.73942232131958,0.0,0.052327960729599
0.05,4,2,gaussian_current,0.03807959333062172,14.193077087402344,1.0,0.046688567847013474
0.05,4,3,gaussian_current,0.02367938868701458,16.256295442581177,1.0,0.04663511738181114
0.05,4,4,gaussian_current,0.035930030047893524,14.44542407989502,1.0,0.05484788119792938
0.05,4,5,gaussian_current,0.059058964252471924,12.287142276763916,0.5,0.08682850003242493
0.05,4,6,gaussian_current,0.05327734723687172,12.73457407951355,1.0,0.07331429421901703
0.05,4,7,gaussian_current,0.040314726531505585,13.945362567901611,1.0,0.040656402707099915
0.05,4,8,gaussian_current,0.06521985679864883,11.856201887130737,0.0,0.09732720255851746
0.05,4,9,gaussian_current,0.0717293843626976,11.443028450012207,1.0,0.1101401150226593
0.05,4,10,gaussian_current,0.054651446640491486,12.62398362159729,1.0,0.06388337910175323
0.05,4,11,gaussian_current,0.0315365195274353,15.011862516403198,1.0,0.04560486227273941
0.05,4,12,gaussian_current,0.051579300314188004,12.875245809555054,1.0,0.07423336058855057
0.05,4,13,gaussian_current,0.06501936912536621,11.869572401046753,0.5,0.08673274517059326
0.05,4,14,gaussian_current,0.09547916799783707,10.200914144515991,0.5,0.1018650159239769
0.05,4,15,gaussian_current,0.0412416011095047,13.84664535522461,1.0,0.05656985938549042
0.05,5,0,gaussian_current,0.049832820892333984,13.024845123291016,1.0,0.0506538525223732
0.05,5,1,gaussian_current,0.04306543990969658,13.658710718154907,1.0,0.07392174005508423
0.05,5,2,gaussian_current,0.055537037551403046,12.554173469543457,0.5,0.0681147426366806
0.05,5,3,gaussian_current,0.04703255742788315,13.27601432800293,1.0,0.037664853036403656
0.05,5,4,gaussian_current,0.04379903897643089,13.585354089736938,1.0,0.058089740574359894
0.05,5,5,gaussian_current,0.04676322638988495,13.300955295562744,1.0,0.03990025818347931
0.05,5,6,gaussian_current,0.10033760219812393,9.985362887382507,0.5,0.11678467690944672
0.05,5,7,gaussian_current,0.043293297290802,13.635793924331665,1.0,0.047503501176834106
0.05,5,8,gaussian_current,0.055457718670368195,12.56037950515747,0.5,0.0567823126912117
0.05,5,9,gaussian_current,0.061234310269355774,12.130051851272583,1.0,0.08068060874938965
0.05,5,10,gaussian_current,0.0359124056994915,14.447555541992188,0.5,0.07268846035003662
0.05,5,11,gaussian_current,0.051268767565488815,12.90147066116333,0.5,0.08633588254451752
0.05,5,12,gaussian_current,0.07529092580080032,11.232573986053467,0.5,0.1277477741241455
0.05,5,13,gaussian_current,0.04786476492881775,13.199840784072876,0.0,0.07932029664516449
0.05,5,14,gaussian_current,0.08872822672128677,10.519381761550903,0.5,0.1396850049495697
0.05,5,15,gaussian_current,0.0642535537481308,11.921027898788452,0.5,0.08773761987686157
0.05,6,0,gaussian_current,0.031048642471432686,15.079573392868042,1.0,0.04187043011188507
0.05,6,1,gaussian_current,0.06567233800888062,11.826175451278687,0.5,0.07603788375854492
0.05,6,2,gaussian_current,0.06559169292449951,11.83151125907898,0.0,0.07931053638458252
0.05,6,3,gaussian_current,0.058417387306690216,12.334579229354858,0.5,0.06894229352474213
0.05,6,4,gaussian_current,0.062483422458171844,12.042351961135864,0.0,0.06731875240802765
0.05,6,5,gaussian_current,0.05359029769897461,12.7091383934021,1.0,0.07391675561666489
0.05,6,6,gaussian_current,0.027316628023982048,15.63572883605957,0.5,0.05097319185733795
0.05,6,7,gaussian_current,0.038827210664749146,14.108637571334839,0.0,0.058037810027599335
0.05,6,8,gaussian_current,0.07289251685142517,11.373170614242554,0.5,0.05157789587974548
0.05,6,9,gaussian_current,0.057782549411058426,12.382032871246338,1.0,0.04997008666396141
0.05,6,10,gaussian_current,0.05473079904913902,12.617682218551636,0.5,0.0978061705827713
0.05,6,11,gaussian_current,0.030803728848695755,15.113967657089233,0.5,0.06980083882808685
0.05,6,12,gaussian_current,0.04646742716431618,13.328514099121094,1.0,0.07029418647289276
0.05,6,13,gaussian_current,0.05095086619257927,12.928484678268433,0.5,0.05248254910111427
0.05,6,14,gaussian_current,0.06011609733104706,12.210092544555664,0.5,0.08574303984642029
0.05,6,15,gaussian_current,0.043659310787916183,13.599231243133545,0.5,0.06884779036045074
0.05,7,0,gaussian_current,0.02333121933043003,16.32062554359436,1.0,0.0378727987408638
0.05,7,1,gaussian_current,0.05256607010960579,12.79294490814209,0.5,0.06331752985715866
0.05,7,2,gaussian_current,0.05027532950043678,12.9864501953125,0.5,0.06243577599525452
0.05,7,3,gaussian_current,0.0889178067445755,10.510112047195435,0.5,0.1052807942032814
0.05,7,4,gaussian_current,0.029647111892700195,15.280176401138306,1.0,0.0533103421330452
0.05,7,5,gaussian_current,0.04546964541077614,13.422784805297852,1.0,0.04458365589380264
0.05,7,6,gaussian_current,0.05374077335000038,12.696961164474487,1.0,0.06967418640851974
0.05,7,7,gaussian_current,0.05231638252735138,12.813622951507568,0.5,0.07282311469316483
0.05,7,8,gaussian_current,0.05437441170215607,12.646054029464722,0.0,0.054493922740221024
0.05,7,9,gaussian_current,0.04781608656048775,13.204259872436523,1.0,0.06209365278482437
0.05,7,10,gaussian_current,0.05740106478333473,12.410800457000732,1.0,0.07385645806789398
0.05,7,11,gaussian_current,0.06203301250934601,12.073770761489868,0.5,0.04068002104759216
0.05,7,12,gaussian_current,0.07805599272251129,11.075937747955322,1.0,0.09621565788984299
0.05,7,13,gaussian_current,0.05106207728385925,12.919014692306519,1.0,0.052322544157505035
0.05,7,14,gaussian_current,0.05842570960521698,12.33396053314209,0.0,0.0680888444185257
0.05,7,15,gaussian_current,0.057284027338027954,12.419664859771729,1.0,0.07510879635810852
0.05,0,0,gaussian_smoother,0.04403369873762131,13.562148809432983,0.5,0.14996179938316345
0.05,0,1,gaussian_smoother,0.05657121539115906,12.474044561386108,0.0,0.2944258749485016
0.05,0,2,gaussian_smoother,0.07353271543979645,11.335194110870361,0.0,0.48155105113983154
0.05,0,3,gaussian_smoother,0.07630887627601624,11.174249649047852,0.0,0.4508885443210602
0.05,0,4,gaussian_smoother,0.07122157514095306,11.473884582519531,0.5,0.22518493235111237
0.05,0,5,gaussian_smoother,0.07598811388015747,11.192543506622314,0.5,0.28901734948158264
0.05,0,6,gaussian_smoother,0.10885392129421234,9.631559252738953,0.0,0.5410065054893494
0.05,0,7,gaussian_smoother,0.07891014963388443,11.028671264648438,0.0,0.3281472325325012
0.05,0,8,gaussian_smoother,0.060337986797094345,12.194092273712158,0.5,0.2723277509212494
0.05,0,9,gaussian_smoother,0.06865052878856659,11.63356065750122,0.0,0.31297487020492554
0.05,0,10,gaussian_smoother,0.0758640319108963,11.199641227722168,0.5,0.23068422079086304
0.05,0,11,gaussian_smoother,0.07090619951486588,11.493158340454102,0.5,0.29877856373786926
0.05,0,12,gaussian_smoother,0.0691850334405899,11.599878072738647,0.0,0.32763010263442993
0.05,0,13,gaussian_smoother,0.07377695292234421,11.320792436599731,0.0,0.36146676540374756
0.05,0,14,gaussian_smoother,0.09477653354406357,10.232992172241211,0.0,0.44606029987335205
0.05,0,15,gaussian_smoother,0.06527157872915268,11.85275912284851,0.0,0.4209195375442505
0.05,1,0,gaussian_smoother,0.030744681134819984,15.122300386428833,0.5,0.2282540202140808
0.05,1,1,gaussian_smoother,0.06284312158823013,12.017422914505005,0.0,0.30759549140930176
0.05,1,2,gaussian_smoother,0.07090381532907486,11.493303775787354,0.5,0.3272194266319275
0.05,1,3,gaussian_smoother,0.07055844366550446,11.514509916305542,0.0,0.4005722999572754
0.05,1,4,gaussian_smoother,0.07008937746286392,11.543477773666382,0.0,0.38526052236557007
0.05,1,5,gaussian_smoother,0.09073503315448761,10.422250032424927,0.5,0.5248458981513977
0.05,1,6,gaussian_smoother,0.06643816828727722,11.775823831558228,0.0,0.368721067905426
0.05,1,7,gaussian_smoother,0.06588886678218842,11.811879873275757,0.5,0.5118229389190674
0.05,1,8,gaussian_smoother,0.0812574103474617,10.90137004852295,0.0,0.3394016623497009
0.05,1,9,gaussian_smoother,0.0766172781586647,11.15673303604126,0.5,0.35946589708328247
0.05,1,10,gaussian_smoother,0.07701219618320465,11.134405136108398,0.0,0.31685924530029297
0.05,1,11,gaussian_smoother,0.09023929387331009,10.446043014526367,0.5,0.3402164578437805
0.05,1,12,gaussian_smoother,0.07798255980014801,11.080025434494019,0.0,0.5822625160217285
0.05,1,13,gaussian_smoother,0.07204841822385788,11.423755884170532,0.0,0.08223503082990646
0.05,1,14,gaussian_smoother,0.07004565745592117,11.546187400817871,0.0,0.37339791655540466
0.05,1,15,gaussian_smoother,0.08140068501234055,10.89371919631958,0.0,0.5623964667320251
0.05,2,0,gaussian_smoother,0.06763587146997452,11.698229312896729,0.0,0.27500051259994507
0.05,2,1,gaussian_smoother,0.04867222532629967,13.127187490463257,0.0,0.3296666145324707
0.05,2,2,gaussian_smoother,0.051014360040426254,12.923076152801514,0.5,0.38804391026496887
0.05,2,3,gaussian_smoother,0.08947889506816864,10.482794046401978,0.5,0.19430863857269287
0.05,2,4,gaussian_smoother,0.07397235184907913,11.309305429458618,0.5,0.23094704747200012
0.05,2,5,gaussian_smoother,0.07934508472681046,11.004799604415894,0.0,0.5405362248420715
0.05,2,6,gaussian_smoother,0.07430285215377808,11.289944648742676,0.0,0.38792622089385986
0.05,2,7,gaussian_smoother,0.08272591233253479,10.823584794998169,0.0,0.4667785167694092
0.05,2,8,gaussian_smoother,0.0795929804444313,10.991252660751343,0.5,0.4762650728225708
0.05,2,9,gaussian_smoother,0.07984048128128052,10.977768898010254,0.0,0.4240598976612091
0.05,2,10,gaussian_smoother,0.057427313178777695,12.408814430236816,0.0,0.2699277102947235
0.05,2,11,gaussian_smoother,0.08810430020093918,10.550029277801514,0.0,0.42305779457092285
0.05,2,12,gaussian_smoother,0.08158597350120544,10.883845090866089,0.0,0.47879940271377563
0.05,2,13,gaussian_smoother,0.06154315173625946,12.108203172683716,0.0,0.25346750020980835
0.05,2,14,gaussian_smoother,0.058548782020807266,12.324820756912231,0.5,0.4794265329837799
0.05,2,15,gaussian_smoother,0.07985866069793701,10.976779460906982,0.0,0.4876413941383362
0.05,3,0,gaussian_smoother,0.06630975008010864,11.784225702285767,0.0,0.5125088095664978
0.05,3,1,gaussian_smoother,0.08088474720716476,10.921334028244019,0.0,0.24450162053108215
0.05,3,2,gaussian_smoother,0.07116912305355072,11.477084159851074,0.5,0.5092337131500244
0.05,3,3,gaussian_smoother,0.05474250763654709,12.616753578186035,1.0,0.27536892890930176
0.05,3,4,gaussian_smoother,0.05413083732128143,12.665553092956543,0.0,0.45653632283210754
0.05,3,5,gaussian_smoother,0.04920182749629021,13.080188035964966,0.0,0.3712064325809479
0.05,3,6,gaussian_smoother,0.07585608214139938,11.200095415115356,0.0,0.5511437654495239
0.05,3,7,gaussian_smoother,0.08177432417869568,10.873830318450928,0.0,0.2267933189868927
0.05,3,8,gaussian_smoother,0.05727552995085716,12.420308589935303,0.0,0.3967771828174591
0.05,3,9,gaussian_smoother,0.05648556351661682,12.480624914169312,0.0,0.44731783866882324
0.05,3,10,gaussian_smoother,0.054733797907829285,12.617443799972534,0.5,0.3372938632965088
0.05,3,11,gaussian_smoother,0.08774807304143906,10.567624568939209,0.5,0.38610902428627014
0.05,3,12,gaussian_smoother,0.07801130414009094,11.078424453735352,0.5,0.6652635931968689
0.05,3,13,gaussian_smoother,0.06644990295171738,11.77505612373352,0.0,0.3313581347465515
0.05,3,14,gaussian_smoother,0.05129487067461014,12.899260520935059,0.0,0.20693400502204895
0.05,3,15,gaussian_smoother,0.055685725063085556,12.542561292648315,0.0,0.5004220008850098
0.05,4,0,gaussian_smoother,0.09045053273439407,10.435888767242432,0.5,0.4478076994419098
0.05,4,1,gaussian_smoother,0.063552126288414,11.96869969367981,0.0,0.1736556589603424
0.05,4,2,gaussian_smoother,0.0806938037276268,10.93159794807434,0.0,0.24709156155586243
0.05,4,3,gaussian_smoother,0.05517285317182541,12.582745552062988,0.5,0.33512523770332336
0.05,4,4,gaussian_smoother,0.07707658410072327,11.130775213241577,0.0,0.28849679231643677
0.05,4,5,gaussian_smoother,0.07292735576629639,11.371095180511475,0.5,0.3914825916290283
0.05,4,6,gaussian_smoother,0.07011877000331879,11.541657447814941,0.0,0.5173787474632263
0.05,4,7,gaussian_smoother,0.051444005221128464,12.886651754379272,0.5,0.5810593366622925
0.05,4,8,gaussian_smoother,0.08722598105669022,10.593541860580444,0.0,0.5119792222976685
0.05,4,9,gaussian_smoother,0.07175657898187637,11.44138216972351,0.0,0.4779607057571411
0.05,4,10,gaussian_smoother,0.07438486814498901,11.28515362739563,0.0,0.2592230439186096
0.05,4,11,gaussian_smoother,0.05219672992825508,12.823567390441895,0.5,0.2274671196937561
0.05,4,12,gaussian_smoother,0.07560290396213531,11.214615106582642,0.5,0.382951557636261
0.05,4,13,gaussian_smoother,0.06781486421823502,11.686750650405884,0.5,0.34179186820983887
0.05,4,14,gaussian_smoother,0.08154898881912231,10.885814428329468,0.0,0.4383585751056671
0.05,4,15,gaussian_smoother,0.0878109335899353,10.564514398574829,0.0,0.5123602747917175
0.05,5,0,gaussian_smoother,0.06701692938804626,11.738154888153076,0.0,0.2702403664588928
0.05,5,1,gaussian_smoother,0.09286925941705704,10.321279764175415,0.0,0.4289551377296448
0.05,5,2,gaussian_smoother,0.08836867660284042,10.53701639175415,0.0,0.46088260412216187
0.05,5,3,gaussian_smoother,0.07925533503293991,11.009714603424072,0.0,0.23622827231884003
0.05,5,4,gaussian_smoother,0.060299620032310486,12.19685435295105,0.5,0.2809208631515503
0.05,5,5,gaussian_smoother,0.0850699171423912,10.702240467071533,0.5,0.28476643562316895
0.05,5,6,gaussian_smoother,0.09109249711036682,10.405174493789673,0.0,0.5094367861747742
0.05,5,7,gaussian_smoother,0.06536784768104553,11.846357583999634,0.0,0.25979191064834595
0.05,5,8,gaussian_smoother,0.07140334695577621,11.462814807891846,0.5,0.28343629837036133
0.05,5,9,gaussian_smoother,0.07404568791389465,11.305001974105835,0.0,0.32534462213516235
0.05,5,10,gaussian_smoother,0.06683403253555298,11.750023365020752,0.5,0.3704945147037506
0.05,5,11,gaussian_smoother,0.0554439052939415,12.561461925506592,0.5,0.4065353572368622
0.05,5,12,gaussian_smoother,0.08518510311841965,10.69636344909668,0.0,0.4135250449180603
0.05,5,13,gaussian_smoother,0.07102710008621216,11.485759019851685,0.0,0.5600794553756714
0.05,5,14,gaussian_smoother,0.08102767169475555,10.913666486740112,0.0,0.5431187152862549
0.05,5,15,gaussian_smoother,0.07960778474807739,10.990444421768188,0.0,0.6494576334953308
0.05,6,0,gaussian_smoother,0.049815528094768524,13.026353120803833,0.5,0.2596568167209625
0.05,6,1,gaussian_smoother,0.09352055191993713,10.290929079055786,0.5,0.304090291261673
0.05,6,2,gaussian_smoother,0.06773843616247177,11.69164776802063,0.0,0.4270951449871063
0.05,6,3,gaussian_smoother,0.07399208843708038,11.308146715164185,0.0,0.603801965713501
0.05,6,4,gaussian_smoother,0.0700383260846138,11.546642780303955,0.0,0.36925172805786133
0.05,6,5,gaussian_smoother,0.08481399714946747,10.715324878692627,0.0,0.41171008348464966
0.05,6,6,gaussian_smoother,0.0916384756565094,10.379221439361572,0.5,0.3377857804298401
0.05,6,7,gaussian_smoother,0.05962548032402992,12.245681285858154,0.0,0.3903159499168396
0.05,6,8,gaussian_smoother,0.09314568340778351,10.308372974395752,0.0,0.2834029793739319
0.05,6,9,gaussian_smoother,0.07933516800403595,11.00534200668335,0.0,0.1486932635307312
0.05,6,10,gaussian_smoother,0.09289010614156723,10.320305824279785,0.0,0.38075077533721924
0.05,6,11,gaussian_smoother,0.06378467381000519,11.952836513519287,0.0,0.44034212827682495
0.05,6,12,gaussian_smoother,0.06453169882297516,11.902269124984741,0.0,0.3508221507072449
0.05,6,13,gaussian_smoother,0.07282601296901703,11.377134323120117,0.0,0.34658104181289673
0.05,6,14,gaussian_smoother,0.0668712705373764,11.747604608535767,0.0,0.4897352457046509
0.05,6,15,gaussian_smoother,0.0770953893661499,11.12971544265747,0.5,0.43920257687568665
0.05,7,0,gaussian_smoother,0.034241870045661926,14.654425382614136,0.5,0.2201482653617859
0.05,7,1,gaussian_smoother,0.09735950082540512,10.116217136383057,0.0,0.4716564416885376
0.05,7,2,gaussian_smoother,0.07319331914186478,11.35528564453125,0.0,0.3833608329296112
0.05,7,3,gaussian_smoother,0.08218604326248169,10.852019786834717,0.0,0.4541720151901245
0.05,7,4,gaussian_smoother,0.07311566174030304,11.359895467758179,0.5,0.42522960901260376
0.05,7,5,gaussian_smoother,0.07520811259746552,11.237353086471558,0.0,0.4310801923274994
0.05,7,6,gaussian_smoother,0.08492043614387512,10.709878206253052,0.0,0.29998528957366943
0.05,7,7,gaussian_smoother,0.08578506112098694,10.66588282585144,0.0,0.2785298228263855
0.05,7,8,gaussian_smoother,0.0861532911658287,10.647281408309937,0.0,0.4426760971546173
0.05,7,9,gaussian_smoother,0.06873352825641632,11.628313064575195,0.5,0.32064729928970337
0.05,7,10,gaussian_smoother,0.07051695883274078,11.517064571380615,1.0,0.2666413187980652
0.05,7,11,gaussian_smoother,0.07101377099752426,11.486574411392212,0.0,0.12580472230911255
0.05,7,12,gaussian_smoother,0.08799946308135986,10.555199384689331,0.0,0.4605906009674072
0.05,7,13,gaussian_smoother,0.08974485844373703,10.469903945922852,0.5,0.20924469828605652
0.05,7,14,gaussian_smoother,0.05096808820962906,12.927016019821167,0.5,0.25648248195648193
0.05,7,15,gaussian_smoother,0.08811290562152863,10.549604892730713,0.0,0.32873186469078064
0.05,0,0,bilstm,0.023976335301995277,16.20217204093933,1.0,0.04253607615828514
0.05,0,1,bilstm,0.025321491062641144,15.965107679367065,1.0,0.06529410928487778
0.05,0,2,bilstm,0.058242108672857285,12.347629070281982,0.5,0.2176186591386795
0.05,0,3,bilstm,0.06547614932060242,11.839169263839722,1.0,0.11200543493032455
0.05,0,4,bilstm,0.053968001157045364,12.678636312484741,0.5,0.06188717111945152
0.05,0,5,bilstm,0.0741044133901596,11.301559209823608,0.5,0.10035313665866852
0.05,0,6,bilstm,0.10171753168106079,9.926041960716248,0.5,0.15809908509254456
0.05,0,7,bilstm,0.041231729090213776,13.847684860229492,0.5,0.08192162215709686
0.05,0,8,bilstm,0.07034298777580261,11.52779221534729,0.5,0.10330172628164291
0.05,0,9,bilstm,0.046622421592473984,13.314051628112793,1.0,0.12451881170272827
0.05,0,10,bilstm,0.05658229440450668,12.473194599151611,0.5,0.07980993390083313
0.05,0,11,bilstm,0.04724796116352081,13.256169557571411,0.5,0.09411792457103729
0.05,0,12,bilstm,0.03650667890906334,14.376276731491089,1.0,0.0778559073805809
0.05,0,13,bilstm,0.061598408967256546,12.104305028915405,0.5,0.13151179254055023
0.05,0,14,bilstm,0.04677120968699455,13.300213813781738,1.0,0.12105084955692291
0.05,0,15,bilstm,0.04674125090241432,13.302996158599854,1.0,0.10340923070907593
0.05,1,0,bilstm,0.018578873947262764,17.30980634689331,1.0,0.062374331057071686
0.05,1,1,bilstm,0.05134443938732147,12.895065546035767,0.5,0.08664768934249878
0.05,1,2,bilstm,0.05453399568796158,12.63332724571228,0.5,0.1388872265815735
0.05,1,3,bilstm,0.063322052359581,11.984449625015259,0.5,0.11941004544496536
0.05,1,4,bilstm,0.051261089742183685,12.902121543884277,0.5,0.10440661013126373
0.05,1,5,bilstm,0.060040153563022614,12.215582132339478,1.0,0.11311095952987671
0.05,1,6,bilstm,0.044150497764348984,13.550643920898438,1.0,0.08093026280403137
0.05,1,7,bilstm,0.04943183809518814,13.059931993484497,0.0,0.16507768630981445
0.05,1,8,bilstm,0.06579709053039551,11.817933320999146,0.5,0.09892537444829941
0.05,1,9,bilstm,0.06176257133483887,12.092746496200562,0.5,0.11506320536136627
0.05,1,10,bilstm,0.055934302508831024,12.52321720123291,0.5,0.11532113701105118
0.05,1,11,bilstm,0.06762246787548065,11.699090003967285,0.5,0.16187769174575806
0.05,1,12,bilstm,0.058274541050195694,12.345211505889893,1.0,0.12447763979434967
0.05,1,13,bilstm,0.0497511588037014,13.031967878341675,1.0,0.05764618515968323
0.05,1,14,bilstm,0.06138460338115692,12.119405269622803,0.5,0.1529151350259781
0.05,1,15,bilstm,0.08994421362876892,10.460268259048462,1.0,0.16455090045928955
0.05,2,0,bilstm,0.04840146377682686,13.151415586471558,1.0,0.11343024671077728
0.05,2,1,bilstm,0.025881972163915634,15.870026350021362,1.0,0.10944196581840515
0.05,2,2,bilstm,0.027958646416664124,15.534838438034058,1.0,0.0781124010682106
0.05,2,3,bilstm,0.07177621126174927,11.440194845199585,0.5,0.07226531207561493
0.05,2,4,bilstm,0.07164318114519119,11.448251008987427,1.0,0.10826493799686432
0.05,2,5,bilstm,0.07237408310174942,11.404169797897339,0.0,0.32157841324806213
0.05,2,6,bilstm,0.020773043856024742,16.82499885559082,1.0,0.04612504690885544
0.05,2,7,bilstm,0.04792201891541481,13.19464921951294,1.0,0.11203841865062714
0.05,2,8,bilstm,0.0572059191763401,12.425590753555298,0.5,0.1376650333404541
0.05,2,9,bilstm,0.0562969408929348,12.49515175819397,1.0,0.09552190452814102
0.05,2,10,bilstm,0.02998647466301918,15.230746269226074,1.0,0.09172089397907257
0.05,2,11,bilstm,0.08229653537273407,10.846184492111206,0.5,0.1607714295387268
0.05,2,12,bilstm,0.04926718398928642,13.07442307472229,1.0,0.11848224699497223
0.05,2,13,bilstm,0.03926954045891762,14.059442281723022,1.0,0.08784990757703781
0.05,2,14,bilstm,0.05375809222459793,12.695561647415161,0.5,0.11021013557910919
0.05,2,15,bilstm,0.04576163366436958,13.39498519897461,0.0,0.12001273036003113
0.05,3,0,bilstm,0.08715842664241791,10.596905946731567,0.0,0.15918439626693726
0.05,3,1,bilstm,0.06536433845758438,11.846591234207153,0.5,0.10293316841125488
0.05,3,2,bilstm,0.052387963980436325,12.807685136795044,0.0,0.09427841752767563
0.05,3,3,bilstm,0.046220507472753525,13.3516526222229,0.5,0.08285681903362274
0.05,3,4,bilstm,0.052199143916368484,12.823365926742554,0.5,0.11436638236045837
0.05,3,5,bilstm,0.022709157317876816,16.437989473342896,0.5,0.03663235157728195
0.05,3,6,bilstm,0.07130835205316544,11.468596458435059,1.0,0.13521982729434967
0.05,3,7,bilstm,0.04926646500825882,13.074486255645752,0.0,0.09427431970834732
0.05,3,8,bilstm,0.06405460834503174,11.9344961643219,0.0,0.10092449188232422
0.05,3,9,bilstm,0.05495460703969002,12.599959373474121,1.0,0.10526134073734283
0.05,3,10,bilstm,0.06054909527301788,12.178922891616821,0.5,0.06563638895750046
0.05,3,11,bilstm,0.08783109486103058,10.563516616821289,0.5,0.1792389154434204
0.05,3,12,bilstm,0.0588659793138504,12.301356792449951,0.5,0.18451359868049622
0.05,3,13,bilstm,0.051146648824214935,12.911828756332397,0.5,0.1473712921142578
0.05,3,14,bilstm,0.04363546893000603,13.601603507995605,1.0,0.08642305433750153
0.05,3,15,bilstm,0.043955449014902115,13.569872379302979,0.5,0.12054618448019028
0.05,4,0,bilstm,0.07541309297084808,11.225532293319702,0.5,0.16751685738563538
0.05,4,1,bilstm,0.05339404195547104,12.725071907043457,0.0,0.07080966234207153
0.05,4,2,bilstm,0.04898920655250549,13.098995685577393,1.0,0.07442422211170197
0.05,4,3,bilstm,0.035062000155448914,14.551633596420288,1.0,0.07736293971538544
0.05,4,4,bilstm,0.043583616614341736,13.606767654418945,0.5,0.08945664763450623
0.05,4,5,bilstm,0.06281457841396332,12.01939582824707,0.5,0.12704099714756012
0.05,4,6,bilstm,0.053200509399175644,12.74084210395813,0.5,0.0958060547709465
0.05,4,7,bilstm,0.03719373047351837,14.295302629470825,1.0,0.08424514532089233
0.05,4,8,bilstm,0.06953691691160202,11.577845811843872,0.0,0.17021091282367706
0.05,4,9,bilstm,0.07778485119342804,11.091049909591675,0.0,0.15488973259925842
0.05,4,10,bilstm,0.05488330498337746,12.605597972869873,1.0,0.10882386565208435
0.05,4,11,bilstm,0.03461915999650955,14.606834650039673,1.0,0.059146422892808914
0.05,4,12,bilstm,0.0625268965959549,12.039331197738647,1.0,0.12143462896347046
0.05,4,13,bilstm,0.06493622809648514,11.87512993812561,0.5,0.12468108534812927
0.05,4,14,bilstm,0.09176833927631378,10.373071432113647,0.5,0.14294728636741638
0.05,4,15,bilstm,0.041857924312353134,13.782223463058472,0.5,0.08125381171703339
0.05,5,0,bilstm,0.04615681990981102,13.357641696929932,1.0,0.06581859290599823
0.05,5,1,bilstm,0.044798593968153,13.487355709075928,1.0,0.11000075936317444
0.05,5,2,bilstm,0.04769930988550186,13.214879035949707,0.5,0.08860975503921509
0.05,5,3,bilstm,0.053561367094516754,12.711483240127563,0.5,0.060502275824546814
0.05,5,4,bilstm,0.044799599796533585,13.487259149551392,1.0,0.07995784282684326
0.05,5,5,bilstm,0.04873606935143471,13.121495246887207,1.0,0.05999265983700752
0.05,5,6,bilstm,0.10585422813892365,9.752917885780334,0.5,0.17779651284217834
0.05,5,7,bilstm,0.04061355069279671,13.91329050064087,1.0,0.07029449939727783
0.05,5,8,bilstm,0.0600520595908165,12.214721441268921,1.0,0.0916900709271431
0.05,5,9,bilstm,0.06009986624121666,12.211264371871948,1.0,0.11956415325403214
0.05,5,10,bilstm,0.039079319685697556,14.080530405044556,1.0,0.11129962652921677
0.05,5,11,bilstm,0.0543198399245739,12.65041470527649,0.5,0.14360550045967102
0.05,5,12,bilstm,0.07050811499357224,11.517609357833862,0.5,0.1723715364933014
0.05,5,13,bilstm,0.05204572156071663,12.83614993095398,0.5,0.13750076293945312
0.05,5,14,bilstm,0.07383286952972412,11.31750226020813,1.0,0.23810315132141113
0.05,5,15,bilstm,0.06291172653436661,12.012684345245361,1.0,0.162614107131958
0.05,6,0,bilstm,0.032752737402915955,14.847524166107178,1.0,0.05038544535636902
0.05,6,1,bilstm,0.06831803917884827,11.654646396636963,0.5,0.13128288090229034
0.05,6,2,bilstm,0.06701724976301193,11.738133430480957,0.0,0.115998275578022
0.05,6,3,bilstm,0.04671275243163109,13.305644989013672,0.5,0.12623810768127441
0.05,6,4,bilstm,0.05326193571090698,12.735830545425415,0.5,0.09838594496250153
0.05,6,5,bilstm,0.06125696748495102,12.128444910049438,1.0,0.10060520470142365
0.05,6,6,bilstm,0.035750240087509155,14.46721076965332,0.5,0.06605646014213562
0.05,6,7,bilstm,0.03614572063088417,14.419431686401367,0.5,0.10420392453670502
0.05,6,8,bilstm,0.07349078357219696,11.337671279907227,0.0,0.08702172338962555
0.05,6,9,bilstm,0.06044818088412285,12.186167240142822,1.0,0.06846357136964798
0.05,6,10,bilstm,0.07960264384746552,10.990724563598633,0.5,0.15742343664169312
0.05,6,11,bilstm,0.02387421205639839,16.220709085464478,1.0,0.10590171813964844
0.05,6,12,bilstm,0.04941020533442497,13.061833381652832,0.5,0.11468789726495743
0.05,6,13,bilstm,0.054055146872997284,12.671629190444946,0.5,0.08665931224822998
0.05,6,14,bilstm,0.051278918981552124,12.900611162185669,1.0,0.1558617651462555
0.05,6,15,bilstm,0.04730395972728729,13.2510244846344,1.0,0.09297400712966919
0.05,7,0,bilstm,0.024253854528069496,16.15219235420227,1.0,0.04199794679880142
0.05,7,1,bilstm,0.041890475898981094,13.778847455978394,0.5,0.08720588684082031
0.05,7,2,bilstm,0.0506540946662426,12.95385479927063,0.0,0.10723668336868286
0.05,7,3,bilstm,0.07965618371963501,10.987805128097534,0.0,0.14729411900043488
0.05,7,4,bilstm,0.0346846878528595,14.59862232208252,1.0,0.058515943586826324
0.05,7,5,bilstm,0.049041107296943665,13.094397783279419,1.0,0.06784141063690186
0.05,7,6,bilstm,0.07408442348241806,11.302731037139893,1.0,0.11194606125354767
0.05,7,7,bilstm,0.05007443204522133,13.003839254379272,0.5,0.09786277264356613
0.05,7,8,bilstm,0.0546780563890934,12.62186884880066,0.0,0.09842421114444733
0.05,7,9,bilstm,0.0514402873814106,12.886966466903687,1.0,0.097823865711689
0.05,7,10,bilstm,0.05648953467607498,12.480319738388062,1.0,0.12039782106876373
0.05,7,11,bilstm,0.06740948557853699,11.712789535522461,0.5,0.07669587433338165
0.05,7,12,bilstm,0.06884896755218506,11.621025800704956,1.0,0.13547155261039734
0.05,7,13,bilstm,0.05957048758864403,12.249687910079956,0.5,0.07710711658000946
0.05,7,14,bilstm,0.0601886622607708,12.204853296279907,0.0,0.09783488512039185
0.05,7,15,bilstm,0.059067513793706894,12.286512851715088,0.5,0.12242192775011063
0.05,0,0,diffusion_mean,0.03601444512605667,14.435232877731323,1.0,0.08043570816516876
0.05,0,1,diffusion_mean,0.02869368903338909,15.422135591506958,0.5,0.09491021931171417
0.05,0,2,diffusion_mean,0.05763529613614082,12.393114566802979,0.0,0.20621958374977112
0.05,0,3,diffusion_mean,0.06690139323472977,11.745648384094238,1.0,0.1512756496667862
0.05,0,4,diffusion_mean,0.048327017575502396,13.15809965133667,1.0,0.10657902806997299
0.05,0,5,diffusion_mean,0.05879714712500572,12.306437492370605,1.0,0.1437227725982666
0.05,0,6,diffusion_mean,0.0983615517616272,10.071746110916138,0.0,0.1562207192182541
0.05,0,7,diffusion_mean,0.04377010092139244,13.588224649429321,0.5,0.13002493977546692
0.05,0,8,diffusion_mean,0.07112438976764679,11.479814052581787,0.5,0.13029047846794128
0.05,0,9,diffusion_mean,0.04916815832257271,13.083161115646362,1.0,0.14653082191944122
0.05,0,10,diffusion_mean,0.0633256584405899,11.984202861785889,0.0,0.0993957594037056
0.05,0,11,diffusion_mean,0.06316746026277542,11.995066404342651,0.5,0.1389332413673401
0.05,0,12,diffusion_mean,0.037742868065834045,14.231650829315186,1.0,0.0999637097120285
0.05,0,13,diffusion_mean,0.06504631042480469,11.867773532867432,0.5,0.1710473597049713
0.05,0,14,diffusion_mean,0.056376684457063675,12.489004135131836,1.0,0.12818169593811035
0.05,0,15,diffusion_mean,0.04359867796301842,13.605266809463501,1.0,0.1554439663887024
0.05,1,0,diffusion_mean,0.014431011863052845,18.40703248977661,1.0,0.0887526422739029
0.05,1,1,diffusion_mean,0.04741549864411354,13.240796327590942,0.5,0.11049291491508484
0.05,1,2,diffusion_mean,0.05396437644958496,12.67892837524414,0.5,0.13581347465515137
0.05,1,3,diffusion_mean,0.06591954827308655,11.809858083724976,0.5,0.13981740176677704
0.05,1,4,diffusion_mean,0.06604645401239395,11.801505088806152,0.5,0.11722993105649948
0.05,1,5,diffusion_mean,0.08077658712863922,10.92714548110962,1.0,0.13632923364639282
0.05,1,6,diffusion_mean,0.04358436167240143,13.606692552566528,0.5,0.10749121010303497
0.05,1,7,diffusion_mean,0.05518922209739685,12.581456899642944,0.0,0.19155701994895935
0.05,1,8,diffusion_mean,0.05752304941415787,12.401580810546875,0.5,0.1241174191236496
0.05,1,9,diffusion_mean,0.06409887969493866,11.931495666503906,0.5,0.14373961091041565
0.05,1,10,diffusion_mean,0.06192067638039589,12.081643342971802,0.0,0.13100361824035645
0.05,1,11,diffusion_mean,0.06847153604030609,11.644899845123291,0.5,0.18694081902503967
0.05,1,12,diffusion_mean,0.05608590692281723,12.511461973190308,1.0,0.12128029018640518
0.05,1,13,diffusion_mean,0.07102701812982559,11.485763788223267,0.0,0.08733497560024261
0.05,1,14,diffusion_mean,0.06995904445648193,11.55156135559082,0.0,0.178913414478302
0.05,1,15,diffusion_mean,0.08895574510097504,10.508259534835815,0.5,0.20137128233909607
0.05,2,0,diffusion_mean,0.05784432590007782,12.377392053604126,0.5,0.13526412844657898
0.05,2,1,diffusion_mean,0.028107987716794014,15.511702299118042,1.0,0.138066828250885
0.05,2,2,diffusion_mean,0.030084503814578056,15.21657109260559,1.0,0.09224545955657959
0.05,2,3,diffusion_mean,0.06426113843917847,11.920515298843384,0.5,0.08703752607107162
0.05,2,4,diffusion_mean,0.07012587785720825,11.541216373443604,0.0,0.12056249380111694
0.05,2,5,diffusion_mean,0.06622087210416794,11.790051460266113,0.0,0.31169673800468445
0.05,2,6,diffusion_mean,0.029803475365042686,15.257331132888794,0.5,0.07455337792634964
0.05,2,7,diffusion_mean,0.059003084897994995,12.291252613067627,0.0,0.14792077243328094
0.05,2,8,diffusion_mean,0.06660829484462738,11.764717102050781,0.0,0.15754473209381104
0.05,2,9,diffusion_mean,0.0580592155456543,12.361288070678711,0.5,0.1220552921295166
0.05,2,10,diffusion_mean,0.029412491247057915,15.31468152999878,1.0,0.10595173388719559
0.05,2,11,diffusion_mean,0.07552355527877808,11.219176054000854,0.5,0.16805818676948547
0.05,2,12,diffusion_mean,0.05005685240030289,13.005365133285522,1.0,0.15408000349998474
0.05,2,13,diffusion_mean,0.046506378799676895,13.324874639511108,0.0,0.10413238406181335
0.05,2,14,diffusion_mean,0.06925345212221146,11.595585346221924,0.5,0.1234075129032135
0.05,2,15,diffusion_mean,0.05079221725463867,12.942028045654297,0.5,0.10295568406581879
0.05,3,0,diffusion_mean,0.07077448070049286,11.501233577728271,0.0,0.174040749669075
0.05,3,1,diffusion_mean,0.060770802199840546,12.163050174713135,0.0,0.12556672096252441
0.05,3,2,diffusion_mean,0.05223046615719795,12.82076120376587,0.0,0.13758020102977753
0.05,3,3,diffusion_mean,0.049242034554481506,13.076640367507935,0.5,0.1278475970029831
0.05,3,4,diffusion_mean,0.05921725183725357,12.275516986846924,0.0,0.12491841614246368
0.05,3,5,diffusion_mean,0.023800743743777275,16.234095096588135,0.5,0.0907917469739914
0.05,3,6,diffusion_mean,0.0775405615568161,11.104710102081299,0.0,0.15044215321540833
0.05,3,7,diffusion_mean,0.061046212911605835,12.143412828445435,0.0,0.09708794951438904
0.05,3,8,diffusion_mean,0.06974685192108154,11.564754247665405,0.5,0.1279693841934204
0.05,3,9,diffusion_mean,0.0666215792298317,11.763850450515747,0.5,0.14121085405349731
0.05,3,10,diffusion_mean,0.07381512224674225,11.318546533584595,0.0,0.11092673242092133
0.05,3,11,diffusion_mean,0.10016419738531113,9.99287486076355,0.5,0.1723880171775818
0.05,3,12,diffusion_mean,0.05629722401499748,12.49513030052185,0.5,0.17619845271110535
0.05,3,13,diffusion_mean,0.06011900678277016,12.20988154411316,0.5,0.17312130331993103
0.05,3,14,diffusion_mean,0.039635952562093735,14.01910662651062,0.5,0.11199795454740524
0.05,3,15,diffusion_mean,0.055328935384750366,12.570476531982422,0.5,0.14614678919315338
0.05,4,0,diffusion_mean,0.08059759438037872,10.936778783798218,0.5,0.18230929970741272
0.05,4,1,diffusion_mean,0.05960503965616226,12.247170209884644,0.5,0.11041560769081116
0.05,4,2,diffusion_mean,0.04898696020245552,13.099194765090942,0.5,0.1024026870727539
0.05,4,3,diffusion_mean,0.03126620873808861,15.049247741699219,0.5,0.11405757069587708
0.05,4,4,diffusion_mean,0.03980852663516998,14.000239372253418,1.0,0.12090538442134857
0.05,4,5,diffusion_mean,0.06432966142892838,11.915887594223022,0.5,0.14687421917915344
0.05,4,6,diffusion_mean,0.0747375637292862,11.264610290527344,0.5,0.13572531938552856
0.05,4,7,diffusion_mean,0.04434550181031227,13.531503677368164,1.0,0.10779500007629395
0.05,4,8,diffusion_mean,0.06686977297067642,11.747701168060303,0.0,0.17769601941108704
0.05,4,9,diffusion_mean,0.09182319045066833,10.370476245880127,1.0,0.19574660062789917
0.05,4,10,diffusion_mean,0.06671786308288574,11.75757884979248,0.5,0.10360913723707199
0.05,4,11,diffusion_mean,0.036192335188388824,14.413833618164062,1.0,0.09946794807910919
0.05,4,12,diffusion_mean,0.056405454874038696,12.486789226531982,1.0,0.1390233337879181
0.05,4,13,diffusion_mean,0.06767015904188156,11.696027517318726,0.5,0.1421290934085846
0.05,4,14,diffusion_mean,0.07640645653009415,11.168699264526367,0.5,0.1668761968612671
0.05,4,15,diffusion_mean,0.047751475125551224,13.210132122039795,1.0,0.1081392839550972
0.05,5,0,diffusion_mean,0.07061560451984406,11.510993242263794,1.0,0.1045069545507431
0.05,5,1,diffusion_mean,0.04668261483311653,13.308448791503906,1.0,0.14342980086803436
0.05,5,2,diffusion_mean,0.06157489866018295,12.105963230133057,0.5,0.12359678745269775
0.05,5,3,diffusion_mean,0.0482037328183651,13.169193267822266,0.5,0.08366689831018448
0.05,5,4,diffusion_mean,0.040335625410079956,13.943111896514893,1.0,0.10736637562513351
0.05,5,5,diffusion_mean,0.05202595517039299,12.837799787521362,1.0,0.08047078549861908
0.05,5,6,diffusion_mean,0.09849230200052261,10.065977573394775,0.5,0.18290284276008606
0.05,5,7,diffusion_mean,0.05556847155094147,12.55171537399292,0.5,0.09067848324775696
0.05,5,8,diffusion_mean,0.06206338107585907,12.071645259857178,0.5,0.10897752642631531
0.05,5,9,diffusion_mean,0.06985238194465637,11.558188199996948,0.5,0.11319102346897125
0.05,5,10,diffusion_mean,0.03889599069952965,14.1009521484375,1.0,0.11744962632656097
0.05,5,11,diffusion_mean,0.0508514940738678,12.936962842941284,0.5,0.1778317391872406
0.05,5,12,diffusion_mean,0.08354078978300095,10.78101396560669,1.0,0.2011134922504425
0.05,5,13,diffusion_mean,0.06148388609290123,12.112387418746948,0.0,0.14819681644439697
0.05,5,14,diffusion_mean,0.09518342465162277,10.21438717842102,0.5,0.24471934139728546
0.05,5,15,diffusion_mean,0.06919877976179123,11.599016189575195,0.5,0.18040844798088074
0.05,6,0,diffusion_mean,0.04342801123857498,13.622300624847412,1.0,0.11324962973594666
0.05,6,1,diffusion_mean,0.06100175902247429,12.146576642990112,0.5,0.12697938084602356
0.05,6,2,diffusion_mean,0.06736256927251816,11.715813875198364,0.0,0.1435244381427765
0.05,6,3,diffusion_mean,0.06500452011823654,11.870564222335815,0.0,0.13236230611801147
0.05,6,4,diffusion_mean,0.06884341686964035,11.621376276016235,1.0,0.11218129098415375
0.05,6,5,diffusion_mean,0.06112157925963402,12.138054370880127,1.0,0.1418338119983673
0.05,6,6,diffusion_mean,0.03901464864611626,14.08772349357605,1.0,0.15195392072200775
0.05,6,7,diffusion_mean,0.04422512277960777,13.543308973312378,0.0,0.13367021083831787
0.05,6,8,diffusion_mean,0.07284389436244965,11.376068592071533,0.0,0.13071788847446442
0.05,6,9,diffusion_mean,0.07351121306419373,11.336463689804077,1.0,0.10290655493736267
0.05,6,10,diffusion_mean,0.059489790350198746,12.25557565689087,0.5,0.21579307317733765
0.05,6,11,diffusion_mean,0.03565707057714462,14.478542804718018,0.5,0.12913228571414948
0.05,6,12,diffusion_mean,0.046286143362522125,13.345489501953125,1.0,0.14794886112213135
0.05,6,13,diffusion_mean,0.043517906218767166,13.613320589065552,0.5,0.10867318511009216
0.05,6,14,diffusion_mean,0.06136170029640198,12.121026515960693,0.5,0.14528873562812805
0.05,6,15,diffusion_mean,0.05579034239053726,12.534409761428833,0.5,0.1314554512500763
0.05,7,0,diffusion_mean,0.02644440159201622,15.776662826538086,1.0,0.08758283406496048
0.05,7,1,diffusion_mean,0.06305019557476044,12.003135681152344,0.0,0.13745301961898804
0.05,7,2,diffusion_mean,0.057016897946596146,12.439963817596436,0.5,0.12108328193426132
0.05,7,3,diffusion_mean,0.08871477842330933,10.520039796829224,0.5,0.17818644642829895
0.05,7,4,diffusion_mean,0.02852688916027546,15.447455644607544,1.0,0.10375982522964478
0.05,7,5,diffusion_mean,0.046542808413505554,13.321473598480225,0.5,0.10299434512853622
0.05,7,6,diffusion_mean,0.07727950066328049,11.119357347488403,1.0,0.13531149923801422
0.05,7,7,diffusion_mean,0.061973411589860916,12.077945470809937,0.5,0.11253230273723602
0.05,7,8,diffusion_mean,0.061025168746709824,12.144910097122192,0.0,0.11750133335590363
0.05,7,9,diffusion_mean,0.05274660140275955,12.778055667877197,1.0,0.1169508695602417
0.05,7,10,diffusion_mean,0.06678587198257446,11.753153800964355,1.0,0.1553102731704712
0.05,7,11,diffusion_mean,0.07058089971542358,11.513128280639648,0.5,0.08248084783554077
0.05,7,12,diffusion_mean,0.07607566565275192,11.18754267692566,1.0,0.19061963260173798
0.05,7,13,diffusion_mean,0.06582054495811462,11.81638479232788,1.0,0.11340294778347015
0.05,7,14,diffusion_mean,0.04936666414141655,13.065662384033203,1.0,0.13094201683998108
0.05,7,15,diffusion_mean,0.054327499121427536,12.649803161621094,1.0,0.12831029295921326
0.05,0,0,diffusion_draw,0.045403242111206055,13.429131507873535,1.0,0.19875568151474
0.05,0,1,diffusion_draw,0.038785990327596664,14.113250970840454,0.5,0.23557092249393463
0.05,0,2,diffusion_draw,0.05727623775601387,12.420254945755005,0.5,0.4074382483959198
0.05,0,3,diffusion_draw,0.06633424013853073,11.782622337341309,1.0,0.29326045513153076
0.05,0,4,diffusion_draw,0.07467097789049149,11.268481016159058,0.5,0.2047387957572937
0.05,0,5,diffusion_draw,0.08625223487615585,10.642296075820923,0.5,0.30169180035591125
0.05,0,6,diffusion_draw,0.11494065076112747,9.395263195037842,0.0,0.29868245124816895
0.05,0,7,diffusion_draw,0.06051221489906311,12.181569337844849,0.5,0.28508278727531433
0.05,0,8,diffusion_draw,0.07876120507717133,11.036876440048218,0.0,0.2746962904930115
0.05,0,9,diffusion_draw,0.07206064462661743,11.423017978668213,0.5,0.2811112701892853
0.05,0,10,diffusion_draw,0.0787338837981224,11.03838324546814,0.0,0.22363749146461487
0.05,0,11,diffusion_draw,0.06284486502408981,12.017302513122559,1.0,0.2600027918815613
0.05,0,12,diffusion_draw,0.05613171309232712,12.507916688919067,0.5,0.1950412094593048
0.05,0,13,diffusion_draw,0.07152481377124786,11.455432176589966,1.0,0.3037687838077545
0.05,0,14,diffusion_draw,0.06569112837314606,11.824933290481567,1.0,0.2060653567314148
0.05,0,15,diffusion_draw,0.04294392466545105,13.670982122421265,0.5,0.2558085322380066
0.05,1,0,diffusion_draw,0.021110842004418373,16.754944324493408,1.0,0.18084567785263062
0.05,1,1,diffusion_draw,0.038458772003650665,14.150046110153198,0.5,0.18827186524868011
0.05,1,2,diffusion_draw,0.0741242989897728,11.300394535064697,0.5,0.29323428869247437
0.05,1,3,diffusion_draw,0.07959207892417908,10.991301536560059,0.5,0.2551563084125519
0.05,1,4,diffusion_draw,0.05780633166432381,12.380245923995972,0.5,0.2553457021713257
0.05,1,5,diffusion_draw,0.0747297927737236,11.265062093734741,1.0,0.2102779746055603
0.05,1,6,diffusion_draw,0.04763055965304375,13.2211434841156,0.5,0.247300922870636
0.05,1,7,diffusion_draw,0.06301012635231018,12.00589656829834,0.0,0.31838810443878174
0.05,1,8,diffusion_draw,0.07532043009996414,11.230871677398682,0.5,0.33067286014556885
0.05,1,9,diffusion_draw,0.06304707378149033,12.003350257873535,0.5,0.254508912563324
0.05,1,10,diffusion_draw,0.07404615730047226,11.304974555969238,0.0,0.2474551796913147
0.05,1,11,diffusion_draw,0.07832082360982895,11.061227321624756,0.5,0.28297358751296997
0.05,1,12,diffusion_draw,0.07702036201953888,11.133944988250732,1.0,0.2595679759979248
0.05,1,13,diffusion_draw,0.08482278883457184,10.714874267578125,0.0,0.2209642082452774
0.05,1,14,diffusion_draw,0.07103297859430313,11.485400199890137,0.5,0.3620665669441223
0.05,1,15,diffusion_draw,0.07433856278657913,11.287858486175537,0.0,0.29109087586402893
0.05,2,0,diffusion_draw,0.07493425905704498,11.253196001052856,0.5,0.2892037332057953
0.05,2,1,diffusion_draw,0.03754495084285736,14.254484176635742,1.0,0.2311389446258545
0.05,2,2,diffusion_draw,0.04288503900170326,13.676941394805908,1.0,0.25992363691329956
0.05,2,3,diffusion_draw,0.0729047879576683,11.372439861297607,0.5,0.2244565784931183
0.05,2,4,diffusion_draw,0.08273518085479736,10.823097229003906,1.0,0.2520955801010132
0.05,2,5,diffusion_draw,0.06835905462503433,11.652039289474487,0.0,0.4090579152107239
0.05,2,6,diffusion_draw,0.06746351718902588,11.709309816360474,0.5,0.24322077631950378
0.05,2,7,diffusion_draw,0.06273297220468521,12.025041580200195,0.0,0.2167350947856903
0.05,2,8,diffusion_draw,0.07065194100141525,11.508759260177612,0.0,0.3250637650489807
0.05,2,9,diffusion_draw,0.06938803195953369,11.587154865264893,0.5,0.21331307291984558
0.05,2,10,diffusion_draw,0.027326729148626328,15.634123086929321,1.0,0.187383234500885
0.05,2,11,diffusion_draw,0.11215763539075851,9.50171172618866,0.0,0.32996904850006104
0.05,2,12,diffusion_draw,0.06794296950101852,11.678555011749268,1.0,0.2787638306617737
0.05,2,13,diffusion_draw,0.06885721534490585,11.62050485610962,0.5,0.2765093445777893
0.05,2,14,diffusion_draw,0.06509751826524734,11.86435580253601,0.5,0.2529742419719696
0.05,2,15,diffusion_draw,0.07223986834287643,11.412230730056763,0.5,0.20966580510139465
0.05,3,0,diffusion_draw,0.09262603521347046,10.332669019699097,0.0,0.3457047939300537
0.05,3,1,diffusion_draw,0.08939105272293091,10.487059354782104,0.5,0.31603288650512695
0.05,3,2,diffusion_draw,0.059256866574287415,12.272613048553467,0.0,0.24691987037658691
0.05,3,3,diffusion_draw,0.058520156890153885,12.326945066452026,0.5,0.25604724884033203
0.05,3,4,diffusion_draw,0.0704171434044838,11.523215770721436,0.0,0.24683791399002075
0.05,3,5,diffusion_draw,0.039132293313741684,14.074647426605225,0.5,0.18403403460979462
0.05,3,6,diffusion_draw,0.08015608042478561,10.96063494682312,0.5,0.2378726601600647
0.05,3,7,diffusion_draw,0.064080148935318,11.932765245437622,0.0,0.19622913002967834
0.05,3,8,diffusion_draw,0.09791065752506256,10.091700553894043,0.0,0.24833470582962036
0.05,3,9,diffusion_draw,0.07794516533613205,11.08210802078247,0.5,0.3386700749397278
0.05,3,10,diffusion_draw,0.07901730388402939,11.022777557373047,0.0,0.19470691680908203
0.05,3,11,diffusion_draw,0.10776843130588531,9.675084352493286,0.5,0.28646424412727356
0.05,3,12,diffusion_draw,0.0495682917535305,13.047960996627808,0.5,0.2966184914112091
0.05,3,13,diffusion_draw,0.06248117610812187,12.042508125305176,0.5,0.308327853679657
0.05,3,14,diffusion_draw,0.07737214863300323,11.114153861999512,0.0,0.23807330429553986
0.05,3,15,diffusion_draw,0.060903407633304596,12.153583765029907,0.5,0.2564486861228943
0.05,4,0,diffusion_draw,0.09123285114765167,10.39848804473877,0.5,0.31459763646125793
0.05,4,1,diffusion_draw,0.062312252819538116,12.05426573753357,0.5,0.1771378368139267
0.05,4,2,diffusion_draw,0.05658462271094322,12.473015785217285,0.5,0.22467657923698425
0.05,4,3,diffusion_draw,0.05757368728518486,12.397758960723877,0.5,0.2769039273262024
0.05,4,4,diffusion_draw,0.05236431956291199,12.809644937515259,1.0,0.2607502341270447
0.05,4,5,diffusion_draw,0.10829325020313263,9.653986096382141,0.0,0.2711329758167267
0.05,4,6,diffusion_draw,0.1002909392118454,9.987382888793945,0.5,0.24574638903141022
0.05,4,7,diffusion_draw,0.044894203543663025,13.478096723556519,1.0,0.2513062655925751
0.05,4,8,diffusion_draw,0.07226986438035965,11.41042709350586,0.0,0.24524541199207306
0.05,4,9,diffusion_draw,0.10267006605863571,9.885561466217041,1.0,0.32934606075286865
0.05,4,10,diffusion_draw,0.06034644693136215,12.193483114242554,0.0,0.1937134563922882
0.05,4,11,diffusion_draw,0.043567754328250885,13.608348369598389,0.5,0.2124112844467163
0.05,4,12,diffusion_draw,0.08521836996078491,10.694668292999268,0.5,0.28490227460861206
0.05,4,13,diffusion_draw,0.07271214574575424,11.383930444717407,1.0,0.2592286169528961
0.05,4,14,diffusion_draw,0.127314954996109,8.951205611228943,0.5,0.31190890073776245
0.05,4,15,diffusion_draw,0.06577103585004807,11.819653511047363,0.5,0.21816062927246094
0.05,5,0,diffusion_draw,0.09497788548469543,10.223774909973145,0.0,0.22955045104026794
0.05,5,1,diffusion_draw,0.06407219171524048,11.933304071426392,1.0,0.23484911024570465
0.05,5,2,diffusion_draw,0.06658923625946045,11.7659592628479,0.5,0.25548267364501953
0.05,5,3,diffusion_draw,0.06701917201280594,11.738009452819824,0.5,0.19641266763210297
0.05,5,4,diffusion_draw,0.050270695239305496,12.98685073852539,0.5,0.2373734414577484
0.05,5,5,diffusion_draw,0.06905552744865417,11.608015298843384,0.5,0.23146769404411316
0.05,5,6,diffusion_draw,0.10659809410572052,9.722505807876587,0.5,0.2573288679122925
0.05,5,7,diffusion_draw,0.06627270579338074,11.78665280342102,0.5,0.22910749912261963
0.05,5,8,diffusion_draw,0.07219404727220535,11.414985656738281,0.5,0.23235777020454407
0.05,5,9,diffusion_draw,0.08967431634664536,10.473319292068481,0.0,0.24154190719127655
0.05,5,10,diffusion_draw,0.0520639605820179,12.834627628326416,0.5,0.25713667273521423
0.05,5,11,diffusion_draw,0.057109151035547256,12.432942390441895,0.5,0.25664520263671875
0.05,5,12,diffusion_draw,0.09994103759527206,10.002561807632446,0.5,0.33273446559906006
0.05,5,13,diffusion_draw,0.06913846731185913,11.602802276611328,0.0,0.3086323142051697
0.05,5,14,diffusion_draw,0.09623811393976212,10.166529417037964,0.5,0.3462543189525604
0.05,5,15,diffusion_draw,0.07049781829118729,11.518243551254272,0.5,0.24901485443115234
0.05,6,0,diffusion_draw,0.06321734189987183,11.991637945175171,0.5,0.25347238779067993
0.05,6,1,diffusion_draw,0.07902594655752182,11.022303104400635,0.5,0.25877082347869873
0.05,6,2,diffusion_draw,0.06431938707828522,11.916581392288208,0.0,0.2851075232028961
0.05,6,3,diffusion_draw,0.0651753693819046,11.85916543006897,0.0,0.2616843283176422
0.05,6,4,diffusion_draw,0.078083835542202,11.074388027191162,0.5,0.258700430393219
0.05,6,5,diffusion_draw,0.07275483012199402,11.381381750106812,1.0,0.2640719413757324
0.05,6,6,diffusion_draw,0.049094244837760925,13.089693784713745,0.5,0.3032137155532837
0.05,6,7,diffusion_draw,0.07036911696195602,11.526179313659668,0.5,0.2639239728450775
0.05,6,8,diffusion_draw,0.08170033246278763,10.877761840820312,0.5,0.2969993054866791
0.05,6,9,diffusion_draw,0.1052795797586441,9.77655827999115,0.5,0.2450101375579834
0.05,6,10,diffusion_draw,0.08435696363449097,10.738790035247803,0.0,0.34795865416526794
0.05,6,11,diffusion_draw,0.04646140709519386,13.329076766967773,1.0,0.2951379418373108
0.05,6,12,diffusion_draw,0.060714878141880035,12.167048454284668,1.0,0.2613934278488159
0.05,6,13,diffusion_draw,0.055158428847789764,12.583881616592407,0.5,0.26253920793533325
0.05,6,14,diffusion_draw,0.06887221336364746,11.619559526443481,0.5,0.37224408984184265
0.05,6,15,diffusion_draw,0.06599873304367065,11.804643869400024,0.5,0.2569054365158081
0.05,7,0,diffusion_draw,0.039006080478429794,14.088677167892456,0.5,0.1771613359451294
0.05,7,1,diffusion_draw,0.060989171266555786,12.147473096847534,0.0,0.27495911717414856
0.05,7,2,diffusion_draw,0.08177781850099564,10.873644351959229,0.5,0.26330119371414185
0.05,7,3,diffusion_draw,0.10064895451068878,9.971907138824463,0.0,0.3065028786659241
0.05,7,4,diffusion_draw,0.03856448084115982,14.13812518119812,1.0,0.21985995769500732
0.05,7,5,diffusion_draw,0.06213589757680893,12.066574096679688,0.5,0.220057874917984
0.05,7,6,diffusion_draw,0.08416514843702316,10.748677253723145,1.0,0.34282517433166504
0.05,7,7,diffusion_draw,0.06709138303995132,11.733332872390747,0.5,0.27437925338745117
0.05,7,8,diffusion_draw,0.06402835249900818,11.936277151107788,0.0,0.19272276759147644
0.05,7,9,diffusion_draw,0.06441948562860489,11.90982699394226,1.0,0.2719261348247528
0.05,7,10,diffusion_draw,0.07386662811040878,11.31551742553711,1.0,0.25257235765457153
0.05,7,11,diffusion_draw,0.07947634160518646,10.997620820999146,0.5,0.20309945940971375
0.05,7,12,diffusion_draw,0.0784723311662674,11.05283498764038,0.0,0.29562073945999146
0.05,7,13,diffusion_draw,0.08200818300247192,10.861427783966064,0.0,0.27968424558639526
0.05,7,14,diffusion_draw,0.05741552263498306,12.409707307815552,0.5,0.2877505123615265
0.05,7,15,diffusion_draw,0.05891895294189453,12.297450304031372,1.0,0.2165399193763733
0.05,0,0,noisy,0.029240388423204422,15.340168476104736,1.0,0.09329796582460403
0.05,0,1,noisy,0.02271355874836445,16.437147855758667,1.0,0.09155973792076111
0.05,0,2,noisy,0.06292816251516342,12.011549472808838,0.5,0.19040647149085999
0.05,0,3,noisy,0.06784814596176147,11.684620380401611,1.0,0.10688700526952744
0.05,0,4,noisy,0.04050601273775101,13.924804925918579,1.0,0.09147952497005463
0.05,0,5,noisy,0.06457293778657913,11.899495124816895,1.0,0.09937389194965363
0.05,0,6,noisy,0.10680907219648361,9.713918566703796,0.0,0.12440177798271179
0.05,0,7,noisy,0.046060960739851,13.366670608520508,0.5,0.08542393147945404
0.05,0,8,noisy,0.06435838341712952,11.913949251174927,0.5,0.10825426876544952
0.05,0,9,noisy,0.04551655799150467,13.418306112289429,1.0,0.10715441405773163
0.05,0,10,noisy,0.061526309698820114,12.109391689300537,0.0,0.09787407517433167
0.05,0,11,noisy,0.044556763023138046,13.510863780975342,0.5,0.10572594404220581
0.05,0,12,noisy,0.03853033855557442,14.141972064971924,1.0,0.11389687657356262
0.05,0,13,noisy,0.06791316717863083,11.680459976196289,1.0,0.1273050606250763
0.05,0,14,noisy,0.04702797532081604,13.276437520980835,1.0,0.10647714138031006
0.05,0,15,noisy,0.04020894691348076,13.956773281097412,1.0,0.10575933009386063
0.05,1,0,noisy,0.01529095321893692,18.155654668807983,1.0,0.08244194090366364
0.05,1,1,noisy,0.04935768246650696,13.066452741622925,0.5,0.0961546003818512
0.05,1,2,noisy,0.061736997216939926,12.094545364379883,0.5,0.120669424533844
0.05,1,3,noisy,0.06211814284324646,12.067815065383911,0.0,0.10775985568761826
0.05,1,4,noisy,0.053137797862291336,12.745964527130127,0.5,0.1060355007648468
0.05,1,5,noisy,0.06093931198120117,12.151024341583252,1.0,0.104043148458004
0.05,1,6,noisy,0.04293571785092354,13.671813011169434,0.5,0.09296154975891113
0.05,1,7,noisy,0.05740257352590561,12.410686016082764,0.0,0.12826552987098694
0.05,1,8,noisy,0.05478645861148834,12.61326789855957,1.0,0.10753366351127625
0.05,1,9,noisy,0.06029372289776802,12.19727873802185,0.5,0.1301836222410202
0.05,1,10,noisy,0.06144082173705101,12.115429639816284,0.5,0.11375197023153305
0.05,1,11,noisy,0.0699901431798935,11.549631357192993,0.0,0.14460554718971252
0.05,1,12,noisy,0.048039257526397705,13.184037208557129,1.0,0.11347109079360962
0.05,1,13,noisy,0.08522717654705048,10.694218873977661,0.0,0.08224550634622574
0.05,1,14,noisy,0.0706811472773552,11.506963968276978,0.5,0.1274658441543579
0.05,1,15,noisy,0.08018338680267334,10.959155559539795,0.5,0.12532880902290344
0.05,2,0,noisy,0.04652739688754082,13.322912454605103,0.0,0.11485077440738678
0.05,2,1,noisy,0.01956348307430744,17.085537910461426,1.0,0.10422179102897644
0.05,2,2,noisy,0.034283172339200974,14.649189710617065,1.0,0.08573377877473831
0.05,2,3,noisy,0.06885938346385956,11.620368957519531,0.5,0.09947386384010315
0.05,2,4,noisy,0.07169665396213531,11.445010900497437,0.0,0.10150183737277985
0.05,2,5,noisy,0.06110434979200363,12.139278650283813,0.0,0.21839557588100433
0.05,2,6,noisy,0.01825709640979767,17.385683059692383,1.0,0.07453975081443787
0.05,2,7,noisy,0.050751712173223495,12.945493459701538,0.5,0.11456206440925598
0.05,2,8,noisy,0.0609835684299469,12.147871255874634,0.0,0.12512542307376862
0.05,2,9,noisy,0.060902029275894165,12.153682708740234,0.5,0.10296731442213058
0.05,2,10,noisy,0.03154420480132103,15.010803937911987,1.0,0.09896492213010788
0.05,2,11,noisy,0.09276769310235977,10.326032638549805,0.5,0.1312725841999054
0.05,2,12,noisy,0.043930623680353165,13.572326898574829,1.0,0.12688647210597992
0.05,2,13,noisy,0.04191387817263603,13.776421546936035,1.0,0.10186956822872162
0.05,2,14,noisy,0.05670158192515373,12.46404767036438,1.0,0.11849212646484375
0.05,2,15,noisy,0.0528235137462616,12.771726846694946,0.5,0.09498001635074615
0.05,3,0,noisy,0.0843256413936615,10.740402936935425,0.5,0.13834184408187866
0.05,3,1,noisy,0.05659659579396248,12.472096681594849,0.5,0.11213373392820358
0.05,3,2,noisy,0.052794281393289566,12.774131298065186,0.0,0.10704510658979416
0.05,3,3,noisy,0.05372702702879906,12.6980721950531,0.5,0.090081125497818
0.05,3,4,noisy,0.05554041638970375,12.553908824920654,0.0,0.10130440443754196
0.05,3,5,noisy,0.02279474027454853,16.421653032302856,0.5,0.08545730262994766
0.05,3,6,noisy,0.07579626888036728,11.203521490097046,0.5,0.12038709223270416
0.05,3,7,noisy,0.06350713223218918,11.97177529335022,0.0,0.08546099066734314
0.05,3,8,noisy,0.05777352303266525,12.382711172103882,0.0,0.09205029159784317
0.05,3,9,noisy,0.05436576157808304,12.646745443344116,0.5,0.12229554355144501
0.05,3,10,noisy,0.08454687893390656,10.729024410247803,0.0,0.09186121076345444
0.05,3,11,noisy,0.09531842172145844,10.208231210708618,0.5,0.15923994779586792
0.05,3,12,noisy,0.05924910306930542,12.273181676864624,0.5,0.11021477729082108
0.05,3,13,noisy,0.056824393570423126,12.454651594161987,0.5,0.1212589219212532
0.05,3,14,noisy,0.025080617517232895,16.006617546081543,1.0,0.10700258612632751
0.05,3,15,noisy,0.05027557909488678,12.98642873764038,0.5,0.11687779426574707
0.05,4,0,noisy,0.07622939348220825,11.1787748336792,1.0,0.11611251533031464
0.05,4,1,noisy,0.0549047626554966,12.603899240493774,0.5,0.10476922988891602
0.05,4,2,noisy,0.03871217370033264,14.121524095535278,1.0,0.08734355121850967
0.05,4,3,noisy,0.02213398553431034,16.54940366744995,1.0,0.08037106692790985
0.05,4,4,noisy,0.03959216922521591,14.02390718460083,1.0,0.08577713370323181
0.05,4,5,noisy,0.05859193950891495,12.321621179580688,0.5,0.1342029869556427
0.05,4,6,noisy,0.05941522493958473,12.261022329330444,0.5,0.12467864155769348
0.05,4,7,noisy,0.04347507283091545,13.617596626281738,1.0,0.08816856890916824
0.05,4,8,noisy,0.06888488680124283,11.618760824203491,0.0,0.123536616563797
0.05,4,9,noisy,0.07403635233640671,11.305550336837769,1.0,0.1392168253660202
0.05,4,10,noisy,0.05673302337527275,12.46164083480835,0.5,0.09639526903629303
0.05,4,11,noisy,0.030253466218709946,15.192248821258545,1.0,0.08943940699100494
0.05,4,12,noisy,0.05038207769393921,12.977238893508911,1.0,0.10474829375743866
0.05,4,13,noisy,0.06707660853862762,11.734288930892944,0.5,0.11732909083366394
0.05,4,14,noisy,0.10771410167217255,9.677274227142334,0.0,0.12357616424560547
0.05,4,15,noisy,0.04256938770413399,13.709025382995605,1.0,0.09734275937080383
0.05,5,0,noisy,0.04900973662734032,13.097176551818848,1.0,0.08715526759624481
0.05,5,1,noisy,0.04859956353902817,13.133676052093506,1.0,0.1113433763384819
0.05,5,2,noisy,0.05952475965023041,12.253023386001587,0.5,0.11572755128145218
0.05,5,3,noisy,0.04817420616745949,13.171854019165039,1.0,0.0870257169008255
0.05,5,4,noisy,0.05594061687588692,12.522727251052856,1.0,0.10023538768291473
0.05,5,5,noisy,0.04897983744740486,13.099826574325562,1.0,0.08142001926898956
0.05,5,6,noisy,0.09989859908819199,10.004405975341797,0.5,0.14443494379520416
0.05,5,7,noisy,0.04892988130450249,13.10425877571106,1.0,0.08934089541435242
0.05,5,8,noisy,0.06376348435878754,11.954280138015747,0.5,0.0965675637125969
0.05,5,9,noisy,0.06766387820243835,11.696431636810303,1.0,0.10734531283378601
0.05,5,10,noisy,0.04269355162978172,13.696377277374268,0.5,0.11882787197828293
0.05,5,11,noisy,0.059646546840667725,12.244147062301636,0.5,0.12935003638267517
0.05,5,12,noisy,0.08729203045368195,10.590254068374634,0.5,0.14175698161125183
0.05,5,13,noisy,0.05209825560450554,12.831767797470093,0.0,0.11976896226406097
0.05,5,14,noisy,0.0931505411863327,10.308146476745605,0.5,0.16489309072494507
0.05,5,15,noisy,0.07754280418157578,11.10458493232727,0.0,0.11183857917785645
0.05,6,0,noisy,0.03447352722287178,14.625142812728882,1.0,0.09078491479158401
0.05,6,1,noisy,0.07406437397003174,11.303906440734863,0.5,0.12114444375038147
0.05,6,2,noisy,0.06786667555570602,11.683434247970581,0.0,0.11615169048309326
0.05,6,3,noisy,0.07804345339536667,11.076635122299194,0.0,0.10956916213035583
0.05,6,4,noisy,0.06995774060487747,11.551642417907715,0.0,0.10876207053661346
0.05,6,5,noisy,0.04617657512426376,13.355783224105835,1.0,0.10386230051517487
0.05,6,6,noisy,0.028564026579260826,15.441805124282837,0.0,0.10390925407409668
0.05,6,7,noisy,0.043835174292325974,13.581773042678833,0.0,0.0955124944448471
0.05,6,8,noisy,0.07966005802154541,10.98759412765503,0.5,0.09852331876754761
0.05,6,9,noisy,0.055321741849184036,12.571041584014893,1.0,0.10999274998903275
0.05,6,10,noisy,0.04823164641857147,13.16667914390564,0.5,0.12331272661685944
0.05,6,11,noisy,0.03167486563324928,14.992852210998535,0.5,0.10489444434642792
0.05,6,12,noisy,0.050083424896001816,13.00305962562561,0.5,0.09160539507865906
0.05,6,13,noisy,0.069593645632267,11.574304103851318,0.5,0.09834195673465729
0.05,6,14,noisy,0.077177993953228,11.125065088272095,0.0,0.13341227173805237
0.05,6,15,noisy,0.04761882126331329,13.222213983535767,0.5,0.12226729094982147
0.05,7,0,noisy,0.022898346185684204,16.401958465576172,1.0,0.0788189098238945
0.05,7,1,noisy,0.057283561676740646,12.419699430465698,0.5,0.10598035156726837
0.05,7,2,noisy,0.061855949461460114,12.086185216903687,0.5,0.10216233134269714
0.05,7,3,noisy,0.1002846360206604,9.987655878067017,0.5,0.13669408857822418
0.05,7,4,noisy,0.03224783390760422,14.914994239807129,1.0,0.10935816913843155
0.05,7,5,noisy,0.049789249897003174,13.028644323348999,0.5,0.08104163408279419
0.05,7,6,noisy,0.04646409675478935,13.328825235366821,1.0,0.11184479296207428
0.05,7,7,noisy,0.0530671589076519,12.751741409301758,0.5,0.11452090740203857
0.05,7,8,noisy,0.05868833512067795,12.314481735229492,0.0,0.08239588141441345
0.05,7,9,noisy,0.05118251219391823,12.90878415107727,1.0,0.0954098105430603
0.05,7,10,noisy,0.06389603018760681,11.945260763168335,0.5,0.1176748052239418
0.05,7,11,noisy,0.06753744184970856,11.704553365707397,0.5,0.09291862696409225
0.05,7,12,noisy,0.09412867575883865,10.26278018951416,0.0,0.12576869130134583
0.05,7,13,noisy,0.046124331653118134,13.36069941520691,1.0,0.09729631245136261
0.05,7,14,noisy,0.062110282480716705,12.06836462020874,0.0,0.10979758948087692
0.05,7,15,noisy,0.06701146066188812,11.738508939743042,1.0,0.12293323129415512
0.05,0,0,clean_oracle,0.020663687959313393,16.84792160987854,1.0,0.007137482054531574
0.05,0,1,clean_oracle,0.024314532056450844,16.141340732574463,1.0,0.01564088650047779
0.05,0,2,clean_oracle,0.06340660154819489,11.978654861450195,0.0,0.07129506766796112
0.05,0,3,clean_oracle,0.06350724399089813,11.971766948699951,1.0,0.04128297418355942
0.05,0,4,clean_oracle,0.033217061311006546,14.78638768196106,1.0,0.018539780750870705
0.05,0,5,clean_oracle,0.044991910457611084,13.468655347824097,1.0,0.025997590273618698
0.05,0,6,clean_oracle,0.1032613068819046,9.860624074935913,0.5,0.05800700932741165
0.05,0,7,clean_oracle,0.03588082268834114,14.45137619972229,0.5,0.019433526322245598
0.05,0,8,clean_oracle,0.05334070697426796,12.729412317276001,0.5,0.021702295169234276
0.05,0,9,clean_oracle,0.038758717477321625,14.11630630493164,1.0,0.02798575907945633
0.05,0,10,clean_oracle,0.05202868953347206,12.837570905685425,0.5,0.01695474050939083
0.05,0,11,clean_oracle,0.04506750404834747,13.461364507675171,0.5,0.029577990993857384
0.05,0,12,clean_oracle,0.03197475150227547,14.951927661895752,1.0,0.017121169716119766
0.05,0,13,clean_oracle,0.06274903565645218,12.023929357528687,1.0,0.04526566341519356
0.05,0,14,clean_oracle,0.032270777970552444,14.911905527114868,1.0,0.03077595680952072
0.05,0,15,clean_oracle,0.0314561203122139,15.022948980331421,1.0,0.027408462017774582
0.05,1,0,clean_oracle,0.013729378581047058,18.623491525650024,1.0,0.008998477831482887
0.05,1,1,clean_oracle,0.04037769138813019,13.93858551979065,0.5,0.02290669083595276
0.05,1,2,clean_oracle,0.04964257404208183,13.041456937789917,1.0,0.037635769695043564
0.05,1,3,clean_oracle,0.06902042031288147,11.61022424697876,0.0,0.03487763926386833
0.05,1,4,clean_oracle,0.05708925426006317,12.43445634841919,1.0,0.027523024007678032
0.05,1,5,clean_oracle,0.057357434183359146,12.414102554321289,1.0,0.03995931148529053
0.05,1,6,clean_oracle,0.040778324007987976,13.895705938339233,1.0,0.021581802517175674
0.05,1,7,clean_oracle,0.0586339496076107,12.318508625030518,0.0,0.0483686625957489
0.05,1,8,clean_oracle,0.04842408001422882,13.149386644363403,1.0,0.021642230451107025
0.05,1,9,clean_oracle,0.05186832323670387,12.850978374481201,0.5,0.0463031530380249
0.05,1,10,clean_oracle,0.04947100207209587,13.056492805480957,1.0,0.03120836801826954
0.05,1,11,clean_oracle,0.06258811056613922,12.035081386566162,0.0,0.052809879183769226
0.05,1,12,clean_oracle,0.03995732218027115,13.984036445617676,1.0,0.027277342975139618
0.05,1,13,clean_oracle,0.044308505952358246,13.535128831863403,1.0,0.008873195387423038
0.05,1,14,clean_oracle,0.06329065561294556,11.986603736877441,0.5,0.050202541053295135
0.05,1,15,clean_oracle,0.06747405976057053,11.70863151550293,0.5,0.049938131123781204
0.05,2,0,clean_oracle,0.04399365186691284,13.566099405288696,0.5,0.02342897281050682
0.05,2,1,clean_oracle,0.018947090953588486,17.224574089050293,1.0,0.02524412050843239
0.05,2,2,clean_oracle,0.032104454934597015,14.934346675872803,1.0,0.010631164535880089
0.05,2,3,clean_oracle,0.05643370747566223,12.48461365699768,0.5,0.015860429033637047
0.05,2,4,clean_oracle,0.06497181206941605,11.872750520706177,1.0,0.036368001252412796
0.05,2,5,clean_oracle,0.062100064009428024,12.069079875946045,0.0,0.13060657680034637
0.05,2,6,clean_oracle,0.017463911324739456,17.578585147857666,1.0,0.00803508423268795
0.05,2,7,clean_oracle,0.04007205367088318,13.971583843231201,1.0,0.027356043457984924
0.05,2,8,clean_oracle,0.046456653624773026,13.329520225524902,0.5,0.03461683541536331
0.05,2,9,clean_oracle,0.0482550747692585,13.164570331573486,0.5,0.024934016168117523
0.05,2,10,clean_oracle,0.02883489802479744,15.400816202163696,1.0,0.0177658349275589
0.05,2,11,clean_oracle,0.08055426925420761,10.939114093780518,0.0,0.04831754416227341
0.05,2,12,clean_oracle,0.046259790658950806,13.347963094711304,1.0,0.04029339924454689
0.05,2,13,clean_oracle,0.04020417109131813,13.957289457321167,0.5,0.02822897583246231
0.05,2,14,clean_oracle,0.056096311658620834,12.51065731048584,1.0,0.0362258180975914
0.05,2,15,clean_oracle,0.05519379302859306,12.581098079681396,0.5,0.022691329941153526
0.05,3,0,clean_oracle,0.07936389744281769,11.003769636154175,0.5,0.061445511877536774
0.05,3,1,clean_oracle,0.049055762588977814,13.093099594116211,0.5,0.024701885879039764
0.05,3,2,clean_oracle,0.04449116811156273,13.517261743545532,0.0,0.021953290328383446
0.05,3,3,clean_oracle,0.04636836424469948,13.337782621383667,0.5,0.023936785757541656
0.05,3,4,clean_oracle,0.04151930287480354,13.817499876022339,0.5,0.02453037165105343
0.05,3,5,clean_oracle,0.01646430231630802,17.834566831588745,1.0,0.005516734439879656
0.05,3,6,clean_oracle,0.07176525890827179,11.440857648849487,0.5,0.04374174028635025
0.05,3,7,clean_oracle,0.04695281386375427,13.283383846282959,0.0,0.019089462235569954
0.05,3,8,clean_oracle,0.051614634692668915,12.872271537780762,0.0,0.025557542219758034
0.05,3,9,clean_oracle,0.04432924836874008,13.533096313476562,1.0,0.02132311463356018
0.05,3,10,clean_oracle,0.06630728393793106,11.784387826919556,0.5,0.017573805525898933
0.05,3,11,clean_oracle,0.08386996388435364,10.763934850692749,0.5,0.06026560440659523
0.05,3,12,clean_oracle,0.056049447506666183,12.514287233352661,0.5,0.047728147357702255
0.05,3,13,clean_oracle,0.045648496598005295,13.405735492706299,0.5,0.04348618537187576
0.05,3,14,clean_oracle,0.027583187445998192,15.593554973602295,1.0,0.016691643744707108
0.05,3,15,clean_oracle,0.04583890736103058,13.387657403945923,0.5,0.031170057132840157
0.05,4,0,clean_oracle,0.06778166443109512,11.68887734413147,0.5,0.054632239043712616
0.05,4,1,clean_oracle,0.048024993389844894,13.185327053070068,0.0,0.014672081917524338
0.05,4,2,clean_oracle,0.03413477540016174,14.668029546737671,1.0,0.019402604550123215
0.05,4,3,clean_oracle,0.02237255498766899,16.502844095230103,1.0,0.014812294393777847
0.05,4,4,clean_oracle,0.03441036492586136,14.63310718536377,1.0,0.01931828260421753
0.05,4,5,clean_oracle,0.04643554985523224,13.331494331359863,0.5,0.039223480969667435
0.05,4,6,clean_oracle,0.04706975445151329,13.272581100463867,1.0,0.030685510486364365
0.05,4,7,clean_oracle,0.04414262995123863,13.551417589187622,1.0,0.01030491292476654
0.05,4,8,clean_oracle,0.06282629072666168,12.01858639717102,0.0,0.05168233811855316
0.05,4,9,clean_oracle,0.061461444944143295,12.113972902297974,1.0,0.05155639350414276
0.05,4,10,clean_oracle,0.05201873555779457,12.838401794433594,1.0,0.028679877519607544
0.05,4,11,clean_oracle,0.032089151442050934,14.9364173412323,1.0,0.01350790448486805
0.05,4,12,clean_oracle,0.05148027837276459,12.883591651916504,1.0,0.031980786472558975
0.05,4,13,clean_oracle,0.056690629571676254,12.464886903762817,0.5,0.04417576640844345
0.05,4,14,clean_oracle,0.08724530786275864,10.592578649520874,0.5,0.04626522213220596
0.05,4,15,clean_oracle,0.03715171292424202,14.300211668014526,1.0,0.01891886629164219
0.05,5,0,clean_oracle,0.045585762709379196,13.411707878112793,1.0,0.014011792838573456
0.05,5,1,clean_oracle,0.03992476686835289,13.987575769424438,1.0,0.027970261871814728
0.05,5,2,clean_oracle,0.034551601856946945,14.615317583084106,0.5,0.020601313561201096
0.05,5,3,clean_oracle,0.044171854853630066,13.548543453216553,1.0,0.004771007690578699
0.05,5,4,clean_oracle,0.03429125249385834,14.64816689491272,1.0,0.017925094813108444
0.05,5,5,clean_oracle,0.04994303360581398,13.015251159667969,1.0,0.01598341390490532
0.05,5,6,clean_oracle,0.10021083056926727,9.990853667259216,0.5,0.06896744668483734
0.05,5,7,clean_oracle,0.03594306483864784,14.443849325180054,1.0,0.009619318880140781
0.05,5,8,clean_oracle,0.04876594617962837,13.118833303451538,1.0,0.021680979058146477
0.05,5,9,clean_oracle,0.06003284826874733,12.216110229492188,1.0,0.031059328466653824
0.05,5,10,clean_oracle,0.030381927266716957,15.17384648323059,0.5,0.026875533163547516
0.05,5,11,clean_oracle,0.048787921667099,13.11687707901001,0.5,0.026225587353110313
0.05,5,12,clean_oracle,0.0771714597940445,11.125432252883911,1.0,0.06590345501899719
0.05,5,13,clean_oracle,0.05095406621694565,12.928211688995361,0.0,0.03527805954217911
0.05,5,14,clean_oracle,0.0890631377696991,10.503020286560059,0.5,0.08672800660133362
0.05,5,15,clean_oracle,0.06012905761599541,12.209155559539795,0.5,0.052128009498119354
0.05,6,0,clean_oracle,0.021450407803058624,16.685644388198853,1.0,0.011721735820174217
0.05,6,1,clean_oracle,0.05962463840842247,12.245742082595825,1.0,0.03359118849039078
0.05,6,2,clean_oracle,0.06722742319107056,11.7245352268219,0.0,0.042331695556640625
0.05,6,3,clean_oracle,0.06466460973024368,11.893333196640015,0.5,0.03306872025132179
0.05,6,4,clean_oracle,0.059306126087903976,12.269004583358765,0.5,0.025219416245818138
0.05,6,5,clean_oracle,0.05219382047653198,12.823809385299683,1.0,0.024563759565353394
0.05,6,6,clean_oracle,0.02534397318959236,15.961252450942993,1.0,0.017836006358265877
0.05,6,7,clean_oracle,0.03720590099692345,14.29388165473938,0.0,0.022226449102163315
0.05,6,8,clean_oracle,0.06792538613080978,11.679679155349731,0.5,0.02176179178059101
0.05,6,9,clean_oracle,0.05969858169555664,12.240359783172607,1.0,0.012748685665428638
0.05,6,10,clean_oracle,0.047490645200014114,13.233919143676758,0.5,0.04581926390528679
0.05,6,11,clean_oracle,0.029373953118920326,15.32037615776062,1.0,0.02563042938709259
0.05,6,12,clean_oracle,0.04059257358312607,13.915534019470215,1.0,0.03667612373828888
0.05,6,13,clean_oracle,0.03338480368256569,14.764511585235596,0.5,0.01784643903374672
0.05,6,14,clean_oracle,0.056370239704847336,12.489501237869263,0.5,0.04590362682938576
0.05,6,15,clean_oracle,0.0496579185128212,13.040114641189575,0.5,0.023513659834861755
0.05,7,0,clean_oracle,0.01900646835565567,17.2109854221344,1.0,0.007617633789777756
0.05,7,1,clean_oracle,0.04012545943260193,13.965799808502197,0.5,0.02511908859014511
0.05,7,2,clean_oracle,0.04806564748287201,13.181651830673218,0.0,0.028235655277967453
0.05,7,3,clean_oracle,0.0820646807551384,10.858436822891235,0.5,0.05447579547762871
0.05,7,4,clean_oracle,0.025814691558480263,15.881330966949463,1.0,0.013373663648962975
0.05,7,5,clean_oracle,0.035804931074380875,14.460572004318237,1.0,0.015605902299284935
0.05,7,6,clean_oracle,0.04845679551362991,13.146452903747559,1.0,0.03361618146300316
0.05,7,7,clean_oracle,0.04408011958003044,13.557572364807129,1.0,0.03156249225139618
0.05,7,8,clean_oracle,0.044107288122177124,13.554896116256714,0.0,0.018457302823662758
0.05,7,9,clean_oracle,0.04124750569462776,13.846023082733154,1.0,0.025029664859175682
0.05,7,10,clean_oracle,0.0553484782576561,12.568943500518799,0.5,0.030383938923478127
0.05,7,11,clean_oracle,0.04989609494805336,13.019334077835083,0.5,0.010518653318285942
0.05,7,12,clean_oracle,0.06974344700574875,11.564966440200806,1.0,0.0500219464302063
0.05,7,13,clean_oracle,0.04712454974651337,13.26752781867981,1.0,0.02165834978222847
0.05,7,14,clean_oracle,0.056463778018951416,12.482300996780396,0.5,0.0216660313308239
0.05,7,15,clean_oracle,0.05177503079175949,12.858796119689941,1.0,0.03335776925086975
0.05,0,0,mean_image,0.05597769841551781,12.5198495388031,0.0,nan
0.05,0,1,mean_image,0.05012517422437668,12.999441623687744,0.0,nan
0.05,0,2,mean_image,0.06820032745599747,11.662135124206543,0.0,nan
0.05,0,3,mean_image,0.06811700761318207,11.667444705963135,0.0,nan
0.05,0,4,mean_image,0.05464470759034157,12.624518871307373,0.5,nan
0.05,0,5,mean_image,0.061824653297662735,12.088383436203003,0.5,nan
0.05,0,6,mean_image,0.09468037635087967,10.237400531768799,0.5,nan
0.05,0,7,mean_image,0.04695339500904083,13.283330202102661,0.0,nan
0.05,0,8,mean_image,0.059532828629016876,12.252434492111206,0.5,nan
0.05,0,9,mean_image,0.061708398163318634,12.0965576171875,0.0,nan
0.05,0,10,mean_image,0.055762894451618195,12.536547183990479,0.5,nan
0.05,0,11,mean_image,0.09506143629550934,10.219956636428833,0.0,nan
0.05,0,12,mean_image,0.05651717633008957,12.478195428848267,0.5,nan
0.05,0,13,mean_image,0.07633138447999954,11.17296814918518,0.0,nan
0.05,0,14,mean_image,0.08680055290460587,10.61477541923523,0.0,nan
0.05,0,15,mean_image,0.053365010768175125,12.727433443069458,0.0,nan
0.05,1,0,mean_image,0.049087297171354294,13.090308904647827,0.0,nan
0.05,1,1,mean_image,0.05943269282579422,12.259745597839355,0.0,nan
0.05,1,2,mean_image,0.06759460270404816,11.700879335403442,0.0,nan
0.05,1,3,mean_image,0.06667272746562958,11.760517358779907,0.0,nan
0.05,1,4,mean_image,0.07623469084501266,11.178473234176636,0.0,nan
0.05,1,5,mean_image,0.07921084761619568,11.012153625488281,0.5,nan
0.05,1,6,mean_image,0.05997796356678009,12.22008228302002,0.0,nan
0.05,1,7,mean_image,0.04899570718407631,13.098419904708862,0.5,nan
0.05,1,8,mean_image,0.07041793316602707,11.52316689491272,0.0,nan
0.05,1,9,mean_image,0.07110552489757538,11.480966806411743,0.0,nan
0.05,1,10,mean_image,0.06120510399341583,12.132123708724976,0.0,nan
0.05,1,11,mean_image,0.07118310034275055,11.47623062133789,0.5,nan
0.05,1,12,mean_image,0.06926219165325165,11.595038175582886,0.0,nan
0.05,1,13,mean_image,0.07102280855178833,11.486021280288696,0.0,nan
0.05,1,14,mean_image,0.06613113731145859,11.795940399169922,0.0,nan
0.05,1,15,mean_image,0.08128557354211807,10.899865627288818,0.0,nan
0.05,2,0,mean_image,0.0646844282746315,11.892002820968628,0.0,nan
0.05,2,1,mean_image,0.05682247504591942,12.454798221588135,0.0,nan
0.05,2,2,mean_image,0.04903275519609451,13.095136880874634,0.0,nan
0.05,2,3,mean_image,0.08796271681785583,10.557013750076294,0.5,nan
0.05,2,4,mean_image,0.07783660292625427,11.08816146850586,0.0,nan
0.05,2,5,mean_image,0.0662325918674469,11.78928256034851,0.0,nan
0.05,2,6,mean_image,0.05357085540890694,12.710714340209961,0.0,nan
0.05,2,7,mean_image,0.06853660941123962,11.640774011611938,0.0,nan
0.05,2,8,mean_image,0.06843691319227219,11.647095680236816,0.5,nan
0.05,2,9,mean_image,0.06102892383933067,12.144643068313599,0.0,nan
0.05,2,10,mean_image,0.04863343387842178,13.130650520324707,0.0,nan
0.05,2,11,mean_image,0.07978720217943192,10.980668067932129,0.0,nan
0.05,2,12,mean_image,0.07169805467128754,11.444926261901855,0.0,nan
0.05,2,13,mean_image,0.04807812720537186,13.180524110794067,0.0,nan
0.05,2,14,mean_image,0.05306097865104675,12.752246856689453,0.5,nan
0.05,2,15,mean_image,0.06496208906173706,11.873400211334229,0.0,nan
0.05,3,0,mean_image,0.0718999132514,11.432716846466064,0.0,nan
0.05,3,1,mean_image,0.06328039616346359,11.987308263778687,0.0,nan
0.05,3,2,mean_image,0.05543257296085358,12.562350034713745,0.5,nan
0.05,3,3,mean_image,0.05696962773799896,12.44356632232666,0.5,nan
0.05,3,4,mean_image,0.05119750276207924,12.907512187957764,0.0,nan
0.05,3,5,mean_image,0.04443073272705078,13.523164987564087,0.0,nan
0.05,3,6,mean_image,0.07539093494415283,11.226809024810791,0.0,nan
0.05,3,7,mean_image,0.058034498244524,12.363138198852539,0.0,nan
0.05,3,8,mean_image,0.0536128394305706,12.707312107086182,0.0,nan
0.05,3,9,mean_image,0.052849557250738144,12.76958703994751,0.0,nan
0.05,3,10,mean_image,0.07517023384571075,11.239540576934814,0.0,nan
0.05,3,11,mean_image,0.07669505476951599,11.152325868606567,0.5,nan
0.05,3,12,mean_image,0.061096638441085815,12.139827013015747,1.0,nan
0.05,3,13,mean_image,0.0656733363866806,11.826108694076538,0.0,nan
0.05,3,14,mean_image,0.05199910327792168,12.840040922164917,0.0,nan
0.05,3,15,mean_image,0.06030476465821266,12.196483612060547,0.0,nan
0.05,4,0,mean_image,0.09471361339092255,10.235875844955444,0.0,nan
0.05,4,1,mean_image,0.06253033876419067,12.039092779159546,0.0,nan
0.05,4,2,mean_image,0.0586610808968544,12.316499948501587,0.0,nan
0.05,4,3,mean_image,0.058077577501535416,12.359914779663086,0.0,nan
0.05,4,4,mean_image,0.06586834043264389,11.813232898712158,0.0,nan
0.05,4,5,mean_image,0.07041425257921219,11.523394584655762,0.0,nan
0.05,4,6,mean_image,0.05781122297048569,12.379878759384155,0.0,nan
0.05,4,7,mean_image,0.05271410942077637,12.780730724334717,0.0,nan
0.05,4,8,mean_image,0.0736442357301712,11.328612565994263,0.0,nan
0.05,4,9,mean_image,0.0686504915356636,11.633563041687012,0.0,nan
0.05,4,10,mean_image,0.05405858904123306,12.671352624893188,0.5,nan
0.05,4,11,mean_image,0.06120149418711662,12.13238000869751,0.0,nan
0.05,4,12,mean_image,0.08099310845136642,10.915518999099731,0.0,nan
0.05,4,13,mean_image,0.06691446900367737,11.744799613952637,0.5,nan
0.05,4,14,mean_image,0.08422894030809402,10.745387077331543,0.0,nan
0.05,4,15,mean_image,0.05656140670180321,12.47479796409607,0.5,nan
0.05,5,0,mean_image,0.059890471398830414,12.226423025131226,0.0,nan
0.05,5,1,mean_image,0.06706548482179642,11.735008955001831,0.0,nan
0.05,5,2,mean_image,0.08273559808731079,10.823075771331787,0.0,nan
0.05,5,3,mean_image,0.07835613936185837,11.059269905090332,0.0,nan
0.05,5,4,mean_image,0.06084265932440758,12.157918214797974,0.5,nan
0.05,5,5,mean_image,0.06880240887403488,11.623963117599487,0.0,nan
0.05,5,6,mean_image,0.08804135769605637,10.55313229560852,0.0,nan
0.05,5,7,mean_image,0.060124751180410385,12.209466695785522,0.0,nan
0.05,5,8,mean_image,0.08071745932102203,10.930324792861938,0.0,nan
0.05,5,9,mean_image,0.07870751619338989,11.03983759880066,0.0,nan
0.05,5,10,mean_image,0.0565313845872879,12.477103471755981,0.5,nan
0.05,5,11,mean_image,0.0654577985405922,11.840386390686035,0.5,nan
0.05,5,12,mean_image,0.0839305967092514,10.760797262191772,0.0,nan
0.05,5,13,mean_image,0.05564387887716293,12.545826435089111,0.0,nan
0.05,5,14,mean_image,0.07737167179584503,11.114180088043213,0.0,nan
0.05,5,15,mean_image,0.07036056369543076,11.526707410812378,0.0,nan
0.05,6,0,mean_image,0.06143181025981903,12.11606740951538,0.0,nan
0.05,6,1,mean_image,0.0746612623333931,11.269047260284424,0.0,nan
0.05,6,2,mean_image,0.06127166748046875,12.127403020858765,0.0,nan
0.05,6,3,mean_image,0.04799562692642212,13.18798303604126,0.0,nan
0.05,6,4,mean_image,0.0693032294511795,11.59246563911438,0.0,nan
0.05,6,5,mean_image,0.07924369722604752,11.010352373123169,0.0,nan
0.05,6,6,mean_image,0.05512705072760582,12.586352825164795,0.5,nan
0.05,6,7,mean_image,0.060439206659793854,12.186812162399292,0.0,nan
0.05,6,8,mean_image,0.07469715923070908,11.266958713531494,0.0,nan
0.05,6,9,mean_image,0.08537156134843826,10.686867237091064,0.0,nan
0.05,6,10,mean_image,0.08767379820346832,10.57130217552185,0.0,nan
0.05,6,11,mean_image,0.04822500795125961,13.167276382446289,0.0,nan
0.05,6,12,mean_image,0.06075495481491089,12.164182662963867,0.0,nan
0.05,6,13,mean_image,0.06767405569553375,11.695778369903564,0.0,nan
0.05,6,14,mean_image,0.05868581309914589,12.314668893814087,0.0,nan
0.05,6,15,mean_image,0.06450819224119186,11.90385103225708,0.0,nan
0.05,7,0,mean_image,0.04507340118288994,13.46079707145691,0.0,nan
0.05,7,1,mean_image,0.06463371962308884,11.895408630371094,0.0,nan
0.05,7,2,mean_image,0.0572240874171257,12.424211502075195,0.0,nan
0.05,7,3,mean_image,0.07935638725757599,11.004180908203125,0.0,nan
0.05,7,4,mean_image,0.06298904865980148,12.007349729537964,0.5,nan
0.05,7,5,mean_image,0.044684458523988724,13.498435020446777,0.0,nan
0.05,7,6,mean_image,0.07811019569635391,11.072922945022583,0.0,nan
0.05,7,7,mean_image,0.04937345162034035,13.065065145492554,0.0,nan
0.05,7,8,mean_image,0.05985463410615921,12.229021787643433,0.0,nan
0.05,7,9,mean_image,0.0705740675330162,11.513549089431763,0.0,nan
0.05,7,10,mean_image,0.08792828768491745,10.558713674545288,0.5,nan
0.05,7,11,mean_image,0.06846480071544647,11.645326614379883,0.0,nan
0.05,7,12,mean_image,0.0735100507736206,11.336532831192017,0.0,nan
0.05,7,13,mean_image,0.0737060010433197,11.324971914291382,0.5,nan
0.05,7,14,mean_image,0.05491042509675026,12.603452205657959,0.5,nan
0.05,7,15,mean_image,0.08364690840244293,10.775500535964966,0.0,nan
0.05,0,0,diffusion_shuffled_sequence,0.07643810659646988,11.166900396347046,0.5,nan
0.05,0,1,diffusion_shuffled_sequence,0.09193777292966843,10.365060567855835,0.0,nan
0.05,0,2,diffusion_shuffled_sequence,0.08991555869579315,10.461651086807251,0.0,nan
0.05,0,3,diffusion_shuffled_sequence,0.07045983523130417,11.520583629608154,0.0,nan
0.05,0,4,diffusion_shuffled_sequence,0.05131547898054123,12.89751648902893,1.0,nan
0.05,0,5,diffusion_shuffled_sequence,0.07871183007955551,11.039600372314453,0.0,nan
0.05,0,6,diffusion_shuffled_sequence,0.10275847464799881,9.881823658943176,0.0,nan
0.05,0,7,diffusion_shuffled_sequence,0.07443990558385849,11.281942129135132,0.0,nan
0.05,0,8,diffusion_shuffled_sequence,0.07914687693119049,11.01566195487976,0.0,nan
0.05,0,9,diffusion_shuffled_sequence,0.11619860678911209,9.34799075126648,0.0,nan
0.05,0,10,diffusion_shuffled_sequence,0.0700371190905571,11.546716690063477,0.0,nan
0.05,0,11,diffusion_shuffled_sequence,0.08680887520313263,10.614358186721802,1.0,nan
0.05,0,12,diffusion_shuffled_sequence,0.07327979058027267,11.350157260894775,0.0,nan
0.05,0,13,diffusion_shuffled_sequence,0.09333544969558716,10.299533605575562,0.0,nan
0.05,0,14,diffusion_shuffled_sequence,0.1071832999587059,9.698728919029236,0.0,nan
0.05,0,15,diffusion_shuffled_sequence,0.09417077153921127,10.260838270187378,0.0,nan
0.05,1,0,diffusion_shuffled_sequence,0.062075428664684296,12.070802450180054,0.5,nan
0.05,1,1,diffusion_shuffled_sequence,0.09134554117918015,10.393126010894775,0.0,nan
0.05,1,2,diffusion_shuffled_sequence,0.0925823226571083,10.33471941947937,0.0,nan
0.05,1,3,diffusion_shuffled_sequence,0.0890740379691124,10.502488613128662,0.0,nan
0.05,1,4,diffusion_shuffled_sequence,0.08118612319231033,10.905182361602783,0.0,nan
0.05,1,5,diffusion_shuffled_sequence,0.10116246342658997,9.949806332588196,0.5,nan
0.05,1,6,diffusion_shuffled_sequence,0.0991981104016304,10.034966468811035,0.5,nan
0.05,1,7,diffusion_shuffled_sequence,0.061430469155311584,12.116161584854126,0.0,nan
0.05,1,8,diffusion_shuffled_sequence,0.0912747010588646,10.396496057510376,0.0,nan
0.05,1,9,diffusion_shuffled_sequence,0.1078924834728241,9.670088291168213,0.0,nan
0.05,1,10,diffusion_shuffled_sequence,0.0688108503818512,11.623430252075195,0.5,nan
0.05,1,11,diffusion_shuffled_sequence,0.11269485950469971,9.480959177017212,0.0,nan
0.05,1,12,diffusion_shuffled_sequence,0.09736090153455734,10.116153955459595,0.0,nan
0.05,1,13,diffusion_shuffled_sequence,0.09364703297615051,10.285059213638306,0.5,nan
0.05,1,14,diffusion_shuffled_sequence,0.08880447596311569,10.51565170288086,0.0,nan
0.05,1,15,diffusion_shuffled_sequence,0.10880531370639801,9.633498787879944,0.0,nan
0.05,2,0,diffusion_shuffled_sequence,0.10475212335586548,9.7983717918396,0.0,nan
0.05,2,1,diffusion_shuffled_sequence,0.05781941115856171,12.379263639450073,0.0,nan
0.05,2,2,diffusion_shuffled_sequence,0.04301212728023529,13.664090633392334,0.5,nan
0.05,2,3,diffusion_shuffled_sequence,0.09586388617753983,10.183449983596802,0.5,nan
0.05,2,4,diffusion_shuffled_sequence,0.08346245437860489,10.785088539123535,0.5,nan
0.05,2,5,diffusion_shuffled_sequence,0.10448353737592697,9.809521436691284,0.5,nan
0.05,2,6,diffusion_shuffled_sequence,0.03865550830960274,14.127886295318604,0.5,nan
0.05,2,7,diffusion_shuffled_sequence,0.06680093705654144,11.752173900604248,0.0,nan
0.05,2,8,diffusion_shuffled_sequence,0.09032627195119858,10.441858768463135,0.5,nan
0.05,2,9,diffusion_shuffled_sequence,0.1318882554769516,8.797938823699951,0.0,nan
0.05,2,10,diffusion_shuffled_sequence,0.06965308636426926,11.570596694946289,0.0,nan
0.05,2,11,diffusion_shuffled_sequence,0.09417641162872314,10.260578393936157,0.0,nan
0.05,2,12,diffusion_shuffled_sequence,0.1051059439778328,9.783727526664734,0.0,nan
0.05,2,13,diffusion_shuffled_sequence,0.043805938214063644,13.584669828414917,0.5,nan
0.05,2,14,diffusion_shuffled_sequence,0.08804651349782944,10.552878379821777,0.0,nan
0.05,2,15,diffusion_shuffled_sequence,0.10137443989515305,9.940715432167053,0.0,nan
0.05,3,0,diffusion_shuffled_sequence,0.07990637421607971,10.974185466766357,0.0,nan
0.05,3,1,diffusion_shuffled_sequence,0.07535189390182495,11.229058504104614,0.0,nan
0.05,3,2,diffusion_shuffled_sequence,0.10056992620229721,9.975318908691406,0.0,nan
0.05,3,3,diffusion_shuffled_sequence,0.0726284310221672,11.388933658599854,0.5,nan
0.05,3,4,diffusion_shuffled_sequence,0.064215749502182,11.923584938049316,0.0,nan
0.05,3,5,diffusion_shuffled_sequence,0.04560137167572975,13.410221338272095,0.0,nan
0.05,3,6,diffusion_shuffled_sequence,0.08703393489122391,10.603114366531372,0.0,nan
0.05,3,7,diffusion_shuffled_sequence,0.08034967631101608,10.950158834457397,0.0,nan
0.05,3,8,diffusion_shuffled_sequence,0.08079564571380615,10.926120281219482,0.0,nan
0.05,3,9,diffusion_shuffled_sequence,0.06757558882236481,11.702101230621338,0.0,nan
0.05,3,10,diffusion_shuffled_sequence,0.09625386446714401,10.165817737579346,0.5,nan
0.05,3,11,diffusion_shuffled_sequence,0.10061828792095184,9.973230957984924,0.5,nan
0.05,3,12,diffusion_shuffled_sequence,0.07803241908550262,11.07724905014038,0.0,nan
0.05,3,13,diffusion_shuffled_sequence,0.08742940425872803,10.58342456817627,0.0,nan
0.05,3,14,diffusion_shuffled_sequence,0.0799345150589943,10.972656011581421,0.0,nan
0.05,3,15,diffusion_shuffled_sequence,0.07886310666799545,11.031261682510376,0.0,nan
0.05,4,0,diffusion_shuffled_sequence,0.10927527397871017,9.614781141281128,0.0,nan
0.05,4,1,diffusion_shuffled_sequence,0.06737658381462097,11.71491026878357,0.0,nan
0.05,4,2,diffusion_shuffled_sequence,0.07671657204627991,11.151107549667358,0.0,nan
0.05,4,3,diffusion_shuffled_sequence,0.07164100557565689,11.448383331298828,0.5,nan
0.05,4,4,diffusion_shuffled_sequence,0.06973065435886383,11.565762758255005,0.5,nan
0.05,4,5,diffusion_shuffled_sequence,0.09929164499044418,10.030872821807861,0.0,nan
0.05,4,6,diffusion_shuffled_sequence,0.06539714336395264,11.844412088394165,0.0,nan
0.05,4,7,diffusion_shuffled_sequence,0.08853510767221451,10.528844594955444,0.0,nan
0.05,4,8,diffusion_shuffled_sequence,0.09368391335010529,10.283349752426147,0.0,nan
0.05,4,9,diffusion_shuffled_sequence,0.10652129352092743,9.725635647773743,0.0,nan
0.05,4,10,diffusion_shuffled_sequence,0.08076546341180801,10.927742719650269,0.0,nan
0.05,4,11,diffusion_shuffled_sequence,0.07062423974275589,11.510461568832397,0.0,nan
0.05,4,12,diffusion_shuffled_sequence,0.12019193172454834,9.201247096061707,0.0,nan
0.05,4,13,diffusion_shuffled_sequence,0.10058466345071793,9.974682331085205,0.0,nan
0.05,4,14,diffusion_shuffled_sequence,0.08276916295289993,10.821313858032227,0.0,nan
0.05,4,15,diffusion_shuffled_sequence,0.07409509271383286,11.302105188369751,0.5,nan
0.05,5,0,diffusion_shuffled_sequence,0.09873206913471222,10.055418014526367,0.0,nan
0.05,5,1,diffusion_shuffled_sequence,0.09070791304111481,10.423548221588135,0.5,nan
0.05,5,2,diffusion_shuffled_sequence,0.1266612708568573,8.973561525344849,0.0,nan
0.05,5,3,diffusion_shuffled_sequence,0.08438355475664139,10.73742151260376,0.5,nan
0.05,5,4,diffusion_shuffled_sequence,0.056369706988334656,12.48954176902771,0.5,nan
0.05,5,5,diffusion_shuffled_sequence,0.09084263443946838,10.417102575302124,0.5,nan
0.05,5,6,diffusion_shuffled_sequence,0.12226833403110504,9.126859903335571,0.0,nan
0.05,5,7,diffusion_shuffled_sequence,0.09769409894943237,10.101317167282104,0.0,nan
0.05,5,8,diffusion_shuffled_sequence,0.10019804537296295,9.99140739440918,0.0,nan
0.05,5,9,diffusion_shuffled_sequence,0.10011198371648788,9.995139241218567,0.5,nan
0.05,5,10,diffusion_shuffled_sequence,0.07207368314266205,11.422232389450073,0.0,nan
0.05,5,11,diffusion_shuffled_sequence,0.07586576789617538,11.199541091918945,0.0,nan
0.05,5,12,diffusion_shuffled_sequence,0.09354906529188156,10.289605855941772,0.5,nan
0.05,5,13,diffusion_shuffled_sequence,0.07469936460256577,11.266831159591675,0.0,nan
0.05,5,14,diffusion_shuffled_sequence,0.10255086421966553,9.890606999397278,0.0,nan
0.05,5,15,diffusion_shuffled_sequence,0.08300989866256714,10.808701515197754,0.5,nan
0.05,6,0,diffusion_shuffled_sequence,0.1014547348022461,9.937276840209961,0.5,nan
0.05,6,1,diffusion_shuffled_sequence,0.08974742144346237,10.469779968261719,0.5,nan
0.05,6,2,diffusion_shuffled_sequence,0.1088499128818512,9.63171899318695,0.0,nan
0.05,6,3,diffusion_shuffled_sequence,0.08963168412446976,10.475383996963501,0.0,nan
0.05,6,4,diffusion_shuffled_sequence,0.07316888123750687,11.356736421585083,0.5,nan
0.05,6,5,diffusion_shuffled_sequence,0.08786264806985855,10.561957359313965,0.5,nan
0.05,6,6,diffusion_shuffled_sequence,0.07554814964532852,11.217762231826782,0.0,nan
0.05,6,7,diffusion_shuffled_sequence,0.06458818912506104,11.898468732833862,0.0,nan
0.05,6,8,diffusion_shuffled_sequence,0.10252249985933304,9.891808032989502,0.0,nan
0.05,6,9,diffusion_shuffled_sequence,0.09261912107467651,10.332993268966675,0.0,nan
0.05,6,10,diffusion_shuffled_sequence,0.11656580120325089,9.334288239479065,0.0,nan
0.05,6,11,diffusion_shuffled_sequence,0.08773607760667801,10.568218231201172,0.0,nan
0.05,6,12,diffusion_shuffled_sequence,0.08802326023578644,10.554025173187256,0.5,nan
0.05,6,13,diffusion_shuffled_sequence,0.08178055286407471,10.873500108718872,0.0,nan
0.05,6,14,diffusion_shuffled_sequence,0.07504092901945114,11.24701738357544,0.5,nan
0.05,6,15,diffusion_shuffled_sequence,0.09417721629142761,10.260541439056396,0.0,nan
0.05,7,0,diffusion_shuffled_sequence,0.050695210695266724,12.950330972671509,0.5,nan
0.05,7,1,diffusion_shuffled_sequence,0.08474408090114594,10.718905925750732,0.0,nan
0.05,7,2,diffusion_shuffled_sequence,0.06393510103225708,11.942605972290039,0.0,nan
0.05,7,3,diffusion_shuffled_sequence,0.09463460743427277,10.239499807357788,0.0,nan
0.05,7,4,diffusion_shuffled_sequence,0.07433836907148361,11.287869215011597,0.0,nan
0.05,7,5,diffusion_shuffled_sequence,0.113599494099617,9.44623589515686,0.0,nan
0.05,7,6,diffusion_shuffled_sequence,0.08762563765048981,10.573687553405762,0.0,nan
0.05,7,7,diffusion_shuffled_sequence,0.07391860336065292,11.312462091445923,0.0,nan
0.05,7,8,diffusion_shuffled_sequence,0.06549608707427979,11.837846040725708,0.0,nan
0.05,7,9,diffusion_shuffled_sequence,0.07335499674081802,11.345702409744263,0.5,nan
0.05,7,10,diffusion_shuffled_sequence,0.10891552269458771,9.629102349281311,0.0,nan
0.05,7,11,diffusion_shuffled_sequence,0.08250576257705688,10.835157632827759,0.0,nan
0.05,7,12,diffusion_shuffled_sequence,0.07468408346176147,11.267719268798828,0.0,nan
0.05,7,13,diffusion_shuffled_sequence,0.11199002712965012,9.508206248283386,0.0,nan
0.05,7,14,diffusion_shuffled_sequence,0.08071573078632355,10.930417776107788,0.0,nan
0.05,7,15,diffusion_shuffled_sequence,0.07452341169118881,11.277072429656982,0.0,nan
0.5,0,0,context_only,0.07144596427679062,11.460223197937012,0.0,0.22797536849975586
0.5,0,1,context_only,0.06926949322223663,11.59458041191101,0.0,0.2724154591560364
0.5,0,2,context_only,0.07670515775680542,11.15175485610962,0.0,0.6509720683097839
0.5,0,3,context_only,0.07679133862257004,11.146878004074097,0.0,0.5424437522888184
0.5,0,4,context_only,0.07186871021986008,11.434601545333862,0.5,0.4312576353549957
0.5,0,5,context_only,0.07989521324634552,10.974792242050171,0.0,0.38265180587768555
0.5,0,6,context_only,0.10373489558696747,9.84075129032135,0.0,0.5115986466407776
0.5,0,7,context_only,0.07820731401443481,11.06752634048462,0.0,0.5050685405731201
0.5,0,8,context_only,0.08165241032838821,10.880309343338013,0.0,0.31865131855010986
0.5,0,9,context_only,0.07816869020462036,11.069672107696533,0.0,0.46620333194732666
0.5,0,10,context_only,0.06538532674312592,11.84519648551941,0.5,0.3914065957069397
0.5,0,11,context_only,0.08418578654527664,10.747612714767456,0.5,0.37475553154945374
0.5,0,12,context_only,0.06056715548038483,12.1776282787323,1.0,0.5778452754020691
0.5,0,13,context_only,0.08061131834983826,10.936039686203003,0.0,0.34760311245918274
0.5,0,14,context_only,0.08651120215654373,10.629276037216187,0.0,0.37065422534942627
0.5,0,15,context_only,0.07950284332036972,10.996173620223999,0.0,0.39853784441947937
0.5,1,0,context_only,0.06335221230983734,11.982382535934448,0.0,0.41965875029563904
0.5,1,1,context_only,0.0643463060259819,11.914763450622559,0.0,0.5971751809120178
0.5,1,2,context_only,0.06877444684505463,11.625728607177734,0.0,0.48530423641204834
0.5,1,3,context_only,0.0709044486284256,11.493265628814697,0.0,0.4194313883781433
0.5,1,4,context_only,0.07210881263017654,11.420116424560547,0.0,0.44123417139053345
0.5,1,5,context_only,0.0829959288239479,10.8094322681427,0.5,0.4588649570941925
0.5,1,6,context_only,0.056380100548267365,12.488741874694824,0.0,0.3675444424152374
0.5,1,7,context_only,0.05340879410505295,12.723872661590576,0.0,0.6287837624549866
0.5,1,8,context_only,0.07826036959886551,11.06458067893982,0.0,0.34729480743408203
0.5,1,9,context_only,0.08471516519784927,10.720388889312744,0.0,0.36138245463371277
0.5,1,10,context_only,0.06871005892753601,11.629797220230103,0.0,0.3727978467941284
0.5,1,11,context_only,0.07519537210464478,11.238088607788086,0.5,0.526244044303894
0.5,1,12,context_only,0.07173799723386765,11.44250750541687,0.0,0.8437524437904358
0.5,1,13,context_only,0.07911334931850433,11.017502546310425,0.0,0.19120892882347107
0.5,1,14,context_only,0.06808068603277206,11.669760942459106,0.0,0.5766409635543823
0.5,1,15,context_only,0.08210064470767975,10.856534242630005,0.0,0.5558564066886902
0.5,2,0,context_only,0.07170374691486359,11.444581747055054,0.0,0.3579443693161011
0.5,2,1,context_only,0.05876694992184639,12.3086678981781,0.0,0.45408743619918823
0.5,2,2,context_only,0.05665900185704231,12.467310428619385,0.0,0.7469511032104492
0.5,2,3,context_only,0.09039739519357681,10.438441038131714,0.5,0.2543506622314453
0.5,2,4,context_only,0.08074529469013214,10.92882752418518,0.0,0.2952474057674408
0.5,2,5,context_only,0.08125528693199158,10.901483297348022,0.0,0.49782878160476685
0.5,2,6,context_only,0.08907674998044968,10.50235629081726,0.0,0.3411009609699249
0.5,2,7,context_only,0.08651434630155563,10.62911868095398,0.0,0.4363705813884735
0.5,2,8,context_only,0.08493541926145554,10.70911169052124,0.5,0.5443621873855591
0.5,2,9,context_only,0.08476757258176804,10.717703104019165,0.0,0.2769935727119446
0.5,2,10,context_only,0.07195030897855759,11.429673433303833,0.0,0.3836466073989868
0.5,2,11,context_only,0.0951213613152504,10.217219591140747,0.0,0.3763827085494995
0.5,2,12,context_only,0.09042860567569733,10.436941385269165,0.0,0.538033127784729
0.5,2,13,context_only,0.09145001322031021,10.38816213607788,0.0,0.344046413898468
0.5,2,14,context_only,0.07545536756515503,11.223098039627075,0.5,0.45569974184036255
0.5,2,15,context_only,0.08016259968280792,10.96028208732605,0.0,0.5318921208381653
0.5,3,0,context_only,0.07633636146783829,11.172685623168945,0.0,0.5031272172927856
0.5,3,1,context_only,0.06691303849220276,11.744892597198486,0.0,0.23442889750003815
0.5,3,2,context_only,0.06237446516752243,12.049931287765503,0.5,0.5227217078208923
0.5,3,3,context_only,0.0637676939368248,11.95399284362793,0.5,0.4602988362312317
0.5,3,4,context_only,0.05899909511208534,12.291547060012817,0.0,0.6069309711456299
0.5,3,5,context_only,0.050688281655311584,12.950924634933472,0.0,0.5091292858123779
0.5,3,6,context_only,0.07646941393613815,11.165121793746948,0.0,0.4949597716331482
0.5,3,7,context_only,0.06951479613780975,11.579227447509766,0.0,0.2014295905828476
0.5,3,8,context_only,0.06982257217168808,11.560041904449463,0.0,0.5424569249153137
0.5,3,9,context_only,0.07488760352134705,11.255900859832764,0.0,0.5064601898193359
0.5,3,10,context_only,0.06824789941310883,11.659107208251953,0.0,0.3850095272064209
0.5,3,11,context_only,0.08304239809513092,10.80700159072876,0.5,0.5055716633796692
0.5,3,12,context_only,0.07728476077318192,11.119061708450317,0.0,0.9583207368850708
0.5,3,13,context_only,0.06621585041284561,11.790380477905273,0.0,0.3108801543712616
0.5,3,14,context_only,0.06741445511579514,11.712470054626465,0.0,0.31783241033554077
0.5,3,15,context_only,0.06088792160153389,12.154688835144043,0.0,0.5625547766685486
0.5,4,0,context_only,0.09346549212932587,10.293487310409546,0.0,0.5354548692703247
0.5,4,1,context_only,0.0734526589512825,11.339924335479736,0.0,0.2792481780052185
0.5,4,2,context_only,0.059754423797130585,12.236299514770508,0.0,0.1464984118938446
0.5,4,3,context_only,0.06193820759654045,12.080413103103638,0.0,0.5309967994689941
0.5,4,4,context_only,0.07276416569948196,11.38082504272461,0.0,0.4142903685569763
0.5,4,5,context_only,0.07937545329332352,11.003137826919556,0.0,0.5270371437072754
0.5,4,6,context_only,0.06046336144208908,12.185077667236328,0.0,0.4561517834663391
0.5,4,7,context_only,0.05926051735877991,12.272346019744873,0.0,0.7053885459899902
0.5,4,8,context_only,0.08100917190313339,10.914658308029175,0.0,0.6571951508522034
0.5,4,9,context_only,0.07360392063856125,11.3309907913208,0.0,0.40144261717796326
0.5,4,10,context_only,0.05985765904188156,12.22880244255066,0.0,0.2877925634384155
0.5,4,11,context_only,0.06400443613529205,11.937899589538574,0.0,0.4345819652080536
0.5,4,12,context_only,0.08904163539409637,10.50406813621521,0.0,0.3800728917121887
0.5,4,13,context_only,0.0681384727358818,11.666076183319092,0.5,0.5064488649368286
0.5,4,14,context_only,0.09253610670566559,10.336887836456299,0.0,0.43174758553504944
0.5,4,15,context_only,0.056389424949884415,12.488023042678833,0.0,0.44246309995651245
0.5,5,0,context_only,0.06940352916717529,11.58618450164795,0.0,0.32520365715026855
0.5,5,1,context_only,0.07339222729206085,11.343499422073364,0.0,0.46482715010643005
0.5,5,2,context_only,0.08791612088680267,10.559314489364624,0.0,0.441690057516098
0.5,5,3,context_only,0.08058755099773407,10.937319993972778,0.0,0.21558412909507751
0.5,5,4,context_only,0.07581676542758942,11.20234727859497,0.5,0.2951430678367615
0.5,5,5,context_only,0.07846555858850479,11.05320930480957,0.0,0.49206194281578064
0.5,5,6,context_only,0.09345089644193649,10.29416561126709,0.0,0.613651692867279
0.5,5,7,context_only,0.07455972582101822,11.274956464767456,0.0,0.2804938852787018
0.5,5,8,context_only,0.07827772200107574,11.063618659973145,0.0,0.4247676134109497
0.5,5,9,context_only,0.07772688567638397,11.094287633895874,0.0,0.44554322957992554
0.5,5,10,context_only,0.05581203103065491,12.532721757888794,0.5,0.47251269221305847
0.5,5,11,context_only,0.07063160836696625,11.510008573532104,0.5,0.5375490188598633
0.5,5,12,context_only,0.08285003900527954,10.81707239151001,0.0,0.5287610292434692
0.5,5,13,context_only,0.060516659170389175,12.181251049041748,0.0,0.5176886916160583
0.5,5,14,context_only,0.07411204278469086,11.301112174987793,0.0,0.5993983745574951
0.5,5,15,context_only,0.06912261992692947,11.603797674179077,0.0,0.5856227874755859
0.5,6,0,context_only,0.07313595712184906,11.35869026184082,0.0,0.4423474073410034
0.5,6,1,context_only,0.0922306701540947,10.35124659538269,0.0,0.36527061462402344
0.5,6,2,context_only,0.08316653966903687,10.800514221191406,0.0,0.38313835859298706
0.5,6,3,context_only,0.07683954387903214,11.14415168762207,0.0,0.6619459986686707
0.5,6,4,context_only,0.08691491931676865,10.609056949615479,0.0,0.4257009029388428
0.5,6,5,context_only,0.09252436459064484,10.337438583374023,0.0,0.43074938654899597
0.5,6,6,context_only,0.06656233966350555,11.767714023590088,0.5,0.32020804286003113
0.5,6,7,context_only,0.06684070080518723,11.749590635299683,0.0,0.565373957157135
0.5,6,8,context_only,0.09118995815515518,10.400530099868774,0.0,0.4262446463108063
0.5,6,9,context_only,0.08396130055189133,10.75920820236206,0.0,0.4418230652809143
0.5,6,10,context_only,0.10236038267612457,9.898681044578552,0.0,0.43823543190956116
0.5,6,11,context_only,0.050873879343271255,12.935051918029785,0.0,0.5118851661682129
0.5,6,12,context_only,0.06522613763809204,11.855783462524414,0.0,0.4901720881462097
0.5,6,13,context_only,0.06462661921977997,11.895885467529297,0.0,0.4900091290473938
0.5,6,14,context_only,0.06206989288330078,12.071189880371094,0.0,0.4883508086204529
0.5,6,15,context_only,0.07194797694683075,11.429814100265503,0.0,0.5353889465332031
0.5,7,0,context_only,0.0603947639465332,12.190006971359253,0.0,0.2726888060569763
0.5,7,1,context_only,0.08882074803113937,10.51485538482666,0.0,0.46619242429733276
0.5,7,2,context_only,0.07962241768836975,10.989646911621094,0.0,0.4388885498046875
0.5,7,3,context_only,0.08736325055360794,10.58671236038208,0.0,0.45848923921585083
0.5,7,4,context_only,0.1038479208946228,9.836021661758423,0.5,0.3479185700416565
0.5,7,5,context_only,0.09918592125177383,10.035499334335327,0.0,0.5147972702980042
0.5,7,6,context_only,0.09164600074291229,10.378865003585815,0.0,0.2825469672679901
0.5,7,7,context_only,0.07367636263370514,11.3267183303833,0.0,0.3649411201477051
0.5,7,8,context_only,0.08018694072961807,10.958963632583618,0.0,0.40257808566093445
0.5,7,9,context_only,0.0873645767569542,10.586646795272827,0.0,0.44519931077957153
0.5,7,10,context_only,0.08383872359991074,10.765553712844849,0.0,0.45821845531463623
0.5,7,11,context_only,0.08403588086366653,10.755352973937988,0.0,0.13364453613758087
0.5,7,12,context_only,0.0870007872581482,10.604767799377441,0.0,0.5689576864242554
0.5,7,13,context_only,0.08543368428945541,10.683708190917969,0.5,0.18191951513290405
0.5,7,14,context_only,0.06919685006141663,11.599136590957642,0.5,0.4768924415111542
0.5,7,15,context_only,0.09462904185056686,10.239756107330322,0.0,0.3031656742095947
0.5,0,0,gaussian_current,0.05250389128923416,12.79808521270752,0.0,0.17828023433685303
0.5,0,1,gaussian_current,0.058218903839588165,12.34935998916626,0.0,0.26443296670913696
0.5,0,2,gaussian_current,0.06160722300410271,12.103683948516846,0.0,0.6721072196960449
0.5,0,3,gaussian_current,0.0711895003914833,11.47584080696106,0.0,0.35980021953582764
0.5,0,4,gaussian_current,0.050535522401332855,12.964032888412476,0.5,0.3009975552558899
0.5,0,5,gaussian_current,0.07239604741334915,11.402851343154907,0.5,0.29222363233566284
0.5,0,6,gaussian_current,0.1082070991396904,9.657442569732666,0.0,0.41780972480773926
0.5,0,7,gaussian_current,0.060471516102552414,12.184491157531738,0.0,0.37359628081321716
0.5,0,8,gaussian_current,0.06497448682785034,11.87257170677185,1.0,0.2169208526611328
0.5,0,9,gaussian_current,0.06001747399568558,12.217222452163696,0.5,0.34933769702911377
0.5,0,10,gaussian_current,0.07144640386104584,11.460195779800415,0.0,0.24754762649536133
0.5,0,11,gaussian_current,0.06329583376646042,11.98624849319458,0.5,0.33177247643470764
0.5,0,12,gaussian_current,0.05505870282649994,12.591739892959595,1.0,0.514153242111206
0.5,0,13,gaussian_current,0.07088302820920944,11.494576930999756,0.0,0.29043808579444885
0.5,0,14,gaussian_current,0.08489625155925751,10.711114406585693,0.5,0.37511637806892395
0.5,0,15,gaussian_current,0.05940747633576393,12.26158857345581,0.5,0.32466480135917664
0.5,1,0,gaussian_current,0.057122234255075455,12.431948184967041,0.0,0.3508201837539673
0.5,1,1,gaussian_current,0.0657442957162857,11.82141900062561,0.5,0.3449506163597107
0.5,1,2,gaussian_current,0.0657627210021019,11.820201873779297,0.0,0.35476750135421753
0.5,1,3,gaussian_current,0.07169484347105026,11.445120573043823,1.0,0.433151513338089
0.5,1,4,gaussian_current,0.06526684015989304,11.853073835372925,0.0,0.3038560152053833
0.5,1,5,gaussian_current,0.08057399094104767,10.938050746917725,1.0,0.34233254194259644
0.5,1,6,gaussian_current,0.07606937736272812,11.187901496887207,0.5,0.30143222212791443
0.5,1,7,gaussian_current,0.05502529442310333,12.594376802444458,0.0,0.4256282448768616
0.5,1,8,gaussian_current,0.06029609590768814,12.197108268737793,0.5,0.2939574420452118
0.5,1,9,gaussian_current,0.07642235606908798,11.167795658111572,0.5,0.3751159608364105
0.5,1,10,gaussian_current,0.07080482691526413,11.499371528625488,0.0,0.31684237718582153
0.5,1,11,gaussian_current,0.0958017110824585,10.186266899108887,0.0,0.45121845602989197
0.5,1,12,gaussian_current,0.06807142496109009,11.670351028442383,1.0,0.53656005859375
0.5,1,13,gaussian_current,0.08227488398551941,10.847327709197998,0.0,0.1513676643371582
0.5,1,14,gaussian_current,0.080164834856987,10.960160493850708,0.0,0.449623703956604
0.5,1,15,gaussian_current,0.09439073503017426,10.250706672668457,0.0,0.41224533319473267
0.5,2,0,gaussian_current,0.06515733152627945,11.860367059707642,0.5,0.35432833433151245
0.5,2,1,gaussian_current,0.04985016584396362,13.023333549499512,0.0,0.35726502537727356
0.5,2,2,gaussian_current,0.03386542201042175,14.702434539794922,0.5,0.466892808675766
0.5,2,3,gaussian_current,0.09680135548114777,10.141185522079468,0.5,0.23707567155361176
0.5,2,4,gaussian_current,0.07801076024770737,11.078455448150635,0.0,0.23303425312042236
0.5,2,5,gaussian_current,0.07695835828781128,11.137442588806152,0.5,0.5686996579170227
0.5,2,6,gaussian_current,0.05488026514649391,12.60583758354187,0.0,0.21089227497577667
0.5,2,7,gaussian_current,0.06885766237974167,11.620477437973022,0.0,0.40691739320755005
0.5,2,8,gaussian_current,0.06774383038282394,11.691302061080933,1.0,0.3310644030570984
0.5,2,9,gaussian_current,0.07773180305957794,11.094012260437012,0.0,0.24512875080108643
0.5,2,10,gaussian_current,0.04391225427389145,13.574142456054688,0.5,0.24878865480422974
0.5,2,11,gaussian_current,0.08798602968454361,10.555863380432129,0.5,0.3180539608001709
0.5,2,12,gaussian_current,0.0827641487121582,10.821577310562134,0.0,0.4540664851665497
0.5,2,13,gaussian_current,0.07500938326120377,11.248843669891357,0.5,0.28292974829673767
0.5,2,14,gaussian_current,0.0686001405119896,11.636749505996704,0.5,0.38823187351226807
0.5,2,15,gaussian_current,0.07445769757032394,11.280903816223145,0.0,0.4257616400718689
0.5,3,0,gaussian_current,0.07258784025907516,11.391360759735107,0.0,0.448994517326355
0.5,3,1,gaussian_current,0.07608690112829208,11.186901330947876,0.0,0.3121721148490906
0.5,3,2,gaussian_current,0.06570166349411011,11.824235916137695,0.0,0.4198291301727295
0.5,3,3,gaussian_current,0.056802451610565186,12.456328868865967,0.5,0.3846660852432251
0.5,3,4,gaussian_current,0.05519570782780647,12.580946683883667,0.0,0.39263978600502014
0.5,3,5,gaussian_current,0.041211050003767014,13.849862813949585,0.5,0.295224130153656
0.5,3,6,gaussian_current,0.07591839134693146,11.196529865264893,0.0,0.44345784187316895
0.5,3,7,gaussian_current,0.06618421524763107,11.792455911636353,0.0,0.1895877718925476
0.5,3,8,gaussian_current,0.06833940744400024,11.653287410736084,0.0,0.3083324432373047
0.5,3,9,gaussian_current,0.05515109747648239,12.584458589553833,0.0,0.36713093519210815
0.5,3,10,gaussian_current,0.07108854502439499,11.482003927230835,0.0,0.3073135018348694
0.5,3,11,gaussian_current,0.07171810418367386,11.443711519241333,0.5,0.3299836814403534
0.5,3,12,gaussian_current,0.07138092070817947,11.464178562164307,0.5,0.5612463355064392
0.5,3,13,gaussian_current,0.07369613647460938,11.325552463531494,0.0,0.375093936920166
0.5,3,14,gaussian_current,0.0489102303981781,13.106002807617188,0.5,0.24406316876411438
0.5,3,15,gaussian_current,0.05230657011270523,12.8144371509552,0.5,0.4699398875236511
0.5,4,0,gaussian_current,0.08134620636701584,10.896626710891724,0.0,0.42420727014541626
0.5,4,1,gaussian_current,0.07633952796459198,11.172505617141724,0.0,0.2499435544013977
0.5,4,2,gaussian_current,0.0473104827105999,13.250426054000854,0.5,0.14861686527729034
0.5,4,3,gaussian_current,0.04180712252855301,13.787497282028198,0.5,0.3459107279777527
0.5,4,4,gaussian_current,0.046276357024908066,13.346408605575562,0.5,0.2776339054107666
0.5,4,5,gaussian_current,0.07206244021654129,11.422910690307617,0.5,0.36483943462371826
0.5,4,6,gaussian_current,0.07097584009170532,11.48889422416687,0.0,0.2945210933685303
0.5,4,7,gaussian_current,0.04891301319003105,13.105756044387817,0.5,0.3491345942020416
0.5,4,8,gaussian_current,0.08406004309654236,10.754103660583496,0.0,0.41020989418029785
0.5,4,9,gaussian_current,0.07059808820486069,11.512070894241333,0.0,0.38681378960609436
0.5,4,10,gaussian_current,0.06593803316354752,11.808639764785767,0.0,0.23390254378318787
0.5,4,11,gaussian_current,0.05330992862582207,12.731919288635254,0.5,0.26166462898254395
0.5,4,12,gaussian_current,0.08373412489891052,10.770975351333618,0.0,0.33208274841308594
0.5,4,13,gaussian_current,0.07837069779634476,11.058462858200073,1.0,0.3367166519165039
0.5,4,14,gaussian_current,0.09828981757164001,10.074914693832397,0.0,0.4455103278160095
0.5,4,15,gaussian_current,0.058058008551597595,12.36137866973877,0.5,0.3959208130836487
0.5,5,0,gaussian_current,0.05947757139801979,12.256467342376709,0.0,0.2509688138961792
0.5,5,1,gaussian_current,0.07324721664190292,11.352088451385498,0.0,0.4051606059074402
0.5,5,2,gaussian_current,0.08765395730733871,10.572284460067749,0.0,0.4457851052284241
0.5,5,3,gaussian_current,0.050978727638721466,12.926110029220581,0.5,0.1287359744310379
0.5,5,4,gaussian_current,0.05741778761148453,12.409535646438599,1.0,0.1776137351989746
0.5,5,5,gaussian_current,0.057734109461307526,12.385674715042114,0.5,0.2789088785648346
0.5,5,6,gaussian_current,0.08565724641084671,10.672359466552734,0.0,0.5868940949440002
0.5,5,7,gaussian_current,0.06797587126493454,11.676452159881592,0.0,0.26991569995880127
0.5,5,8,gaussian_current,0.06785964965820312,11.683883666992188,0.5,0.36376887559890747
0.5,5,9,gaussian_current,0.08393467962741852,10.760585069656372,0.0,0.3527456521987915
0.5,5,10,gaussian_current,0.05282945930957794,12.771238088607788,0.5,0.4074125289916992
0.5,5,11,gaussian_current,0.07446124404668808,11.280697584152222,0.0,0.5104550123214722
0.5,5,12,gaussian_current,0.08633475750684738,10.638142824172974,0.0,0.45828285813331604
0.5,5,13,gaussian_current,0.0724673792719841,11.398574113845825,0.5,0.520915150642395
0.5,5,14,gaussian_current,0.08197305351495743,10.863288640975952,0.0,0.5273363590240479
0.5,5,15,gaussian_current,0.06692007929086685,11.744436025619507,0.0,0.4511023759841919
0.5,6,0,gaussian_current,0.05536836013197899,12.567383050918579,0.5,0.2587464451789856
0.5,6,1,gaussian_current,0.08285399526357651,10.816864967346191,0.0,0.3261831998825073
0.5,6,2,gaussian_current,0.06715679913759232,11.729099750518799,0.0,0.3003683090209961
0.5,6,3,gaussian_current,0.06197488680481911,12.077842950820923,0.0,0.3482738435268402
0.5,6,4,gaussian_current,0.07881082594394684,11.034141778945923,0.0,0.3533811569213867
0.5,6,5,gaussian_current,0.08434130251407623,10.739597082138062,0.0,0.3735625743865967
0.5,6,6,gaussian_current,0.07393213361501694,11.311668157577515,0.5,0.37813493609428406
0.5,6,7,gaussian_current,0.050382841378450394,12.977173328399658,0.0,0.33133000135421753
0.5,6,8,gaussian_current,0.08854705095291138,10.52825927734375,0.0,0.37016522884368896
0.5,6,9,gaussian_current,0.08516272902488708,10.69750428199768,0.0,0.4886932075023651
0.5,6,10,gaussian_current,0.11054582893848419,9.564576148986816,0.0,0.4102068543434143
0.5,6,11,gaussian_current,0.052824605256319046,12.771637439727783,0.0,0.371573269367218
0.5,6,12,gaussian_current,0.06258423626422882,12.035350799560547,0.5,0.33296701312065125
0.5,6,13,gaussian_current,0.058480631560087204,12.329879999160767,0.5,0.33175864815711975
0.5,6,14,gaussian_current,0.0729246437549591,11.371257305145264,0.0,0.3630388379096985
0.5,6,15,gaussian_current,0.06929023563861847,11.593279838562012,0.5,0.3831745386123657
0.5,7,0,gaussian_current,0.041555020958185196,13.813765048980713,0.5,0.24080298840999603
0.5,7,1,gaussian_current,0.06427925825119019,11.919291019439697,0.0,0.2996456027030945
0.5,7,2,gaussian_current,0.06635583192110062,11.781208515167236,0.0,0.3136805295944214
0.5,7,3,gaussian_current,0.0885835736989975,10.526467561721802,0.0,0.42329010367393494
0.5,7,4,gaussian_current,0.08654048293828964,10.627807378768921,0.5,0.3356257975101471
0.5,7,5,gaussian_current,0.09435982257127762,10.252128839492798,0.0,0.29949599504470825
0.5,7,6,gaussian_current,0.09606366604566574,10.174407958984375,0.0,0.35319066047668457
0.5,7,7,gaussian_current,0.06776897609233856,11.689690351486206,0.5,0.23204553127288818
0.5,7,8,gaussian_current,0.07122109085321426,11.473913192749023,0.0,0.32444441318511963
0.5,7,9,gaussian_current,0.08467742055654526,10.722323656082153,0.5,0.33571943640708923
0.5,7,10,gaussian_current,0.07534592598676682,11.22940182685852,1.0,0.28430286049842834
0.5,7,11,gaussian_current,0.0817175880074501,10.876845121383667,0.0,0.14566472172737122
0.5,7,12,gaussian_current,0.07918316125869751,11.013671159744263,0.0,0.3973230719566345
0.5,7,13,gaussian_current,0.08592665940523148,10.65872073173523,0.5,0.16327276825904846
0.5,7,14,gaussian_current,0.05191761627793312,12.846852540969849,0.5,0.3874339163303375
0.5,7,15,gaussian_current,0.08264504373073578,10.827832221984863,0.0,0.2481064796447754
0.5,0,0,gaussian_smoother,0.05523921176791191,12.57752537727356,0.0,0.17868337035179138
0.5,0,1,gaussian_smoother,0.07486072927713394,11.257458925247192,0.0,0.27984368801116943
0.5,0,2,gaussian_smoother,0.0804905891418457,10.942548513412476,0.0,0.6225325465202332
0.5,0,3,gaussian_smoother,0.07868854701519012,11.040884256362915,0.0,0.5420999526977539
0.5,0,4,gaussian_smoother,0.07053892314434052,11.515711545944214,0.0,0.4125237464904785
0.5,0,5,gaussian_smoother,0.08044411987066269,10.945056676864624,0.0,0.4294377267360687
0.5,0,6,gaussian_smoother,0.10470515489578247,9.800319075584412,0.0,0.5354173183441162
0.5,0,7,gaussian_smoother,0.08466750383377075,10.722832679748535,0.0,0.4996715784072876
0.5,0,8,gaussian_smoother,0.08502601087093353,10.704481601715088,0.5,0.33983272314071655
0.5,0,9,gaussian_smoother,0.07277265936136246,11.380317211151123,0.0,0.477084755897522
0.5,0,10,gaussian_smoother,0.06629043072462082,11.785491704940796,0.5,0.37582460045814514
0.5,0,11,gaussian_smoother,0.08038440346717834,10.948282480239868,0.5,0.35858723521232605
0.5,0,12,gaussian_smoother,0.06381095945835114,11.95104718208313,1.0,0.5765650272369385
0.5,0,13,gaussian_smoother,0.08109439164400101,10.910091400146484,0.0,0.3734620213508606
0.5,0,14,gaussian_smoother,0.08955312520265579,10.479192733764648,0.0,0.41802772879600525
0.5,0,15,gaussian_smoother,0.07233186811208725,11.406702995300293,0.0,0.35829058289527893
0.5,1,0,gaussian_smoother,0.04405397176742554,13.560149669647217,0.0,0.3577542304992676
0.5,1,1,gaussian_smoother,0.067536361515522,11.704623699188232,0.0,0.6317185759544373
0.5,1,2,gaussian_smoother,0.06562962383031845,11.82900071144104,0.0,0.4747087359428406
0.5,1,3,gaussian_smoother,0.07111074775457382,11.480647325515747,0.0,0.4843272864818573
0.5,1,4,gaussian_smoother,0.0755540132522583,11.217424869537354,0.0,0.4170593321323395
0.5,1,5,gaussian_smoother,0.08070328831672668,10.931087732315063,0.5,0.4873913526535034
0.5,1,6,gaussian_smoother,0.05694098398089409,12.44575023651123,0.0,0.37378084659576416
0.5,1,7,gaussian_smoother,0.05467166751623154,12.622376680374146,0.5,0.6246781349182129
0.5,1,8,gaussian_smoother,0.07948906719684601,10.996925830841064,0.0,0.3489034175872803
0.5,1,9,gaussian_smoother,0.0856374129652977,10.673364400863647,0.0,0.3477897644042969
0.5,1,10,gaussian_smoother,0.06827772408723831,11.657209396362305,0.0,0.4042254686355591
0.5,1,11,gaussian_smoother,0.07541495561599731,11.225425004959106,0.5,0.4876171350479126
0.5,1,12,gaussian_smoother,0.06676606833934784,11.7544424533844,0.0,0.7708504796028137
0.5,1,13,gaussian_smoother,0.07192515581846237,11.43119215965271,0.0,0.18288704752922058
0.5,1,14,gaussian_smoother,0.07215289026498795,11.417462825775146,0.0,0.5766454935073853
0.5,1,15,gaussian_smoother,0.07964172214269638,10.988593101501465,0.0,0.5774465203285217
0.5,2,0,gaussian_smoother,0.07031546533107758,11.529490947723389,0.0,0.3883299231529236
0.5,2,1,gaussian_smoother,0.06275040656328201,12.023833990097046,0.0,0.4280089735984802
0.5,2,2,gaussian_smoother,0.05669635161757469,12.464449405670166,0.0,0.7212598323822021
0.5,2,3,gaussian_smoother,0.08803516626358032,10.553438663482666,0.5,0.2299691140651703
0.5,2,4,gaussian_smoother,0.0792345479130745,11.010854244232178,0.0,0.315385103225708
0.5,2,5,gaussian_smoother,0.08341158926486969,10.787736177444458,0.0,0.512721598148346
0.5,2,6,gaussian_smoother,0.08870534598827362,10.52050232887268,0.0,0.38465940952301025
0.5,2,7,gaussian_smoother,0.08424991369247437,10.744305849075317,0.0,0.41265520453453064
0.5,2,8,gaussian_smoother,0.08701161295175552,10.604227781295776,0.5,0.5198553204536438
0.5,2,9,gaussian_smoother,0.09326304495334625,10.302903652191162,0.0,0.30324092507362366
0.5,2,10,gaussian_smoother,0.07354100048542023,11.334704160690308,0.0,0.36641567945480347
0.5,2,11,gaussian_smoother,0.09306488931179047,10.312141180038452,0.0,0.382339745759964
0.5,2,12,gaussian_smoother,0.09592194110155106,10.180820226669312,0.0,0.5391499996185303
0.5,2,13,gaussian_smoother,0.08811042457818985,10.549726486206055,0.0,0.40009260177612305
0.5,2,14,gaussian_smoother,0.07003690302371979,11.546730995178223,0.5,0.44655635952949524
0.5,2,15,gaussian_smoother,0.07758286595344543,11.102341413497925,0.0,0.5486849546432495
0.5,3,0,gaussian_smoother,0.0672571063041687,11.722618341445923,0.0,0.5058382153511047
0.5,3,1,gaussian_smoother,0.0662207081913948,11.790062189102173,0.0,0.23397314548492432
0.5,3,2,gaussian_smoother,0.05942193791270256,12.26053237915039,0.5,0.6027064323425293
0.5,3,3,gaussian_smoother,0.06179223209619522,12.090661525726318,0.5,0.3986002206802368
0.5,3,4,gaussian_smoother,0.05819093808531761,12.351446151733398,0.0,0.6206929087638855
0.5,3,5,gaussian_smoother,0.05028755962848663,12.98539400100708,0.0,0.5334219932556152
0.5,3,6,gaussian_smoother,0.0743090882897377,11.289581060409546,0.0,0.4800018072128296
0.5,3,7,gaussian_smoother,0.06876886636018753,11.626081466674805,0.0,0.2176976203918457
0.5,3,8,gaussian_smoother,0.06995551288127899,11.551780700683594,0.0,0.519537091255188
0.5,3,9,gaussian_smoother,0.07507645338773727,11.244962215423584,0.0,0.521623969078064
0.5,3,10,gaussian_smoother,0.07738874852657318,11.113221645355225,0.0,0.3624911904335022
0.5,3,11,gaussian_smoother,0.08474330604076385,10.71894645690918,0.5,0.48884618282318115
0.5,3,12,gaussian_smoother,0.08321891725063324,10.797779560089111,0.0,0.9363007545471191
0.5,3,13,gaussian_smoother,0.0640852153301239,11.932421922683716,0.0,0.332321435213089
0.5,3,14,gaussian_smoother,0.06108981370925903,12.140312194824219,0.0,0.2900102436542511
0.5,3,15,gaussian_smoother,0.061157405376434326,12.135509252548218,0.0,0.5158645510673523
0.5,4,0,gaussian_smoother,0.09631317853927612,10.163142681121826,0.0,0.5786865949630737
0.5,4,1,gaussian_smoother,0.07653496414422989,11.161401271820068,0.0,0.23277705907821655
0.5,4,2,gaussian_smoother,0.05678299069404602,12.457817792892456,0.0,0.16247567534446716
0.5,4,3,gaussian_smoother,0.06470520794391632,11.890608072280884,0.0,0.5164315104484558
0.5,4,4,gaussian_smoother,0.06932636350393295,11.591016054153442,0.0,0.38168567419052124
0.5,4,5,gaussian_smoother,0.07631547003984451,11.173874139785767,0.0,0.5061601400375366
0.5,4,6,gaussian_smoother,0.060255564749240875,12.200028896331787,0.0,0.4921734929084778
0.5,4,7,gaussian_smoother,0.05663784220814705,12.468932867050171,0.0,0.7593104839324951
0.5,4,8,gaussian_smoother,0.0802522599697113,10.955426692962646,0.0,0.6489616632461548
0.5,4,9,gaussian_smoother,0.07435475289821625,11.2869131565094,0.0,0.4011463522911072
0.5,4,10,gaussian_smoother,0.05928982421755791,12.270197868347168,0.0,0.27515557408332825
0.5,4,11,gaussian_smoother,0.0642954409122467,11.918197870254517,0.0,0.4393485188484192
0.5,4,12,gaussian_smoother,0.08692137151956558,10.608733892440796,0.0,0.36592960357666016
0.5,4,13,gaussian_smoother,0.07095848023891449,11.489956378936768,0.5,0.48937514424324036
0.5,4,14,gaussian_smoother,0.09035816788673401,10.440325736999512,0.0,0.4481435716152191
0.5,4,15,gaussian_smoother,0.06222061067819595,12.060657739639282,0.0,0.5086266398429871
0.5,5,0,gaussian_smoother,0.06634436547756195,11.781959533691406,0.0,0.34954577684402466
0.5,5,1,gaussian_smoother,0.07738291472196579,11.11354947090149,0.0,0.4992820620536804
0.5,5,2,gaussian_smoother,0.09084237366914749,10.417115688323975,0.0,0.5470504760742188
0.5,5,3,gaussian_smoother,0.07844987511634827,11.0540771484375,0.5,0.22376880049705505
0.5,5,4,gaussian_smoother,0.071433886885643,11.460957527160645,0.5,0.2985268533229828
0.5,5,5,gaussian_smoother,0.07581223547458649,11.202607154846191,0.0,0.47839292883872986
0.5,5,6,gaussian_smoother,0.08909953385591507,10.501245260238647,0.0,0.6360948085784912
0.5,5,7,gaussian_smoother,0.07148019969463348,11.45814299583435,0.0,0.2748677134513855
0.5,5,8,gaussian_smoother,0.07249225676059723,11.39708399772644,0.5,0.4275147020816803
0.5,5,9,gaussian_smoother,0.07738734781742096,11.113300323486328,0.0,0.46635231375694275
0.5,5,10,gaussian_smoother,0.059555452316999435,12.250784635543823,0.5,0.4719224274158478
0.5,5,11,gaussian_smoother,0.07088148593902588,11.494672298431396,0.5,0.561138391494751
0.5,5,12,gaussian_smoother,0.08683783560991287,10.61290979385376,0.0,0.5442709922790527
0.5,5,13,gaussian_smoother,0.06193055957555771,12.080949544906616,0.0,0.5115440487861633
0.5,5,14,gaussian_smoother,0.08188457787036896,10.86797833442688,0.0,0.5871927738189697
0.5,5,15,gaussian_smoother,0.06966747343540192,11.569699048995972,0.0,0.6361798048019409
0.5,6,0,gaussian_smoother,0.06068345159292221,12.169296741485596,0.0,0.4059714674949646
0.5,6,1,gaussian_smoother,0.08957191556692123,10.47828197479248,0.0,0.3617072105407715
0.5,6,2,gaussian_smoother,0.0810050368309021,10.91488003730774,0.0,0.40687650442123413
0.5,6,3,gaussian_smoother,0.07427839189767838,11.291375160217285,0.0,0.7277665734291077
0.5,6,4,gaussian_smoother,0.08125115931034088,10.901703834533691,0.0,0.4485022723674774
0.5,6,5,gaussian_smoother,0.08843570947647095,10.533723831176758,0.0,0.42005401849746704
0.5,6,6,gaussian_smoother,0.06019579991698265,12.204338312149048,0.5,0.3381071388721466
0.5,6,7,gaussian_smoother,0.07407683879137039,11.303175687789917,0.0,0.5223284959793091
0.5,6,8,gaussian_smoother,0.09542141109704971,10.20354151725769,0.0,0.43527889251708984
0.5,6,9,gaussian_smoother,0.09013408422470093,10.451109409332275,0.0,0.46173253655433655
0.5,6,10,gaussian_smoother,0.0955037996172905,10.199793577194214,0.0,0.4508056640625
0.5,6,11,gaussian_smoother,0.05392155796289444,12.68237590789795,0.0,0.5523000955581665
0.5,6,12,gaussian_smoother,0.0725092664361,11.396064758300781,0.0,0.4759100079536438
0.5,6,13,gaussian_smoother,0.06266478449106216,12.029764652252197,0.0,0.5147936344146729
0.5,6,14,gaussian_smoother,0.058938167989254,12.296034097671509,0.0,0.5121084451675415
0.5,6,15,gaussian_smoother,0.07134668529033661,11.466262340545654,0.5,0.5090235471725464
0.5,7,0,gaussian_smoother,0.0464368537068367,13.331371545791626,0.0,0.23974713683128357
0.5,7,1,gaussian_smoother,0.10018378496170044,9.9920254945755,0.0,0.4821787476539612
0.5,7,2,gaussian_smoother,0.07836325466632843,11.058875322341919,0.0,0.47298896312713623
0.5,7,3,gaussian_smoother,0.08761130273342133,10.574398040771484,0.0,0.4663315415382385
0.5,7,4,gaussian_smoother,0.09570952504873276,10.190448760986328,0.5,0.3576856851577759
0.5,7,5,gaussian_smoother,0.09706512838602066,10.129367113113403,0.0,0.5256499648094177
0.5,7,6,gaussian_smoother,0.0794098824262619,11.001254320144653,0.5,0.23679673671722412
0.5,7,7,gaussian_smoother,0.07927019149065018,11.00890040397644,0.0,0.3218247592449188
0.5,7,8,gaussian_smoother,0.08463968336582184,10.724259614944458,0.0,0.47311633825302124
0.5,7,9,gaussian_smoother,0.08789266645908356,10.560473203659058,0.0,0.43055254220962524
0.5,7,10,gaussian_smoother,0.08873048424720764,10.519270896911621,0.0,0.4075812101364136
0.5,7,11,gaussian_smoother,0.08409134298563004,10.752487182617188,0.0,0.13632261753082275
0.5,7,12,gaussian_smoother,0.09253519773483276,10.336930751800537,0.0,0.5439224243164062
0.5,7,13,gaussian_smoother,0.08757492899894714,10.576201677322388,0.5,0.21592402458190918
0.5,7,14,gaussian_smoother,0.06173558160662651,12.09464430809021,0.5,0.4981982111930847
0.5,7,15,gaussian_smoother,0.0922868624329567,10.348601341247559,0.0,0.31781744956970215
0.5,0,0,bilstm,0.051246464252471924,12.903361320495605,0.5,0.14571504294872284
0.5,0,1,bilstm,0.055084072053432465,12.589739561080933,0.0,0.37948524951934814
0.5,0,2,bilstm,0.07864159345626831,11.043477058410645,0.0,0.6304761171340942
0.5,0,3,bilstm,0.06672844290733337,11.756889820098877,0.0,0.4236113429069519
0.5,0,4,bilstm,0.06179468333721161,12.09048867225647,0.5,0.444587767124176
0.5,0,5,bilstm,0.08583151549100876,10.663532018661499,0.5,0.3097859025001526
0.5,0,6,bilstm,0.13667434453964233,8.64313006401062,0.0,0.6158108711242676
0.5,0,7,bilstm,0.07400615513324738,11.307321786880493,0.0,0.7768416404724121
0.5,0,8,bilstm,0.08791033178567886,10.559600591659546,0.0,0.4305214285850525
0.5,0,9,bilstm,0.07009665668010712,11.54302716255188,0.5,0.6364547610282898
0.5,0,10,bilstm,0.08289501816034317,10.81471562385559,0.0,0.3572748899459839
0.5,0,11,bilstm,0.10085035115480423,9.963225722312927,0.5,0.37712815403938293
0.5,0,12,bilstm,0.06049060821533203,12.183120250701904,0.5,0.4992332458496094
0.5,0,13,bilstm,0.0776834562420845,11.096714735031128,0.0,0.4821845293045044
0.5,0,14,bilstm,0.07388564199209213,11.314399242401123,0.5,0.45874395966529846
0.5,0,15,bilstm,0.07321220636367798,11.354165077209473,0.0,0.5333907008171082
0.5,1,0,bilstm,0.04574954882264137,13.396131992340088,0.5,0.37226635217666626
0.5,1,1,bilstm,0.07057119160890579,11.513725519180298,0.5,0.4585610330104828
0.5,1,2,bilstm,0.06406734138727188,11.933633089065552,0.5,0.4528941512107849
0.5,1,3,bilstm,0.07253486663103104,11.394531726837158,1.0,0.4003617763519287
0.5,1,4,bilstm,0.07160718739032745,11.450433731079102,0.0,0.4240148067474365
0.5,1,5,bilstm,0.09848827868700027,10.06615400314331,0.5,0.5147894620895386
0.5,1,6,bilstm,0.0797191709280014,10.984371900558472,0.0,0.3447876572608948
0.5,1,7,bilstm,0.0553169921040535,12.571414709091187,0.0,0.5832595229148865
0.5,1,8,bilstm,0.08988237380981445,10.463254451751709,0.5,0.4669947624206543
0.5,1,9,bilstm,0.09552516788244247,10.198822021484375,0.0,0.526477575302124
0.5,1,10,bilstm,0.07016179710626602,11.538993120193481,0.0,0.5369139313697815
0.5,1,11,bilstm,0.0918906107544899,10.367288589477539,0.5,0.5834092497825623
0.5,1,12,bilstm,0.07032159715890884,11.529113054275513,0.5,0.6440123915672302
0.5,1,13,bilstm,0.0839434266090393,10.760133266448975,0.5,0.1874142289161682
0.5,1,14,bilstm,0.08760343492031097,10.574789047241211,0.0,0.6427857875823975
0.5,1,15,bilstm,0.10013522207736969,9.994131326675415,0.5,0.4214770793914795
0.5,2,0,bilstm,0.07462576776742935,11.271111965179443,0.5,0.39466941356658936
0.5,2,1,bilstm,0.06230214610695839,12.054970264434814,0.0,0.5134003162384033
0.5,2,2,bilstm,0.04236640781164169,13.729783296585083,0.5,0.5498284101486206
0.5,2,3,bilstm,0.097202368080616,10.123231410980225,0.5,0.2341568022966385
0.5,2,4,bilstm,0.06907033920288086,11.607084274291992,0.0,0.2773367166519165
0.5,2,5,bilstm,0.08288294076919556,10.815348625183105,0.5,0.7757412195205688
0.5,2,6,bilstm,0.0365276001393795,14.373788833618164,0.5,0.22521847486495972
0.5,2,7,bilstm,0.05440125986933708,12.643910646438599,0.5,0.46195152401924133
0.5,2,8,bilstm,0.05766982585191727,12.39051342010498,0.5,0.4367809295654297
0.5,2,9,bilstm,0.07366684079170227,11.327279806137085,0.0,0.3868683874607086
0.5,2,10,bilstm,0.05168278515338898,12.866541147232056,0.5,0.3033140003681183
0.5,2,11,bilstm,0.10666316002607346,9.719855785369873,0.0,0.5089285373687744
0.5,2,12,bilstm,0.10134366899728775,9.942033886909485,0.0,0.5788071155548096
0.5,2,13,bilstm,0.06113618239760399,12.137017250061035,0.5,0.2909179627895355
0.5,2,14,bilstm,0.07810741662979126,11.073076725006104,0.5,0.6411759853363037
0.5,2,15,bilstm,0.06695570051670074,11.742124557495117,0.0,0.462944895029068
0.5,3,0,bilstm,0.06679625809192657,11.752479076385498,0.0,0.7467616200447083
0.5,3,1,bilstm,0.064507395029068,11.903904676437378,0.0,0.43771252036094666
0.5,3,2,bilstm,0.07539739459753036,11.226437091827393,0.5,0.5070640444755554
0.5,3,3,bilstm,0.08126924932003021,10.900737047195435,0.0,0.5057352781295776
0.5,3,4,bilstm,0.09864737838506699,10.059144496917725,0.0,0.5905699133872986
0.5,3,5,bilstm,0.0386834554374218,14.124747514724731,0.5,0.5188891291618347
0.5,3,6,bilstm,0.10143708437681198,9.938032627105713,0.5,0.6267826557159424
0.5,3,7,bilstm,0.08674925565719604,10.617341995239258,0.0,0.4802226722240448
0.5,3,8,bilstm,0.06735524535179138,11.716285943984985,0.0,0.456613153219223
0.5,3,9,bilstm,0.05591056868433952,12.52506136894226,0.0,0.47596877813339233
0.5,3,10,bilstm,0.07488016039133072,11.256332397460938,0.0,0.296425998210907
0.5,3,11,bilstm,0.1055934876203537,9.763628840446472,0.0,0.41796761751174927
0.5,3,12,bilstm,0.07369370758533478,11.325695514678955,1.0,0.7354957461357117
0.5,3,13,bilstm,0.07570037245750427,11.209019422531128,0.0,0.5562059879302979
0.5,3,14,bilstm,0.05477379634976387,12.614271640777588,0.5,0.2549762725830078
0.5,3,15,bilstm,0.054230257868766785,12.657582759857178,0.0,0.6465333700180054
0.5,4,0,bilstm,0.11972639709711075,9.218100905418396,0.0,0.6612147092819214
0.5,4,1,bilstm,0.08276926726102829,10.821309089660645,0.0,0.4160359799861908
0.5,4,2,bilstm,0.048966214060783386,13.101034164428711,0.5,0.21655260026454926
0.5,4,3,bilstm,0.05807800590991974,12.359882593154907,0.0,0.5448424816131592
0.5,4,4,bilstm,0.05466692894697189,12.622753381729126,0.5,0.3743671178817749
0.5,4,5,bilstm,0.10503070056438446,9.786837100982666,0.0,0.48708510398864746
0.5,4,6,bilstm,0.09146598726511002,10.387403964996338,0.0,0.43208256363868713
0.5,4,7,bilstm,0.06095282360911369,12.150061130523682,0.5,0.4296555519104004
0.5,4,8,bilstm,0.07912129908800125,11.017066240310669,0.5,0.47141993045806885
0.5,4,9,bilstm,0.07968641817569733,10.986156463623047,0.0,0.5321440100669861
0.5,4,10,bilstm,0.06096625328063965,12.149105072021484,0.5,0.3027508556842804
0.5,4,11,bilstm,0.05405573546886444,12.671582698822021,0.5,0.3025240898132324
0.5,4,12,bilstm,0.09714081883430481,10.125982761383057,0.5,0.3070552945137024
0.5,4,13,bilstm,0.0788736641407013,11.030679941177368,0.5,0.42246562242507935
0.5,4,14,bilstm,0.08977042138576508,10.46866774559021,0.0,0.5929900407791138
0.5,4,15,bilstm,0.06874483823776245,11.627599000930786,0.0,0.5349769592285156
0.5,5,0,bilstm,0.06345531344413757,11.97532057762146,0.0,0.34494858980178833
0.5,5,1,bilstm,0.0753321647644043,11.230195760726929,0.0,0.39164459705352783
0.5,5,2,bilstm,0.10044381767511368,9.980767965316772,0.0,0.6097177863121033
0.5,5,3,bilstm,0.06637106090784073,11.780211925506592,0.5,0.16516347229480743
0.5,5,4,bilstm,0.0672994926571846,11.719882488250732,1.0,0.28064829111099243
0.5,5,5,bilstm,0.0731130912899971,11.360048055648804,0.0,0.46556898951530457
0.5,5,6,bilstm,0.108424112200737,9.648741483688354,0.0,0.7255641222000122
0.5,5,7,bilstm,0.10061132907867432,9.973531365394592,0.0,0.3696538209915161
0.5,5,8,bilstm,0.0753917470574379,11.22676134109497,0.5,0.4504460096359253
0.5,5,9,bilstm,0.08237022906541824,10.842297077178955,0.5,0.3905847370624542
0.5,5,10,bilstm,0.04656309634447098,13.319581747055054,1.0,0.42783284187316895
0.5,5,11,bilstm,0.08292734622955322,10.81302285194397,0.0,0.6368135213851929
0.5,5,12,bilstm,0.10084997117519379,9.963242411613464,0.0,0.5800580978393555
0.5,5,13,bilstm,0.08922916650772095,10.494931936264038,0.5,0.5660221576690674
0.5,5,14,bilstm,0.0853453278541565,10.688202381134033,0.0,0.7312835454940796
0.5,5,15,bilstm,0.07836447656154633,11.058807373046875,0.0,0.5432959198951721
0.5,6,0,bilstm,0.06317266076803207,11.994708776473999,0.0,0.35568979382514954
0.5,6,1,bilstm,0.06884343177080154,11.62137508392334,0.0,0.4054315388202667
0.5,6,2,bilstm,0.06644897907972336,11.775116920471191,0.0,0.5903311371803284
0.5,6,3,bilstm,0.09640684723854065,10.158921480178833,0.5,0.5046349167823792
0.5,6,4,bilstm,0.08888212591409683,10.511856079101562,0.0,0.6351919174194336
0.5,6,5,bilstm,0.09095779061317444,10.411601066589355,1.0,0.3728875517845154
0.5,6,6,bilstm,0.04676526039838791,13.300766944885254,0.0,0.3694750964641571
0.5,6,7,bilstm,0.04729275777935982,13.252053260803223,0.0,0.33936959505081177
0.5,6,8,bilstm,0.11214923858642578,9.502036571502686,0.0,0.6053546071052551
0.5,6,9,bilstm,0.10363226383924484,9.845049977302551,0.0,0.5034655928611755
0.5,6,10,bilstm,0.11162082850933075,9.522547721862793,0.5,0.2843400239944458
0.5,6,11,bilstm,0.04588402062654495,13.383384943008423,0.5,0.29033362865448
0.5,6,12,bilstm,0.06935514509677887,11.589213609695435,0.5,0.3100869655609131
0.5,6,13,bilstm,0.06888113915920258,11.618996858596802,0.0,0.6638868451118469
0.5,6,14,bilstm,0.06836914271116257,11.6513991355896,0.0,0.5287388563156128
0.5,6,15,bilstm,0.07600055634975433,11.191831827163696,0.5,0.5179126262664795
0.5,7,0,bilstm,0.05251546949148178,12.797127962112427,0.0,0.29883918166160583
0.5,7,1,bilstm,0.08106712251901627,10.911552906036377,0.5,0.4047333002090454
0.5,7,2,bilstm,0.06585665792226791,11.814002990722656,0.5,0.43490344285964966
0.5,7,3,bilstm,0.09720798581838608,10.122981071472168,0.0,0.49514445662498474
0.5,7,4,bilstm,0.08904457092285156,10.503925085067749,0.5,0.4352484345436096
0.5,7,5,bilstm,0.107026107609272,9.705102443695068,0.5,0.29794150590896606
0.5,7,6,bilstm,0.1269167810678482,8.964809775352478,0.0,0.3313944637775421
0.5,7,7,bilstm,0.07983958721160889,10.977816581726074,0.5,0.42312347888946533
0.5,7,8,bilstm,0.07507207989692688,11.245214939117432,0.0,0.4922478199005127
0.5,7,9,bilstm,0.08430761843919754,10.741331577301025,0.5,0.5465319752693176
0.5,7,10,bilstm,0.0994224026799202,10.025157928466797,0.5,0.4246853291988373
0.5,7,11,bilstm,0.08715241402387619,10.597206354141235,0.0,0.23348304629325867
0.5,7,12,bilstm,0.08291968703269958,10.81342339515686,0.5,0.49705421924591064
0.5,7,13,bilstm,0.08622203767299652,10.64381718635559,0.5,0.28028324246406555
0.5,7,14,bilstm,0.06669368594884872,11.75915241241455,0.5,0.5112053751945496
0.5,7,15,bilstm,0.0957796722650528,10.187267065048218,0.0,0.3408758342266083
0.5,0,0,diffusion_mean,0.052738793194293976,12.778698205947876,1.0,0.21517984569072723
0.5,0,1,diffusion_mean,0.06910770386457443,11.604735851287842,0.5,0.4165908694267273
0.5,0,2,diffusion_mean,0.07337194681167603,11.34469985961914,0.0,0.8341741561889648
0.5,0,3,diffusion_mean,0.0675937607884407,11.700934171676636,0.5,0.3982931673526764
0.5,0,4,diffusion_mean,0.07943316549062729,10.999981164932251,0.0,0.6854449510574341
0.5,0,5,diffusion_mean,0.08779548108577728,10.56527853012085,0.5,0.434420108795166
0.5,0,6,diffusion_mean,0.12116202712059021,9.166334867477417,0.0,0.5753075480461121
0.5,0,7,diffusion_mean,0.06081009283661842,12.160242795944214,0.0,0.715010404586792
0.5,0,8,diffusion_mean,0.09437186270952225,10.251574516296387,0.0,0.5027005672454834
0.5,0,9,diffusion_mean,0.06807886809110641,11.66987657546997,0.0,0.6567751169204712
0.5,0,10,diffusion_mean,0.08232417702674866,10.8447265625,0.0,0.4189653992652893
0.5,0,11,diffusion_mean,0.10252568870782852,9.89167332649231,0.5,0.460752010345459
0.5,0,12,diffusion_mean,0.060427192598581314,12.18767523765564,0.5,0.4707833528518677
0.5,0,13,diffusion_mean,0.08130241185426712,10.89896559715271,0.0,0.543676495552063
0.5,0,14,diffusion_mean,0.0968116819858551,10.140721797943115,0.0,0.47294652462005615
0.5,0,15,diffusion_mean,0.06568511575460434,11.825330257415771,0.5,0.4546416997909546
0.5,1,0,diffusion_mean,0.029917623847723007,15.240728855133057,1.0,0.3655688762664795
0.5,1,1,diffusion_mean,0.06174656003713608,12.093871831893921,0.0,0.42397910356521606
0.5,1,2,diffusion_mean,0.0760720744729042,11.187747716903687,0.5,0.43132802844047546
0.5,1,3,diffusion_mean,0.07570332288742065,11.208850145339966,1.0,0.5166406631469727
0.5,1,4,diffusion_mean,0.0919075682759285,10.366487503051758,0.0,0.4413165748119354
0.5,1,5,diffusion_mean,0.1096222773194313,9.601011872291565,0.0,0.4323219656944275
0.5,1,6,diffusion_mean,0.06895323097705841,11.614453792572021,0.0,0.40709418058395386
0.5,1,7,diffusion_mean,0.06701771169900894,11.73810362815857,0.0,0.5384931564331055
0.5,1,8,diffusion_mean,0.07591895014047623,11.196497678756714,0.5,0.6133813858032227
0.5,1,9,diffusion_mean,0.11013895273208618,9.580590724945068,0.0,0.486492782831192
0.5,1,10,diffusion_mean,0.06825698912143707,11.658529043197632,0.0,0.5202528238296509
0.5,1,11,diffusion_mean,0.0946686789393425,10.237936973571777,0.5,0.5682004690170288
0.5,1,12,diffusion_mean,0.10055442899465561,9.975987672805786,0.0,0.8189483880996704
0.5,1,13,diffusion_mean,0.08137844502925873,10.894906520843506,0.0,0.18831133842468262
0.5,1,14,diffusion_mean,0.07457216084003448,11.274232864379883,0.5,0.5489269495010376
0.5,1,15,diffusion_mean,0.08262980729341507,10.828632116317749,0.0,0.6283854246139526
0.5,2,0,diffusion_mean,0.07994052022695541,10.972330570220947,0.5,0.45037978887557983
0.5,2,1,diffusion_mean,0.05972232669591904,12.238632440567017,0.0,0.6296905875205994
0.5,2,2,diffusion_mean,0.03505811467766762,14.552114009857178,0.5,0.7460035681724548
0.5,2,3,diffusion_mean,0.08796948939561844,10.556678771972656,0.5,0.2901250123977661
0.5,2,4,diffusion_mean,0.08233660459518433,10.84407091140747,0.0,0.35528886318206787
0.5,2,5,diffusion_mean,0.08926442265510559,10.493216514587402,0.5,0.7335772514343262
0.5,2,6,diffusion_mean,0.05027351155877113,12.986607551574707,0.5,0.3337700366973877
0.5,2,7,diffusion_mean,0.08041489124298096,10.946635007858276,0.0,0.6211223602294922
0.5,2,8,diffusion_mean,0.08657614886760712,10.626016855239868,0.5,0.3894938826560974
0.5,2,9,diffusion_mean,0.08306582272052765,10.805776119232178,0.0,0.4276537001132965
0.5,2,10,diffusion_mean,0.04558048024773598,13.412210941314697,0.5,0.37380683422088623
0.5,2,11,diffusion_mean,0.08706887811422348,10.601370334625244,0.0,0.5213598012924194
0.5,2,12,diffusion_mean,0.09762948006391525,10.104190111160278,0.0,0.5016039609909058
0.5,2,13,diffusion_mean,0.06341099739074707,11.978354454040527,0.0,0.38220441341400146
0.5,2,14,diffusion_mean,0.07840275764465332,11.056686639785767,0.5,0.6269972324371338
0.5,2,15,diffusion_mean,0.08832848072052002,10.538992881774902,0.5,0.42729777097702026
0.5,3,0,diffusion_mean,0.0702715665102005,11.532204151153564,0.0,0.7391554713249207
0.5,3,1,diffusion_mean,0.07222482562065125,11.413135528564453,0.0,0.36183568835258484
0.5,3,2,diffusion_mean,0.07411026209592819,11.301217079162598,0.5,0.6341035962104797
0.5,3,3,diffusion_mean,0.078768789768219,11.036458015441895,0.0,0.5669108629226685
0.5,3,4,diffusion_mean,0.05571114271879196,12.540578842163086,0.0,0.48005029559135437
0.5,3,5,diffusion_mean,0.05645154044032097,12.483241558074951,0.0,0.5228708982467651
0.5,3,6,diffusion_mean,0.08582127094268799,10.664050579071045,0.0,0.574894905090332
0.5,3,7,diffusion_mean,0.08941078186035156,10.486100912094116,0.0,0.34983959794044495
0.5,3,8,diffusion_mean,0.07203067094087601,11.424825191497803,0.0,0.5313305258750916
0.5,3,9,diffusion_mean,0.06931249797344208,11.591883897781372,0.5,0.6665359735488892
0.5,3,10,diffusion_mean,0.08278767019510269,10.820343494415283,0.0,0.44344350695610046
0.5,3,11,diffusion_mean,0.12052205204963684,9.189335107803345,0.5,0.3650789260864258
0.5,3,12,diffusion_mean,0.08338674157857895,10.789029598236084,0.5,0.964533269405365
0.5,3,13,diffusion_mean,0.07845209538936615,11.053954362869263,0.5,0.4639960825443268
0.5,3,14,diffusion_mean,0.06854789704084396,11.640058755874634,0.5,0.38142073154449463
0.5,3,15,diffusion_mean,0.07395190745592117,11.310505867004395,0.5,0.7062477469444275
0.5,4,0,diffusion_mean,0.09936564415693283,10.027637481689453,0.5,0.7236381769180298
0.5,4,1,diffusion_mean,0.0845162495970726,10.730597972869873,0.0,0.6093789339065552
0.5,4,2,diffusion_mean,0.05289747938513756,12.765650749206543,0.5,0.2796434760093689
0.5,4,3,diffusion_mean,0.06136009097099304,12.121139764785767,0.0,0.5347497463226318
0.5,4,4,diffusion_mean,0.05933750793337822,12.266707420349121,0.5,0.43050438165664673
0.5,4,5,diffusion_mean,0.07964736968278885,10.988285541534424,0.5,0.4900890588760376
0.5,4,6,diffusion_mean,0.08967694640159607,10.473191738128662,0.0,0.598013162612915
0.5,4,7,diffusion_mean,0.048852644860744476,13.111119270324707,0.5,0.4187914729118347
0.5,4,8,diffusion_mean,0.08893416821956635,10.509313344955444,0.0,0.5100656151771545
0.5,4,9,diffusion_mean,0.11521711200475693,9.384829998016357,0.0,0.48048245906829834
0.5,4,10,diffusion_mean,0.0784163549542427,11.055933237075806,0.5,0.2635704278945923
0.5,4,11,diffusion_mean,0.06654738634824753,11.768690347671509,0.5,0.5049470067024231
0.5,4,12,diffusion_mean,0.09565902501344681,10.192739963531494,0.5,0.4742424190044403
0.5,4,13,diffusion_mean,0.0712432935833931,11.472560167312622,0.5,0.48158177733421326
0.5,4,14,diffusion_mean,0.09185228496789932,10.369100570678711,0.0,0.5909397602081299
0.5,4,15,diffusion_mean,0.06391265988349915,11.944130659103394,0.0,0.46817511320114136
0.5,5,0,diffusion_mean,0.08185764402151108,10.869407653808594,0.0,0.514432966709137
0.5,5,1,diffusion_mean,0.07280295342206955,11.378509998321533,0.0,0.4372381567955017
0.5,5,2,diffusion_mean,0.10918629914522171,9.618318676948547,0.0,0.5646809339523315
0.5,5,3,diffusion_mean,0.06708835810422897,11.73352837562561,0.5,0.2044193297624588
0.5,5,4,diffusion_mean,0.05929730832576752,12.26965069770813,0.0,0.3751634657382965
0.5,5,5,diffusion_mean,0.0726851373910904,11.38554334640503,0.5,0.40134620666503906
0.5,5,6,diffusion_mean,0.0933568924665451,10.298535823822021,0.5,0.7587217092514038
0.5,5,7,diffusion_mean,0.08615153282880783,10.647369623184204,0.0,0.4735652804374695
0.5,5,8,diffusion_mean,0.08957751095294952,10.478010177612305,0.0,0.44969528913497925
0.5,5,9,diffusion_mean,0.10701582580804825,9.705519676208496,0.0,0.4417886734008789
0.5,5,10,diffusion_mean,0.06186768785119057,12.08536148071289,1.0,0.48716187477111816
0.5,5,11,diffusion_mean,0.06863313168287277,11.63466215133667,0.0,0.6241711378097534
0.5,5,12,diffusion_mean,0.11330661177635193,9.457447528839111,0.5,0.5727510452270508
0.5,5,13,diffusion_mean,0.06364855170249939,11.962114572525024,0.0,0.6786750555038452
0.5,5,14,diffusion_mean,0.09735171496868134,10.11656403541565,0.0,0.8165626525878906
0.5,5,15,diffusion_mean,0.07856902480125427,11.047486066818237,0.0,0.6951837539672852
0.5,6,0,diffusion_mean,0.07727883011102676,11.119394302368164,0.5,0.4653511047363281
0.5,6,1,diffusion_mean,0.08670651912689209,10.61948299407959,0.0,0.4383780062198639
0.5,6,2,diffusion_mean,0.07414831966161728,11.298986673355103,0.0,0.40027981996536255
0.5,6,3,diffusion_mean,0.0918932631611824,10.36716341972351,0.5,0.5842282772064209
0.5,6,4,diffusion_mean,0.09599648416042328,10.177446603775024,0.0,0.5722103118896484
0.5,6,5,diffusion_mean,0.09611581265926361,10.172051191329956,0.0,0.4344058334827423
0.5,6,6,diffusion_mean,0.06100530922412872,12.146323919296265,0.5,0.5326888561248779
0.5,6,7,diffusion_mean,0.05968355014920235,12.241452932357788,0.0,0.4899914860725403
0.5,6,8,diffusion_mean,0.09587224572896957,10.18307089805603,0.0,0.624150276184082
0.5,6,9,diffusion_mean,0.1037898138165474,9.838452935218811,0.0,0.626328706741333
0.5,6,10,diffusion_mean,0.09429477155208588,10.255123376846313,0.5,0.5345883369445801
0.5,6,11,diffusion_mean,0.05519605055451393,12.580920457839966,0.0,0.5179865956306458
0.5,6,12,diffusion_mean,0.07138098776340485,11.46417498588562,0.0,0.5124398469924927
0.5,6,13,diffusion_mean,0.06702972203493118,11.737326383590698,0.5,0.5950465202331543
0.5,6,14,diffusion_mean,0.06813438981771469,11.666336059570312,0.0,0.5487213730812073
0.5,6,15,diffusion_mean,0.07555606216192245,11.217306852340698,0.5,0.5511052012443542
0.5,7,0,diffusion_mean,0.04314187914133072,13.651009798049927,0.0,0.4580010771751404
0.5,7,1,diffusion_mean,0.0873355120420456,10.588091611862183,0.0,0.5673847198486328
0.5,7,2,diffusion_mean,0.09577372670173645,10.187536478042603,0.5,0.5150424242019653
0.5,7,3,diffusion_mean,0.10078691691160202,9.965958595275879,0.0,0.5025781393051147
0.5,7,4,diffusion_mean,0.09450608491897583,10.245401859283447,0.0,0.5832245349884033
0.5,7,5,diffusion_mean,0.0833488181233406,10.791006088256836,0.0,0.60188889503479
0.5,7,6,diffusion_mean,0.10685950517654419,9.711868166923523,0.0,0.3497771620750427
0.5,7,7,diffusion_mean,0.0961175486445427,10.171973705291748,0.0,0.4083867371082306
0.5,7,8,diffusion_mean,0.11571095883846283,9.366254806518555,0.0,0.43759697675704956
0.5,7,9,diffusion_mean,0.07525654137134552,11.234557628631592,0.0,0.5413752794265747
0.5,7,10,diffusion_mean,0.10431178659200668,9.81666624546051,1.0,0.49572718143463135
0.5,7,11,diffusion_mean,0.08390023559331894,10.762368440628052,0.0,0.2347618043422699
0.5,7,12,diffusion_mean,0.07454699277877808,11.275699138641357,1.0,0.4530678689479828
0.5,7,13,diffusion_mean,0.11595264077186584,9.3571937084198,0.5,0.4036874771118164
0.5,7,14,diffusion_mean,0.04982679337263107,13.025370836257935,0.5,0.7292352914810181
0.5,7,15,diffusion_mean,0.08528295159339905,10.691378116607666,0.0,0.3577461540699005
0.5,0,0,diffusion_draw,0.053517941385507584,12.715005874633789,0.0,0.46701037883758545
0.5,0,1,diffusion_draw,0.08064631372690201,10.934154987335205,0.5,0.645530104637146
0.5,0,2,diffusion_draw,0.05798636004328728,12.36674189567566,0.5,1.0842957496643066
0.5,0,3,diffusion_draw,0.09084482491016388,10.41699767112732,0.0,0.6470213532447815
0.5,0,4,diffusion_draw,0.07242549955844879,11.401084661483765,0.0,0.7930102348327637
0.5,0,5,diffusion_draw,0.09109528362751007,10.405040979385376,0.0,0.7484400272369385
0.5,0,6,diffusion_draw,0.15121585130691528,8.204026818275452,0.0,0.743197500705719
0.5,0,7,diffusion_draw,0.08161256462335587,10.882430076599121,0.0,0.9438374638557434
0.5,0,8,diffusion_draw,0.113889180123806,9.435175061225891,0.5,0.6964358687400818
0.5,0,9,diffusion_draw,0.10453388839960098,9.80742871761322,0.5,0.998130202293396
0.5,0,10,diffusion_draw,0.09487949311733246,10.228276252746582,0.0,0.7014793157577515
0.5,0,11,diffusion_draw,0.12240269780158997,9.122090339660645,0.0,0.7101434469223022
0.5,0,12,diffusion_draw,0.07908187806606293,11.019229888916016,0.0,0.7274903655052185
0.5,0,13,diffusion_draw,0.08384737372398376,10.765105485916138,0.5,0.7295860052108765
0.5,0,14,diffusion_draw,0.09550362825393677,10.199800729751587,0.5,0.6004031896591187
0.5,0,15,diffusion_draw,0.061140477657318115,12.136712074279785,0.5,0.6675549149513245
0.5,1,0,diffusion_draw,0.03348226845264435,14.751851558685303,1.0,0.5791558623313904
0.5,1,1,diffusion_draw,0.0742110088467598,11.295316219329834,0.0,0.5754062533378601
0.5,1,2,diffusion_draw,0.09695576876401901,10.134263038635254,0.0,0.712920069694519
0.5,1,3,diffusion_draw,0.0903523713350296,10.44060468673706,0.5,0.7222243547439575
0.5,1,4,diffusion_draw,0.07519593834877014,11.238056421279907,0.5,0.6426918506622314
0.5,1,5,diffusion_draw,0.11746406555175781,9.300949573516846,0.0,0.49858373403549194
0.5,1,6,diffusion_draw,0.07594068348407745,11.195255517959595,0.0,0.6876211166381836
0.5,1,7,diffusion_draw,0.07622162252664566,11.179218292236328,0.5,0.7166764736175537
0.5,1,8,diffusion_draw,0.09132350236177444,10.394173860549927,0.5,0.8505246639251709
0.5,1,9,diffusion_draw,0.13097436726093292,8.828136920928955,0.0,0.6426460146903992
0.5,1,10,diffusion_draw,0.09384868294000626,10.275717973709106,0.0,0.7764052748680115
0.5,1,11,diffusion_draw,0.10836054384708405,9.651288390159607,0.5,0.8129015564918518
0.5,1,12,diffusion_draw,0.1261998862028122,8.989410400390625,0.0,1.0034162998199463
0.5,1,13,diffusion_draw,0.0982552170753479,10.076444149017334,0.0,0.431029349565506
0.5,1,14,diffusion_draw,0.09200923144817352,10.361685752868652,0.0,0.8610524535179138
0.5,1,15,diffusion_draw,0.08809177577495575,10.550646781921387,0.0,0.8121559023857117
0.5,2,0,diffusion_draw,0.10732463747262955,9.693005681037903,0.5,0.6802679300308228
0.5,2,1,diffusion_draw,0.08728348463773727,10.59067964553833,0.0,0.8657876253128052
0.5,2,2,diffusion_draw,0.06666530668735504,11.761001348495483,0.5,0.9646676778793335
0.5,2,3,diffusion_draw,0.09544374793767929,10.202524662017822,0.5,0.5652185678482056
0.5,2,4,diffusion_draw,0.10075820237398148,9.967195987701416,0.5,0.5268309712409973
0.5,2,5,diffusion_draw,0.07892142236232758,11.028051376342773,0.0,0.9301503896713257
0.5,2,6,diffusion_draw,0.09062093496322632,10.427714586257935,0.5,0.5359877943992615
0.5,2,7,diffusion_draw,0.06747996807098389,11.708251237869263,0.5,0.7459306716918945
0.5,2,8,diffusion_draw,0.07880479097366333,11.03447437286377,0.0,0.7253438234329224
0.5,2,9,diffusion_draw,0.08497877418994904,10.706895589828491,0.5,0.6084476709365845
0.5,2,10,diffusion_draw,0.04535980150103569,13.433288335800171,0.5,0.5817840695381165
0.5,2,11,diffusion_draw,0.11692215502262115,9.321032166481018,0.0,0.7194514870643616
0.5,2,12,diffusion_draw,0.098154217004776,10.080910921096802,0.0,0.7009103894233704
0.5,2,13,diffusion_draw,0.07406121492385864,11.304091215133667,0.0,0.697948694229126
0.5,2,14,diffusion_draw,0.07657833397388458,11.15894079208374,0.0,0.9215553998947144
0.5,2,15,diffusion_draw,0.09567666798830032,10.191940069198608,0.0,0.6474107503890991
0.5,3,0,diffusion_draw,0.09588321298360825,10.182573795318604,0.0,1.2162152528762817
0.5,3,1,diffusion_draw,0.08887353539466858,10.512275695800781,0.0,0.6108808517456055
0.5,3,2,diffusion_draw,0.08752219378948212,10.578818321228027,0.5,0.77367103099823
0.5,3,3,diffusion_draw,0.07559161633253098,11.215263605117798,0.5,0.7576220035552979
0.5,3,4,diffusion_draw,0.09508070349693298,10.219075679779053,0.0,0.7808601260185242
0.5,3,5,diffusion_draw,0.07890287786722183,11.029071807861328,0.0,0.6780644655227661
0.5,3,6,diffusion_draw,0.0876164510846138,10.574142932891846,0.0,0.7244720458984375
0.5,3,7,diffusion_draw,0.08844607323408127,10.533214807510376,0.0,0.517149806022644
0.5,3,8,diffusion_draw,0.12208893150091171,9.13323700428009,0.0,0.7778304815292358
0.5,3,9,diffusion_draw,0.08206070959568024,10.85864782333374,0.0,0.9864576458930969
0.5,3,10,diffusion_draw,0.08613056689500809,10.64842700958252,0.0,0.6142499446868896
0.5,3,11,diffusion_draw,0.13581642508506775,8.670477271080017,0.0,0.6024715900421143
0.5,3,12,diffusion_draw,0.07571996748447418,11.207895278930664,0.5,1.1392319202423096
0.5,3,13,diffusion_draw,0.08216458559036255,10.853153467178345,0.0,0.803122878074646
0.5,3,14,diffusion_draw,0.09831468760967255,10.07381558418274,0.0,0.625881016254425
0.5,3,15,diffusion_draw,0.08496150374412537,10.707777738571167,0.5,0.9026530385017395
0.5,4,0,diffusion_draw,0.10847431421279907,9.64673101902008,0.5,0.8884998559951782
0.5,4,1,diffusion_draw,0.10099376738071442,9.957054257392883,0.0,0.7431840300559998
0.5,4,2,diffusion_draw,0.08316446840763092,10.800621509552002,0.0,0.4988082945346832
0.5,4,3,diffusion_draw,0.09616833180189133,10.169678926467896,0.5,0.7290433645248413
0.5,4,4,diffusion_draw,0.07813378423452377,11.071611642837524,0.5,0.6352283954620361
0.5,4,5,diffusion_draw,0.11681578308343887,9.324984550476074,0.5,0.7340575456619263
0.5,4,6,diffusion_draw,0.11135882884263992,9.532753229141235,0.0,0.8195859789848328
0.5,4,7,diffusion_draw,0.04462183639407158,13.504525423049927,0.5,0.7368720769882202
0.5,4,8,diffusion_draw,0.10237143933773041,9.89821195602417,0.0,0.6000550985336304
0.5,4,9,diffusion_draw,0.1237909272313118,9.07311201095581,0.0,0.7735069990158081
0.5,4,10,diffusion_draw,0.07385820895433426,11.316012144088745,0.0,0.4372093081474304
0.5,4,11,diffusion_draw,0.07535399496555328,11.228936910629272,0.5,0.7672529220581055
0.5,4,12,diffusion_draw,0.11120244115591049,9.538856744766235,0.5,0.6636555790901184
0.5,4,13,diffusion_draw,0.10687831044197083,9.711104035377502,0.0,0.6790658235549927
0.5,4,14,diffusion_draw,0.14424766600131989,8.40891182422638,0.0,0.9438587427139282
0.5,4,15,diffusion_draw,0.08532903343439102,10.689032077789307,0.5,0.76915442943573
0.5,5,0,diffusion_draw,0.09847154468297958,10.06689190864563,0.0,0.7743565440177917
0.5,5,1,diffusion_draw,0.07667161524295807,11.153653860092163,0.5,0.6372195482254028
0.5,5,2,diffusion_draw,0.1093677282333374,9.611108303070068,0.0,0.8261276483535767
0.5,5,3,diffusion_draw,0.0833541601896286,10.790727138519287,0.5,0.37104588747024536
0.5,5,4,diffusion_draw,0.07813549041748047,11.071516275405884,0.0,0.5958527326583862
0.5,5,5,diffusion_draw,0.1115184873342514,9.526531100273132,0.0,0.6615465879440308
0.5,5,6,diffusion_draw,0.09771795570850372,10.100256204605103,0.5,0.9130816459655762
0.5,5,7,diffusion_draw,0.08380632847547531,10.767232179641724,0.0,0.6605809330940247
0.5,5,8,diffusion_draw,0.10710936039686203,9.701725840568542,0.0,0.6451191306114197
0.5,5,9,diffusion_draw,0.12203183770179749,9.135268330574036,0.0,0.6331628561019897
0.5,5,10,diffusion_draw,0.0642610639333725,11.920521259307861,0.0,0.7865601181983948
0.5,5,11,diffusion_draw,0.07019957900047302,11.53665542602539,0.5,0.7779396176338196
0.5,5,12,diffusion_draw,0.11913906782865524,9.239457845687866,0.0,0.7156647443771362
0.5,5,13,diffusion_draw,0.08262884616851807,10.828683376312256,0.0,0.904901385307312
0.5,5,14,diffusion_draw,0.10269565880298615,9.88447904586792,0.0,1.063826084136963
0.5,5,15,diffusion_draw,0.0906684473156929,10.425437688827515,0.0,0.944837212562561
0.5,6,0,diffusion_draw,0.10333901643753052,9.857356548309326,0.5,0.6332215666770935
0.5,6,1,diffusion_draw,0.0791449248790741,11.015769243240356,0.0,0.647687554359436
0.5,6,2,diffusion_draw,0.0680704191327095,11.67041540145874,0.0,0.5996713638305664
0.5,6,3,diffusion_draw,0.10066085308790207,9.971393942832947,0.5,0.8086459636688232
0.5,6,4,diffusion_draw,0.1011427640914917,9.95065152645111,0.0,0.8443892598152161
0.5,6,5,diffusion_draw,0.08121713995933533,10.903522968292236,0.0,0.7015976905822754
0.5,6,6,diffusion_draw,0.07244129478931427,11.400138139724731,0.0,0.7305414080619812
0.5,6,7,diffusion_draw,0.08713314682245255,10.59816598892212,0.0,0.6851250529289246
0.5,6,8,diffusion_draw,0.10861825942993164,9.640971422195435,0.0,1.0307378768920898
0.5,6,9,diffusion_draw,0.12462291866540909,9.044020771980286,0.0,0.9205130338668823
0.5,6,10,diffusion_draw,0.12330137938261032,9.090320467948914,0.0,0.7623597383499146
0.5,6,11,diffusion_draw,0.09080502390861511,10.418901443481445,0.0,0.7670886516571045
0.5,6,12,diffusion_draw,0.07376781105995178,11.321331262588501,0.0,0.7617828845977783
0.5,6,13,diffusion_draw,0.08731097728013992,10.589311122894287,0.5,0.7898005247116089
0.5,6,14,diffusion_draw,0.07683487236499786,11.144416332244873,0.5,0.9818527102470398
0.5,6,15,diffusion_draw,0.09112001955509186,10.403861999511719,0.5,0.7666122913360596
0.5,7,0,diffusion_draw,0.10209856182336807,9.909803867340088,0.0,0.6859667301177979
0.5,7,1,diffusion_draw,0.07449956983327866,11.278462409973145,0.0,0.8458362221717834
0.5,7,2,diffusion_draw,0.12701085209846497,8.961591720581055,0.5,0.7518390417098999
0.5,7,3,diffusion_draw,0.11683731526136398,9.32418406009674,0.0,0.7881612181663513
0.5,7,4,diffusion_draw,0.10620249807834625,9.73865270614624,0.5,0.8312301635742188
0.5,7,5,diffusion_draw,0.08567183464765549,10.671619176864624,0.5,0.8174178004264832
0.5,7,6,diffusion_draw,0.08837436884641647,10.536736249923706,0.5,0.7396565079689026
0.5,7,7,diffusion_draw,0.10324603319168091,9.861266016960144,0.5,0.7533817291259766
0.5,7,8,diffusion_draw,0.10263907164335251,9.8868727684021,0.0,0.5492461919784546
0.5,7,9,diffusion_draw,0.10738909989595413,9.69039797782898,0.0,0.8344176411628723
0.5,7,10,diffusion_draw,0.11691340804100037,9.321357011795044,0.5,0.6877434849739075
0.5,7,11,diffusion_draw,0.10062303394079208,9.973025918006897,0.0,0.3957526683807373
0.5,7,12,diffusion_draw,0.08415841311216354,10.749024152755737,0.0,0.6323678493499756
0.5,7,13,diffusion_draw,0.11589232087135315,9.359453320503235,0.5,0.6828462481498718
0.5,7,14,diffusion_draw,0.07009373605251312,11.543208360671997,0.0,0.9366954565048218
0.5,7,15,diffusion_draw,0.08852889388799667,10.529149770736694,0.5,0.5458886027336121
0.5,0,0,noisy,0.07863765954971313,11.043694019317627,0.5,8.623185157775879
0.5,0,1,noisy,0.08477240055799484,10.7174551486969,0.0,7.610322952270508
0.5,0,2,noisy,0.09288613498210907,10.320490598678589,0.5,11.987710952758789
0.5,0,3,noisy,0.0999363362789154,10.002765655517578,0.0,6.61482572555542
0.5,0,4,noisy,0.12275699526071548,9.109537601470947,0.0,7.323111057281494
0.5,0,5,noisy,0.12089291214942932,9.175991415977478,0.0,7.378072738647461
0.5,0,6,noisy,0.17158427834510803,7.655224800109863,0.0,6.725947380065918
0.5,0,7,noisy,0.08342339843511581,10.787121057510376,0.5,6.63438606262207
0.5,0,8,noisy,0.11076243966817856,9.556074738502502,0.5,8.693087577819824
0.5,0,9,noisy,0.09836114197969437,10.07176399230957,0.0,7.964760780334473
0.5,0,10,noisy,0.1055673211812973,9.764704704284668,0.0,8.128414154052734
0.5,0,11,noisy,0.09183954447507858,10.369702577590942,0.5,7.676412582397461
0.5,0,12,noisy,0.08892758190631866,10.509635210037231,0.0,9.739530563354492
0.5,0,13,noisy,0.10315249860286713,9.86520230770111,0.0,8.2804594039917
0.5,0,14,noisy,0.16477827727794647,7.8310006856918335,0.0,7.631426811218262
0.5,0,15,noisy,0.09515705704689026,10.215590000152588,0.5,7.8884148597717285
0.5,1,0,noisy,0.09450938552618027,10.245250463485718,0.0,7.3533430099487305
0.5,1,1,noisy,0.103848397731781,9.836001992225647,0.0,7.3512725830078125
0.5,1,2,noisy,0.1228303387761116,9.106943607330322,0.0,8.344806671142578
0.5,1,3,noisy,0.12365284562110901,9.077959060668945,0.0,7.3363566398620605
0.5,1,4,noisy,0.10899350792169571,9.625993967056274,0.0,7.884732246398926
0.5,1,5,noisy,0.11644168943166733,9.33891475200653,1.0,6.461820125579834
0.5,1,6,noisy,0.09678449481725693,10.141942501068115,0.5,7.16750431060791
0.5,1,7,noisy,0.09248040616512299,10.339503288269043,0.0,8.049381256103516
0.5,1,8,noisy,0.1122058555483818,9.499844908714294,0.0,8.619029998779297
0.5,1,9,noisy,0.09878521412611008,10.053080320358276,0.5,8.459466934204102
0.5,1,10,noisy,0.09161142259836197,10.380504131317139,0.0,8.305810928344727
0.5,1,11,noisy,0.11048873513936996,9.56682026386261,0.5,9.266416549682617
0.5,1,12,noisy,0.12823079526424408,8.920076489448547,0.0,8.700785636901855
0.5,1,13,noisy,0.13331232964992523,8.751296997070312,0.0,7.365269184112549
0.5,1,14,noisy,0.12938150763511658,8.881278038024902,0.0,7.824942588806152
0.5,1,15,noisy,0.12947459518909454,8.878154158592224,0.5,7.614984035491943
0.5,2,0,noisy,0.12434685230255127,9.053652286529541,0.0,9.165610313415527
0.5,2,1,noisy,0.10242456197738647,9.89595890045166,0.0,7.922225475311279
0.5,2,2,noisy,0.04255080595612526,13.710922002792358,0.5,7.5294952392578125
0.5,2,3,noisy,0.13267570734024048,8.772085905075073,0.0,8.385164260864258
0.5,2,4,noisy,0.13953204452991486,8.553260564804077,0.0,6.561999797821045
0.5,2,5,noisy,0.10494823753833771,9.790248274803162,0.0,8.934836387634277
0.5,2,6,noisy,0.06337232142686844,11.981003284454346,1.0,6.678786277770996
0.5,2,7,noisy,0.1235208511352539,9.082597494125366,0.0,8.765209197998047
0.5,2,8,noisy,0.11193341761827469,9.510402083396912,0.0,9.101730346679688
0.5,2,9,noisy,0.1114116758108139,9.53069269657135,0.5,7.840526580810547
0.5,2,10,noisy,0.09885610640048981,10.049965381622314,0.0,8.159770965576172
0.5,2,11,noisy,0.11772330850362778,9.291375279426575,0.5,8.372182846069336
0.5,2,12,noisy,0.11681843549013138,9.324886202812195,0.5,8.732258796691895
0.5,2,13,noisy,0.08587536215782166,10.661314725875854,0.0,7.407783508300781
0.5,2,14,noisy,0.10199766606092453,9.914097785949707,0.5,8.282588958740234
0.5,2,15,noisy,0.10806382447481155,9.663196802139282,0.5,7.282917022705078
0.5,3,0,noisy,0.11720168590545654,9.310661554336548,0.0,7.7510762214660645
0.5,3,1,noisy,0.08387734740972519,10.763553380966187,0.0,8.768291473388672
0.5,3,2,noisy,0.10821978747844696,9.656932950019836,0.0,8.535816192626953
0.5,3,3,noisy,0.0805678442120552,10.938382148742676,0.0,6.648006916046143
0.5,3,4,noisy,0.1140962615609169,9.42728579044342,0.0,7.715058326721191
0.5,3,5,noisy,0.07717958837747574,11.124975681304932,0.0,8.015275955200195
0.5,3,6,noisy,0.12828195095062256,8.918344378471375,0.0,7.727937698364258
0.5,3,7,noisy,0.10957915335893631,9.602720737457275,0.0,6.665875434875488
0.5,3,8,noisy,0.09290815889835358,10.319461822509766,0.0,6.6869330406188965
0.5,3,9,noisy,0.09538187086582184,10.205341577529907,0.0,10.13063907623291
0.5,3,10,noisy,0.12462256103754044,9.044033288955688,0.0,7.456085205078125
0.5,3,11,noisy,0.12095670402050018,9.17370080947876,0.0,9.988936424255371
0.5,3,12,noisy,0.09376829862594604,10.279439687728882,0.5,6.350986003875732
0.5,3,13,noisy,0.11648466438055038,9.337312579154968,0.0,7.839371681213379
0.5,3,14,noisy,0.04435901716351509,13.53018045425415,0.5,9.080591201782227
0.5,3,15,noisy,0.08499359339475632,10.706138610839844,0.0,8.63509464263916
0.5,4,0,noisy,0.13538631796836853,8.684252500534058,0.0,6.202661037445068
0.5,4,1,noisy,0.09766915440559387,10.102425813674927,0.5,9.026336669921875
0.5,4,2,noisy,0.060663461685180664,12.1707284450531,0.5,6.808836936950684
0.5,4,3,noisy,0.08843764662742615,10.533628463745117,0.0,6.58303689956665
0.5,4,4,noisy,0.1019488051533699,9.916178584098816,1.0,6.682253360748291
0.5,4,5,noisy,0.10069503635168076,9.969919323921204,0.0,9.549949645996094
0.5,4,6,noisy,0.10334614664316177,9.857057332992554,0.0,9.445955276489258
0.5,4,7,noisy,0.059264879673719406,12.272025346755981,1.0,7.817127227783203
0.5,4,8,noisy,0.12749241292476654,8.945156335830688,0.0,7.258095741271973
0.5,4,9,noisy,0.11942427605390549,9.229074120521545,0.0,8.837233543395996
0.5,4,10,noisy,0.09847317636013031,10.0668203830719,0.0,6.817624568939209
0.5,4,11,noisy,0.07911380380392075,11.01747751235962,0.5,7.645530700683594
0.5,4,12,noisy,0.10731565952301025,9.693369269371033,0.0,7.342579364776611
0.5,4,13,noisy,0.11591609567403793,9.35856282711029,0.0,7.38697624206543
0.5,4,14,noisy,0.13697227835655212,8.633673191070557,0.0,7.817394733428955
0.5,4,15,noisy,0.0887109637260437,10.520226955413818,0.0,7.902214527130127
0.5,5,0,noisy,0.09544048458337784,10.20267367362976,0.0,7.328360080718994
0.5,5,1,noisy,0.11095161736011505,9.54866349697113,0.0,8.375396728515625
0.5,5,2,noisy,0.15467296540737152,8.105855584144592,0.0,9.546327590942383
0.5,5,3,noisy,0.11292903125286102,9.471943974494934,0.0,8.236146926879883
0.5,5,4,noisy,0.10945679992437363,9.607572555541992,0.0,8.25387191772461
0.5,5,5,noisy,0.08829743415117264,10.540518760681152,0.5,6.588354110717773
0.5,5,6,noisy,0.14271734654903412,8.455232381820679,0.0,7.627579689025879
0.5,5,7,noisy,0.11142117530107498,9.530322551727295,0.0,7.991159439086914
0.5,5,8,noisy,0.15359647572040558,8.136187195777893,0.0,7.542423248291016
0.5,5,9,noisy,0.12373904138803482,9.074932336807251,0.0,7.693935394287109
0.5,5,10,noisy,0.10618549585342407,9.739348292350769,0.0,9.25287914276123
0.5,5,11,noisy,0.12063471972942352,9.185276627540588,0.0,10.379898071289062
0.5,5,12,noisy,0.15547655522823334,8.083350658416748,0.0,7.67836856842041
0.5,5,13,noisy,0.08448571711778641,10.732166767120361,0.0,8.511955261230469
0.5,5,14,noisy,0.14510652422904968,8.383130431175232,0.0,7.935849666595459
0.5,5,15,noisy,0.14457574486732483,8.399045467376709,0.0,6.046900272369385
0.5,6,0,noisy,0.11178702861070633,9.516085982322693,0.5,7.918034553527832
0.5,6,1,noisy,0.1239326074719429,9.068143963813782,0.0,8.79043960571289
0.5,6,2,noisy,0.08837039023637772,10.53693175315857,0.0,7.422347068786621
0.5,6,3,noisy,0.11895226687192917,9.246273040771484,0.0,7.694900989532471
0.5,6,4,noisy,0.1201467290520668,9.202880263328552,0.0,8.394990921020508
0.5,6,5,noisy,0.1471995711326599,8.320934772491455,0.0,7.97760009765625
0.5,6,6,noisy,0.07760753482580185,11.100960969924927,0.0,8.639598846435547
0.5,6,7,noisy,0.1095687747001648,9.603132009506226,0.0,7.371737480163574
0.5,6,8,noisy,0.14136716723442078,8.496514558792114,0.5,7.742270469665527
0.5,6,9,noisy,0.14446716010570526,8.402308821678162,0.0,9.792180061340332
0.5,6,10,noisy,0.14286814630031586,8.450645804405212,0.0,7.8188276290893555
0.5,6,11,noisy,0.14816953241825104,8.292410969734192,0.0,7.980713367462158
0.5,6,12,noisy,0.09578895568847656,10.186845064163208,0.0,5.582619667053223
0.5,6,13,noisy,0.12532834708690643,9.01950716972351,0.0,8.109949111938477
0.5,6,14,noisy,0.1268605887889862,8.966732621192932,0.0,8.825202941894531
0.5,6,15,noisy,0.10805456340312958,9.66356873512268,0.0,9.942281723022461
0.5,7,0,noisy,0.06022200733423233,12.202447652816772,0.5,7.12774658203125
0.5,7,1,noisy,0.10686420649290085,9.711677432060242,0.0,8.113106727600098
0.5,7,2,noisy,0.09760703891515732,10.105189085006714,0.0,7.429662704467773
0.5,7,3,noisy,0.14046581089496613,8.524293899536133,0.0,8.282894134521484
0.5,7,4,noisy,0.12169525772333145,9.147263169288635,0.0,9.622289657592773
0.5,7,5,noisy,0.08865369111299515,10.523031949996948,0.0,6.571621417999268
0.5,7,6,noisy,0.12832029163837433,8.917046785354614,0.0,7.863701820373535
0.5,7,7,noisy,0.10191815346479416,9.917484521865845,0.0,8.345470428466797
0.5,7,8,noisy,0.13518503308296204,8.69071364402771,0.5,6.431582450866699
0.5,7,9,noisy,0.13286133110523224,8.766013979911804,0.0,7.086516380310059
0.5,7,10,noisy,0.16243918240070343,7.893092036247253,0.0,8.79159164428711
0.5,7,11,noisy,0.13440579175949097,8.7158203125,0.5,8.261842727661133
0.5,7,12,noisy,0.13400804996490479,8.728691339492798,0.0,7.647806644439697
0.5,7,13,noisy,0.12105171382427216,9.17029082775116,0.5,7.598040580749512
0.5,7,14,noisy,0.10010328143835068,9.995517134666443,0.0,8.86203384399414
0.5,7,15,noisy,0.13175570964813232,8.802305459976196,0.0,9.01563835144043
0.5,0,0,clean_oracle,0.020663687959313393,16.84792160987854,1.0,0.007137482054531574
0.5,0,1,clean_oracle,0.027333341538906097,15.633072853088379,1.0,0.01843716949224472
0.5,0,2,clean_oracle,0.06554214656352997,11.834793090820312,0.0,0.07656607776880264
0.5,0,3,clean_oracle,0.05982222780585289,12.23137378692627,1.0,0.05442214384675026
0.5,0,4,clean_oracle,0.038449205458164215,14.151126146316528,1.0,0.029136084020137787
0.5,0,5,clean_oracle,0.04886474460363388,13.110044002532959,1.0,0.04044205695390701
0.5,0,6,clean_oracle,0.10531347990036011,9.775160551071167,0.5,0.08647336065769196
0.5,0,7,clean_oracle,0.036945730447769165,14.324357509613037,0.5,0.03534664958715439
0.5,0,8,clean_oracle,0.054559122771024704,12.631325721740723,0.5,0.03788973391056061
0.5,0,9,clean_oracle,0.04285646975040436,13.679835796356201,1.0,0.047897547483444214
0.5,0,10,clean_oracle,0.05189991369843483,12.84833312034607,0.0,0.03647984564304352
0.5,0,11,clean_oracle,0.051463160663843155,12.885035276412964,0.5,0.0616181418299675
0.5,0,12,clean_oracle,0.038478922098875046,14.14777159690857,1.0,0.06196174398064613
0.5,0,13,clean_oracle,0.07130546122789383,11.468771696090698,0.5,0.0765155553817749
0.5,0,14,clean_oracle,0.042086031287908554,13.758620023727417,1.0,0.061309266835451126
0.5,0,15,clean_oracle,0.03670081868767738,14.353241920471191,1.0,0.05332736670970917
0.5,1,0,clean_oracle,0.013729378581047058,18.623491525650024,1.0,0.008998477831482887
0.5,1,1,clean_oracle,0.043740350753068924,13.591177463531494,0.5,0.026483725756406784
0.5,1,2,clean_oracle,0.05182471126317978,12.854630947113037,0.5,0.041446104645729065
0.5,1,3,clean_oracle,0.07660411298274994,11.157479286193848,1.0,0.0481373593211174
0.5,1,4,clean_oracle,0.058257751166820526,12.346463203430176,1.0,0.0334857814013958
0.5,1,5,clean_oracle,0.06528268754482269,11.852020025253296,1.0,0.05343446135520935
0.5,1,6,clean_oracle,0.04681970551609993,13.295713663101196,0.5,0.029528845101594925
0.5,1,7,clean_oracle,0.057837583124637604,12.377898693084717,0.5,0.0596981942653656
0.5,1,8,clean_oracle,0.05953893065452576,12.251989841461182,0.5,0.02988594025373459
0.5,1,9,clean_oracle,0.0574655644595623,12.40592360496521,0.5,0.07142084091901779
0.5,1,10,clean_oracle,0.050245221704244614,12.989052534103394,1.0,0.051447343081235886
0.5,1,11,clean_oracle,0.06564920395612717,11.827704906463623,0.5,0.08684822916984558
0.5,1,12,clean_oracle,0.040831584483385086,13.890037536621094,1.0,0.08140268921852112
0.5,1,13,clean_oracle,0.047825656831264496,13.203390836715698,1.0,0.028039680793881416
0.5,1,14,clean_oracle,0.06654790788888931,11.768655776977539,0.5,0.09861697256565094
0.5,1,15,clean_oracle,0.07860257476568222,11.045632362365723,0.0,0.07591618597507477
0.5,2,0,clean_oracle,0.04399365186691284,13.566099405288696,0.5,0.02342897281050682
0.5,2,1,clean_oracle,0.020429253578186035,16.89747452735901,1.0,0.02446272224187851
0.5,2,2,clean_oracle,0.03465654328465462,14.602147340774536,1.0,0.019232742488384247
0.5,2,3,clean_oracle,0.04997065290808678,13.012850284576416,1.0,0.02382083237171173
0.5,2,4,clean_oracle,0.0669480562210083,11.742620468139648,0.0,0.04861699417233467
0.5,2,5,clean_oracle,0.06191011518239975,12.082383632659912,0.0,0.15593792498111725
0.5,2,6,clean_oracle,0.01572592742741108,18.03383708000183,1.0,0.028322914615273476
0.5,2,7,clean_oracle,0.03952718898653984,14.031040668487549,1.0,0.044604744762182236
0.5,2,8,clean_oracle,0.041382141411304474,13.831870555877686,1.0,0.050873249769210815
0.5,2,9,clean_oracle,0.04999120905995369,13.01106333732605,0.0,0.03719756752252579
0.5,2,10,clean_oracle,0.03346216306090355,14.754459857940674,1.0,0.03986057639122009
0.5,2,11,clean_oracle,0.0868561640381813,10.611993074417114,0.0,0.07667864859104156
0.5,2,12,clean_oracle,0.05893634259700775,12.296167612075806,1.0,0.07295052707195282
0.5,2,13,clean_oracle,0.048392344266176224,13.152233362197876,0.5,0.043726883828639984
0.5,2,14,clean_oracle,0.05559447780251503,12.549682855606079,1.0,0.055955566465854645
0.5,2,15,clean_oracle,0.06459028273820877,11.898328065872192,0.0,0.05404667928814888
0.5,3,0,clean_oracle,0.07936389744281769,11.003769636154175,0.5,0.061445511877536774
0.5,3,1,clean_oracle,0.0487157478928566,13.123306035995483,0.5,0.02510455995798111
0.5,3,2,clean_oracle,0.0466231033205986,13.313988447189331,0.0,0.026638641953468323
0.5,3,3,clean_oracle,0.04726496338844299,13.2546067237854,0.5,0.033572472631931305
0.5,3,4,clean_oracle,0.04323016479611397,13.642131090164185,0.0,0.03766195476055145
0.5,3,5,clean_oracle,0.018071221187710762,17.43012547492981,1.0,0.021222708746790886
0.5,3,6,clean_oracle,0.07356066256761551,11.333544254302979,0.0,0.06340241432189941
0.5,3,7,clean_oracle,0.04514804109930992,13.453611135482788,0.0,0.028721090406179428
0.5,3,8,clean_oracle,0.049971580505371094,13.012769222259521,0.5,0.03765903413295746
0.5,3,9,clean_oracle,0.056553762406110764,12.47538447380066,0.5,0.03339513763785362
0.5,3,10,clean_oracle,0.054895635694265366,12.604621648788452,0.5,0.02734256722033024
0.5,3,11,clean_oracle,0.0823742225766182,10.842087268829346,0.5,0.09150096774101257
0.5,3,12,clean_oracle,0.06091361492872238,12.152856588363647,0.5,0.10231981426477432
0.5,3,13,clean_oracle,0.04724939167499542,13.25603723526001,0.5,0.062100328505039215
0.5,3,14,clean_oracle,0.02861245721578598,15.434448719024658,1.0,0.0495007261633873
0.5,3,15,clean_oracle,0.04344256967306137,13.620845079421997,0.5,0.06432400643825531
0.5,4,0,clean_oracle,0.06778166443109512,11.68887734413147,0.5,0.054632239043712616
0.5,4,1,clean_oracle,0.04837864264845848,13.15346360206604,0.0,0.016619054600596428
0.5,4,2,clean_oracle,0.03786016255617142,14.218175411224365,1.0,0.014739539474248886
0.5,4,3,clean_oracle,0.021809523925185204,16.61353826522827,1.0,0.027160773053765297
0.5,4,4,clean_oracle,0.037952013313770294,14.207651615142822,1.0,0.03636690601706505
0.5,4,5,clean_oracle,0.048692066222429276,13.125418424606323,0.5,0.05200443044304848
0.5,4,6,clean_oracle,0.05137866362929344,12.89217233657837,0.0,0.046645235270261765
0.5,4,7,clean_oracle,0.04449863359332085,13.516533374786377,1.0,0.030758481472730637
0.5,4,8,clean_oracle,0.08302249014377594,10.808042287826538,0.0,0.07266600430011749
0.5,4,9,clean_oracle,0.06257554143667221,12.035953998565674,1.0,0.07118727266788483
0.5,4,10,clean_oracle,0.053057197481393814,12.752556800842285,0.5,0.046084925532341
0.5,4,11,clean_oracle,0.03520016372203827,14.534553289413452,1.0,0.05238252878189087
0.5,4,12,clean_oracle,0.06181574985384941,12.089008092880249,0.5,0.06582813709974289
0.5,4,13,clean_oracle,0.06294719874858856,12.010235786437988,1.0,0.07164614647626877
0.5,4,14,clean_oracle,0.10218814760446548,9.905994534492493,0.0,0.08629500865936279
0.5,4,15,clean_oracle,0.054077621549367905,12.669824361801147,0.5,0.05982208997011185
0.5,5,0,clean_oracle,0.045585762709379196,13.411707878112793,1.0,0.014011792838573456
0.5,5,1,clean_oracle,0.041824765503406525,13.785665035247803,1.0,0.03808620572090149
0.5,5,2,clean_oracle,0.03798554465174675,14.203816652297974,0.5,0.03371052443981171
0.5,5,3,clean_oracle,0.04255582019686699,13.710410594940186,1.0,0.0106746144592762
0.5,5,4,clean_oracle,0.04299556836485863,13.665763139724731,1.0,0.022844213992357254
0.5,5,5,clean_oracle,0.04430776834487915,13.53520154953003,1.0,0.044694893062114716
0.5,5,6,clean_oracle,0.09275394678115845,10.326676368713379,0.5,0.0808221846818924
0.5,5,7,clean_oracle,0.04836937412619591,13.154295682907104,1.0,0.019004033878445625
0.5,5,8,clean_oracle,0.05608005449175835,12.511916160583496,0.5,0.053766362369060516
0.5,5,9,clean_oracle,0.058878734707832336,12.3004150390625,1.0,0.0653344988822937
0.5,5,10,clean_oracle,0.03651183843612671,14.375662803649902,0.5,0.057642191648483276
0.5,5,11,clean_oracle,0.06736613065004349,11.715583801269531,0.5,0.06744993478059769
0.5,5,12,clean_oracle,0.07839515805244446,11.05710744857788,0.5,0.09301300346851349
0.5,5,13,clean_oracle,0.05080101266503334,12.941275835037231,0.0,0.06286878883838654
0.5,5,14,clean_oracle,0.08654511719942093,10.627573728561401,0.5,0.11934015154838562
0.5,5,15,clean_oracle,0.06036834418773651,12.191907167434692,0.5,0.07584135234355927
0.5,6,0,clean_oracle,0.021450407803058624,16.685644388198853,1.0,0.011721735820174217
0.5,6,1,clean_oracle,0.059908054769039154,12.225147485733032,0.5,0.03511626273393631
0.5,6,2,clean_oracle,0.0661001205444336,11.797977685928345,0.0,0.04035051912069321
0.5,6,3,clean_oracle,0.05501019209623337,12.595568895339966,1.0,0.044855862855911255
0.5,6,4,clean_oracle,0.060146503150463104,12.207896709442139,0.5,0.04072647541761398
0.5,6,5,clean_oracle,0.061894048005342484,12.083511352539062,0.5,0.047744251787662506
0.5,6,6,clean_oracle,0.030249163508415222,15.192866325378418,1.0,0.03226872533559799
0.5,6,7,clean_oracle,0.047290995717048645,13.252215385437012,0.5,0.04313004016876221
0.5,6,8,clean_oracle,0.07882682979106903,11.033259630203247,0.5,0.06612265110015869
0.5,6,9,clean_oracle,0.07204616069793701,11.42389178276062,0.5,0.06777323782444
0.5,6,10,clean_oracle,0.07592073827981949,11.196396350860596,0.5,0.0694853663444519
0.5,6,11,clean_oracle,0.030915889889001846,15.098181962966919,0.5,0.054307833313941956
0.5,6,12,clean_oracle,0.053821783512830734,12.69041895866394,1.0,0.08968782424926758
0.5,6,13,clean_oracle,0.03462354466319084,14.606285095214844,0.5,0.06039860472083092
0.5,6,14,clean_oracle,0.053652092814445496,12.704132795333862,0.5,0.07434165477752686
0.5,6,15,clean_oracle,0.07500854134559631,11.248892545700073,1.0,0.0669182687997818
0.5,7,0,clean_oracle,0.01900646835565567,17.2109854221344,1.0,0.007617633789777756
0.5,7,1,clean_oracle,0.04485945776104927,13.481459617614746,0.5,0.026984328404068947
0.5,7,2,clean_oracle,0.05131852254271507,12.897258996963501,0.0,0.036989014595746994
0.5,7,3,clean_oracle,0.08488677442073822,10.711599588394165,0.5,0.061067573726177216
0.5,7,4,clean_oracle,0.025604743510484695,15.91679573059082,1.0,0.023835837841033936
0.5,7,5,clean_oracle,0.05541279539465904,12.563899755477905,0.5,0.028049275279045105
0.5,7,6,clean_oracle,0.06252315640449524,12.039591073989868,1.0,0.040838439017534256
0.5,7,7,clean_oracle,0.05125497654080391,12.902640104293823,0.5,0.04962436854839325
0.5,7,8,clean_oracle,0.04684557393193245,13.293313980102539,0.0,0.03771939128637314
0.5,7,9,clean_oracle,0.04441209137439728,13.524987697601318,1.0,0.04850459098815918
0.5,7,10,clean_oracle,0.06225002184510231,12.058604955673218,1.0,0.0625092089176178
0.5,7,11,clean_oracle,0.0488642156124115,13.110090494155884,0.5,0.021845225244760513
0.5,7,12,clean_oracle,0.06587374210357666,11.812876462936401,1.0,0.07313644886016846
0.5,7,13,clean_oracle,0.06252839416265488,12.039227485656738,1.0,0.03424106165766716
0.5,7,14,clean_oracle,0.05579699948430061,12.533891201019287,0.5,0.04888008534908295
0.5,7,15,clean_oracle,0.06703148037195206,11.73721194267273,0.5,0.058093711733818054
0.5,0,0,mean_image,0.05597769841551781,12.5198495388031,0.0,nan
0.5,0,1,mean_image,0.05012517422437668,12.999441623687744,0.0,nan
0.5,0,2,mean_image,0.06820032745599747,11.662135124206543,0.0,nan
0.5,0,3,mean_image,0.06811700761318207,11.667444705963135,0.0,nan
0.5,0,4,mean_image,0.05464470759034157,12.624518871307373,0.5,nan
0.5,0,5,mean_image,0.061824653297662735,12.088383436203003,0.5,nan
0.5,0,6,mean_image,0.09468037635087967,10.237400531768799,0.5,nan
0.5,0,7,mean_image,0.04695339500904083,13.283330202102661,0.0,nan
0.5,0,8,mean_image,0.059532828629016876,12.252434492111206,0.5,nan
0.5,0,9,mean_image,0.061708398163318634,12.0965576171875,0.0,nan
0.5,0,10,mean_image,0.055762894451618195,12.536547183990479,0.5,nan
0.5,0,11,mean_image,0.09506143629550934,10.219956636428833,0.0,nan
0.5,0,12,mean_image,0.05651717633008957,12.478195428848267,0.5,nan
0.5,0,13,mean_image,0.07633138447999954,11.17296814918518,0.0,nan
0.5,0,14,mean_image,0.08680055290460587,10.61477541923523,0.0,nan
0.5,0,15,mean_image,0.053365010768175125,12.727433443069458,0.0,nan
0.5,1,0,mean_image,0.049087297171354294,13.090308904647827,0.0,nan
0.5,1,1,mean_image,0.05943269282579422,12.259745597839355,0.0,nan
0.5,1,2,mean_image,0.06759460270404816,11.700879335403442,0.0,nan
0.5,1,3,mean_image,0.06667272746562958,11.760517358779907,0.0,nan
0.5,1,4,mean_image,0.07623469084501266,11.178473234176636,0.0,nan
0.5,1,5,mean_image,0.07921084761619568,11.012153625488281,0.5,nan
0.5,1,6,mean_image,0.05997796356678009,12.22008228302002,0.0,nan
0.5,1,7,mean_image,0.04899570718407631,13.098419904708862,0.5,nan
0.5,1,8,mean_image,0.07041793316602707,11.52316689491272,0.0,nan
0.5,1,9,mean_image,0.07110552489757538,11.480966806411743,0.0,nan
0.5,1,10,mean_image,0.06120510399341583,12.132123708724976,0.0,nan
0.5,1,11,mean_image,0.07118310034275055,11.47623062133789,0.5,nan
0.5,1,12,mean_image,0.06926219165325165,11.595038175582886,0.0,nan
0.5,1,13,mean_image,0.07102280855178833,11.486021280288696,0.0,nan
0.5,1,14,mean_image,0.06613113731145859,11.795940399169922,0.0,nan
0.5,1,15,mean_image,0.08128557354211807,10.899865627288818,0.0,nan
0.5,2,0,mean_image,0.0646844282746315,11.892002820968628,0.0,nan
0.5,2,1,mean_image,0.05682247504591942,12.454798221588135,0.0,nan
0.5,2,2,mean_image,0.04903275519609451,13.095136880874634,0.0,nan
0.5,2,3,mean_image,0.08796271681785583,10.557013750076294,0.5,nan
0.5,2,4,mean_image,0.07783660292625427,11.08816146850586,0.0,nan
0.5,2,5,mean_image,0.0662325918674469,11.78928256034851,0.0,nan
0.5,2,6,mean_image,0.05357085540890694,12.710714340209961,0.0,nan
0.5,2,7,mean_image,0.06853660941123962,11.640774011611938,0.0,nan
0.5,2,8,mean_image,0.06843691319227219,11.647095680236816,0.5,nan
0.5,2,9,mean_image,0.06102892383933067,12.144643068313599,0.0,nan
0.5,2,10,mean_image,0.04863343387842178,13.130650520324707,0.0,nan
0.5,2,11,mean_image,0.07978720217943192,10.980668067932129,0.0,nan
0.5,2,12,mean_image,0.07169805467128754,11.444926261901855,0.0,nan
0.5,2,13,mean_image,0.04807812720537186,13.180524110794067,0.0,nan
0.5,2,14,mean_image,0.05306097865104675,12.752246856689453,0.5,nan
0.5,2,15,mean_image,0.06496208906173706,11.873400211334229,0.0,nan
0.5,3,0,mean_image,0.0718999132514,11.432716846466064,0.0,nan
0.5,3,1,mean_image,0.06328039616346359,11.987308263778687,0.0,nan
0.5,3,2,mean_image,0.05543257296085358,12.562350034713745,0.5,nan
0.5,3,3,mean_image,0.05696962773799896,12.44356632232666,0.5,nan
0.5,3,4,mean_image,0.05119750276207924,12.907512187957764,0.0,nan
0.5,3,5,mean_image,0.04443073272705078,13.523164987564087,0.0,nan
0.5,3,6,mean_image,0.07539093494415283,11.226809024810791,0.0,nan
0.5,3,7,mean_image,0.058034498244524,12.363138198852539,0.0,nan
0.5,3,8,mean_image,0.0536128394305706,12.707312107086182,0.0,nan
0.5,3,9,mean_image,0.052849557250738144,12.76958703994751,0.0,nan
0.5,3,10,mean_image,0.07517023384571075,11.239540576934814,0.0,nan
0.5,3,11,mean_image,0.07669505476951599,11.152325868606567,0.5,nan
0.5,3,12,mean_image,0.061096638441085815,12.139827013015747,1.0,nan
0.5,3,13,mean_image,0.0656733363866806,11.826108694076538,0.0,nan
0.5,3,14,mean_image,0.05199910327792168,12.840040922164917,0.0,nan
0.5,3,15,mean_image,0.06030476465821266,12.196483612060547,0.0,nan
0.5,4,0,mean_image,0.09471361339092255,10.235875844955444,0.0,nan
0.5,4,1,mean_image,0.06253033876419067,12.039092779159546,0.0,nan
0.5,4,2,mean_image,0.0586610808968544,12.316499948501587,0.0,nan
0.5,4,3,mean_image,0.058077577501535416,12.359914779663086,0.0,nan
0.5,4,4,mean_image,0.06586834043264389,11.813232898712158,0.0,nan
0.5,4,5,mean_image,0.07041425257921219,11.523394584655762,0.0,nan
0.5,4,6,mean_image,0.05781122297048569,12.379878759384155,0.0,nan
0.5,4,7,mean_image,0.05271410942077637,12.780730724334717,0.0,nan
0.5,4,8,mean_image,0.0736442357301712,11.328612565994263,0.0,nan
0.5,4,9,mean_image,0.0686504915356636,11.633563041687012,0.0,nan
0.5,4,10,mean_image,0.05405858904123306,12.671352624893188,0.5,nan
0.5,4,11,mean_image,0.06120149418711662,12.13238000869751,0.0,nan
0.5,4,12,mean_image,0.08099310845136642,10.915518999099731,0.0,nan
0.5,4,13,mean_image,0.06691446900367737,11.744799613952637,0.5,nan
0.5,4,14,mean_image,0.08422894030809402,10.745387077331543,0.0,nan
0.5,4,15,mean_image,0.05656140670180321,12.47479796409607,0.5,nan
0.5,5,0,mean_image,0.059890471398830414,12.226423025131226,0.0,nan
0.5,5,1,mean_image,0.06706548482179642,11.735008955001831,0.0,nan
0.5,5,2,mean_image,0.08273559808731079,10.823075771331787,0.0,nan
0.5,5,3,mean_image,0.07835613936185837,11.059269905090332,0.0,nan
0.5,5,4,mean_image,0.06084265932440758,12.157918214797974,0.5,nan
0.5,5,5,mean_image,0.06880240887403488,11.623963117599487,0.0,nan
0.5,5,6,mean_image,0.08804135769605637,10.55313229560852,0.0,nan
0.5,5,7,mean_image,0.060124751180410385,12.209466695785522,0.0,nan
0.5,5,8,mean_image,0.08071745932102203,10.930324792861938,0.0,nan
0.5,5,9,mean_image,0.07870751619338989,11.03983759880066,0.0,nan
0.5,5,10,mean_image,0.0565313845872879,12.477103471755981,0.5,nan
0.5,5,11,mean_image,0.0654577985405922,11.840386390686035,0.5,nan
0.5,5,12,mean_image,0.0839305967092514,10.760797262191772,0.0,nan
0.5,5,13,mean_image,0.05564387887716293,12.545826435089111,0.0,nan
0.5,5,14,mean_image,0.07737167179584503,11.114180088043213,0.0,nan
0.5,5,15,mean_image,0.07036056369543076,11.526707410812378,0.0,nan
0.5,6,0,mean_image,0.06143181025981903,12.11606740951538,0.0,nan
0.5,6,1,mean_image,0.0746612623333931,11.269047260284424,0.0,nan
0.5,6,2,mean_image,0.06127166748046875,12.127403020858765,0.0,nan
0.5,6,3,mean_image,0.04799562692642212,13.18798303604126,0.0,nan
0.5,6,4,mean_image,0.0693032294511795,11.59246563911438,0.0,nan
0.5,6,5,mean_image,0.07924369722604752,11.010352373123169,0.0,nan
0.5,6,6,mean_image,0.05512705072760582,12.586352825164795,0.5,nan
0.5,6,7,mean_image,0.060439206659793854,12.186812162399292,0.0,nan
0.5,6,8,mean_image,0.07469715923070908,11.266958713531494,0.0,nan
0.5,6,9,mean_image,0.08537156134843826,10.686867237091064,0.0,nan
0.5,6,10,mean_image,0.08767379820346832,10.57130217552185,0.0,nan
0.5,6,11,mean_image,0.04822500795125961,13.167276382446289,0.0,nan
0.5,6,12,mean_image,0.06075495481491089,12.164182662963867,0.0,nan
0.5,6,13,mean_image,0.06767405569553375,11.695778369903564,0.0,nan
0.5,6,14,mean_image,0.05868581309914589,12.314668893814087,0.0,nan
0.5,6,15,mean_image,0.06450819224119186,11.90385103225708,0.0,nan
0.5,7,0,mean_image,0.04507340118288994,13.46079707145691,0.0,nan
0.5,7,1,mean_image,0.06463371962308884,11.895408630371094,0.0,nan
0.5,7,2,mean_image,0.0572240874171257,12.424211502075195,0.0,nan
0.5,7,3,mean_image,0.07935638725757599,11.004180908203125,0.0,nan
0.5,7,4,mean_image,0.06298904865980148,12.007349729537964,0.5,nan
0.5,7,5,mean_image,0.044684458523988724,13.498435020446777,0.0,nan
0.5,7,6,mean_image,0.07811019569635391,11.072922945022583,0.0,nan
0.5,7,7,mean_image,0.04937345162034035,13.065065145492554,0.0,nan
0.5,7,8,mean_image,0.05985463410615921,12.229021787643433,0.0,nan
0.5,7,9,mean_image,0.0705740675330162,11.513549089431763,0.0,nan
0.5,7,10,mean_image,0.08792828768491745,10.558713674545288,0.5,nan
0.5,7,11,mean_image,0.06846480071544647,11.645326614379883,0.0,nan
0.5,7,12,mean_image,0.0735100507736206,11.336532831192017,0.0,nan
0.5,7,13,mean_image,0.0737060010433197,11.324971914291382,0.5,nan
0.5,7,14,mean_image,0.05491042509675026,12.603452205657959,0.5,nan
0.5,7,15,mean_image,0.08364690840244293,10.775500535964966,0.0,nan
0.5,0,0,diffusion_shuffled_sequence,0.07268022000789642,11.38583779335022,0.0,nan
0.5,0,1,diffusion_shuffled_sequence,0.07699495553970337,11.135376691818237,0.0,nan
0.5,0,2,diffusion_shuffled_sequence,0.09454154968261719,10.243772268295288,0.0,nan
0.5,0,3,diffusion_shuffled_sequence,0.08197402954101562,10.863237380981445,0.0,nan
0.5,0,4,diffusion_shuffled_sequence,0.08666163682937622,10.621731281280518,0.0,nan
0.5,0,5,diffusion_shuffled_sequence,0.07242706418037415,11.400991678237915,0.0,nan
0.5,0,6,diffusion_shuffled_sequence,0.11719219386577606,9.311013221740723,0.0,nan
0.5,0,7,diffusion_shuffled_sequence,0.09844028949737549,10.068271160125732,0.0,nan
0.5,0,8,diffusion_shuffled_sequence,0.11724314093589783,9.309125542640686,0.0,nan
0.5,0,9,diffusion_shuffled_sequence,0.09479071199893951,10.23234248161316,0.0,nan
0.5,0,10,diffusion_shuffled_sequence,0.06394430994987488,11.941981315612793,0.0,nan
0.5,0,11,diffusion_shuffled_sequence,0.09185181558132172,10.36912202835083,0.5,nan
0.5,0,12,diffusion_shuffled_sequence,0.06662064045667648,11.763912439346313,0.5,nan
0.5,0,13,diffusion_shuffled_sequence,0.06231647729873657,12.053971290588379,0.5,nan
0.5,0,14,diffusion_shuffled_sequence,0.09894797950983047,10.04593014717102,0.0,nan
0.5,0,15,diffusion_shuffled_sequence,0.12457732111215591,9.045609831809998,0.0,nan
0.5,1,0,diffusion_shuffled_sequence,0.06637576967477798,11.77990436553955,0.5,nan
0.5,1,1,diffusion_shuffled_sequence,0.0689387246966362,11.615368127822876,0.5,nan
0.5,1,2,diffusion_shuffled_sequence,0.06696265935897827,11.74167275428772,0.5,nan
0.5,1,3,diffusion_shuffled_sequence,0.08573222905397415,10.668559074401855,0.0,nan
0.5,1,4,diffusion_shuffled_sequence,0.09089680016040802,10.414514541625977,0.0,nan
0.5,1,5,diffusion_shuffled_sequence,0.11044509708881378,9.568535685539246,0.0,nan
0.5,1,6,diffusion_shuffled_sequence,0.08613142371177673,10.648384094238281,0.0,nan
0.5,1,7,diffusion_shuffled_sequence,0.05270341783761978,12.781611680984497,0.0,nan
0.5,1,8,diffusion_shuffled_sequence,0.08760742098093033,10.574591159820557,0.0,nan
0.5,1,9,diffusion_shuffled_sequence,0.09445753693580627,10.247633457183838,0.0,nan
0.5,1,10,diffusion_shuffled_sequence,0.06612135469913483,11.7965829372406,0.0,nan
0.5,1,11,diffusion_shuffled_sequence,0.09609218686819077,10.173119306564331,0.0,nan
0.5,1,12,diffusion_shuffled_sequence,0.09168580174446106,10.376979112625122,0.0,nan
0.5,1,13,diffusion_shuffled_sequence,0.0915151834487915,10.385068655014038,0.0,nan
0.5,1,14,diffusion_shuffled_sequence,0.07539958506822586,11.226310729980469,0.0,nan
0.5,1,15,diffusion_shuffled_sequence,0.09338954091072083,10.297017097473145,0.0,nan
0.5,2,0,diffusion_shuffled_sequence,0.08786311745643616,10.561933517456055,0.0,nan
0.5,2,1,diffusion_shuffled_sequence,0.059466779232025146,12.25725531578064,0.0,nan
0.5,2,2,diffusion_shuffled_sequence,0.05039062723517418,12.976502180099487,0.5,nan
0.5,2,3,diffusion_shuffled_sequence,0.11236212402582169,9.493800401687622,0.5,nan
0.5,2,4,diffusion_shuffled_sequence,0.08242219686508179,10.839557647705078,0.0,nan
0.5,2,5,diffusion_shuffled_sequence,0.0809958204627037,10.91537356376648,0.0,nan
0.5,2,6,diffusion_shuffled_sequence,0.07724974304437637,11.1210298538208,0.0,nan
0.5,2,7,diffusion_shuffled_sequence,0.07070818543434143,11.505303382873535,0.0,nan
0.5,2,8,diffusion_shuffled_sequence,0.08262984454631805,10.828630924224854,0.5,nan
0.5,2,9,diffusion_shuffled_sequence,0.08423370122909546,10.745141506195068,0.0,nan
0.5,2,10,diffusion_shuffled_sequence,0.06367255747318268,11.960476636886597,0.0,nan
0.5,2,11,diffusion_shuffled_sequence,0.0937017872929573,10.28252124786377,0.5,nan
0.5,2,12,diffusion_shuffled_sequence,0.098999984562397,10.043648481369019,0.0,nan
0.5,2,13,diffusion_shuffled_sequence,0.06121966242790222,12.13109016418457,0.0,nan
0.5,2,14,diffusion_shuffled_sequence,0.10435361415147781,9.814925193786621,0.0,nan
0.5,2,15,diffusion_shuffled_sequence,0.08782878518104553,10.563631057739258,0.0,nan
0.5,3,0,diffusion_shuffled_sequence,0.08475510776042938,10.718340873718262,0.0,nan
0.5,3,1,diffusion_shuffled_sequence,0.0666620284318924,11.76121473312378,0.0,nan
0.5,3,2,diffusion_shuffled_sequence,0.07720953971147537,11.123290061950684,0.5,nan
0.5,3,3,diffusion_shuffled_sequence,0.07040924578905106,11.523703336715698,0.5,nan
0.5,3,4,diffusion_shuffled_sequence,0.05601984262466431,12.516580820083618,0.0,nan
0.5,3,5,diffusion_shuffled_sequence,0.06309590488672256,11.999988555908203,0.0,nan
0.5,3,6,diffusion_shuffled_sequence,0.07936600595712662,11.003655195236206,0.0,nan
0.5,3,7,diffusion_shuffled_sequence,0.0719895139336586,11.42730712890625,0.0,nan
0.5,3,8,diffusion_shuffled_sequence,0.10279030352830887,9.880478382110596,0.0,nan
0.5,3,9,diffusion_shuffled_sequence,0.06818392872810364,11.663179397583008,0.0,nan
0.5,3,10,diffusion_shuffled_sequence,0.08915045857429504,10.498764514923096,0.5,nan
0.5,3,11,diffusion_shuffled_sequence,0.0844188779592514,10.735604763031006,0.5,nan
0.5,3,12,diffusion_shuffled_sequence,0.09941087663173676,10.025660991668701,0.0,nan
0.5,3,13,diffusion_shuffled_sequence,0.07492581754922867,11.253684759140015,0.0,nan
0.5,3,14,diffusion_shuffled_sequence,0.0717378705739975,11.442514657974243,0.0,nan
0.5,3,15,diffusion_shuffled_sequence,0.06267359852790833,12.029153108596802,0.5,nan
0.5,4,0,diffusion_shuffled_sequence,0.10557899624109268,9.764224886894226,0.5,nan
0.5,4,1,diffusion_shuffled_sequence,0.07209503650665283,11.42094612121582,0.0,nan
0.5,4,2,diffusion_shuffled_sequence,0.06902989000082016,11.609628200531006,0.0,nan
0.5,4,3,diffusion_shuffled_sequence,0.07169155031442642,11.445320844650269,0.0,nan
0.5,4,4,diffusion_shuffled_sequence,0.07178355008363724,11.43975019454956,0.0,nan
0.5,4,5,diffusion_shuffled_sequence,0.09866178035736084,10.058510303497314,0.0,nan
0.5,4,6,diffusion_shuffled_sequence,0.059369370341300964,12.264375686645508,1.0,nan
0.5,4,7,diffusion_shuffled_sequence,0.09127018600702286,10.396710634231567,0.0,nan
0.5,4,8,diffusion_shuffled_sequence,0.08182394504547119,10.871195793151855,0.0,nan
0.5,4,9,diffusion_shuffled_sequence,0.08240257203578949,10.840592384338379,0.0,nan
0.5,4,10,diffusion_shuffled_sequence,0.0641966313123703,11.924877166748047,0.0,nan
0.5,4,11,diffusion_shuffled_sequence,0.07060002535581589,11.511951684951782,0.0,nan
0.5,4,12,diffusion_shuffled_sequence,0.11188481003046036,9.512288570404053,0.0,nan
0.5,4,13,diffusion_shuffled_sequence,0.09041588753461838,10.43755292892456,0.0,nan
0.5,4,14,diffusion_shuffled_sequence,0.0900384932756424,10.455718040466309,0.0,nan
0.5,4,15,diffusion_shuffled_sequence,0.06657435745000839,11.766929626464844,0.0,nan
0.5,5,0,diffusion_shuffled_sequence,0.06826384365558624,11.658092737197876,0.0,nan
0.5,5,1,diffusion_shuffled_sequence,0.08793647587299347,10.558309555053711,0.0,nan
0.5,5,2,diffusion_shuffled_sequence,0.09122303873300552,10.398954153060913,0.0,nan
0.5,5,3,diffusion_shuffled_sequence,0.06738241016864777,11.714534759521484,0.0,nan
0.5,5,4,diffusion_shuffled_sequence,0.05664151906967163,12.468651533126831,1.0,nan
0.5,5,5,diffusion_shuffled_sequence,0.10195163637399673,9.91605818271637,0.0,nan
0.5,5,6,diffusion_shuffled_sequence,0.1185653954744339,9.260420203208923,0.0,nan
0.5,5,7,diffusion_shuffled_sequence,0.08558480441570282,10.67603349685669,0.0,nan
0.5,5,8,diffusion_shuffled_sequence,0.09586531668901443,10.183384418487549,0.0,nan
0.5,5,9,diffusion_shuffled_sequence,0.12070009857416153,9.182924032211304,0.0,nan
0.5,5,10,diffusion_shuffled_sequence,0.08082784712314606,10.924389362335205,0.0,nan
0.5,5,11,diffusion_shuffled_sequence,0.07450292259454727,11.278266906738281,0.5,nan
0.5,5,12,diffusion_shuffled_sequence,0.08136188983917236,10.895789861679077,0.5,nan
0.5,5,13,diffusion_shuffled_sequence,0.06077241525053978,12.16293454170227,0.0,nan
0.5,5,14,diffusion_shuffled_sequence,0.08135157823562622,10.896340608596802,0.0,nan
0.5,5,15,diffusion_shuffled_sequence,0.08758348226547241,10.575778484344482,0.5,nan
0.5,6,0,diffusion_shuffled_sequence,0.09470310062170029,10.23635745048523,0.0,nan
0.5,6,1,diffusion_shuffled_sequence,0.08225717395544052,10.848262310028076,0.0,nan
0.5,6,2,diffusion_shuffled_sequence,0.0803888663649559,10.94804048538208,0.0,nan
0.5,6,3,diffusion_shuffled_sequence,0.06539646536111832,11.844457387924194,0.0,nan
0.5,6,4,diffusion_shuffled_sequence,0.07163696736097336,11.448627710342407,0.0,nan
0.5,6,5,diffusion_shuffled_sequence,0.09681320190429688,10.140653848648071,0.0,nan
0.5,6,6,diffusion_shuffled_sequence,0.060589563101530075,12.176021337509155,0.5,nan
0.5,6,7,diffusion_shuffled_sequence,0.06945659220218658,11.582865715026855,0.0,nan
0.5,6,8,diffusion_shuffled_sequence,0.0844968855381012,10.731593370437622,0.5,nan
0.5,6,9,diffusion_shuffled_sequence,0.08937009423971176,10.488077402114868,0.0,nan
0.5,6,10,diffusion_shuffled_sequence,0.10040730237960815,9.982346892356873,0.0,nan
0.5,6,11,diffusion_shuffled_sequence,0.07398153096437454,11.308766603469849,0.0,nan
0.5,6,12,diffusion_shuffled_sequence,0.09669409692287445,10.146000385284424,0.0,nan
0.5,6,13,diffusion_shuffled_sequence,0.07200071960687637,11.426631212234497,0.0,nan
0.5,6,14,diffusion_shuffled_sequence,0.0657481923699379,11.82116150856018,0.0,nan
0.5,6,15,diffusion_shuffled_sequence,0.0690346360206604,11.609330177307129,0.0,nan
0.5,7,0,diffusion_shuffled_sequence,0.03892857953906059,14.09731388092041,0.5,nan
0.5,7,1,diffusion_shuffled_sequence,0.07956438511610031,10.992813110351562,0.0,nan
0.5,7,2,diffusion_shuffled_sequence,0.06801709532737732,11.673818826675415,0.0,nan
0.5,7,3,diffusion_shuffled_sequence,0.10832282155752182,9.652800559997559,0.0,nan
0.5,7,4,diffusion_shuffled_sequence,0.10911756753921509,9.621053338050842,0.0,nan
0.5,7,5,diffusion_shuffled_sequence,0.10097914189100266,9.957683086395264,0.0,nan
0.5,7,6,diffusion_shuffled_sequence,0.07850740104913712,11.050894260406494,0.5,nan
0.5,7,7,diffusion_shuffled_sequence,0.0799439549446106,10.972143411636353,0.0,nan
0.5,7,8,diffusion_shuffled_sequence,0.08931290358304977,10.490857362747192,0.0,nan
0.5,7,9,diffusion_shuffled_sequence,0.10255318880081177,9.89050805568695,0.0,nan
0.5,7,10,diffusion_shuffled_sequence,0.1013028547167778,9.943783283233643,0.0,nan
0.5,7,11,diffusion_shuffled_sequence,0.07902414351701736,11.022402048110962,0.0,nan
0.5,7,12,diffusion_shuffled_sequence,0.09269990772008896,10.329207181930542,0.0,nan
0.5,7,13,diffusion_shuffled_sequence,0.12260559946298599,9.114896655082703,0.0,nan
0.5,7,14,diffusion_shuffled_sequence,0.06412676721811295,11.929606199264526,0.0,nan
0.5,7,15,diffusion_shuffled_sequence,0.0665222555398941,11.770330667495728,0.5,nan
