sigma,seed,step,method,normalized_squared_error,cosine
1.0,0,1,gaussian_current,0.022956452483816375,0.837445740855531
1.0,0,2,gaussian_current,0.01949903032415459,0.8751331789039902
1.0,0,3,gaussian_current,0.01852387837281028,0.8038025686950543
1.0,0,4,gaussian_current,0.015428784556651877,0.6863606022815125
1.0,0,5,gaussian_current,0.029171900576484392,0.6695433705470341
1.0,0,6,gaussian_current,0.029356412811285332,0.6987776866205685
1.0,0,7,gaussian_current,0.017151168929056368,0.6880954559784506
1.0,0,8,gaussian_current,0.02074071739587255,0.796969398850237
1.0,0,9,gaussian_current,0.01457113548663221,0.899364047425251
1.0,0,10,gaussian_current,0.020673016467309593,0.6558579781020527
1.0,0,11,gaussian_current,0.020708270432942568,0.7746122415756628
1.0,0,12,gaussian_current,0.021352967249706797,0.7495667564053641
1.0,0,13,gaussian_current,0.01690549809166535,0.7469654376000474
1.0,0,14,gaussian_current,0.013724039136765363,0.7683324272840899
1.0,0,15,gaussian_current,0.019228170486595007,0.8194469112907281
1.0,0,16,gaussian_current,0.017735399716045323,0.7665720766484448
1.0,0,17,gaussian_current,0.016065985922629818,0.8592798171112668
1.0,0,18,gaussian_current,0.021804917921671538,0.7369333705876799
1.0,0,19,gaussian_current,0.014840502861436898,0.6987709278896996
1.0,0,20,gaussian_current,0.018667130315430193,0.5943604311817801
1.0,0,21,gaussian_current,0.01506478683640524,0.7257053374727209
1.0,0,22,gaussian_current,0.021009697851106783,0.5198833356704708
1.0,0,23,gaussian_current,0.018372427947662282,0.6739328477345178
1.0,0,24,gaussian_current,0.013989649860451018,0.7530492367448774
1.0,0,25,gaussian_current,0.017678600090464743,0.8404511626122029
1.0,0,26,gaussian_current,0.024571994303869162,0.540806689191431
1.0,0,27,gaussian_current,0.021677415045953437,0.7651817911534511
1.0,0,28,gaussian_current,0.024169841826343887,0.6927151717645742
1.0,0,29,gaussian_current,0.015989539107179943,0.7238784480711002
1.0,0,30,gaussian_current,0.021886850905550845,0.7823173160676635
1.0,0,31,gaussian_current,0.021340223036861426,0.844335956564833
1.0,0,32,gaussian_current,0.02841284918507386,0.8596344999514856
1.0,0,33,gaussian_current,0.02196002109195545,0.5901757675340118
1.0,0,34,gaussian_current,0.027065190102223628,0.7410573010786722
1.0,0,35,gaussian_current,0.023901477633721278,0.5552618415174712
1.0,0,36,gaussian_current,0.015275791797252263,0.6260690922618205
1.0,0,37,gaussian_current,0.021359677857309804,0.7444469770826271
1.0,0,38,gaussian_current,0.012792191325560157,0.7316033061459728
1.0,0,39,gaussian_current,0.02429378335927635,0.6255837658906258
1.0,0,40,gaussian_current,0.020973765578917707,0.7681134880634771
1.0,0,41,gaussian_current,0.017215680875864108,0.7068780903556126
1.0,0,42,gaussian_current,0.014941407043119059,0.722717050392587
1.0,0,43,gaussian_current,0.014474378384204692,0.46774176133624734
1.0,0,44,gaussian_current,0.017313565456582056,0.6707179463521373
1.0,0,45,gaussian_current,0.019262483776324592,0.7590179883216285
1.0,0,46,gaussian_current,0.019623179677006882,0.7660653959279685
1.0,0,47,gaussian_current,0.01512911257045774,0.7056690840293502
1.0,0,48,gaussian_current,0.01811030680444717,0.7331626811260172
1.0,0,49,gaussian_current,0.01801084427330411,0.6573761044233747
1.0,0,50,gaussian_current,0.020585277442827322,0.6808961682144817
1.0,0,51,gaussian_current,0.02119763654829742,0.8642963109070704
1.0,0,52,gaussian_current,0.0165723557478413,0.676450395174174
1.0,0,53,gaussian_current,0.021956830427549857,0.7312860083171935
1.0,0,54,gaussian_current,0.01994065033904784,0.8146527886005152
1.0,0,55,gaussian_current,0.021228361835168137,0.637631252978074
1.0,0,56,gaussian_current,0.025034223103679594,0.6731773223679555
1.0,0,57,gaussian_current,0.015700672815705637,0.7588822607675185
1.0,0,58,gaussian_current,0.012886569856957356,0.7739312994568848
1.0,0,59,gaussian_current,0.017730624346485094,0.7546999273911149
1.0,0,60,gaussian_current,0.016197543464133116,0.7357259166453062
1.0,0,61,gaussian_current,0.021779457402494137,0.6267647718798748
1.0,0,62,gaussian_current,0.01646053479194435,0.7755987146810293
1.0,0,63,gaussian_current,0.0219407251972965,0.6025803222827333
1.0,0,64,gaussian_current,0.01807419475554988,0.7173018015578431
1.0,0,1,diffusion_temporal,0.02866964600980282,0.7948647141456604
1.0,0,2,diffusion_temporal,0.03117482177913189,0.7803743481636047
1.0,0,3,diffusion_temporal,0.027478864416480064,0.6946290731430054
1.0,0,4,diffusion_temporal,0.02149192988872528,0.6389183402061462
1.0,0,5,diffusion_temporal,0.03591260686516762,0.5967229008674622
1.0,0,6,diffusion_temporal,0.03543463721871376,0.6169131398200989
1.0,0,7,diffusion_temporal,0.02496269904077053,0.5879628658294678
1.0,0,8,diffusion_temporal,0.028286118060350418,0.7101526260375977
1.0,0,9,diffusion_temporal,0.040296364575624466,0.680171549320221
1.0,0,10,diffusion_temporal,0.03667580336332321,0.3225557506084442
1.0,0,11,diffusion_temporal,0.03266920894384384,0.6286923289299011
1.0,0,12,diffusion_temporal,0.03814169391989708,0.5168869495391846
1.0,0,13,diffusion_temporal,0.022607486695051193,0.6518269181251526
1.0,0,14,diffusion_temporal,0.022549647837877274,0.6093315482139587
1.0,0,15,diffusion_temporal,0.02775256149470806,0.7268619537353516
1.0,0,16,diffusion_temporal,0.024711567908525467,0.6569318771362305
1.0,0,17,diffusion_temporal,0.026703059673309326,0.7423264384269714
1.0,0,18,diffusion_temporal,0.03294829651713371,0.5597040057182312
1.0,0,19,diffusion_temporal,0.024172084406018257,0.4877203702926636
1.0,0,20,diffusion_temporal,0.023714112117886543,0.4231288731098175
1.0,0,21,diffusion_temporal,0.02106422372162342,0.5967825055122375
1.0,0,22,diffusion_temporal,0.028442904353141785,0.4273567795753479
1.0,0,23,diffusion_temporal,0.031097542494535446,0.45771488547325134
1.0,0,24,diffusion_temporal,0.02782045677304268,0.5108584761619568
1.0,0,25,diffusion_temporal,0.030340686440467834,0.6882161498069763
1.0,0,26,diffusion_temporal,0.036949001252651215,0.32183828949928284
1.0,0,27,diffusion_temporal,0.024396592751145363,0.7274130582809448
1.0,0,28,diffusion_temporal,0.025680553168058395,0.5668526291847229
1.0,0,29,diffusion_temporal,0.02739856205880642,0.4904711842536926
1.0,0,30,diffusion_temporal,0.045842643827199936,0.4844997823238373
1.0,0,31,diffusion_temporal,0.04873261600732803,0.5858687162399292
1.0,0,32,diffusion_temporal,0.06626439094543457,0.5811978578567505
1.0,0,33,diffusion_temporal,0.02495642378926277,0.553458571434021
1.0,0,34,diffusion_temporal,0.043674398213624954,0.5229366421699524
1.0,0,35,diffusion_temporal,0.042305126786231995,0.2853778302669525
1.0,0,36,diffusion_temporal,0.027764640748500824,0.3651426136493683
1.0,0,37,diffusion_temporal,0.04031326621770859,0.4326333999633789
1.0,0,38,diffusion_temporal,0.02535775676369667,0.4877926707267761
1.0,0,39,diffusion_temporal,0.02840094454586506,0.5021294355392456
1.0,0,40,diffusion_temporal,0.027578316628932953,0.679108738899231
1.0,0,41,diffusion_temporal,0.02760852500796318,0.48585304617881775
1.0,0,42,diffusion_temporal,0.019114019349217415,0.635944128036499
1.0,0,43,diffusion_temporal,0.02782946079969406,0.181840717792511
1.0,0,44,diffusion_temporal,0.022325843572616577,0.5485504269599915
1.0,0,45,diffusion_temporal,0.02912278287112713,0.6459540128707886
1.0,0,46,diffusion_temporal,0.022377589717507362,0.7271826267242432
1.0,0,47,diffusion_temporal,0.023293480277061462,0.5062852501869202
1.0,0,48,diffusion_temporal,0.020086342468857765,0.7074320316314697
1.0,0,49,diffusion_temporal,0.025192761793732643,0.5668288469314575
1.0,0,50,diffusion_temporal,0.036937400698661804,0.41733893752098083
1.0,0,51,diffusion_temporal,0.053989242762327194,0.5643900036811829
1.0,0,52,diffusion_temporal,0.03469780460000038,0.2300412952899933
1.0,0,53,diffusion_temporal,0.03849903494119644,0.46349379420280457
1.0,0,54,diffusion_temporal,0.04083448648452759,0.5578055381774902
1.0,0,55,diffusion_temporal,0.030535349622368813,0.4959339201450348
1.0,0,56,diffusion_temporal,0.03864428773522377,0.4372962415218353
1.0,0,57,diffusion_temporal,0.02504684403538704,0.5633907318115234
1.0,0,58,diffusion_temporal,0.027543678879737854,0.49433180689811707
1.0,0,59,diffusion_temporal,0.024933500215411186,0.6301075220108032
1.0,0,60,diffusion_temporal,0.03903510048985481,0.3108966052532196
1.0,0,61,diffusion_temporal,0.023218275979161263,0.5629663467407227
1.0,0,62,diffusion_temporal,0.020616408437490463,0.7102915644645691
1.0,0,63,diffusion_temporal,0.031588364392519,0.37570613622665405
1.0,0,64,diffusion_temporal,0.025514280423521996,0.5797578692436218
1.0,0,1,diffusion_context_only,0.046830546110868454,0.6189866662025452
1.0,0,2,diffusion_context_only,0.0773964673280716,0.24702949821949005
1.0,0,3,diffusion_context_only,0.05275057628750801,0.3089616298675537
1.0,0,4,diffusion_context_only,0.015606018714606762,0.7334904074668884
1.0,0,5,diffusion_context_only,0.04622458666563034,0.4035722613334656
1.0,0,6,diffusion_context_only,0.051515132188797,0.38037776947021484
1.0,0,7,diffusion_context_only,0.02762153185904026,0.49983835220336914
1.0,0,8,diffusion_context_only,0.05002906173467636,0.3783918023109436
1.0,0,9,diffusion_context_only,0.07095665484666824,0.3290645182132721
1.0,0,10,diffusion_context_only,0.04693732410669327,0.0790964737534523
1.0,0,11,diffusion_context_only,0.045876726508140564,0.41971781849861145
1.0,0,12,diffusion_context_only,0.05356587469577789,0.2820364236831665
1.0,0,13,diffusion_context_only,0.032662078738212585,0.41539862751960754
1.0,0,14,diffusion_context_only,0.03729848563671112,0.24808534979820251
1.0,0,15,diffusion_context_only,0.039454516023397446,0.5740655660629272
1.0,0,16,diffusion_context_only,0.0332818478345871,0.5115733742713928
1.0,0,17,diffusion_context_only,0.043621428310871124,0.5079817771911621
1.0,0,18,diffusion_context_only,0.043475281447172165,0.3578382432460785
1.0,0,19,diffusion_context_only,0.038339488208293915,0.1968652606010437
1.0,0,20,diffusion_context_only,0.04019657149910927,0.11558397859334946
1.0,0,21,diffusion_context_only,0.03226861730217934,0.3841850161552429
1.0,0,22,diffusion_context_only,0.03456515446305275,0.32328712940216064
1.0,0,23,diffusion_context_only,0.035744715481996536,0.3650520145893097
1.0,0,24,diffusion_context_only,0.039639662951231,0.26790907979011536
1.0,0,25,diffusion_context_only,0.05117061361670494,0.3842838406562805
1.0,0,26,diffusion_context_only,0.045274242758750916,0.19237104058265686
1.0,0,27,diffusion_context_only,0.0408053994178772,0.4839823544025421
1.0,0,28,diffusion_context_only,0.04352685809135437,0.19504165649414062
1.0,0,29,diffusion_context_only,0.045400068163871765,0.10233072936534882
1.0,0,30,diffusion_context_only,0.06457649916410446,0.22881726920604706
1.0,0,31,diffusion_context_only,0.08588412404060364,0.13638170063495636
1.0,0,32,diffusion_context_only,0.10135695338249207,0.24823212623596191
1.0,0,33,diffusion_context_only,0.02632868103682995,0.5221676826477051
1.0,0,34,diffusion_context_only,0.07594209909439087,0.06017731875181198
1.0,0,35,diffusion_context_only,0.043742235749959946,0.24893976747989655
1.0,0,36,diffusion_context_only,0.03439752757549286,0.22818075120449066
1.0,0,37,diffusion_context_only,0.055418968200683594,0.19868941605091095
1.0,0,38,diffusion_context_only,0.027988605201244354,0.3847512900829315
1.0,0,39,diffusion_context_only,0.03983002156019211,0.2551462948322296
1.0,0,40,diffusion_context_only,0.03701861947774887,0.5255231261253357
1.0,0,41,diffusion_context_only,0.0333486832678318,0.3183225989341736
1.0,0,42,diffusion_context_only,0.025551263242959976,0.4759209156036377
1.0,0,43,diffusion_context_only,0.03254774585366249,0.10507746785879135
1.0,0,44,diffusion_context_only,0.029372302815318108,0.38422223925590515
1.0,0,45,diffusion_context_only,0.034676969051361084,0.5454095005989075
1.0,0,46,diffusion_context_only,0.03228864073753357,0.568709671497345
1.0,0,47,diffusion_context_only,0.030306575819849968,0.32108017802238464
1.0,0,48,diffusion_context_only,0.02622724138200283,0.5967073440551758
1.0,0,49,diffusion_context_only,0.030802592635154724,0.4653579890727997
1.0,0,50,diffusion_context_only,0.04612316936254501,0.26698362827301025
1.0,0,51,diffusion_context_only,0.07956434786319733,0.22304674983024597
1.0,0,52,diffusion_context_only,0.041981324553489685,0.056325916200876236
1.0,0,53,diffusion_context_only,0.048643846064805984,0.28604912757873535
1.0,0,54,diffusion_context_only,0.06289106607437134,0.2431357502937317
1.0,0,55,diffusion_context_only,0.03584599122405052,0.3922547698020935
1.0,0,56,diffusion_context_only,0.04938679561018944,0.21738189458847046
1.0,0,57,diffusion_context_only,0.03435099124908447,0.3425750732421875
1.0,0,58,diffusion_context_only,0.03319276124238968,0.35432061553001404
1.0,0,59,diffusion_context_only,0.028712861239910126,0.550720751285553
1.0,0,60,diffusion_context_only,0.04948502406477928,0.13855761289596558
1.0,0,61,diffusion_context_only,0.026691466569900513,0.4688560664653778
1.0,0,62,diffusion_context_only,0.028720777481794357,0.5712422728538513
1.0,0,63,diffusion_context_only,0.0410877950489521,0.19377879798412323
1.0,0,64,diffusion_context_only,0.033624064177274704,0.4262869656085968
1.0,0,1,gaussian_context_only,0.0407482910640175,0.7033698505110106
1.0,0,2,gaussian_context_only,0.0468760347672041,0.6677517812543612
1.0,0,3,gaussian_context_only,0.03461014625453195,0.5808812056503515
1.0,0,4,gaussian_context_only,0.018562980284446782,0.5105647499974826
1.0,0,5,gaussian_context_only,0.04400082580403714,0.40946445707074836
1.0,0,6,gaussian_context_only,0.04799456152242325,0.4168354547812291
1.0,0,7,gaussian_context_only,0.030116909736147505,0.3960571769715319
1.0,0,8,gaussian_context_only,0.03998935520823016,0.543715575800953
1.0,0,9,gaussian_context_only,0.04787749472046148,0.6231887512573535
1.0,0,10,gaussian_context_only,0.028381758021625417,0.4696694326495949
1.0,0,11,gaussian_context_only,0.03521631857642768,0.5676587815462187
1.0,0,12,gaussian_context_only,0.03287056691000595,0.5707717853878302
1.0,0,13,gaussian_context_only,0.022843184093867357,0.5871143141027082
1.0,0,14,gaussian_context_only,0.03160083558598588,0.3230029666452019
1.0,0,15,gaussian_context_only,0.037942521055703234,0.605751275737852
1.0,0,16,gaussian_context_only,0.028546805471516185,0.5734072716303006
1.0,0,17,gaussian_context_only,0.04458872458984996,0.4899263413080746
1.0,0,18,gaussian_context_only,0.032148993642552796,0.5713740407345476
1.0,0,19,gaussian_context_only,0.022612320942110877,0.43831035706217114
1.0,0,20,gaussian_context_only,0.024833035293871087,0.3082777803647596
1.0,0,21,gaussian_context_only,0.029017170597417295,0.36704298328167145
1.0,0,22,gaussian_context_only,0.017492924556372785,0.5178929911577854
1.0,0,23,gaussian_context_only,0.02603971308781647,0.4043786715359666
1.0,0,24,gaussian_context_only,0.028808179994786878,0.3721487394788374
1.0,0,25,gaussian_context_only,0.05074694771283247,0.3599529921512741
1.0,0,26,gaussian_context_only,0.03738312316437562,0.1539793777658383
1.0,0,27,gaussian_context_only,0.03981199934451058,0.4806707251039197
1.0,0,28,gaussian_context_only,0.027254873024708467,0.48269536902519516
1.0,0,29,gaussian_context_only,0.035520040033893016,0.22782473558983776
1.0,0,30,gaussian_context_only,0.04994229328819984,0.3523739099314357
1.0,0,31,gaussian_context_only,0.0656930084371705,0.3431477361768669
1.0,0,32,gaussian_context_only,0.08166079979412594,0.4370096339778875
1.0,0,33,gaussian_context_only,0.022267921244556465,0.5553340844374692
1.0,0,34,gaussian_context_only,0.06429274216798946,0.12940028828684527
1.0,0,35,gaussian_context_only,0.03166832348743235,0.3281968110872894
1.0,0,36,gaussian_context_only,0.023524474598200944,0.3510179155179129
1.0,0,37,gaussian_context_only,0.04417827976558081,0.324082537249121
1.0,0,38,gaussian_context_only,0.020065432630433366,0.46584796092298
1.0,0,39,gaussian_context_only,0.03741573616665256,0.25501541612683415
1.0,0,40,gaussian_context_only,0.04227364771062374,0.41929363191704944
1.0,0,41,gaussian_context_only,0.026574759315413896,0.4525816458453283
1.0,0,42,gaussian_context_only,0.0263789864424961,0.3952086312772453
1.0,0,43,gaussian_context_only,0.020228392457103894,0.18361484121285004
1.0,0,44,gaussian_context_only,0.026448450158380758,0.4054523887970833
1.0,0,45,gaussian_context_only,0.03146660545868603,0.5272471418334551
1.0,0,46,gaussian_context_only,0.046560330717156435,0.26585866178157247
1.0,0,47,gaussian_context_only,0.026894773309770272,0.38357508187493294
1.0,0,48,gaussian_context_only,0.03951662048106503,0.2544085742399517
1.0,0,49,gaussian_context_only,0.027780625854646208,0.3750433704788665
1.0,0,50,gaussian_context_only,0.03779265623285941,0.2859567294009389
1.0,0,51,gaussian_context_only,0.06023106120459567,0.4988569955575357
1.0,0,52,gaussian_context_only,0.024895756609664504,0.2597959599763751
1.0,0,53,gaussian_context_only,0.033281243682687735,0.43965605750202574
1.0,0,54,gaussian_context_only,0.049943205037801704,0.3971545074739485
1.0,0,55,gaussian_context_only,0.03234297950302162,0.3436394889181855
1.0,0,56,gaussian_context_only,0.036808291411860476,0.4051695163666078
1.0,0,57,gaussian_context_only,0.03142297703122901,0.37303585814997337
1.0,0,58,gaussian_context_only,0.023998795760406363,0.47964572912967574
1.0,0,59,gaussian_context_only,0.03680365177811918,0.3548201443227079
1.0,0,60,gaussian_context_only,0.027057518901420934,0.48054913075293365
1.0,0,61,gaussian_context_only,0.02333576629754366,0.44852840875860145
1.0,0,62,gaussian_context_only,0.031029588442482794,0.4905649543930882
1.0,0,63,gaussian_context_only,0.0366467647093203,0.18652788213242186
1.0,0,64,gaussian_context_only,0.029287772868295592,0.4640973535445382
1.0,0,1,gaussian_temporal,0.02630981649966591,0.8216134911600617
1.0,0,2,gaussian_temporal,0.02858134022812716,0.8201353271458162
1.0,0,3,gaussian_temporal,0.02872404323509012,0.6714482749052308
1.0,0,4,gaussian_temporal,0.010955837846055453,0.7231849885821634
1.0,0,5,gaussian_temporal,0.034821705725264204,0.5694878971181422
1.0,0,6,gaussian_temporal,0.037657122242562346,0.585251947979139
1.0,0,7,gaussian_temporal,0.028483816422712277,0.420479583082388
1.0,0,8,gaussian_temporal,0.030503775273773296,0.6820033365145626
1.0,0,9,gaussian_temporal,0.03082917820066535,0.7865802139151656
1.0,0,10,gaussian_temporal,0.026908450875573902,0.5126148264481768
1.0,0,11,gaussian_temporal,0.02770124727161256,0.6945958745568949
1.0,0,12,gaussian_temporal,0.03340600704820958,0.5627163334384667
1.0,0,13,gaussian_temporal,0.021632751473332643,0.6214343598464529
1.0,0,14,gaussian_temporal,0.026433360450559013,0.4833691768267531
1.0,0,15,gaussian_temporal,0.02165192864772679,0.7998651156664639
1.0,0,16,gaussian_temporal,0.026142016912177216,0.6281786747379897
1.0,0,17,gaussian_temporal,0.027998315327084196,0.7342245988545284
1.0,0,18,gaussian_temporal,0.025737717234174177,0.6772735091237236
1.0,0,19,gaussian_temporal,0.021288897533880014,0.4995407417136189
1.0,0,20,gaussian_temporal,0.020144128086711965,0.5298245867825667
1.0,0,21,gaussian_temporal,0.023871788814712986,0.535326872372423
1.0,0,22,gaussian_temporal,0.018317161162498655,0.5260438311776424
1.0,0,23,gaussian_temporal,0.02092119921394612,0.574447653391241
1.0,0,24,gaussian_temporal,0.025063361729528798,0.5087813236143862
1.0,0,25,gaussian_temporal,0.023849254025005456,0.7653756590766789
1.0,0,26,gaussian_temporal,0.03659389654578922,0.24596585199777546
1.0,0,27,gaussian_temporal,0.029318122801715654,0.6588514575125997
1.0,0,28,gaussian_temporal,0.022331936540011522,0.6532717959158456
1.0,0,29,gaussian_temporal,0.03163093910091501,0.41878945764572895
1.0,0,30,gaussian_temporal,0.03988013512120525,0.5412662675068242
1.0,0,31,gaussian_temporal,0.03930469596936389,0.6980687951777733
1.0,0,32,gaussian_temporal,0.055860007641145626,0.7115642607884125
1.0,0,33,gaussian_temporal,0.031148895472896038,0.3567552655597789
1.0,0,34,gaussian_temporal,0.047175772139597116,0.4612360179617242
1.0,0,35,gaussian_temporal,0.0244241451240019,0.5267587311636719
1.0,0,36,gaussian_temporal,0.025244171800457963,0.3169482486643093
1.0,0,37,gaussian_temporal,0.03085373694552953,0.5965059501328689
1.0,0,38,gaussian_temporal,0.015078828154910616,0.644852952850466
1.0,0,39,gaussian_temporal,0.03333069092544778,0.40341896432898805
1.0,0,40,gaussian_temporal,0.02913149598936196,0.6575799203000218
1.0,0,41,gaussian_temporal,0.02789284638863818,0.49174968696616045
1.0,0,42,gaussian_temporal,0.02675512647059018,0.3980724244209593
1.0,0,43,gaussian_temporal,0.016622991377178906,0.4018155141014768
1.0,0,44,gaussian_temporal,0.020799164599307186,0.5674121279324129
1.0,0,45,gaussian_temporal,0.027586282487930876,0.6406092142932555
1.0,0,46,gaussian_temporal,0.02927841551408717,0.6197266335993742
1.0,0,47,gaussian_temporal,0.022434682147472153,0.52587630081078
1.0,0,48,gaussian_temporal,0.03184629292213708,0.47031077973404267
1.0,0,49,gaussian_temporal,0.02347450717210987,0.5167509051409195
1.0,0,50,gaussian_temporal,0.0324673270155387,0.4381840565119054
1.0,0,51,gaussian_temporal,0.039990471331821334,0.7230163034573808
1.0,0,52,gaussian_temporal,0.022992372917442536,0.4408866273794132
1.0,0,53,gaussian_temporal,0.02523949380818173,0.6463452287029136
1.0,0,54,gaussian_temporal,0.0330051316044568,0.6739344083768061
1.0,0,55,gaussian_temporal,0.0377572698807715,0.29300619809668854
1.0,0,56,gaussian_temporal,0.035717563189536346,0.48771085508663065
1.0,0,57,gaussian_temporal,0.019526684541865055,0.6702961024126234
1.0,0,58,gaussian_temporal,0.018589529005339826,0.633284777037759
1.0,0,59,gaussian_temporal,0.027781855119228472,0.5750254355716959
1.0,0,60,gaussian_temporal,0.019565477687922224,0.6635473149614202
1.0,0,61,gaussian_temporal,0.022190547029840364,0.5225790120573004
1.0,0,62,gaussian_temporal,0.02899808356716415,0.557208676961142
1.0,0,63,gaussian_temporal,0.034342210282798866,0.3109776686955062
1.0,0,64,gaussian_temporal,0.03341053950482144,0.3972267387925361
1.0,0,1,public_fingerprint,0.06324687600135803,0.42065736651420593
1.0,0,2,public_fingerprint,0.08565516769886017,0.18996958434581757
1.0,0,3,public_fingerprint,0.06302326172590256,0.16190920770168304
1.0,0,4,public_fingerprint,0.027924463152885437,0.3451938331127167
1.0,0,5,public_fingerprint,0.05407440662384033,0.28436020016670227
1.0,0,6,public_fingerprint,0.067924864590168,0.15182554721832275
1.0,0,7,public_fingerprint,0.037873901426792145,0.2977794110774994
1.0,0,8,public_fingerprint,0.05916893109679222,0.26870962977409363
1.0,0,9,public_fingerprint,0.0794847384095192,0.20224381983280182
1.0,0,10,public_fingerprint,0.04860080033540726,0.1314481943845749
1.0,0,11,public_fingerprint,0.061698783189058304,0.1627206802368164
1.0,0,12,public_fingerprint,0.045375119894742966,0.37733036279678345
1.0,0,13,public_fingerprint,0.04230722784996033,0.24377816915512085
1.0,0,14,public_fingerprint,0.04093649610877037,0.21966925263404846
1.0,0,15,public_fingerprint,0.07311466336250305,0.08630860596895218
1.0,0,16,public_fingerprint,0.05930706486105919,0.06947933882474899
1.0,0,17,public_fingerprint,0.07856224477291107,0.02119513601064682
1.0,0,18,public_fingerprint,0.04582737386226654,0.3658049702644348
1.0,0,19,public_fingerprint,0.042093854397535324,0.12316890060901642
1.0,0,20,public_fingerprint,0.04032358527183533,0.10967420041561127
1.0,0,21,public_fingerprint,0.03386928141117096,0.3692809045314789
1.0,0,22,public_fingerprint,0.02738334983587265,0.38748034834861755
1.0,0,23,public_fingerprint,0.03165144845843315,0.3844628930091858
1.0,0,24,public_fingerprint,0.04212690517306328,0.20498372614383698
1.0,0,25,public_fingerprint,0.07979691028594971,-0.006892078090459108
1.0,0,26,public_fingerprint,0.03614599630236626,0.33281561732292175
1.0,0,27,public_fingerprint,0.07732073962688446,-0.05522989481687546
1.0,0,28,public_fingerprint,0.0559907890856266,0.02362900599837303
1.0,0,29,public_fingerprint,0.05529642850160599,-0.009097210131585598
1.0,0,30,public_fingerprint,0.0770716443657875,0.02696651965379715
1.0,0,31,public_fingerprint,0.10233955830335617,-0.06398573517799377
1.0,0,32,public_fingerprint,0.10045354068279266,0.2389390915632248
1.0,0,33,public_fingerprint,0.043057408183813095,0.24209903180599213
1.0,0,34,public_fingerprint,0.0963650494813919,-0.15160198509693146
1.0,0,35,public_fingerprint,0.054517436772584915,0.062027622014284134
1.0,0,36,public_fingerprint,0.028271377086639404,0.4305797517299652
1.0,0,37,public_fingerprint,0.0430891253054142,0.43607622385025024
1.0,0,38,public_fingerprint,0.035247307270765305,0.2822515666484833
1.0,0,39,public_fingerprint,0.03661295026540756,0.4098592698574066
1.0,0,40,public_fingerprint,0.046813201159238815,0.40603604912757874
1.0,0,41,public_fingerprint,0.04641765356063843,0.17741462588310242
1.0,0,42,public_fingerprint,0.03300977125763893,0.38870951533317566
1.0,0,43,public_fingerprint,0.027974719181656837,0.25362253189086914
1.0,0,44,public_fingerprint,0.041798368096351624,0.227322056889534
1.0,0,45,public_fingerprint,0.06665408611297607,0.01745021529495716
1.0,0,46,public_fingerprint,0.0754384845495224,-0.050997089594602585
1.0,0,47,public_fingerprint,0.036650173366069794,0.32773202657699585
1.0,0,48,public_fingerprint,0.04463055729866028,0.30752846598625183
1.0,0,49,public_fingerprint,0.045220233500003815,0.17722785472869873
1.0,0,50,public_fingerprint,0.040166087448596954,0.37313979864120483
1.0,0,51,public_fingerprint,0.06963805109262466,0.38705697655677795
1.0,0,52,public_fingerprint,0.058552972972393036,-0.27328723669052124
1.0,0,53,public_fingerprint,0.05215144157409668,0.21285583078861237
1.0,0,54,public_fingerprint,0.08996931463479996,-0.07883515954017639
1.0,0,55,public_fingerprint,0.04370851069688797,0.2720893323421478
1.0,0,56,public_fingerprint,0.03719119355082512,0.4744183421134949
1.0,0,57,public_fingerprint,0.05933570861816406,0.013868908397853374
1.0,0,58,public_fingerprint,0.03431311249732971,0.38700932264328003
1.0,0,59,public_fingerprint,0.07296201586723328,-0.10975970327854156
1.0,0,60,public_fingerprint,0.0274765957146883,0.5534023642539978
1.0,0,61,public_fingerprint,0.03599059581756592,0.3233880400657654
1.0,0,62,public_fingerprint,0.04225509613752365,0.36820802092552185
1.0,0,63,public_fingerprint,0.04071519896388054,0.28800317645072937
1.0,0,64,public_fingerprint,0.04834166541695595,0.21412374079227448
1.0,0,1,noisy,12.988439559936523,0.08427876234054565
1.0,0,2,noisy,12.820773124694824,0.0735960602760315
1.0,0,3,noisy,12.82612419128418,0.054337937384843826
1.0,0,4,noisy,12.919234275817871,0.04688870161771774
1.0,0,5,noisy,12.633598327636719,0.0680043175816536
1.0,0,6,noisy,12.897262573242188,0.05373175069689751
1.0,0,7,noisy,12.868440628051758,0.038768213242292404
1.0,0,8,noisy,12.748950958251953,0.06840363144874573
1.0,0,9,noisy,12.846537590026855,0.07380203902721405
1.0,0,10,noisy,12.843689918518066,0.040885716676712036
1.0,0,11,noisy,12.752678871154785,0.0629047378897667
1.0,0,12,noisy,12.628387451171875,0.054758403450250626
1.0,0,13,noisy,12.929490089416504,0.057443052530288696
1.0,0,14,noisy,13.013975143432617,0.06148785725235939
1.0,0,15,noisy,13.15160083770752,0.06723800301551819
1.0,0,16,noisy,12.956244468688965,0.05305180698633194
1.0,0,17,noisy,13.010336875915527,0.05878724157810211
1.0,0,18,noisy,12.997218132019043,0.053888071328401566
1.0,0,19,noisy,12.882232666015625,0.046580083668231964
1.0,0,20,noisy,13.059499740600586,0.03619825467467308
1.0,0,21,noisy,12.807411193847656,0.05709462612867355
1.0,0,22,noisy,12.80316162109375,0.034699104726314545
1.0,0,23,noisy,12.848938941955566,0.04288395121693611
1.0,0,24,noisy,12.967202186584473,0.046682208776474
1.0,0,25,noisy,12.900825500488281,0.08975875377655029
1.0,0,26,noisy,12.772411346435547,0.02902066335082054
1.0,0,27,noisy,12.953961372375488,0.07285813987255096
1.0,0,28,noisy,13.289968490600586,0.053523726761341095
1.0,0,29,noisy,12.931539535522461,0.04734175652265549
1.0,0,30,noisy,13.129297256469727,0.05648471415042877
1.0,0,31,noisy,12.863571166992188,0.08756595849990845
1.0,0,32,noisy,12.920132637023926,0.08829157054424286
1.0,0,33,noisy,13.000834465026855,0.04446212574839592
1.0,0,34,noisy,12.915152549743652,0.06402015686035156
1.0,0,35,noisy,13.195164680480957,0.038499023765325546
1.0,0,36,noisy,12.746232986450195,0.03562149405479431
1.0,0,37,noisy,12.919183731079102,0.05378810688853264
1.0,0,38,noisy,13.089502334594727,0.04560108482837677
1.0,0,39,noisy,12.856790542602539,0.05633175000548363
1.0,0,40,noisy,13.02800464630127,0.0705207958817482
1.0,0,41,noisy,13.107616424560547,0.0521874725818634
1.0,0,42,noisy,13.036663055419922,0.05410625413060188
1.0,0,43,noisy,12.94325065612793,0.025507545098662376
1.0,0,44,noisy,13.13626766204834,0.054230716079473495
1.0,0,45,noisy,12.824749946594238,0.05963757261633873
1.0,0,46,noisy,13.279956817626953,0.05722030997276306
1.0,0,47,noisy,12.84048843383789,0.04072335734963417
1.0,0,48,noisy,12.955288887023926,0.055550314486026764
1.0,0,49,noisy,12.736499786376953,0.03942595049738884
1.0,0,50,noisy,12.82022762298584,0.05080860108137131
1.0,0,51,noisy,12.830879211425781,0.08646285533905029
1.0,0,52,noisy,13.25655746459961,0.04301701486110687
1.0,0,53,noisy,12.9075288772583,0.07272794097661972
1.0,0,54,noisy,12.872082710266113,0.07598159462213516
1.0,0,55,noisy,12.778064727783203,0.048412125557661057
1.0,0,56,noisy,12.858192443847656,0.052955348044633865
1.0,0,57,noisy,13.178075790405273,0.062134530395269394
1.0,0,58,noisy,13.308394432067871,0.048746127635240555
1.0,0,59,noisy,12.809561729431152,0.052260641008615494
1.0,0,60,noisy,13.070276260375977,0.055973511189222336
1.0,0,61,noisy,12.846602439880371,0.05444362387061119
1.0,0,62,noisy,12.887310028076172,0.06216194108128548
1.0,0,63,noisy,13.073038101196289,0.049227677285671234
1.0,0,64,noisy,12.851730346679688,0.06011286377906799
1.0,0,1,zero,0.07546552270650864,0.0
1.0,0,2,zero,0.07970593124628067,0.0
1.0,0,3,zero,0.0522347129881382,0.0
1.0,0,4,zero,0.02116258442401886,0.0
1.0,0,5,zero,0.05149315670132637,0.0
1.0,0,6,zero,0.05719011649489403,0.0
1.0,0,7,zero,0.032298777252435684,0.0
1.0,0,8,zero,0.05676301196217537,0.0
1.0,0,9,zero,0.07471031695604324,0.0
1.0,0,10,zero,0.035086311399936676,0.0
1.0,0,11,zero,0.05176599323749542,0.0
1.0,0,12,zero,0.04865727573633194,0.0
1.0,0,13,zero,0.03481609374284744,0.0
1.0,0,14,zero,0.03150095045566559,0.0
1.0,0,15,zero,0.05845915898680687,0.0
1.0,0,16,zero,0.04249711334705353,0.0
1.0,0,17,zero,0.058626431971788406,0.0
1.0,0,18,zero,0.04747429117560387,0.0
1.0,0,19,zero,0.026073839515447617,0.0
1.0,0,20,zero,0.023210734128952026,0.0
1.0,0,21,zero,0.03126588091254234,0.0
1.0,0,22,zero,0.022728925570845604,0.0
1.0,0,23,zero,0.029049726203083992,0.0
1.0,0,24,zero,0.03102852590382099,0.0
1.0,0,25,zero,0.05755943804979324,0.0
1.0,0,26,zero,0.031582918018102646,0.0
1.0,0,27,zero,0.051757507026195526,0.0
1.0,0,28,zero,0.03503132611513138,0.0
1.0,0,29,zero,0.03216353803873062,0.0
1.0,0,30,zero,0.05638595297932625,0.0
1.0,0,31,zero,0.07415962964296341,0.0
1.0,0,32,zero,0.09971968829631805,0.0
1.0,0,33,zero,0.032138001173734665,0.0
1.0,0,34,zero,0.05975329503417015,0.0
1.0,0,35,zero,0.032739706337451935,0.0
1.0,0,36,zero,0.02390163764357567,0.0
1.0,0,37,zero,0.04789474233984947,0.0
1.0,0,38,zero,0.02392805553972721,0.0
1.0,0,39,zero,0.036362968385219574,0.0
1.0,0,40,zero,0.05113466829061508,0.0
1.0,0,41,zero,0.032244663685560226,0.0
1.0,0,42,zero,0.02946595847606659,0.0
1.0,0,43,zero,0.012870414182543755,0.0
1.0,0,44,zero,0.029918678104877472,0.0
1.0,0,45,zero,0.043580278754234314,0.0
1.0,0,46,zero,0.047489847987890244,0.0
1.0,0,47,zero,0.029242534190416336,0.0
1.0,0,48,zero,0.038575589656829834,0.0
1.0,0,49,zero,0.029930979013442993,0.0
1.0,0,50,zero,0.03809249773621559,0.0
1.0,0,51,zero,0.0790315493941307,0.0
1.0,0,52,zero,0.02159319818019867,0.0
1.0,0,53,zero,0.04067496210336685,0.0
1.0,0,54,zero,0.05918695405125618,0.0
1.0,0,55,zero,0.03456106781959534,0.0
1.0,0,56,zero,0.04341335967183113,0.0
1.0,0,57,zero,0.03506039083003998,0.0
1.0,0,58,zero,0.030581941828131676,0.0
1.0,0,59,zero,0.04082170128822327,0.0
1.0,0,60,zero,0.0348040796816349,0.0
1.0,0,61,zero,0.027976302430033684,0.0
1.0,0,62,zero,0.04078488051891327,0.0
1.0,0,63,zero,0.03215790539979935,0.0
1.0,0,64,zero,0.036951854825019836,0.0
1.0,0,1,projection_oracle,0.00934145599603653,0.9375342726707458
1.0,0,2,projection_oracle,0.007562975399196148,0.9525637626647949
1.0,0,3,projection_oracle,0.0074536483734846115,0.9287970662117004
1.0,0,4,projection_oracle,0.005723445676267147,0.8706603050231934
1.0,0,5,projection_oracle,0.01087875384837389,0.8912608027458191
1.0,0,6,projection_oracle,0.00839014071971178,0.9263084530830383
1.0,0,7,projection_oracle,0.0070890202187001705,0.8922103047370911
1.0,0,8,projection_oracle,0.008184046484529972,0.9267065525054932
1.0,0,9,projection_oracle,0.00684310682117939,0.9542227387428284
1.0,0,10,projection_oracle,0.007764941547065973,0.8888049125671387
1.0,0,11,projection_oracle,0.007619441021233797,0.9257140755653381
1.0,0,12,projection_oracle,0.006981636397540569,0.9282197952270508
1.0,0,13,projection_oracle,0.007999938912689686,0.8851863741874695
1.0,0,14,projection_oracle,0.007430837489664555,0.8825095891952515
1.0,0,15,projection_oracle,0.008988278917968273,0.9219991564750671
1.0,0,16,projection_oracle,0.007140777073800564,0.9153901934623718
1.0,0,17,projection_oracle,0.0062097725458443165,0.9475436210632324
1.0,0,18,projection_oracle,0.007665526587516069,0.9188852310180664
1.0,0,19,projection_oracle,0.007244566921144724,0.8609908223152161
1.0,0,20,projection_oracle,0.005855048540979624,0.8802617192268372
1.0,0,21,projection_oracle,0.007575311232358217,0.8769166469573975
1.0,0,22,projection_oracle,0.006409823428839445,0.8600297570228577
1.0,0,23,projection_oracle,0.007049437612295151,0.8791052103042603
1.0,0,24,projection_oracle,0.005818226840347052,0.9083108305931091
1.0,0,25,projection_oracle,0.008053320460021496,0.9304800629615784
1.0,0,26,projection_oracle,0.007392683997750282,0.8823652863502502
1.0,0,27,projection_oracle,0.008707120083272457,0.915330708026886
1.0,0,28,projection_oracle,0.008224044926464558,0.8811911344528198
1.0,0,29,projection_oracle,0.006322254426777363,0.9038919806480408
1.0,0,30,projection_oracle,0.006400459446012974,0.9436520338058472
1.0,0,31,projection_oracle,0.009372596628963947,0.935915470123291
1.0,0,32,projection_oracle,0.009785964153707027,0.9504672288894653
1.0,0,33,projection_oracle,0.007106297183781862,0.8877187371253967
1.0,0,34,projection_oracle,0.009069886989891529,0.9232932329177856
1.0,0,35,projection_oracle,0.007883474230766296,0.8802858591079712
1.0,0,36,projection_oracle,0.006592278368771076,0.8648794889450073
1.0,0,37,projection_oracle,0.00771303242072463,0.9193846583366394
1.0,0,38,projection_oracle,0.006926071364432573,0.8585282564163208
1.0,0,39,projection_oracle,0.00884535163640976,0.8765416741371155
1.0,0,40,projection_oracle,0.009180108085274696,0.9089779257774353
1.0,0,41,projection_oracle,0.007467630319297314,0.8836256265640259
1.0,0,42,projection_oracle,0.008891704492270947,0.8492899537086487
1.0,0,43,projection_oracle,0.006734275724738836,0.7541475296020508
1.0,0,44,projection_oracle,0.006753665395081043,0.8851531147956848
1.0,0,45,projection_oracle,0.007906009443104267,0.9098109602928162
1.0,0,46,projection_oracle,0.0077149695716798306,0.9191210865974426
1.0,0,47,projection_oracle,0.008546676486730576,0.852950394153595
1.0,0,48,projection_oracle,0.007251341827213764,0.9061353802680969
1.0,0,49,projection_oracle,0.006824525538831949,0.8876892328262329
1.0,0,50,projection_oracle,0.008016852661967278,0.8935970067977905
1.0,0,51,projection_oracle,0.01040673442184925,0.9326679110527039
1.0,0,52,projection_oracle,0.005511205177754164,0.879533588886261
1.0,0,53,projection_oracle,0.008782736025750637,0.8897870182991028
1.0,0,54,projection_oracle,0.01023072563111782,0.9112284183502197
1.0,0,55,projection_oracle,0.00881513673812151,0.8709047436714172
1.0,0,56,projection_oracle,0.00814807042479515,0.9056574106216431
1.0,0,57,projection_oracle,0.006824835203588009,0.9032714366912842
1.0,0,58,projection_oracle,0.006291042547672987,0.8981987833976746
1.0,0,59,projection_oracle,0.006769638508558273,0.9172053933143616
1.0,0,60,projection_oracle,0.008866267278790474,0.8698041439056396
1.0,0,61,projection_oracle,0.00767082255333662,0.8614381551742554
1.0,0,62,projection_oracle,0.006427569314837456,0.9211211204528809
1.0,0,63,projection_oracle,0.008980631828308105,0.8595423102378845
1.0,0,64,projection_oracle,0.009325896389782429,0.8717005252838135
1.0,1,1,gaussian_current,0.017061129034120392,0.6374547831239554
1.0,1,2,gaussian_current,0.021888072080946848,0.7318959388200533
1.0,1,3,gaussian_current,0.03204922281008296,0.7065458063274082
1.0,1,4,gaussian_current,0.016437073681858486,0.7318981808540951
1.0,1,5,gaussian_current,0.02472667059414547,0.6610074346160614
1.0,1,6,gaussian_current,0.01761778323493589,0.8214522331523115
1.0,1,7,gaussian_current,0.020916671345921047,0.8247663381679163
1.0,1,8,gaussian_current,0.018347349217735183,0.7396537444018819
1.0,1,9,gaussian_current,0.01954872594044646,0.7980622273299401
1.0,1,10,gaussian_current,0.017147284814505708,0.6351357366266183
1.0,1,11,gaussian_current,0.016602660786356326,0.6532423518710248
1.0,1,12,gaussian_current,0.013417953708361016,0.7818503072830028
1.0,1,13,gaussian_current,0.018272159152146843,0.7676779339528751
1.0,1,14,gaussian_current,0.016381458024860955,0.6703736372707239
1.0,1,15,gaussian_current,0.021911596923014774,0.6751911328141544
1.0,1,16,gaussian_current,0.01822175252720593,0.7062755706352828
1.0,1,17,gaussian_current,0.017020461593379495,0.7171453581788699
1.0,1,18,gaussian_current,0.017332585334162053,0.6177478429207885
1.0,1,19,gaussian_current,0.02005568853464947,0.7579610964089377
1.0,1,20,gaussian_current,0.015341612696761566,0.7523675073197388
1.0,1,21,gaussian_current,0.01431419241666054,0.8061019300263847
1.0,1,22,gaussian_current,0.02000771248906964,0.44732762269237586
1.0,1,23,gaussian_current,0.020383662387841013,0.7099462412958614
1.0,1,24,gaussian_current,0.02466214259595627,0.8271203312616998
1.0,1,25,gaussian_current,0.01940005002655669,0.6620813104143419
1.0,1,26,gaussian_current,0.019132105582378104,0.8338951188068642
1.0,1,27,gaussian_current,0.02805120552810806,0.690000112584814
1.0,1,28,gaussian_current,0.023016772205139476,0.6211458805144341
1.0,1,29,gaussian_current,0.022693133625953127,0.5328881189968019
1.0,1,30,gaussian_current,0.0204427817442813,0.7351640163705444
1.0,1,31,gaussian_current,0.014833843779550644,0.8150232230683434
1.0,1,32,gaussian_current,0.021074006001262253,0.5467712023380566
1.0,1,33,gaussian_current,0.019481890858700425,0.7109195941451094
1.0,1,34,gaussian_current,0.02544212922513598,0.6822602991540502
1.0,1,35,gaussian_current,0.02959524838276615,0.6238365560537481
1.0,1,36,gaussian_current,0.018240864219268436,0.6472357990887697
1.0,1,37,gaussian_current,0.019431476770330372,0.6503066080762439
1.0,1,38,gaussian_current,0.02823870887312931,0.6412873552334698
1.0,1,39,gaussian_current,0.019066681813072788,0.7473032900471261
1.0,1,40,gaussian_current,0.022651054992521152,0.7429387430109339
1.0,1,41,gaussian_current,0.02793110318756014,0.7535802587220076
1.0,1,42,gaussian_current,0.018352610729778968,0.8621490977988971
1.0,1,43,gaussian_current,0.01994792945623446,0.7496275612913096
1.0,1,44,gaussian_current,0.01720631372893078,0.7131106822517014
1.0,1,45,gaussian_current,0.02718046057089833,0.7063379051381233
1.0,1,46,gaussian_current,0.017975903001680994,0.6270157619331593
1.0,1,47,gaussian_current,0.024339885331966356,0.749364683916125
1.0,1,48,gaussian_current,0.022086102109070735,0.6032916108322081
1.0,1,49,gaussian_current,0.0227706262922354,0.6392281790543451
1.0,1,50,gaussian_current,0.024152001819804036,0.6283047328120478
1.0,1,51,gaussian_current,0.016404117229555305,0.828708928064397
1.0,1,52,gaussian_current,0.016263876816448995,0.7289320710467063
1.0,1,53,gaussian_current,0.018415997012832724,0.7758163634750683
1.0,1,54,gaussian_current,0.025116286905948887,0.5599562709565565
1.0,1,55,gaussian_current,0.020347642906694868,0.719545227059265
1.0,1,56,gaussian_current,0.017976227635468654,0.6796587938348722
1.0,1,57,gaussian_current,0.01449211541497697,0.7482249152226315
1.0,1,58,gaussian_current,0.02461746453125892,0.6467287576184961
1.0,1,59,gaussian_current,0.022964121740356277,0.5853887646226806
1.0,1,60,gaussian_current,0.016681527069055704,0.8418015996689936
1.0,1,61,gaussian_current,0.02219705980265956,0.6891743394432481
1.0,1,62,gaussian_current,0.020895682211520723,0.7723885489206798
1.0,1,63,gaussian_current,0.019729443601500068,0.6127668330659123
1.0,1,64,gaussian_current,0.018567579403322595,0.7031517273131007
1.0,1,1,diffusion_temporal,0.02044166438281536,0.5536836385726929
1.0,1,2,diffusion_temporal,0.027637701481580734,0.6335157752037048
1.0,1,3,diffusion_temporal,0.045557983219623566,0.5604916214942932
1.0,1,4,diffusion_temporal,0.020179085433483124,0.6678720116615295
1.0,1,5,diffusion_temporal,0.03319486975669861,0.4986202120780945
1.0,1,6,diffusion_temporal,0.024047859013080597,0.735057532787323
1.0,1,7,diffusion_temporal,0.030906325206160545,0.7255983948707581
1.0,1,8,diffusion_temporal,0.024824222549796104,0.6602290272712708
1.0,1,9,diffusion_temporal,0.03327123075723648,0.6262565851211548
1.0,1,10,diffusion_temporal,0.030197061598300934,0.503840446472168
1.0,1,11,diffusion_temporal,0.022407367825508118,0.5631784200668335
1.0,1,12,diffusion_temporal,0.023658644407987595,0.6041560173034668
1.0,1,13,diffusion_temporal,0.030638208612799644,0.6041795611381531
1.0,1,14,diffusion_temporal,0.01880035735666752,0.6476192474365234
1.0,1,15,diffusion_temporal,0.037398453801870346,0.42413076758384705
1.0,1,16,diffusion_temporal,0.029396258294582367,0.5075243711471558
1.0,1,17,diffusion_temporal,0.021236475557088852,0.5910893678665161
1.0,1,18,diffusion_temporal,0.024840427562594414,0.41426610946655273
1.0,1,19,diffusion_temporal,0.031625766307115555,0.5719852447509766
1.0,1,20,diffusion_temporal,0.027076201513409615,0.5328431129455566
1.0,1,21,diffusion_temporal,0.01950424164533615,0.7366774678230286
1.0,1,22,diffusion_temporal,0.02253311313688755,0.404495507478714
1.0,1,23,diffusion_temporal,0.03689352422952652,0.4193251132965088
1.0,1,24,diffusion_temporal,0.02967648394405842,0.7504119277000427
1.0,1,25,diffusion_temporal,0.030807744711637497,0.4326995015144348
1.0,1,26,diffusion_temporal,0.06295076012611389,0.2730933725833893
1.0,1,27,diffusion_temporal,0.03512783348560333,0.582790195941925
1.0,1,28,diffusion_temporal,0.03347373008728027,0.3715548813343048
1.0,1,29,diffusion_temporal,0.02858762815594673,0.4708501100540161
1.0,1,30,diffusion_temporal,0.02654922567307949,0.6338362693786621
1.0,1,31,diffusion_temporal,0.03579452261328697,0.4551837146282196
1.0,1,32,diffusion_temporal,0.025114282965660095,0.40119510889053345
1.0,1,33,diffusion_temporal,0.03565244376659393,0.44138795137405396
1.0,1,34,diffusion_temporal,0.03765459731221199,0.5045933723449707
1.0,1,35,diffusion_temporal,0.039755698293447495,0.42947855591773987
1.0,1,36,diffusion_temporal,0.021178968250751495,0.6338785886764526
1.0,1,37,diffusion_temporal,0.02729727514088154,0.541713297367096
1.0,1,38,diffusion_temporal,0.03888603672385216,0.47364261746406555
1.0,1,39,diffusion_temporal,0.0401211753487587,0.4439939260482788
1.0,1,40,diffusion_temporal,0.027659518644213676,0.6716002225875854
1.0,1,41,diffusion_temporal,0.05486327037215233,0.45919108390808105
1.0,1,42,diffusion_temporal,0.03565555438399315,0.7076255679130554
1.0,1,43,diffusion_temporal,0.025032665580511093,0.6182178854942322
1.0,1,44,diffusion_temporal,0.02520574815571308,0.5167185664176941
1.0,1,45,diffusion_temporal,0.030768336728215218,0.6553040742874146
1.0,1,46,diffusion_temporal,0.028536664322018623,0.4391186535358429
1.0,1,47,diffusion_temporal,0.03682464733719826,0.5853108167648315
1.0,1,48,diffusion_temporal,0.03948558121919632,0.33475926518440247
1.0,1,49,diffusion_temporal,0.024182608351111412,0.5951321721076965
1.0,1,50,diffusion_temporal,0.03467143326997757,0.5074417591094971
1.0,1,51,diffusion_temporal,0.03260296210646629,0.6022653579711914
1.0,1,52,diffusion_temporal,0.036689501255750656,0.3306880593299866
1.0,1,53,diffusion_temporal,0.051847461611032486,0.2788505256175995
1.0,1,54,diffusion_temporal,0.027921581640839577,0.4519174098968506
1.0,1,55,diffusion_temporal,0.027024781331419945,0.5985202193260193
1.0,1,56,diffusion_temporal,0.032611507922410965,0.3885743021965027
1.0,1,57,diffusion_temporal,0.028044138103723526,0.47605425119400024
1.0,1,58,diffusion_temporal,0.044147007167339325,0.30385449528694153
1.0,1,59,diffusion_temporal,0.028520822525024414,0.5302436351776123
1.0,1,60,diffusion_temporal,0.044451214373111725,0.47685912251472473
1.0,1,61,diffusion_temporal,0.03908668830990791,0.3953741490840912
1.0,1,62,diffusion_temporal,0.04502299800515175,0.3920183777809143
1.0,1,63,diffusion_temporal,0.026232866570353508,0.49685025215148926
1.0,1,64,diffusion_temporal,0.043315451592206955,0.16536979377269745
1.0,1,1,diffusion_context_only,0.034570012241601944,0.170488178730011
1.0,1,2,diffusion_context_only,0.04652966931462288,0.3800632953643799
1.0,1,3,diffusion_context_only,0.05750023573637009,0.3783503472805023
1.0,1,4,diffusion_context_only,0.026928028091788292,0.5293921232223511
1.0,1,5,diffusion_context_only,0.052319664508104324,0.16949288547039032
1.0,1,6,diffusion_context_only,0.03551953285932541,0.4431114196777344
1.0,1,7,diffusion_context_only,0.09543979912996292,0.022259321063756943
1.0,1,8,diffusion_context_only,0.028317317366600037,0.5596082806587219
1.0,1,9,diffusion_context_only,0.05008901283144951,0.3739687204360962
1.0,1,10,diffusion_context_only,0.04672965779900551,0.260200560092926
1.0,1,11,diffusion_context_only,0.03198442608118057,0.33945024013519287
1.0,1,12,diffusion_context_only,0.0326528325676918,0.3834661543369293
1.0,1,13,diffusion_context_only,0.05590035021305084,0.26006782054901123
1.0,1,14,diffusion_context_only,0.020467426627874374,0.5691400170326233
1.0,1,15,diffusion_context_only,0.05026691406965256,0.14942601323127747
1.0,1,16,diffusion_context_only,0.045332081615924835,0.23040422797203064
1.0,1,17,diffusion_context_only,0.03710708022117615,0.2288719117641449
1.0,1,18,diffusion_context_only,0.029788166284561157,0.22207966446876526
1.0,1,19,diffusion_context_only,0.054126955568790436,0.20246922969818115
1.0,1,20,diffusion_context_only,0.04111683368682861,0.20676851272583008
1.0,1,21,diffusion_context_only,0.026466485112905502,0.6214576959609985
1.0,1,22,diffusion_context_only,0.02615640126168728,0.3412957191467285
1.0,1,23,diffusion_context_only,0.05055707320570946,0.18437886238098145
1.0,1,24,diffusion_context_only,0.05548212304711342,0.46026185154914856
1.0,1,25,diffusion_context_only,0.04120655730366707,0.24412640929222107
1.0,1,26,diffusion_context_only,0.11309771984815598,-0.1765040159225464
1.0,1,27,diffusion_context_only,0.04520706832408905,0.43402814865112305
1.0,1,28,diffusion_context_only,0.04741185903549194,0.12236606329679489
1.0,1,29,diffusion_context_only,0.03252485767006874,0.36451804637908936
1.0,1,30,diffusion_context_only,0.03601608797907829,0.4677003026008606
1.0,1,31,diffusion_context_only,0.05645868554711342,0.05815008282661438
1.0,1,32,diffusion_context_only,0.034616462886333466,0.12469293177127838
1.0,1,33,diffusion_context_only,0.0466981902718544,0.271655797958374
1.0,1,34,diffusion_context_only,0.05006532371044159,0.30645856261253357
1.0,1,35,diffusion_context_only,0.04732568934559822,0.2738364338874817
1.0,1,36,diffusion_context_only,0.026126444339752197,0.5095893740653992
1.0,1,37,diffusion_context_only,0.033056847751140594,0.4121227562427521
1.0,1,38,diffusion_context_only,0.041006993502378464,0.4130324423313141
1.0,1,39,diffusion_context_only,0.05800372734665871,0.20108698308467865
1.0,1,40,diffusion_context_only,0.03702060133218765,0.5309301614761353
1.0,1,41,diffusion_context_only,0.07584775984287262,0.22608362138271332
1.0,1,42,diffusion_context_only,0.07322478294372559,0.2598809003829956
1.0,1,43,diffusion_context_only,0.039074432104825974,0.35804542899131775
1.0,1,44,diffusion_context_only,0.031150994822382927,0.36732062697410583
1.0,1,45,diffusion_context_only,0.04082639887928963,0.5090040564537048
1.0,1,46,diffusion_context_only,0.032838232815265656,0.3501943051815033
1.0,1,47,diffusion_context_only,0.04917258769273758,0.39936935901641846
1.0,1,48,diffusion_context_only,0.04575435444712639,0.24065086245536804
1.0,1,49,diffusion_context_only,0.031055636703968048,0.44144901633262634
1.0,1,50,diffusion_context_only,0.0379045344889164,0.44113942980766296
1.0,1,51,diffusion_context_only,0.04592972621321678,0.36405497789382935
1.0,1,52,diffusion_context_only,0.04735555872321129,0.1071108728647232
1.0,1,53,diffusion_context_only,0.07317749410867691,0.019852450117468834
1.0,1,54,diffusion_context_only,0.03465985879302025,0.2954217195510864
1.0,1,55,diffusion_context_only,0.03368736431002617,0.4485091269016266
1.0,1,56,diffusion_context_only,0.043290041387081146,0.16026441752910614
1.0,1,57,diffusion_context_only,0.03788527473807335,0.28864210844039917
1.0,1,58,diffusion_context_only,0.04992969334125519,0.15413255989551544
1.0,1,59,diffusion_context_only,0.03084532916545868,0.47100016474723816
1.0,1,60,diffusion_context_only,0.06250268965959549,0.22866317629814148
1.0,1,61,diffusion_context_only,0.04591824486851692,0.2776755690574646
1.0,1,62,diffusion_context_only,0.06414668262004852,0.10155665874481201
1.0,1,63,diffusion_context_only,0.029502227902412415,0.4176987111568451
1.0,1,64,diffusion_context_only,0.06079500541090965,-0.10017776489257812
1.0,1,1,gaussian_context_only,0.024921499127945723,0.34935823050230214
1.0,1,2,gaussian_context_only,0.02630421484901372,0.6531642765272565
1.0,1,3,gaussian_context_only,0.04022282649086902,0.6124679968988525
1.0,1,4,gaussian_context_only,0.020064905854550102,0.6572453002712109
1.0,1,5,gaussian_context_only,0.04339802127519488,0.32900445420099633
1.0,1,6,gaussian_context_only,0.02741440067894724,0.6076366666680019
1.0,1,7,gaussian_context_only,0.0691539844454153,0.18216139878295118
1.0,1,8,gaussian_context_only,0.02076118427120367,0.6861749846699627
1.0,1,9,gaussian_context_only,0.03673680176983424,0.5632628171294859
1.0,1,10,gaussian_context_only,0.026292470653467848,0.30821184412131936
1.0,1,11,gaussian_context_only,0.02190097104818912,0.4409540116267343
1.0,1,12,gaussian_context_only,0.02373569196117291,0.5382013805097742
1.0,1,13,gaussian_context_only,0.03999608590632957,0.37578585447793184
1.0,1,14,gaussian_context_only,0.021106452401478917,0.4750227736681278
1.0,1,15,gaussian_context_only,0.037417926780719694,0.3295285628664551
1.0,1,16,gaussian_context_only,0.03466402221154032,0.310733544260538
1.0,1,17,gaussian_context_only,0.025190458358577486,0.47276106157992503
1.0,1,18,gaussian_context_only,0.017826766202157812,0.5047462596023277
1.0,1,19,gaussian_context_only,0.04182882173171621,0.36405396603859846
1.0,1,20,gaussian_context_only,0.02547007630354994,0.4910980139177643
1.0,1,21,gaussian_context_only,0.02638213309193577,0.581038643397893
1.0,1,22,gaussian_context_only,0.0174634054799905,0.4291430581310281
1.0,1,23,gaussian_context_only,0.04062168100668364,0.2883191927094469
1.0,1,24,gaussian_context_only,0.05327084118872818,0.4643612910806923
1.0,1,25,gaussian_context_only,0.023738433693843652,0.5321848182087827
1.0,1,26,gaussian_context_only,0.06120774693268311,0.24622927721348423
1.0,1,27,gaussian_context_only,0.045443771856113827,0.3830940237932686
1.0,1,28,gaussian_context_only,0.03431915918741115,0.3158407842443598
1.0,1,29,gaussian_context_only,0.03051320805340886,0.2969336150385659
1.0,1,30,gaussian_context_only,0.04315828541905243,0.27821884634813543
1.0,1,31,gaussian_context_only,0.03478518545753087,0.4662591413457677
1.0,1,32,gaussian_context_only,0.03325436394928469,0.06878841002959393
1.0,1,33,gaussian_context_only,0.0356451779131004,0.3570675563395821
1.0,1,34,gaussian_context_only,0.039341787733012876,0.42602953821049977
1.0,1,35,gaussian_context_only,0.04122631504640882,0.4020164162656555
1.0,1,36,gaussian_context_only,0.027323418273537563,0.40568208468739697
1.0,1,37,gaussian_context_only,0.028321031234455483,0.41650427378303917
1.0,1,38,gaussian_context_only,0.042059057823847265,0.3727137870402377
1.0,1,39,gaussian_context_only,0.036714288764283586,0.40674895558015467
1.0,1,40,gaussian_context_only,0.04424205352255541,0.37035404272358285
1.0,1,41,gaussian_context_only,0.052763172148104234,0.4189394717116517
1.0,1,42,gaussian_context_only,0.06093723830958333,0.3841592132721213
1.0,1,43,gaussian_context_only,0.03388277342832297,0.37485886104199206
1.0,1,44,gaussian_context_only,0.02366027338101981,0.489188474626615
1.0,1,45,gaussian_context_only,0.04334377282388246,0.4410406648535259
1.0,1,46,gaussian_context_only,0.028123842860045732,0.3251593389076243
1.0,1,47,gaussian_context_only,0.045861929706297926,0.41808352677985683
1.0,1,48,gaussian_context_only,0.033977571696231876,0.3051753668804652
1.0,1,49,gaussian_context_only,0.026325459994213946,0.5373134178666363
1.0,1,50,gaussian_context_only,0.03887462462406037,0.2882113961979907
1.0,1,51,gaussian_context_only,0.04721397392867106,0.23406214742164255
1.0,1,52,gaussian_context_only,0.027842020237097937,0.37666177820809493
1.0,1,53,gaussian_context_only,0.04444740048421643,0.27986139474496313
1.0,1,54,gaussian_context_only,0.037315416036815055,0.2014424189492192
1.0,1,55,gaussian_context_only,0.03295711584521857,0.40265836962211005
1.0,1,56,gaussian_context_only,0.03393771498545585,0.2773219155932089
1.0,1,57,gaussian_context_only,0.029499622334579288,0.3886006233139178
1.0,1,58,gaussian_context_only,0.04171375414434547,0.242351300442449
1.0,1,59,gaussian_context_only,0.02743014260241113,0.4363439997184169
1.0,1,60,gaussian_context_only,0.04584024414173334,0.38555122485721144
1.0,1,61,gaussian_context_only,0.03902642659806426,0.34230067110228346
1.0,1,62,gaussian_context_only,0.04870528326865636,0.29535442089508396
1.0,1,63,gaussian_context_only,0.02251781982887947,0.47649225024602543
1.0,1,64,gaussian_context_only,0.037965601005155336,0.21863056654950228
1.0,1,1,gaussian_temporal,0.015157801359307572,0.5781082526899429
1.0,1,2,gaussian_temporal,0.02279776135927852,0.7165934058999835
1.0,1,3,gaussian_temporal,0.0371686711003513,0.6486866847782099
1.0,1,4,gaussian_temporal,0.01809100277448305,0.6980691226625207
1.0,1,5,gaussian_temporal,0.03134968086141755,0.5376583434395498
1.0,1,6,gaussian_temporal,0.014147448029102009,0.8211826175404335
1.0,1,7,gaussian_temporal,0.04631831121305369,0.5258051249025611
1.0,1,8,gaussian_temporal,0.019658775206703543,0.7156754535224653
1.0,1,9,gaussian_temporal,0.02801661320865035,0.6925083979843156
1.0,1,10,gaussian_temporal,0.025557781489005078,0.41601441590563176
1.0,1,11,gaussian_temporal,0.024363858522322705,0.4434123635304149
1.0,1,12,gaussian_temporal,0.02088652173843023,0.6295873053920662
1.0,1,13,gaussian_temporal,0.036330396005269605,0.46604178591421813
1.0,1,14,gaussian_temporal,0.01684256924720611,0.6148869867335219
1.0,1,15,gaussian_temporal,0.030095813996144586,0.5007389160421918
1.0,1,16,gaussian_temporal,0.020252287899144683,0.6585437038920791
1.0,1,17,gaussian_temporal,0.021472047846061743,0.627798762284573
1.0,1,18,gaussian_temporal,0.020705612058881585,0.505215811360964
1.0,1,19,gaussian_temporal,0.029640435378886616,0.6087034669483515
1.0,1,20,gaussian_temporal,0.016377832277398,0.710642084085059
1.0,1,21,gaussian_temporal,0.016417387974907084,0.7667402606512367
1.0,1,22,gaussian_temporal,0.02364912319613674,0.3301430635938089
1.0,1,23,gaussian_temporal,0.03835184980089517,0.3543561656910023
1.0,1,24,gaussian_temporal,0.030534208072354865,0.745509644313881
1.0,1,25,gaussian_temporal,0.020455192684640713,0.6309137023526535
1.0,1,26,gaussian_temporal,0.0337555590503529,0.6907193486922909
1.0,1,27,gaussian_temporal,0.03540409652131995,0.5734366770296406
1.0,1,28,gaussian_temporal,0.02729199453501114,0.5017952833691212
1.0,1,29,gaussian_temporal,0.03354146857286018,0.3494547115540926
1.0,1,30,gaussian_temporal,0.03278581660626516,0.5427624622174758
1.0,1,31,gaussian_temporal,0.03084901458564209,0.5678176789587508
1.0,1,32,gaussian_temporal,0.02240935320778183,0.42072770767107665
1.0,1,33,gaussian_temporal,0.029102151068208324,0.5179311374833618
1.0,1,34,gaussian_temporal,0.03702132977659926,0.5379984467833692
1.0,1,35,gaussian_temporal,0.03811609425305971,0.47940362590909263
1.0,1,36,gaussian_temporal,0.023614660246722523,0.5584497619088233
1.0,1,37,gaussian_temporal,0.025609746202685538,0.5174226174476493
1.0,1,38,gaussian_temporal,0.04227145014142931,0.37784109088301343
1.0,1,39,gaussian_temporal,0.029115108860603763,0.5769733993959153
1.0,1,40,gaussian_temporal,0.030413556387151115,0.629008853633008
1.0,1,41,gaussian_temporal,0.04026119577129191,0.6180167532756653
1.0,1,42,gaussian_temporal,0.035957333762084195,0.7043178776600709
1.0,1,43,gaussian_temporal,0.028373108957063953,0.5399177109717136
1.0,1,44,gaussian_temporal,0.02059406654223671,0.608535599926946
1.0,1,45,gaussian_temporal,0.03345029165939934,0.61478135783487
1.0,1,46,gaussian_temporal,0.030409158240628224,0.3652281085689041
1.0,1,47,gaussian_temporal,0.04429166919525798,0.45048673204608125
1.0,1,48,gaussian_temporal,0.03410067276170396,0.3303319035632728
1.0,1,49,gaussian_temporal,0.025183808629616514,0.5748500427701216
1.0,1,50,gaussian_temporal,0.041410804431270175,0.3530480629486018
1.0,1,51,gaussian_temporal,0.02640135734843749,0.6651219335994956
1.0,1,52,gaussian_temporal,0.0172879619760647,0.6771443266244059
1.0,1,53,gaussian_temporal,0.031825670079460876,0.5703127878962883
1.0,1,54,gaussian_temporal,0.034750249028461536,0.32988305221345393
1.0,1,55,gaussian_temporal,0.035332845070736675,0.40520123479871917
1.0,1,56,gaussian_temporal,0.03202900906113279,0.37913649232822677
1.0,1,57,gaussian_temporal,0.02706894950355569,0.49191275339279156
1.0,1,58,gaussian_temporal,0.0347571938396896,0.41636739697422465
1.0,1,59,gaussian_temporal,0.030575102175523713,0.42439338062713966
1.0,1,60,gaussian_temporal,0.029258163738236437,0.6719617384852834
1.0,1,61,gaussian_temporal,0.03315801733575205,0.4974540283910139
1.0,1,62,gaussian_temporal,0.03323058730598426,0.6015914493445237
1.0,1,63,gaussian_temporal,0.025401506264797223,0.46008837895807914
1.0,1,64,gaussian_temporal,0.02734847951174467,0.5385851601530176
1.0,1,1,public_fingerprint,0.036651648581027985,0.09255046397447586
1.0,1,2,public_fingerprint,0.04377083107829094,0.38351064920425415
1.0,1,3,public_fingerprint,0.0703306570649147,0.2106676697731018
1.0,1,4,public_fingerprint,0.042587555944919586,0.26219043135643005
1.0,1,5,public_fingerprint,0.048599135130643845,0.2752835750579834
1.0,1,6,public_fingerprint,0.056440651416778564,0.14398424327373505
1.0,1,7,public_fingerprint,0.06308962404727936,0.3028964102268219
1.0,1,8,public_fingerprint,0.043370570987463,0.30051204562187195
1.0,1,9,public_fingerprint,0.0636899545788765,0.17282310128211975
1.0,1,10,public_fingerprint,0.038956113159656525,0.09740409255027771
1.0,1,11,public_fingerprint,0.026699092239141464,0.4007025957107544
1.0,1,12,public_fingerprint,0.03374899923801422,0.37877508997917175
1.0,1,13,public_fingerprint,0.06848400086164474,-0.04300159215927124
1.0,1,14,public_fingerprint,0.037736669182777405,0.1838485449552536
1.0,1,15,public_fingerprint,0.05378660932183266,0.10867930203676224
1.0,1,16,public_fingerprint,0.03919605165719986,0.30840954184532166
1.0,1,17,public_fingerprint,0.048943307250738144,0.0653621181845665
1.0,1,18,public_fingerprint,0.03469942882657051,0.2009778618812561
1.0,1,19,public_fingerprint,0.05576257407665253,0.20463860034942627
1.0,1,20,public_fingerprint,0.033262234181165695,0.4019787013530731
1.0,1,21,public_fingerprint,0.05419871583580971,0.13013955950737
1.0,1,22,public_fingerprint,0.0259797852486372,0.34987515211105347
1.0,1,23,public_fingerprint,0.054438360035419464,0.1456870585680008
1.0,1,24,public_fingerprint,0.06558261811733246,0.31479620933532715
1.0,1,25,public_fingerprint,0.03965933620929718,0.2866079807281494
1.0,1,26,public_fingerprint,0.06773986667394638,0.22961509227752686
1.0,1,27,public_fingerprint,0.05442756414413452,0.2977624535560608
1.0,1,28,public_fingerprint,0.035235922783613205,0.3936289846897125
1.0,1,29,public_fingerprint,0.05499321222305298,-0.06648790091276169
1.0,1,30,public_fingerprint,0.043927595019340515,0.3490637540817261
1.0,1,31,public_fingerprint,0.04615545645356178,0.32370802760124207
1.0,1,32,public_fingerprint,0.03137911483645439,0.3203487992286682
1.0,1,33,public_fingerprint,0.05409910902380943,0.1197582259774208
1.0,1,34,public_fingerprint,0.04614576697349548,0.35962966084480286
1.0,1,35,public_fingerprint,0.04653862491250038,0.36517563462257385
1.0,1,36,public_fingerprint,0.055768877267837524,-0.07658540457487106
1.0,1,37,public_fingerprint,0.05176418274641037,0.05568254739046097
1.0,1,38,public_fingerprint,0.06802768260240555,0.03244323655962944
1.0,1,39,public_fingerprint,0.04791039600968361,0.2855668067932129
1.0,1,40,public_fingerprint,0.04500916972756386,0.4140046238899231
1.0,1,41,public_fingerprint,0.07199689745903015,0.19065117835998535
1.0,1,42,public_fingerprint,0.09490486979484558,-0.015736011788249016
1.0,1,43,public_fingerprint,0.06071348860859871,-0.007382623385637999
1.0,1,44,public_fingerprint,0.028124947100877762,0.47351476550102234
1.0,1,45,public_fingerprint,0.06155535206198692,0.20969821512699127
1.0,1,46,public_fingerprint,0.047491416335105896,0.06699573993682861
1.0,1,47,public_fingerprint,0.04151490330696106,0.5173245668411255
1.0,1,48,public_fingerprint,0.05515967682003975,0.035601794719696045
1.0,1,49,public_fingerprint,0.04587717726826668,0.23584672808647156
1.0,1,50,public_fingerprint,0.07159446179866791,-0.16445213556289673
1.0,1,51,public_fingerprint,0.07863084226846695,-0.1436578333377838
1.0,1,52,public_fingerprint,0.03530038520693779,0.3521694242954254
1.0,1,53,public_fingerprint,0.05557995289564133,0.20678836107254028
1.0,1,54,public_fingerprint,0.060686469078063965,-0.07508227229118347
1.0,1,55,public_fingerprint,0.05662162974476814,0.07837861776351929
1.0,1,56,public_fingerprint,0.03772680461406708,0.3359144330024719
1.0,1,57,public_fingerprint,0.04484303295612335,0.2071140706539154
1.0,1,58,public_fingerprint,0.04118504747748375,0.3690333962440491
1.0,1,59,public_fingerprint,0.0494709350168705,0.11664064973592758
1.0,1,60,public_fingerprint,0.07090023905038834,0.08734244853258133
1.0,1,61,public_fingerprint,0.05267966166138649,0.22188042104244232
1.0,1,62,public_fingerprint,0.06880174577236176,0.10497107356786728
1.0,1,63,public_fingerprint,0.036691032350063324,0.31092652678489685
1.0,1,64,public_fingerprint,0.03951200097799301,0.3388930559158325
1.0,1,1,noisy,13.072370529174805,0.04011452570557594
1.0,1,2,noisy,13.04867172241211,0.03161630406975746
1.0,1,3,noisy,13.058420181274414,0.04869819059967995
1.0,1,4,noisy,12.916869163513184,0.04657787084579468
1.0,1,5,noisy,13.015729904174805,0.04102310910820961
1.0,1,6,noisy,13.128362655639648,0.07401806116104126
1.0,1,7,noisy,13.006591796875,0.07104501873254776
1.0,1,8,noisy,12.816250801086426,0.05407164245843887
1.0,1,9,noisy,12.955212593078613,0.05321298539638519
1.0,1,10,noisy,12.87824821472168,0.049995411187410355
1.0,1,11,noisy,12.840853691101074,0.04364844411611557
1.0,1,12,noisy,12.597419738769531,0.06165368854999542
1.0,1,13,noisy,13.08872127532959,0.05920372158288956
1.0,1,14,noisy,13.015521049499512,0.040665946900844574
1.0,1,15,noisy,12.850549697875977,0.04590554162859917
1.0,1,16,noisy,12.915383338928223,0.04645445570349693
1.0,1,17,noisy,12.76331615447998,0.05507465824484825
1.0,1,18,noisy,12.97275161743164,0.044362325221300125
1.0,1,19,noisy,12.874576568603516,0.05779777094721794
1.0,1,20,noisy,12.987020492553711,0.0664956197142601
1.0,1,21,noisy,12.767354011535645,0.05498971790075302
1.0,1,22,noisy,12.683979988098145,0.03406384214758873
1.0,1,23,noisy,12.874237060546875,0.045651983469724655
1.0,1,24,noisy,12.872583389282227,0.1015029028058052
1.0,1,25,noisy,13.003990173339844,0.03712811693549156
1.0,1,26,noisy,12.67564582824707,0.0709213837981224
1.0,1,27,noisy,12.907719612121582,0.05975896492600441
1.0,1,28,noisy,12.815295219421387,0.03929008170962334
1.0,1,29,noisy,12.851560592651367,0.040027134120464325
1.0,1,30,noisy,13.21246337890625,0.05925336852669716
1.0,1,31,noisy,13.25342082977295,0.05368595942854881
1.0,1,32,noisy,12.997901916503906,0.05933506041765213
1.0,1,33,noisy,12.833917617797852,0.04331914335489273
1.0,1,34,noisy,13.066741943359375,0.04881136491894722
1.0,1,35,noisy,12.721940040588379,0.041082773357629776
1.0,1,36,noisy,12.902862548828125,0.04344199225306511
1.0,1,37,noisy,12.887228012084961,0.04464082047343254
1.0,1,38,noisy,12.865519523620605,0.05556929111480713
1.0,1,39,noisy,12.847443580627441,0.05703738331794739
1.0,1,40,noisy,13.286184310913086,0.05731714144349098
1.0,1,41,noisy,12.7700834274292,0.06315599381923676
1.0,1,42,noisy,13.280611038208008,0.08808832615613937
1.0,1,43,noisy,12.722891807556152,0.07405102998018265
1.0,1,44,noisy,12.784521102905273,0.052143990993499756
1.0,1,45,noisy,12.766361236572266,0.06245970353484154
1.0,1,46,noisy,12.890608787536621,0.05575535446405411
1.0,1,47,noisy,13.214424133300781,0.06376349180936813
1.0,1,48,noisy,12.691039085388184,0.034874554723501205
1.0,1,49,noisy,12.795105934143066,0.053936637938022614
1.0,1,50,noisy,12.93960952758789,0.038549840450286865
1.0,1,51,noisy,12.718613624572754,0.07807315140962601
1.0,1,52,noisy,12.747549057006836,0.051864318549633026
1.0,1,53,noisy,13.200871467590332,0.07865000516176224
1.0,1,54,noisy,13.04568099975586,0.04360947385430336
1.0,1,55,noisy,12.83090877532959,0.062305282801389694
1.0,1,56,noisy,12.836662292480469,0.05395245924592018
1.0,1,57,noisy,12.897040367126465,0.04693987965583801
1.0,1,58,noisy,12.814456939697266,0.05116047337651253
1.0,1,59,noisy,12.832365989685059,0.04349401220679283
1.0,1,60,noisy,12.6837797164917,0.07603737711906433
1.0,1,61,noisy,13.09494400024414,0.04260001704096794
1.0,1,62,noisy,13.065978050231934,0.06636719405651093
1.0,1,63,noisy,12.837122917175293,0.03726208582520485
1.0,1,64,noisy,12.902094841003418,0.05539046227931976
1.0,1,1,zero,0.01809166744351387,0.0
1.0,1,2,zero,0.045873045921325684,0.0
1.0,1,3,zero,0.06398686021566391,0.0
1.0,1,4,zero,0.03500181809067726,0.0
1.0,1,5,zero,0.043593358248472214,0.0
1.0,1,6,zero,0.04337676987051964,0.0
1.0,1,7,zero,0.06396056711673737,0.0
1.0,1,8,zero,0.03921790048480034,0.0
1.0,1,9,zero,0.05380801111459732,0.0
1.0,1,10,zero,0.021627211943268776,0.0
1.0,1,11,zero,0.02297811023890972,0.0
1.0,1,12,zero,0.03233562037348747,0.0
1.0,1,13,zero,0.044485751539468765,0.0
1.0,1,14,zero,0.02487298659980297,0.0
1.0,1,15,zero,0.038493409752845764,0.0
1.0,1,16,zero,0.03430420160293579,0.0
1.0,1,17,zero,0.03089630976319313,0.0
1.0,1,18,zero,0.02158830501139164,0.0
1.0,1,19,zero,0.04687101021409035,0.0
1.0,1,20,zero,0.03274998068809509,0.0
1.0,1,21,zero,0.03982807323336601,0.0
1.0,1,22,zero,0.017505189403891563,0.0
1.0,1,23,zero,0.04105834662914276,0.0
1.0,1,24,zero,0.06784099340438843,0.0
1.0,1,25,zero,0.03279854729771614,0.0
1.0,1,26,zero,0.06270663440227509,0.0
1.0,1,27,zero,0.05273899435997009,0.0
1.0,1,28,zero,0.03511863201856613,0.0
1.0,1,29,zero,0.02942468971014023,0.0
1.0,1,30,zero,0.04351067170500755,0.0
1.0,1,31,zero,0.0441775843501091,0.0
1.0,1,32,zero,0.024179838597774506,0.0
1.0,1,33,zero,0.039269253611564636,0.0
1.0,1,34,zero,0.0473901629447937,0.0
1.0,1,35,zero,0.04840770736336708,0.0
1.0,1,36,zero,0.030311191454529762,0.0
1.0,1,37,zero,0.032733697444200516,0.0
1.0,1,38,zero,0.04795995354652405,0.0
1.0,1,39,zero,0.04317561537027359,0.0
1.0,1,40,zero,0.05032232403755188,0.0
1.0,1,41,zero,0.06391405314207077,0.0
1.0,1,42,zero,0.07133930176496506,0.0
1.0,1,43,zero,0.03756159543991089,0.0
1.0,1,44,zero,0.030091358348727226,0.0
1.0,1,45,zero,0.05377454310655594,0.0
1.0,1,46,zero,0.02806519716978073,0.0
1.0,1,47,zero,0.05550055205821991,0.0
1.0,1,48,zero,0.0346725657582283,0.0
1.0,1,49,zero,0.036982059478759766,0.0
1.0,1,50,zero,0.039560265839099884,0.0
1.0,1,51,zero,0.04646797850728035,0.0
1.0,1,52,zero,0.030547572299838066,0.0
1.0,1,53,zero,0.0456763431429863,0.0
1.0,1,54,zero,0.033404942601919174,0.0
1.0,1,55,zero,0.03817417845129967,0.0
1.0,1,56,zero,0.03280757740139961,0.0
1.0,1,57,zero,0.03290339559316635,0.0
1.0,1,58,zero,0.04037323594093323,0.0
1.0,1,59,zero,0.0325479730963707,0.0
1.0,1,60,zero,0.05332968384027481,0.0
1.0,1,61,zero,0.04223665967583656,0.0
1.0,1,62,zero,0.051328837871551514,0.0
1.0,1,63,zero,0.027831098064780235,0.0
1.0,1,64,zero,0.03460041433572769,0.0
1.0,1,1,projection_oracle,0.006158865988254547,0.8369224667549133
1.0,1,2,projection_oracle,0.009436815045773983,0.8945791125297546
1.0,1,3,projection_oracle,0.008914653211832047,0.9296314716339111
1.0,1,4,projection_oracle,0.007398662623018026,0.8936014771461487
1.0,1,5,projection_oracle,0.007334928493946791,0.9156426191329956
1.0,1,6,projection_oracle,0.006709071807563305,0.9230709075927734
1.0,1,7,projection_oracle,0.007549569942057133,0.9404421448707581
1.0,1,8,projection_oracle,0.008365417830646038,0.8922508955001831
1.0,1,9,projection_oracle,0.006150240544229746,0.9434874653816223
1.0,1,10,projection_oracle,0.007124384865164757,0.8386720418930054
1.0,1,11,projection_oracle,0.006869847420603037,0.852029025554657
1.0,1,12,projection_oracle,0.0060376678593456745,0.9080170392990112
1.0,1,13,projection_oracle,0.007808712311089039,0.9112421274185181
1.0,1,14,projection_oracle,0.006239338777959347,0.8785579800605774
1.0,1,15,projection_oracle,0.007111762650310993,0.907433807849884
1.0,1,16,projection_oracle,0.0069440808147192,0.9006208777427673
1.0,1,17,projection_oracle,0.006460058037191629,0.8971433043479919
1.0,1,18,projection_oracle,0.0070143695920705795,0.8389251828193665
1.0,1,19,projection_oracle,0.008068444207310677,0.9131747484207153
1.0,1,20,projection_oracle,0.007135794498026371,0.8914359211921692
1.0,1,21,projection_oracle,0.007351077627390623,0.9073487520217896
1.0,1,22,projection_oracle,0.007153995335102081,0.796124279499054
1.0,1,23,projection_oracle,0.008123761042952538,0.9007594585418701
1.0,1,24,projection_oracle,0.008895579725503922,0.9337682127952576
1.0,1,25,projection_oracle,0.007197642233222723,0.8908913135528564
1.0,1,26,projection_oracle,0.006423809099942446,0.949084460735321
1.0,1,27,projection_oracle,0.008428319357335567,0.9197360277175903
1.0,1,28,projection_oracle,0.008282455615699291,0.8801522850990295
1.0,1,29,projection_oracle,0.008125183172523975,0.8596110939979553
1.0,1,30,projection_oracle,0.007176643703132868,0.9167659282684326
1.0,1,31,projection_oracle,0.007398424670100212,0.9160102009773254
1.0,1,32,projection_oracle,0.00863214023411274,0.8211038112640381
1.0,1,33,projection_oracle,0.00826697051525116,0.8941503763198853
1.0,1,34,projection_oracle,0.008228293620049953,0.9124287366867065
1.0,1,35,projection_oracle,0.008879650384187698,0.9059622287750244
1.0,1,36,projection_oracle,0.007291094865649939,0.8804387450218201
1.0,1,37,projection_oracle,0.008660632185637951,0.8671485781669617
1.0,1,38,projection_oracle,0.010160930454730988,0.8915022015571594
1.0,1,39,projection_oracle,0.007889398373663425,0.9075310826301575
1.0,1,40,projection_oracle,0.010068245232105255,0.8972461223602295
1.0,1,41,projection_oracle,0.007873894646763802,0.9377250671386719
1.0,1,42,projection_oracle,0.008605663664638996,0.939355731010437
1.0,1,43,projection_oracle,0.00793516542762518,0.8937720060348511
1.0,1,44,projection_oracle,0.008711164817214012,0.8525432348251343
1.0,1,45,projection_oracle,0.007641634438186884,0.9284407496452332
1.0,1,46,projection_oracle,0.007484190631657839,0.8650254011154175
1.0,1,47,projection_oracle,0.008261611685156822,0.9244439601898193
1.0,1,48,projection_oracle,0.008577779866755009,0.8755632042884827
1.0,1,49,projection_oracle,0.008735918439924717,0.8786593675613403
1.0,1,50,projection_oracle,0.008589238859713078,0.8904138803482056
1.0,1,51,projection_oracle,0.007692999672144651,0.9176587462425232
1.0,1,52,projection_oracle,0.007104488089680672,0.8831892013549805
1.0,1,53,projection_oracle,0.008798283524811268,0.9018197655677795
1.0,1,54,projection_oracle,0.0071051837876439095,0.8941524624824524
1.0,1,55,projection_oracle,0.006903959903866053,0.9108643531799316
1.0,1,56,projection_oracle,0.009073101915419102,0.858104407787323
1.0,1,57,projection_oracle,0.007845080457627773,0.8799648880958557
1.0,1,58,projection_oracle,0.007651586551219225,0.9037927985191345
1.0,1,59,projection_oracle,0.008782477118074894,0.8597726821899414
1.0,1,60,projection_oracle,0.008938975632190704,0.915396511554718
1.0,1,61,projection_oracle,0.007745425682514906,0.9083210229873657
1.0,1,62,projection_oracle,0.008434449322521687,0.9172094464302063
1.0,1,63,projection_oracle,0.007512554991990328,0.8658968806266785
1.0,1,64,projection_oracle,0.007769472897052765,0.8862743973731995
1.0,2,1,gaussian_current,0.02577619961200698,0.8682018618889916
1.0,2,2,gaussian_current,0.017711912823191123,0.50348702395626
1.0,2,3,gaussian_current,0.018243144011486422,0.7427396666548755
1.0,2,4,gaussian_current,0.014678711783034554,0.8328764262557519
1.0,2,5,gaussian_current,0.02166743175274665,0.744645045541989
1.0,2,6,gaussian_current,0.021270736227149242,0.5278937420798527
1.0,2,7,gaussian_current,0.0232771922072325,0.721973237270996
1.0,2,8,gaussian_current,0.018501332520410734,0.5800354671038055
1.0,2,9,gaussian_current,0.029449268399194855,0.6945174059894902
1.0,2,10,gaussian_current,0.020131556287850884,0.8586023514316705
1.0,2,11,gaussian_current,0.017905196755878733,0.7286717539286044
1.0,2,12,gaussian_current,0.02843707673007672,0.6482014920887419
1.0,2,13,gaussian_current,0.015119207566418,0.5840508225560724
1.0,2,14,gaussian_current,0.01616719486097207,0.7847471842046498
1.0,2,15,gaussian_current,0.01797944056622799,0.7730710308923183
1.0,2,16,gaussian_current,0.02283894387960654,0.8209018958280961
1.0,2,17,gaussian_current,0.013351372401546976,0.642963531143562
1.0,2,18,gaussian_current,0.02289839428180018,0.7476782227592559
1.0,2,19,gaussian_current,0.020109739074512314,0.7800968950037053
1.0,2,20,gaussian_current,0.01793237394220666,0.6760161108603232
1.0,2,21,gaussian_current,0.02345252412014357,0.6316884916226644
1.0,2,22,gaussian_current,0.01900930149815942,0.703386581195646
1.0,2,23,gaussian_current,0.026185703054975366,0.6645534898099721
1.0,2,24,gaussian_current,0.01798132714868709,0.7164887491694851
1.0,2,25,gaussian_current,0.01803726341592303,0.6460140915001222
1.0,2,26,gaussian_current,0.019014014826921003,0.5431349127442434
1.0,2,27,gaussian_current,0.020673972270192256,0.7222385574289131
1.0,2,28,gaussian_current,0.014858602556893256,0.7395679340706784
1.0,2,29,gaussian_current,0.022876806673418373,0.6345705265673404
1.0,2,30,gaussian_current,0.02082241105496591,0.7827270135577585
1.0,2,31,gaussian_current,0.025531778984020266,0.6437858693738726
1.0,2,32,gaussian_current,0.01566589049366494,0.8460461476794253
1.0,2,33,gaussian_current,0.015186655908622228,0.7139640122344787
1.0,2,34,gaussian_current,0.024295000517090406,0.6539385326357389
1.0,2,35,gaussian_current,0.021965841308730853,0.710163268299479
1.0,2,36,gaussian_current,0.016572321981078858,0.7692462595169045
1.0,2,37,gaussian_current,0.0221937826075771,0.6904472237785633
1.0,2,38,gaussian_current,0.019524424885337295,0.768222442824608
1.0,2,39,gaussian_current,0.026231790119007455,0.5636283003386187
1.0,2,40,gaussian_current,0.016880925717671615,0.6388052061836035
1.0,2,41,gaussian_current,0.020927418942932877,0.7248634826213617
1.0,2,42,gaussian_current,0.018901504974163943,0.6266530412059308
1.0,2,43,gaussian_current,0.024149112886935484,0.7438232323423597
1.0,2,44,gaussian_current,0.016306392069258244,0.7679311710170693
1.0,2,45,gaussian_current,0.018863659264495975,0.8154656070717472
1.0,2,46,gaussian_current,0.024192758690523723,0.5885691098528474
1.0,2,47,gaussian_current,0.026204359584265598,0.7407937458322926
1.0,2,48,gaussian_current,0.012991311521730312,0.7781933383689853
1.0,2,49,gaussian_current,0.019055603754758874,0.6463486711754233
1.0,2,50,gaussian_current,0.01814394307179675,0.6475123774113445
1.0,2,51,gaussian_current,0.016224010016646567,0.6711667308316498
1.0,2,52,gaussian_current,0.024229787910140733,0.6176612846589141
1.0,2,53,gaussian_current,0.019297387090237192,0.7051356416698734
1.0,2,54,gaussian_current,0.018764257446017747,0.6606882262979674
1.0,2,55,gaussian_current,0.01695617705769961,0.7737907962426636
1.0,2,56,gaussian_current,0.01925337236765342,0.7473604786665143
1.0,2,57,gaussian_current,0.015476393778638084,0.6987732528785994
1.0,2,58,gaussian_current,0.021132992625508523,0.6575940741790043
1.0,2,59,gaussian_current,0.019848310498758143,0.7039540576290625
1.0,2,60,gaussian_current,0.021288157003065654,0.6628474750384202
1.0,2,61,gaussian_current,0.01722619854044233,0.6239161128532319
1.0,2,62,gaussian_current,0.015658782530127317,0.7036249284522972
1.0,2,63,gaussian_current,0.022660625855223472,0.7887914796926998
1.0,2,64,gaussian_current,0.016860001502142567,0.814774300324431
1.0,2,1,diffusion_temporal,0.03735261783003807,0.7998382449150085
1.0,2,2,diffusion_temporal,0.02681199088692665,0.4929826855659485
1.0,2,3,diffusion_temporal,0.0257997028529644,0.6258164048194885
1.0,2,4,diffusion_temporal,0.023115964606404305,0.7200703620910645
1.0,2,5,diffusion_temporal,0.025090811774134636,0.7366231679916382
1.0,2,6,diffusion_temporal,0.027701357379555702,0.4646041691303253
1.0,2,7,diffusion_temporal,0.027109136804938316,0.6542035937309265
1.0,2,8,diffusion_temporal,0.030353451147675514,0.3415568768978119
1.0,2,9,diffusion_temporal,0.03694602847099304,0.5924838185310364
1.0,2,10,diffusion_temporal,0.032244209200143814,0.7563508749008179
1.0,2,11,diffusion_temporal,0.018099233508110046,0.6961637139320374
1.0,2,12,diffusion_temporal,0.03683660551905632,0.5337816476821899
1.0,2,13,diffusion_temporal,0.021564271301031113,0.5437643527984619
1.0,2,14,diffusion_temporal,0.03533322364091873,0.491041362285614
1.0,2,15,diffusion_temporal,0.025560306385159492,0.616666316986084
1.0,2,16,diffusion_temporal,0.027605321258306503,0.7783756256103516
1.0,2,17,diffusion_temporal,0.017360681667923927,0.5116040110588074
1.0,2,18,diffusion_temporal,0.027938606217503548,0.6714192032814026
1.0,2,19,diffusion_temporal,0.027934858575463295,0.6766414046287537
1.0,2,20,diffusion_temporal,0.01843647100031376,0.6939358711242676
1.0,2,21,diffusion_temporal,0.037625715136528015,0.40698179602622986
1.0,2,22,diffusion_temporal,0.03452106565237045,0.42620477080345154
1.0,2,23,diffusion_temporal,0.03324707970023155,0.5232619047164917
1.0,2,24,diffusion_temporal,0.02913842909038067,0.5084437131881714
1.0,2,25,diffusion_temporal,0.02788619138300419,0.5153295397758484
1.0,2,26,diffusion_temporal,0.03362039476633072,0.35748356580734253
1.0,2,27,diffusion_temporal,0.027733594179153442,0.6293711066246033
1.0,2,28,diffusion_temporal,0.0273172277957201,0.48062416911125183
1.0,2,29,diffusion_temporal,0.030815355479717255,0.49457842111587524
1.0,2,30,diffusion_temporal,0.032900191843509674,0.622627854347229
1.0,2,31,diffusion_temporal,0.034339360892772675,0.539269208908081
1.0,2,32,diffusion_temporal,0.04015873372554779,0.5303559899330139
1.0,2,33,diffusion_temporal,0.02747197262942791,0.5007543563842773
1.0,2,34,diffusion_temporal,0.02811451070010662,0.5591235756874084
1.0,2,35,diffusion_temporal,0.029661059379577637,0.5907660126686096
1.0,2,36,diffusion_temporal,0.040825165808200836,0.3625345230102539
1.0,2,37,diffusion_temporal,0.02465338073670864,0.6569598317146301
1.0,2,38,diffusion_temporal,0.03028944320976734,0.6054518818855286
1.0,2,39,diffusion_temporal,0.04785890504717827,0.17698357999324799
1.0,2,40,diffusion_temporal,0.015618335455656052,0.6174071431159973
1.0,2,41,diffusion_temporal,0.03792403265833855,0.45402032136917114
1.0,2,42,diffusion_temporal,0.027500564232468605,0.46674153208732605
1.0,2,43,diffusion_temporal,0.033291902393102646,0.5443639159202576
1.0,2,44,diffusion_temporal,0.025722181424498558,0.5937085747718811
1.0,2,45,diffusion_temporal,0.04061204940080643,0.5054060220718384
1.0,2,46,diffusion_temporal,0.033388495445251465,0.39494192600250244
1.0,2,47,diffusion_temporal,0.040219906717538834,0.5620574355125427
1.0,2,48,diffusion_temporal,0.03209961578249931,0.3475848436355591
1.0,2,49,diffusion_temporal,0.026169611141085625,0.4899296760559082
1.0,2,50,diffusion_temporal,0.03050970286130905,0.3379157483577728
1.0,2,51,diffusion_temporal,0.018702099099755287,0.6481857299804688
1.0,2,52,diffusion_temporal,0.019314859062433243,0.6450451016426086
1.0,2,53,diffusion_temporal,0.0389060415327549,0.37997832894325256
1.0,2,54,diffusion_temporal,0.02236871048808098,0.6182554364204407
1.0,2,55,diffusion_temporal,0.04429683834314346,0.296525239944458
1.0,2,56,diffusion_temporal,0.026155441999435425,0.5902682542800903
1.0,2,57,diffusion_temporal,0.030693287029862404,0.30547258257865906
1.0,2,58,diffusion_temporal,0.03866368904709816,0.32783567905426025
1.0,2,59,diffusion_temporal,0.023916812613606453,0.6479102969169617
1.0,2,60,diffusion_temporal,0.03344416245818138,0.4191732108592987
1.0,2,61,diffusion_temporal,0.031695298850536346,0.2830021381378174
1.0,2,62,diffusion_temporal,0.030004780739545822,0.3789607286453247
1.0,2,63,diffusion_temporal,0.04047785699367523,0.5601809620857239
1.0,2,64,diffusion_temporal,0.03567652031779289,0.538490355014801
1.0,2,1,diffusion_context_only,0.07662229239940643,0.4865940511226654
1.0,2,2,diffusion_context_only,0.03352872282266617,0.302754282951355
1.0,2,3,diffusion_context_only,0.043152641505002975,0.3372640013694763
1.0,2,4,diffusion_context_only,0.03499654307961464,0.5325942635536194
1.0,2,5,diffusion_context_only,0.029646573588252068,0.649232804775238
1.0,2,6,diffusion_context_only,0.027287589386105537,0.4299733638763428
1.0,2,7,diffusion_context_only,0.038762740790843964,0.43894249200820923
1.0,2,8,diffusion_context_only,0.038492728024721146,0.05661189183592796
1.0,2,9,diffusion_context_only,0.05678567290306091,0.28066256642341614
1.0,2,10,diffusion_context_only,0.07363955676555634,0.27099934220314026
1.0,2,11,diffusion_context_only,0.03685365617275238,0.2944944202899933
1.0,2,12,diffusion_context_only,0.04889257252216339,0.29822367429733276
1.0,2,13,diffusion_context_only,0.02309592254459858,0.5038196444511414
1.0,2,14,diffusion_context_only,0.07217589765787125,-0.05978382006287575
1.0,2,15,diffusion_context_only,0.03896448016166687,0.3250850439071655
1.0,2,16,diffusion_context_only,0.04238691180944443,0.6283905506134033
1.0,2,17,diffusion_context_only,0.027571504935622215,0.18506552278995514
1.0,2,18,diffusion_context_only,0.042646124958992004,0.45456433296203613
1.0,2,19,diffusion_context_only,0.03788777068257332,0.5185974836349487
1.0,2,20,diffusion_context_only,0.02693556435406208,0.5268214344978333
1.0,2,21,diffusion_context_only,0.04585792124271393,0.2229524403810501
1.0,2,22,diffusion_context_only,0.04832560196518898,0.181677907705307
1.0,2,23,diffusion_context_only,0.04107998311519623,0.37461990118026733
1.0,2,24,diffusion_context_only,0.04226026311516762,0.28895244002342224
1.0,2,25,diffusion_context_only,0.030427804216742516,0.37992700934410095
1.0,2,26,diffusion_context_only,0.03318862244486809,0.2563060522079468
1.0,2,27,diffusion_context_only,0.036191388964653015,0.5005685687065125
1.0,2,28,diffusion_context_only,0.04530097916722298,0.16105137765407562
1.0,2,29,diffusion_context_only,0.04106338694691658,0.32719919085502625
1.0,2,30,diffusion_context_only,0.05130448937416077,0.3351205289363861
1.0,2,31,diffusion_context_only,0.04769638925790787,0.34697625041007996
1.0,2,32,diffusion_context_only,0.06401977688074112,0.2087211161851883
1.0,2,33,diffusion_context_only,0.03264942765235901,0.39613503217697144
1.0,2,34,diffusion_context_only,0.03409223258495331,0.42246395349502563
1.0,2,35,diffusion_context_only,0.03749845176935196,0.43092772364616394
1.0,2,36,diffusion_context_only,0.0551917664706707,0.13840964436531067
1.0,2,37,diffusion_context_only,0.02734534628689289,0.603566586971283
1.0,2,38,diffusion_context_only,0.04435010626912117,0.3736462891101837
1.0,2,39,diffusion_context_only,0.0572805255651474,0.011148926801979542
1.0,2,40,diffusion_context_only,0.021114671602845192,0.443724662065506
1.0,2,41,diffusion_context_only,0.0499722920358181,0.2525467574596405
1.0,2,42,diffusion_context_only,0.03222570940852165,0.34903112053871155
1.0,2,43,diffusion_context_only,0.04296861216425896,0.3735748529434204
1.0,2,44,diffusion_context_only,0.03524047136306763,0.40160804986953735
1.0,2,45,diffusion_context_only,0.053260356187820435,0.2840295135974884
1.0,2,46,diffusion_context_only,0.04688309505581856,0.12464780360460281
1.0,2,47,diffusion_context_only,0.055862776935100555,0.3529195189476013
1.0,2,48,diffusion_context_only,0.045498527586460114,0.053617630153894424
1.0,2,49,diffusion_context_only,0.032904915511608124,0.3357579708099365
1.0,2,50,diffusion_context_only,0.041683852672576904,0.08401034772396088
1.0,2,51,diffusion_context_only,0.022803159430623055,0.5465372800827026
1.0,2,52,diffusion_context_only,0.023535538464784622,0.5262044072151184
1.0,2,53,diffusion_context_only,0.04387781023979187,0.25123780965805054
1.0,2,54,diffusion_context_only,0.02685605175793171,0.5124359726905823
1.0,2,55,diffusion_context_only,0.07005346566438675,-0.08473645150661469
1.0,2,56,diffusion_context_only,0.03389308229088783,0.4100039005279541
1.0,2,57,diffusion_context_only,0.043940089643001556,0.03594429790973663
1.0,2,58,diffusion_context_only,0.05647489055991173,0.030784351751208305
1.0,2,59,diffusion_context_only,0.029089005663990974,0.5491802096366882
1.0,2,60,diffusion_context_only,0.03970886021852493,0.2519671618938446
1.0,2,61,diffusion_context_only,0.038956496864557266,0.12815581262111664
1.0,2,62,diffusion_context_only,0.03397045284509659,0.2563711702823639
1.0,2,63,diffusion_context_only,0.06357894837856293,0.19102907180786133
1.0,2,64,diffusion_context_only,0.048602938652038574,0.30796298384666443
1.0,2,1,gaussian_context_only,0.06113633487323061,0.6602421276474247
1.0,2,2,gaussian_context_only,0.025048037493935672,0.27662821260016174
1.0,2,3,gaussian_context_only,0.03216746562624463,0.47546412365961366
1.0,2,4,gaussian_context_only,0.02642093848358265,0.6721274465623256
1.0,2,5,gaussian_context_only,0.024598319797372186,0.6629575565788265
1.0,2,6,gaussian_context_only,0.02068078953195529,0.5010384893661479
1.0,2,7,gaussian_context_only,0.03461466575987449,0.5209110935138737
1.0,2,8,gaussian_context_only,0.02877411463364607,0.2269914662505818
1.0,2,9,gaussian_context_only,0.043876191560396544,0.4785393434030002
1.0,2,10,gaussian_context_only,0.05348618529921412,0.5377587796821477
1.0,2,11,gaussian_context_only,0.02589919777510064,0.49815054852513274
1.0,2,12,gaussian_context_only,0.045698317156438545,0.32000562383940295
1.0,2,13,gaussian_context_only,0.020161801798419633,0.390533483878101
1.0,2,14,gaussian_context_only,0.038498760652986665,0.3605243192543738
1.0,2,15,gaussian_context_only,0.03185770654257545,0.4760973679550619
1.0,2,16,gaussian_context_only,0.046416635303744,0.598953129435886
1.0,2,17,gaussian_context_only,0.02907531288367842,0.07891108434690286
1.0,2,18,gaussian_context_only,0.038263884477496936,0.4427580353093728
1.0,2,19,gaussian_context_only,0.03218285239169624,0.6223396746012629
1.0,2,20,gaussian_context_only,0.02537629476761522,0.4773755545923085
1.0,2,21,gaussian_context_only,0.04209493778950858,0.20490506091919408
1.0,2,22,gaussian_context_only,0.02824397657519619,0.5050866286109479
1.0,2,23,gaussian_context_only,0.03717676234487594,0.39724020808754607
1.0,2,24,gaussian_context_only,0.02782136607275493,0.48318848697636985
1.0,2,25,gaussian_context_only,0.028326658519380342,0.2692359042003705
1.0,2,26,gaussian_context_only,0.022476898008823607,0.2826080628754534
1.0,2,27,gaussian_context_only,0.03126820615191595,0.5232900980047385
1.0,2,28,gaussian_context_only,0.03171099941378264,0.29719194026113155
1.0,2,29,gaussian_context_only,0.033165709820667695,0.39935788440259323
1.0,2,30,gaussian_context_only,0.03674651478663954,0.5683787163126224
1.0,2,31,gaussian_context_only,0.03480121762806664,0.4532128320968048
1.0,2,32,gaussian_context_only,0.03732644019034715,0.5612219609111786
1.0,2,33,gaussian_context_only,0.022719447619684956,0.46527631940289915
1.0,2,34,gaussian_context_only,0.03184778395645961,0.44222814238608094
1.0,2,35,gaussian_context_only,0.037462910621309825,0.399010675668473
1.0,2,36,gaussian_context_only,0.033700295598867114,0.40980519293923856
1.0,2,37,gaussian_context_only,0.034009945975307154,0.4437226654878211
1.0,2,38,gaussian_context_only,0.03628720256381357,0.486246251041639
1.0,2,39,gaussian_context_only,0.03808321102411928,0.26026697004193516
1.0,2,40,gaussian_context_only,0.026206425674347267,0.2110823650668045
1.0,2,41,gaussian_context_only,0.035565339015321634,0.44348023725274555
1.0,2,42,gaussian_context_only,0.02507782648035168,0.43992604197400237
1.0,2,43,gaussian_context_only,0.032838602218897936,0.48729215003139253
1.0,2,44,gaussian_context_only,0.03412059831908816,0.39094013031600877
1.0,2,45,gaussian_context_only,0.04243837506393371,0.4666795676318279
1.0,2,46,gaussian_context_only,0.03676418050810404,0.200588744688616
1.0,2,47,gaussian_context_only,0.044939171176624944,0.47609762927685595
1.0,2,48,gaussian_context_only,0.02688690093308236,0.4178264312319123
1.0,2,49,gaussian_context_only,0.030245401665091938,0.3338384077195406
1.0,2,50,gaussian_context_only,0.03629145246784661,0.14191993431974015
1.0,2,51,gaussian_context_only,0.02667389802279206,0.36789369777874814
1.0,2,52,gaussian_context_only,0.025844263006682713,0.40484679975590343
1.0,2,53,gaussian_context_only,0.03723080740991619,0.2659396966273735
1.0,2,54,gaussian_context_only,0.026251294057025674,0.43390100495460315
1.0,2,55,gaussian_context_only,0.04660133799212231,0.11013603296769468
1.0,2,56,gaussian_context_only,0.03274794764090464,0.37085135703042965
1.0,2,57,gaussian_context_only,0.02945188051178688,0.2545706515648101
1.0,2,58,gaussian_context_only,0.036842784595437335,0.21185810083217935
1.0,2,59,gaussian_context_only,0.03140607878613419,0.4167694350261272
1.0,2,60,gaussian_context_only,0.031135226421964115,0.3430242087942576
1.0,2,61,gaussian_context_only,0.02962071512577676,0.18874535754749133
1.0,2,62,gaussian_context_only,0.019052894469413485,0.47599218286657213
1.0,2,63,gaussian_context_only,0.05707555615596178,0.25891185056757876
1.0,2,64,gaussian_context_only,0.035598060119709694,0.5399317523417596
1.0,2,1,gaussian_temporal,0.03785279907038662,0.8244741908851438
1.0,2,2,gaussian_temporal,0.017974306281189116,0.4865654027169244
1.0,2,3,gaussian_temporal,0.024164693805452303,0.6283046961552501
1.0,2,4,gaussian_temporal,0.01859793240796208,0.7891103685595229
1.0,2,5,gaussian_temporal,0.02522046245253601,0.6719322293510197
1.0,2,6,gaussian_temporal,0.02277631343184482,0.491703561378687
1.0,2,7,gaussian_temporal,0.02847716164247157,0.63438943858886
1.0,2,8,gaussian_temporal,0.026445629283075076,0.30203320865305916
1.0,2,9,gaussian_temporal,0.031614405889858956,0.6705680654112789
1.0,2,10,gaussian_temporal,0.03493429914322472,0.7276225234011406
1.0,2,11,gaussian_temporal,0.015570783113620512,0.7342753666081696
1.0,2,12,gaussian_temporal,0.03956522821592641,0.47341900996579767
1.0,2,13,gaussian_temporal,0.017973210208015684,0.4908661746834523
1.0,2,14,gaussian_temporal,0.030672990946508754,0.5434100891786953
1.0,2,15,gaussian_temporal,0.024794331283800652,0.6388805315835097
1.0,2,16,gaussian_temporal,0.03525540701931202,0.705368791289776
1.0,2,17,gaussian_temporal,0.022190426254445908,0.4054175269238494
1.0,2,18,gaussian_temporal,0.031307502672651415,0.5941198544023522
1.0,2,19,gaussian_temporal,0.028092166945843856,0.675123250076176
1.0,2,20,gaussian_temporal,0.026649440057007454,0.5407065031397718
1.0,2,21,gaussian_temporal,0.036761285985234954,0.33193344072618464
1.0,2,22,gaussian_temporal,0.025169115064606954,0.5781899083826303
1.0,2,23,gaussian_temporal,0.03384554735677328,0.5163395540614603
1.0,2,24,gaussian_temporal,0.031110875546470997,0.4742639385690217
1.0,2,25,gaussian_temporal,0.02578062043107825,0.4172942616865785
1.0,2,26,gaussian_temporal,0.027632401320063463,0.23890006257206717
1.0,2,27,gaussian_temporal,0.02972376681692008,0.580825612285543
1.0,2,28,gaussian_temporal,0.025475145089695807,0.497975642831823
1.0,2,29,gaussian_temporal,0.03586290327522513,0.38279065779005017
1.0,2,30,gaussian_temporal,0.035941982443546905,0.5762376737639329
1.0,2,31,gaussian_temporal,0.03486219093279159,0.47214698765782
1.0,2,32,gaussian_temporal,0.030983650134803937,0.6589350438068932
1.0,2,33,gaussian_temporal,0.019131636593759525,0.577333348106575
1.0,2,34,gaussian_temporal,0.031761327583618534,0.5201580807573736
1.0,2,35,gaussian_temporal,0.03264771611778636,0.5186185260053147
1.0,2,36,gaussian_temporal,0.027156704357095437,0.5702814578009828
1.0,2,37,gaussian_temporal,0.026127583517406867,0.6185369321623977
1.0,2,38,gaussian_temporal,0.03336430266189408,0.5502070039555698
1.0,2,39,gaussian_temporal,0.03618690603130007,0.35243448323605625
1.0,2,40,gaussian_temporal,0.019189167906132377,0.47355846305634164
1.0,2,41,gaussian_temporal,0.03692595775732224,0.4308129088636588
1.0,2,42,gaussian_temporal,0.025631427549844914,0.46282843713220084
1.0,2,43,gaussian_temporal,0.02443761137136024,0.661279552315035
1.0,2,44,gaussian_temporal,0.024509135508561507,0.6425297188692826
1.0,2,45,gaussian_temporal,0.03383798631011392,0.6143015385248435
1.0,2,46,gaussian_temporal,0.026433634338480658,0.48262698815690125
1.0,2,47,gaussian_temporal,0.03622464176177934,0.613988183054141
1.0,2,48,gaussian_temporal,0.0212387214515273,0.592556973841648
1.0,2,49,gaussian_temporal,0.02583287792868872,0.5127145663709392
1.0,2,50,gaussian_temporal,0.0373198432543308,0.2780960312230457
1.0,2,51,gaussian_temporal,0.025114582653699737,0.4449055253005039
1.0,2,52,gaussian_temporal,0.0261539625177099,0.4524863744767914
1.0,2,53,gaussian_temporal,0.04499280298199651,0.20900240208784335
1.0,2,54,gaussian_temporal,0.029192269334471093,0.4046725410264572
1.0,2,55,gaussian_temporal,0.03206908145352314,0.5007921131659827
1.0,2,56,gaussian_temporal,0.02088221629048073,0.6639162264213195
1.0,2,57,gaussian_temporal,0.02302973247409465,0.474814675444381
1.0,2,58,gaussian_temporal,0.036719075720899205,0.3219737903619439
1.0,2,59,gaussian_temporal,0.031056222843937133,0.474909550897395
1.0,2,60,gaussian_temporal,0.022789173016788452,0.580540019940894
1.0,2,61,gaussian_temporal,0.026261801804468327,0.3583454406624975
1.0,2,62,gaussian_temporal,0.019518217609586774,0.5861488111793529
1.0,2,63,gaussian_temporal,0.03565874825804686,0.6306482036116262
1.0,2,64,gaussian_temporal,0.038448017044698427,0.5158580845998277
1.0,2,1,public_fingerprint,0.10702686756849289,0.16537153720855713
1.0,2,2,public_fingerprint,0.028173044323921204,0.25911545753479004
1.0,2,3,public_fingerprint,0.045187052339315414,0.2742331027984619
1.0,2,4,public_fingerprint,0.05968242138624191,0.14906296133995056
1.0,2,5,public_fingerprint,0.050126079469919205,0.2458968609571457
1.0,2,6,public_fingerprint,0.028619159013032913,0.3802224397659302
1.0,2,7,public_fingerprint,0.0494513139128685,0.30471691489219666
1.0,2,8,public_fingerprint,0.04615242779254913,-0.04514339938759804
1.0,2,9,public_fingerprint,0.0535099096596241,0.35665616393089294
1.0,2,10,public_fingerprint,0.0801275372505188,0.19276106357574463
1.0,2,11,public_fingerprint,0.050249602645635605,0.09066810458898544
1.0,2,12,public_fingerprint,0.042799048125743866,0.42483431100845337
1.0,2,13,public_fingerprint,0.027806749567389488,0.31339022517204285
1.0,2,14,public_fingerprint,0.05837829038500786,0.08441435545682907
1.0,2,15,public_fingerprint,0.033987775444984436,0.4776764512062073
1.0,2,16,public_fingerprint,0.07737592607736588,0.1798538714647293
1.0,2,17,public_fingerprint,0.031046578660607338,0.211925208568573
1.0,2,18,public_fingerprint,0.05087555572390556,0.2744046747684479
1.0,2,19,public_fingerprint,0.06322643160820007,0.14275334775447845
1.0,2,20,public_fingerprint,0.03780108317732811,0.2898646593093872
1.0,2,21,public_fingerprint,0.056957170367240906,0.04691338911652565
1.0,2,22,public_fingerprint,0.04571264609694481,0.23403300344944
1.0,2,23,public_fingerprint,0.05509699881076813,0.1531950831413269
1.0,2,24,public_fingerprint,0.043110959231853485,0.25173673033714294
1.0,2,25,public_fingerprint,0.041423499584198,0.11950842291116714
1.0,2,26,public_fingerprint,0.029676886275410652,0.26598283648490906
1.0,2,27,public_fingerprint,0.054883718490600586,0.16628959774971008
1.0,2,28,public_fingerprint,0.042127884924411774,0.20250310003757477
1.0,2,29,public_fingerprint,0.03903375566005707,0.36276310682296753
1.0,2,30,public_fingerprint,0.06059722229838371,0.219539612531662
1.0,2,31,public_fingerprint,0.05199398100376129,0.2202020138502121
1.0,2,32,public_fingerprint,0.05988166853785515,0.23258696496486664
1.0,2,33,public_fingerprint,0.04045572131872177,0.1941460520029068
1.0,2,34,public_fingerprint,0.057626038789749146,0.06869497150182724
1.0,2,35,public_fingerprint,0.052941929548978806,0.21843256056308746
1.0,2,36,public_fingerprint,0.04656585678458214,0.2683970332145691
1.0,2,37,public_fingerprint,0.05007534101605415,0.24557532370090485
1.0,2,38,public_fingerprint,0.053530316799879074,0.2614049017429352
1.0,2,39,public_fingerprint,0.05082148313522339,0.17709006369113922
1.0,2,40,public_fingerprint,0.03573496267199516,0.2110939621925354
1.0,2,41,public_fingerprint,0.047264520078897476,0.31667962670326233
1.0,2,42,public_fingerprint,0.04368358850479126,0.1826729029417038
1.0,2,43,public_fingerprint,0.05930231511592865,0.10683610290288925
1.0,2,44,public_fingerprint,0.04917697608470917,0.21476009488105774
1.0,2,45,public_fingerprint,0.06751323491334915,0.13852621614933014
1.0,2,46,public_fingerprint,0.05284074693918228,0.06891315430402756
1.0,2,47,public_fingerprint,0.05480975657701492,0.36072707176208496
1.0,2,48,public_fingerprint,0.06252848356962204,-0.15719737112522125
1.0,2,49,public_fingerprint,0.0394703708589077,0.27819862961769104
1.0,2,50,public_fingerprint,0.04666527360677719,0.10709355026483536
1.0,2,51,public_fingerprint,0.03483123704791069,0.32653874158859253
1.0,2,52,public_fingerprint,0.0501786470413208,0.0368034765124321
1.0,2,53,public_fingerprint,0.044337350875139236,0.2670380771160126
1.0,2,54,public_fingerprint,0.03974089026451111,0.26713600754737854
1.0,2,55,public_fingerprint,0.0594036765396595,0.05796070769429207
1.0,2,56,public_fingerprint,0.036926109343767166,0.3875104486942291
1.0,2,57,public_fingerprint,0.04418468102812767,0.10224779695272446
1.0,2,58,public_fingerprint,0.045084062963724136,0.198074609041214
1.0,2,59,public_fingerprint,0.056728508323431015,0.04249782860279083
1.0,2,60,public_fingerprint,0.0593305304646492,-0.08371702581644058
1.0,2,61,public_fingerprint,0.04314205422997475,0.09362510591745377
1.0,2,62,public_fingerprint,0.03786182403564453,0.1657685786485672
1.0,2,63,public_fingerprint,0.05786462128162384,0.32414329051971436
1.0,2,64,public_fingerprint,0.060894399881362915,0.17160068452358246
1.0,2,1,noisy,12.782588958740234,0.07951701432466507
1.0,2,2,noisy,12.827141761779785,0.01941920444369316
1.0,2,3,noisy,12.963583946228027,0.04884723573923111
1.0,2,4,noisy,12.920575141906738,0.06613503396511078
1.0,2,5,noisy,13.101810455322266,0.05767614766955376
1.0,2,6,noisy,12.626572608947754,0.0277659110724926
1.0,2,7,noisy,12.758946418762207,0.04674333706498146
1.0,2,8,noisy,12.89038372039795,0.04649346321821213
1.0,2,9,noisy,13.066744804382324,0.05815304443240166
1.0,2,10,noisy,12.567922592163086,0.08469290286302567
1.0,2,11,noisy,12.894743919372559,0.05941951274871826
1.0,2,12,noisy,13.22091293334961,0.05564342811703682
1.0,2,13,noisy,12.87206745147705,0.034324996173381805
1.0,2,14,noisy,12.807938575744629,0.05499464273452759
1.0,2,15,noisy,12.988171577453613,0.06674151122570038
1.0,2,16,noisy,12.904831886291504,0.07585461437702179
1.0,2,17,noisy,12.862150192260742,0.045658864080905914
1.0,2,18,noisy,13.010273933410645,0.07277219742536545
1.0,2,19,noisy,12.710652351379395,0.05367211252450943
1.0,2,20,noisy,12.810783386230469,0.053547609597444534
1.0,2,21,noisy,12.882283210754395,0.047773923724889755
1.0,2,22,noisy,12.861518859863281,0.06139243021607399
1.0,2,23,noisy,13.17513656616211,0.0566645972430706
1.0,2,24,noisy,12.562562942504883,0.049616046249866486
1.0,2,25,noisy,12.803018569946289,0.057414568960666656
1.0,2,26,noisy,13.152084350585938,0.03831418231129646
1.0,2,27,noisy,12.924890518188477,0.04139875993132591
1.0,2,28,noisy,13.153926849365234,0.060042619705200195
1.0,2,29,noisy,12.834851264953613,0.04870210587978363
1.0,2,30,noisy,12.889925956726074,0.05817557871341705
1.0,2,31,noisy,12.88698673248291,0.049928583204746246
1.0,2,32,noisy,13.007071495056152,0.06426019966602325
1.0,2,33,noisy,12.844032287597656,0.04907793924212456
1.0,2,34,noisy,13.165921211242676,0.05412260442972183
1.0,2,35,noisy,12.794059753417969,0.057065073400735855
1.0,2,36,noisy,12.846328735351562,0.05537590757012367
1.0,2,37,noisy,13.00646686553955,0.04908161237835884
1.0,2,38,noisy,13.065940856933594,0.05953582748770714
1.0,2,39,noisy,13.026498794555664,0.04637075215578079
1.0,2,40,noisy,13.233968734741211,0.05049483850598335
1.0,2,41,noisy,13.210738182067871,0.047381091862916946
1.0,2,42,noisy,12.95705509185791,0.03809525817632675
1.0,2,43,noisy,12.911544799804688,0.06206723302602768
1.0,2,44,noisy,13.023774147033691,0.04490891844034195
1.0,2,45,noisy,13.099298477172852,0.05957989767193794
1.0,2,46,noisy,12.64870834350586,0.05998358875513077
1.0,2,47,noisy,12.79832935333252,0.06582847237586975
1.0,2,48,noisy,13.041969299316406,0.052046287804841995
1.0,2,49,noisy,12.673454284667969,0.045358628034591675
1.0,2,50,noisy,12.995035171508789,0.04176363721489906
1.0,2,51,noisy,13.09625244140625,0.03206181526184082
1.0,2,52,noisy,12.841078758239746,0.06251674145460129
1.0,2,53,noisy,12.867191314697266,0.0577704980969429
1.0,2,54,noisy,13.106178283691406,0.04467272013425827
1.0,2,55,noisy,12.78805160522461,0.06967760622501373
1.0,2,56,noisy,12.874159812927246,0.05915770307183266
1.0,2,57,noisy,12.837899208068848,0.042391277849674225
1.0,2,58,noisy,12.993907928466797,0.051163025200366974
1.0,2,59,noisy,13.2355318069458,0.05556350201368332
1.0,2,60,noisy,12.799449920654297,0.060654547065496445
1.0,2,61,noisy,12.841693878173828,0.044250331819057465
1.0,2,62,noisy,12.73184871673584,0.05322917923331261
1.0,2,63,noisy,12.834410667419434,0.09433386474847794
1.0,2,64,noisy,13.09515380859375,0.05826953426003456
1.0,2,1,zero,0.10039170831441879,0.0
1.0,2,2,zero,0.01587151736021042,0.0
1.0,2,3,zero,0.03943026438355446,0.0
1.0,2,4,zero,0.04782363772392273,0.0
1.0,2,5,zero,0.043750207871198654,0.0
1.0,2,6,zero,0.02466326206922531,0.0
1.0,2,7,zero,0.047387395054101944,0.0
1.0,2,8,zero,0.02250804752111435,0.0
1.0,2,9,zero,0.05686916410923004,0.0
1.0,2,10,zero,0.07416940480470657,0.0
1.0,2,11,zero,0.03372947499155998,0.0
1.0,2,12,zero,0.04869413375854492,0.0
1.0,2,13,zero,0.019100302830338478,0.0
1.0,2,14,zero,0.042080119252204895,0.0
1.0,2,15,zero,0.040663816034793854,0.0
1.0,2,16,zero,0.06995271146297455,0.0
1.0,2,17,zero,0.01820983551442623,0.0
1.0,2,18,zero,0.04713142663240433,0.0
1.0,2,19,zero,0.05137193948030472,0.0
1.0,2,20,zero,0.03152923285961151,0.0
1.0,2,21,zero,0.03844500333070755,0.0
1.0,2,22,zero,0.03754688426852226,0.0
1.0,2,23,zero,0.04288936033844948,0.0
1.0,2,24,zero,0.03546551987528801,0.0
1.0,2,25,zero,0.025228682905435562,0.0
1.0,2,26,zero,0.018498871475458145,0.0
1.0,2,27,zero,0.04295427352190018,0.0
1.0,2,28,zero,0.03047238662838936,0.0
1.0,2,29,zero,0.03798120468854904,0.0
1.0,2,30,zero,0.05369751155376434,0.0
1.0,2,31,zero,0.04344896972179413,0.0
1.0,2,32,zero,0.053859490901231766,0.0
1.0,2,33,zero,0.027853533625602722,0.0
1.0,2,34,zero,0.0390380322933197,0.0
1.0,2,35,zero,0.04386737942695618,0.0
1.0,2,36,zero,0.03975214809179306,0.0
1.0,2,37,zero,0.042040809988975525,0.0
1.0,2,38,zero,0.04752260074019432,0.0
1.0,2,39,zero,0.037706390023231506,0.0
1.0,2,40,zero,0.021719373762607574,0.0
1.0,2,41,zero,0.04406726732850075,0.0
1.0,2,42,zero,0.029900431632995605,0.0
1.0,2,43,zero,0.043034035712480545,0.0
1.0,2,44,zero,0.039015110582113266,0.0
1.0,2,45,zero,0.05425383150577545,0.0
1.0,2,46,zero,0.03347129002213478,0.0
1.0,2,47,zero,0.05804933235049248,0.0
1.0,2,48,zero,0.031161431223154068,0.0
1.0,2,49,zero,0.031349413096904755,0.0
1.0,2,50,zero,0.029429083690047264,0.0
1.0,2,51,zero,0.028893867507576942,0.0
1.0,2,52,zero,0.029488764703273773,0.0
1.0,2,53,zero,0.03682907298207283,0.0
1.0,2,54,zero,0.03145983815193176,0.0
1.0,2,55,zero,0.040214903652668,0.0
1.0,2,56,zero,0.03652837127447128,0.0
1.0,2,57,zero,0.02717684954404831,0.0
1.0,2,58,zero,0.03388814628124237,0.0
1.0,2,59,zero,0.0369868203997612,0.0
1.0,2,60,zero,0.03260689228773117,0.0
1.0,2,61,zero,0.024940883740782738,0.0
1.0,2,62,zero,0.02261361852288246,0.0
1.0,2,63,zero,0.058961935341358185,0.0
1.0,2,64,zero,0.050113361328840256,0.0
1.0,2,1,projection_oracle,0.008194307796657085,0.9589061141014099
1.0,2,2,projection_oracle,0.005826115142554045,0.8273018598556519
1.0,2,3,projection_oracle,0.009090251289308071,0.8835336565971375
1.0,2,4,projection_oracle,0.006563449278473854,0.9319525361061096
1.0,2,5,projection_oracle,0.007157315965741873,0.9188622236251831
1.0,2,6,projection_oracle,0.008346307091414928,0.8284124732017517
1.0,2,7,projection_oracle,0.009228280745446682,0.9005438089370728
1.0,2,8,projection_oracle,0.006762264762073755,0.8529087901115417
1.0,2,9,projection_oracle,0.0091013815253973,0.918722927570343
1.0,2,10,projection_oracle,0.007082220632582903,0.9521456956863403
1.0,2,11,projection_oracle,0.007928796112537384,0.8819835782051086
1.0,2,12,projection_oracle,0.00731119979172945,0.9243740439414978
1.0,2,13,projection_oracle,0.0065917703323066235,0.83031165599823
1.0,2,14,projection_oracle,0.006761936005204916,0.9193205833435059
1.0,2,15,projection_oracle,0.006941594183444977,0.9144649505615234
1.0,2,16,projection_oracle,0.008597123436629772,0.9380559921264648
1.0,2,17,projection_oracle,0.00634703179821372,0.8334936499595642
1.0,2,18,projection_oracle,0.009047158993780613,0.9019080400466919
1.0,2,19,projection_oracle,0.007007438689470291,0.9321921467781067
1.0,2,20,projection_oracle,0.008056074380874634,0.8683644533157349
1.0,2,21,projection_oracle,0.009367122314870358,0.8756648898124695
1.0,2,22,projection_oracle,0.008243692107498646,0.8871635794639587
1.0,2,23,projection_oracle,0.008320560678839684,0.9018697142601013
1.0,2,24,projection_oracle,0.0067256358452141285,0.9047418236732483
1.0,2,25,projection_oracle,0.006672905292361975,0.8701047301292419
1.0,2,26,projection_oracle,0.006954276002943516,0.8148972392082214
1.0,2,27,projection_oracle,0.006413886323571205,0.9259931445121765
1.0,2,28,projection_oracle,0.007821865379810333,0.8727940917015076
1.0,2,29,projection_oracle,0.009624023921787739,0.8707071542739868
1.0,2,30,projection_oracle,0.008190727792680264,0.9230112433433533
1.0,2,31,projection_oracle,0.006650784984230995,0.923589825630188
1.0,2,32,projection_oracle,0.00712533900514245,0.9335623979568481
1.0,2,33,projection_oracle,0.007463869638741016,0.8664125204086304
1.0,2,34,projection_oracle,0.009592123329639435,0.873932421207428
1.0,2,35,projection_oracle,0.00910377036780119,0.8949435949325562
1.0,2,36,projection_oracle,0.008305397816002369,0.8941489458084106
1.0,2,37,projection_oracle,0.009626599960029125,0.8839475512504578
1.0,2,38,projection_oracle,0.00855571310967207,0.9085865020751953
1.0,2,39,projection_oracle,0.00913027673959732,0.8781580328941345
1.0,2,40,projection_oracle,0.0060941316187381744,0.8625051975250244
1.0,2,41,projection_oracle,0.00782534945756197,0.9104761481285095
1.0,2,42,projection_oracle,0.006811280269175768,0.8876037001609802
1.0,2,43,projection_oracle,0.005749659147113562,0.9343806505203247
1.0,2,44,projection_oracle,0.006296072620898485,0.9199163317680359
1.0,2,45,projection_oracle,0.008096747100353241,0.9245940446853638
1.0,2,46,projection_oracle,0.010726028122007847,0.8345732688903809
1.0,2,47,projection_oracle,0.010380041785538197,0.9080694317817688
1.0,2,48,projection_oracle,0.006405309308320284,0.8989447355270386
1.0,2,49,projection_oracle,0.007536257151514292,0.8785464763641357
1.0,2,50,projection_oracle,0.00791964028030634,0.865020751953125
1.0,2,51,projection_oracle,0.0069009666331112385,0.8790488243103027
1.0,2,52,projection_oracle,0.007395241875201464,0.8734481930732727
1.0,2,53,projection_oracle,0.006644780747592449,0.9089241027832031
1.0,2,54,projection_oracle,0.007738972082734108,0.8769309520721436
1.0,2,55,projection_oracle,0.007159427274018526,0.9112037420272827
1.0,2,56,projection_oracle,0.0076631042174994946,0.8931872248649597
1.0,2,57,projection_oracle,0.006764930672943592,0.8782328963279724
1.0,2,58,projection_oracle,0.009022393263876438,0.8649099469184875
1.0,2,59,projection_oracle,0.007010460831224918,0.9055519104003906
1.0,2,60,projection_oracle,0.009068500250577927,0.8598357439041138
1.0,2,61,projection_oracle,0.0072835758328437805,0.8556228280067444
1.0,2,62,projection_oracle,0.006580268032848835,0.8582207560539246
1.0,2,63,projection_oracle,0.00865142047405243,0.9254179000854492
1.0,2,64,projection_oracle,0.008296233601868153,0.9167450666427612
4.0,0,1,gaussian_current,0.03831846482752808,0.7018697995697397
4.0,0,2,gaussian_current,0.04459448681444068,0.663705129232233
4.0,0,3,gaussian_current,0.03502798987854221,0.566608811124045
4.0,0,4,gaussian_current,0.017473696707951375,0.5611216066481248
4.0,0,5,gaussian_current,0.051534925418197236,0.3616145848175832
4.0,0,6,gaussian_current,0.052223696198661976,0.3660774579565219
4.0,0,7,gaussian_current,0.030785478990809446,0.3607085829044528
4.0,0,8,gaussian_current,0.036612995410945016,0.6508126297240124
4.0,0,9,gaussian_current,0.03830802329485936,0.7540883972412038
4.0,0,10,gaussian_current,0.03156571695407539,0.5148153445479885
4.0,0,11,gaussian_current,0.043376844265069166,0.6072357182934618
4.0,0,12,gaussian_current,0.038583479221360184,0.5479990340929178
4.0,0,13,gaussian_current,0.02409670888117973,0.6390217745533784
4.0,0,14,gaussian_current,0.025935504882298684,0.49183780552969636
4.0,0,15,gaussian_current,0.03266044629837426,0.7139971762435311
4.0,0,16,gaussian_current,0.02686165235124284,0.6930009036528398
4.0,0,17,gaussian_current,0.04122684928385687,0.5814460212889183
4.0,0,18,gaussian_current,0.034729920381662824,0.5369637708705906
4.0,0,19,gaussian_current,0.022583335054319576,0.5583326401357264
4.0,0,20,gaussian_current,0.029911970199044978,0.2552144132245172
4.0,0,21,gaussian_current,0.027123014252817466,0.55205263060216
4.0,0,22,gaussian_current,0.023355371786022542,0.513548501894667
4.0,0,23,gaussian_current,0.022926856809226414,0.5520416056922368
4.0,0,24,gaussian_current,0.0274646392826881,0.492555310626897
4.0,0,25,gaussian_current,0.04089726334524641,0.5760447086308972
4.0,0,26,gaussian_current,0.0403658427954976,0.22316441838599846
4.0,0,27,gaussian_current,0.04110300936386755,0.5436629223930789
4.0,0,28,gaussian_current,0.028607744572322805,0.6264357597080153
4.0,0,29,gaussian_current,0.033634138120741126,0.4079777234234983
4.0,0,30,gaussian_current,0.04858273253908248,0.5059889028170488
4.0,0,31,gaussian_current,0.05580558869242969,0.6219755705900165
4.0,0,32,gaussian_current,0.08313537003105446,0.5375948130404757
4.0,0,33,gaussian_current,0.029515532492665874,0.5506408327117579
4.0,0,34,gaussian_current,0.07326173976796936,0.21034093591069553
4.0,0,35,gaussian_current,0.04001968624180083,0.3192800198277453
4.0,0,36,gaussian_current,0.027966089328775305,0.42221946384423575
4.0,0,37,gaussian_current,0.04084322181605965,0.5140559360231722
4.0,0,38,gaussian_current,0.021077456344195132,0.56362470421614
4.0,0,39,gaussian_current,0.03317392320198005,0.4764328237059791
4.0,0,40,gaussian_current,0.03570819547748643,0.622714860335892
4.0,0,41,gaussian_current,0.030126044159973563,0.5419622480452441
4.0,0,42,gaussian_current,0.028089457830926805,0.511222944843315
4.0,0,43,gaussian_current,0.026316997462844213,0.2560938867598178
4.0,0,44,gaussian_current,0.03019307938597993,0.4873386167214596
4.0,0,45,gaussian_current,0.037215730240515284,0.5393471552872567
4.0,0,46,gaussian_current,0.04905607531839581,0.30997462781987667
4.0,0,47,gaussian_current,0.027639680964024967,0.5423608647194839
4.0,0,48,gaussian_current,0.040763803148232004,0.4304575125654854
4.0,0,49,gaussian_current,0.0325243153605706,0.48963426903101265
4.0,0,50,gaussian_current,0.03682934370204838,0.49447582128638373
4.0,0,51,gaussian_current,0.056389891817686645,0.6564693492399921
4.0,0,52,gaussian_current,0.02995307199087984,0.405209236716529
4.0,0,53,gaussian_current,0.030675517417738878,0.5746070280015031
4.0,0,54,gaussian_current,0.04278317211514253,0.5950566130600133
4.0,0,55,gaussian_current,0.038316339575855035,0.36573981051941246
4.0,0,56,gaussian_current,0.04945050298849672,0.39220869231746813
4.0,0,57,gaussian_current,0.03630963712753195,0.4685218696052916
4.0,0,58,gaussian_current,0.024551531446873595,0.5831525988340349
4.0,0,59,gaussian_current,0.03440483723999305,0.3985737671461004
4.0,0,60,gaussian_current,0.02574508644167714,0.626214601373589
4.0,0,61,gaussian_current,0.02982374978379069,0.5241641192475741
4.0,0,62,gaussian_current,0.03329695732444708,0.5578024691599374
4.0,0,63,gaussian_current,0.04017687150825976,0.31755722964339655
4.0,0,64,gaussian_current,0.032971311561124636,0.5165857963248173
4.0,0,1,diffusion_temporal,0.03983509540557861,0.6871259808540344
4.0,0,2,diffusion_temporal,0.0588383786380291,0.4848986566066742
4.0,0,3,diffusion_temporal,0.04099240154027939,0.4796423614025116
4.0,0,4,diffusion_temporal,0.022612007334828377,0.44036686420440674
4.0,0,5,diffusion_temporal,0.05807322636246681,0.21894526481628418
4.0,0,6,diffusion_temporal,0.045921266078948975,0.47687408328056335
4.0,0,7,diffusion_temporal,0.05944746732711792,0.1436072736978531
4.0,0,8,diffusion_temporal,0.05284401401877403,0.4458587169647217
4.0,0,9,diffusion_temporal,0.04234073683619499,0.7022184133529663
4.0,0,10,diffusion_temporal,0.04829999804496765,0.45753857493400574
4.0,0,11,diffusion_temporal,0.049875713884830475,0.523865282535553
4.0,0,12,diffusion_temporal,0.06023671105504036,0.2735966742038727
4.0,0,13,diffusion_temporal,0.0450357161462307,0.40150490403175354
4.0,0,14,diffusion_temporal,0.059384625405073166,0.08157138526439667
4.0,0,15,diffusion_temporal,0.04729214683175087,0.5829728245735168
4.0,0,16,diffusion_temporal,0.041123438626527786,0.4810263514518738
4.0,0,17,diffusion_temporal,0.05129319801926613,0.47656190395355225
4.0,0,18,diffusion_temporal,0.045063551515340805,0.4475119709968567
4.0,0,19,diffusion_temporal,0.043256908655166626,0.39438462257385254
4.0,0,20,diffusion_temporal,0.036118365824222565,0.31095877289772034
4.0,0,21,diffusion_temporal,0.04949739947915077,0.31517452001571655
4.0,0,22,diffusion_temporal,0.031747471541166306,0.35800158977508545
4.0,0,23,diffusion_temporal,0.033546995371580124,0.3412764072418213
4.0,0,24,diffusion_temporal,0.052453137934207916,0.23304270207881927
4.0,0,25,diffusion_temporal,0.08376222848892212,0.1598999947309494
4.0,0,26,diffusion_temporal,0.05021408572793007,0.1914934664964676
4.0,0,27,diffusion_temporal,0.052667275071144104,0.44453004002571106
4.0,0,28,diffusion_temporal,0.040402185171842575,0.46636393666267395
4.0,0,29,diffusion_temporal,0.06557918339967728,0.028038550168275833
4.0,0,30,diffusion_temporal,0.07476986944675446,0.22292347252368927
4.0,0,31,diffusion_temporal,0.06956806033849716,0.5023916363716125
4.0,0,32,diffusion_temporal,0.13684041798114777,0.08870355039834976
4.0,0,33,diffusion_temporal,0.03345609828829765,0.5467286109924316
4.0,0,34,diffusion_temporal,0.08144454658031464,0.1782495081424713
4.0,0,35,diffusion_temporal,0.04600123316049576,0.2625754177570343
4.0,0,36,diffusion_temporal,0.03732992708683014,0.3558181822299957
4.0,0,37,diffusion_temporal,0.04938437044620514,0.4563770592212677
4.0,0,38,diffusion_temporal,0.027028238400816917,0.5766620635986328
4.0,0,39,diffusion_temporal,0.05506342276930809,0.30313700437545776
4.0,0,40,diffusion_temporal,0.04588271304965019,0.5334243774414062
4.0,0,41,diffusion_temporal,0.046728551387786865,0.4037785828113556
4.0,0,42,diffusion_temporal,0.034331630915403366,0.47095924615859985
4.0,0,43,diffusion_temporal,0.026782497763633728,0.39420387148857117
4.0,0,44,diffusion_temporal,0.04802694544196129,0.32973915338516235
4.0,0,45,diffusion_temporal,0.04665399342775345,0.49019259214401245
4.0,0,46,diffusion_temporal,0.06794657558202744,0.07922326773405075
4.0,0,47,diffusion_temporal,0.045761995017528534,0.3576107919216156
4.0,0,48,diffusion_temporal,0.053215716034173965,0.34692806005477905
4.0,0,49,diffusion_temporal,0.035616230219602585,0.5567635297775269
4.0,0,50,diffusion_temporal,0.057264987379312515,0.3255941867828369
4.0,0,51,diffusion_temporal,0.0803985446691513,0.43655577301979065
4.0,0,52,diffusion_temporal,0.04702574759721756,0.2215731143951416
4.0,0,53,diffusion_temporal,0.05213184282183647,0.2961546778678894
4.0,0,54,diffusion_temporal,0.08023058623075485,0.19668899476528168
4.0,0,55,diffusion_temporal,0.03470280021429062,0.49696359038352966
4.0,0,56,diffusion_temporal,0.07464993745088577,0.1384134590625763
4.0,0,57,diffusion_temporal,0.05004740133881569,0.3048616945743561
4.0,0,58,diffusion_temporal,0.03813144937157631,0.36088207364082336
4.0,0,59,diffusion_temporal,0.03733934089541435,0.43080174922943115
4.0,0,60,diffusion_temporal,0.03659301996231079,0.45198115706443787
4.0,0,61,diffusion_temporal,0.042908478528261185,0.3793819844722748
4.0,0,62,diffusion_temporal,0.06207370385527611,0.207691952586174
4.0,0,63,diffusion_temporal,0.05225086584687233,0.2606733739376068
4.0,0,64,diffusion_temporal,0.04038019850850105,0.4507713317871094
4.0,0,1,diffusion_context_only,0.042317744344472885,0.6701387166976929
4.0,0,2,diffusion_context_only,0.07244200259447098,0.3270305097103119
4.0,0,3,diffusion_context_only,0.041246332228183746,0.4638183116912842
4.0,0,4,diffusion_context_only,0.022972341626882553,0.4223393499851227
4.0,0,5,diffusion_context_only,0.0608641654253006,0.2011367827653885
4.0,0,6,diffusion_context_only,0.04232420399785042,0.532029390335083
4.0,0,7,diffusion_context_only,0.059403061866760254,0.13632848858833313
4.0,0,8,diffusion_context_only,0.07172955572605133,0.23316480219364166
4.0,0,9,diffusion_context_only,0.04587153345346451,0.6656298041343689
4.0,0,10,diffusion_context_only,0.051931288093328476,0.4522516131401062
4.0,0,11,diffusion_context_only,0.04550042003393173,0.5795454382896423
4.0,0,12,diffusion_context_only,0.05852561444044113,0.2859387695789337
4.0,0,13,diffusion_context_only,0.049768779426813126,0.3532463014125824
4.0,0,14,diffusion_context_only,0.05881934240460396,0.08746564388275146
4.0,0,15,diffusion_context_only,0.04808974266052246,0.5781478881835938
4.0,0,16,diffusion_context_only,0.04362513870000839,0.439942866563797
4.0,0,17,diffusion_context_only,0.05302119255065918,0.4590197503566742
4.0,0,18,diffusion_context_only,0.04612862318754196,0.43573880195617676
4.0,0,19,diffusion_context_only,0.04655783995985985,0.3625859320163727
4.0,0,20,diffusion_context_only,0.03534743934869766,0.32155176997184753
4.0,0,21,diffusion_context_only,0.05032044276595116,0.3086385130882263
4.0,0,22,diffusion_context_only,0.03130481392145157,0.3842591941356659
4.0,0,23,diffusion_context_only,0.03462919965386391,0.3233521282672882
4.0,0,24,diffusion_context_only,0.05421871319413185,0.2176642119884491
4.0,0,25,diffusion_context_only,0.08728764206171036,0.09434890002012253
4.0,0,26,diffusion_context_only,0.05014408379793167,0.20164521038532257
4.0,0,27,diffusion_context_only,0.057026058435440063,0.39847683906555176
4.0,0,28,diffusion_context_only,0.04016846790909767,0.45878708362579346
4.0,0,29,diffusion_context_only,0.06390950083732605,0.030754826962947845
4.0,0,30,diffusion_context_only,0.07681739330291748,0.20689286291599274
4.0,0,31,diffusion_context_only,0.07562858611345291,0.44731783866882324
4.0,0,32,diffusion_context_only,0.14257539808750153,0.04262181371450424
4.0,0,33,diffusion_context_only,0.03324020281434059,0.5512153506278992
4.0,0,34,diffusion_context_only,0.0814410075545311,0.17789149284362793
4.0,0,35,diffusion_context_only,0.046223267912864685,0.2580888271331787
4.0,0,36,diffusion_context_only,0.037467967718839645,0.3571367561817169
4.0,0,37,diffusion_context_only,0.05148115009069443,0.43383553624153137
4.0,0,38,diffusion_context_only,0.027726976200938225,0.5667188167572021
4.0,0,39,diffusion_context_only,0.05485506355762482,0.2939344346523285
4.0,0,40,diffusion_context_only,0.04839036986231804,0.5069952607154846
4.0,0,41,diffusion_context_only,0.04762957617640495,0.38871750235557556
4.0,0,42,diffusion_context_only,0.034334082156419754,0.4650484621524811
4.0,0,43,diffusion_context_only,0.02798348478972912,0.39456385374069214
4.0,0,44,diffusion_context_only,0.04875347018241882,0.319254070520401
4.0,0,45,diffusion_context_only,0.04771128669381142,0.47313883900642395
4.0,0,46,diffusion_context_only,0.06922032684087753,0.0599115826189518
4.0,0,47,diffusion_context_only,0.0479232519865036,0.33504563570022583
4.0,0,48,diffusion_context_only,0.05301079899072647,0.3493420481681824
4.0,0,49,diffusion_context_only,0.034415293484926224,0.5600973963737488
4.0,0,50,diffusion_context_only,0.05922906845808029,0.30886420607566833
4.0,0,51,diffusion_context_only,0.0815974548459053,0.4249274432659149
4.0,0,52,diffusion_context_only,0.04850205034017563,0.1962260901927948
4.0,0,53,diffusion_context_only,0.054891765117645264,0.260198175907135
4.0,0,54,diffusion_context_only,0.08277226984500885,0.17628632485866547
4.0,0,55,diffusion_context_only,0.033941928297281265,0.5063923597335815
4.0,0,56,diffusion_context_only,0.07464194297790527,0.13324616849422455
4.0,0,57,diffusion_context_only,0.05104115232825279,0.2921174466609955
4.0,0,58,diffusion_context_only,0.04027773067355156,0.32277798652648926
4.0,0,59,diffusion_context_only,0.038205817341804504,0.41282254457473755
4.0,0,60,diffusion_context_only,0.037039078772068024,0.43971723318099976
4.0,0,61,diffusion_context_only,0.043196361511945724,0.3660045266151428
4.0,0,62,diffusion_context_only,0.06423786282539368,0.18585501611232758
4.0,0,63,diffusion_context_only,0.053391408175230026,0.24784347414970398
4.0,0,64,diffusion_context_only,0.04120685160160065,0.4366726279258728
4.0,0,1,gaussian_context_only,0.04167597797621373,0.686870187898897
4.0,0,2,gaussian_context_only,0.04794641511504937,0.6265516233445154
4.0,0,3,gaussian_context_only,0.03616821222599534,0.5480343805409259
4.0,0,4,gaussian_context_only,0.019526923934414766,0.4902262956922094
4.0,0,5,gaussian_context_only,0.047501572251103796,0.3766237712942573
4.0,0,6,gaussian_context_only,0.04964667988360794,0.41666225139938484
4.0,0,7,gaussian_context_only,0.033317366790628,0.3301431195904322
4.0,0,8,gaussian_context_only,0.04218249018936589,0.5764126095861699
4.0,0,9,gaussian_context_only,0.0501962337017612,0.6364051415275063
4.0,0,10,gaussian_context_only,0.03241135167116982,0.5074532787129387
4.0,0,11,gaussian_context_only,0.045928191014413124,0.5801450190530416
4.0,0,12,gaussian_context_only,0.039081454787916144,0.5318471429638547
4.0,0,13,gaussian_context_only,0.029327545392974184,0.5230796584971731
4.0,0,14,gaussian_context_only,0.03458613519736612,0.3389557842457782
4.0,0,15,gaussian_context_only,0.03812960166804229,0.6525522688552824
4.0,0,16,gaussian_context_only,0.029292824715525623,0.658194814246266
4.0,0,17,gaussian_context_only,0.046258149420822424,0.5060432379264981
4.0,0,18,gaussian_context_only,0.037373842067183756,0.48820810697594824
4.0,0,19,gaussian_context_only,0.029592471367831774,0.3889454754515739
4.0,0,20,gaussian_context_only,0.027391444285807812,0.3243669224488223
4.0,0,21,gaussian_context_only,0.035290366152435235,0.4085903059999123
4.0,0,22,gaussian_context_only,0.022210567762395345,0.5189468504460321
4.0,0,23,gaussian_context_only,0.02323611303215695,0.5537382806932054
4.0,0,24,gaussian_context_only,0.0336091878474215,0.3654790477073755
4.0,0,25,gaussian_context_only,0.05207317091873872,0.41145932070713914
4.0,0,26,gaussian_context_only,0.04200294136195339,0.18235389169474397
4.0,0,27,gaussian_context_only,0.03936958916455523,0.5656848417280127
4.0,0,28,gaussian_context_only,0.0350833457717569,0.48041652360062453
4.0,0,29,gaussian_context_only,0.03642745006495792,0.358438354969116
4.0,0,30,gaussian_context_only,0.053787518617460055,0.419519473378939
4.0,0,31,gaussian_context_only,0.07611490759591477,0.4083028893346494
4.0,0,32,gaussian_context_only,0.1004263370490847,0.36400375344909536
4.0,0,33,gaussian_context_only,0.028994569031782987,0.5410522305272497
4.0,0,34,gaussian_context_only,0.07619212668386575,0.13271447043544976
4.0,0,35,gaussian_context_only,0.03723567659926803,0.3606065096575435
4.0,0,36,gaussian_context_only,0.031945176415041875,0.34566500516384974
4.0,0,37,gaussian_context_only,0.04743080930384285,0.41122327314325147
4.0,0,38,gaussian_context_only,0.02223543707230844,0.5200140883687231
4.0,0,39,gaussian_context_only,0.036131104656629276,0.3978261825902114
4.0,0,40,gaussian_context_only,0.042384662524458605,0.5250988065437276
4.0,0,41,gaussian_context_only,0.0342861240177875,0.47008390347203594
4.0,0,42,gaussian_context_only,0.03502916157554152,0.3710742864146868
4.0,0,43,gaussian_context_only,0.023739652824839384,0.3544374826620219
4.0,0,44,gaussian_context_only,0.03135354735936631,0.46427539373887505
4.0,0,45,gaussian_context_only,0.03743481410734548,0.5279885962629254
4.0,0,46,gaussian_context_only,0.0566757902378753,0.1683383751568559
4.0,0,47,gaussian_context_only,0.038962342683943156,0.36134436796397684
4.0,0,48,gaussian_context_only,0.05094355920734044,0.29841206999442227
4.0,0,49,gaussian_context_only,0.030044536693909493,0.5374255553082338
4.0,0,50,gaussian_context_only,0.043619782827013155,0.38154510037585854
4.0,0,51,gaussian_context_only,0.06766516565101775,0.543094039398442
4.0,0,52,gaussian_context_only,0.035695167134005334,0.24836403864028236
4.0,0,53,gaussian_context_only,0.03618903700521426,0.4592096654120524
4.0,0,54,gaussian_context_only,0.054605229476480784,0.4376073387686919
4.0,0,55,gaussian_context_only,0.04190274112143217,0.3216855623982699
4.0,0,56,gaussian_context_only,0.05320192038890992,0.3260852737885436
4.0,0,57,gaussian_context_only,0.03776528420210932,0.4550190646272261
4.0,0,58,gaussian_context_only,0.03081061117624139,0.44642776710541593
4.0,0,59,gaussian_context_only,0.03728138274819593,0.3457452734673149
4.0,0,60,gaussian_context_only,0.027450622999448435,0.5950340366371402
4.0,0,61,gaussian_context_only,0.02821183086691685,0.5266944336589422
4.0,0,62,gaussian_context_only,0.0362308948585654,0.5111105085084283
4.0,0,63,gaussian_context_only,0.04931244114194821,0.16555837494666947
4.0,0,64,gaussian_context_only,0.03703326105840696,0.4411418950136146
4.0,0,1,gaussian_temporal,0.040930444544227056,0.6932492100959893
4.0,0,2,gaussian_temporal,0.0464781886469866,0.6427726158164042
4.0,0,3,gaussian_temporal,0.03605051334445884,0.550045787017428
4.0,0,4,gaussian_temporal,0.018047638740294393,0.5285937969361163
4.0,0,5,gaussian_temporal,0.04742857399791014,0.37923050591230256
4.0,0,6,gaussian_temporal,0.04857832008629767,0.432920936181204
4.0,0,7,gaussian_temporal,0.03254907514274129,0.3468615693286558
4.0,0,8,gaussian_temporal,0.03921864739048896,0.6168827562718646
4.0,0,9,gaussian_temporal,0.046981739127901406,0.6711394811718813
4.0,0,10,gaussian_temporal,0.03185778686301238,0.5156326193381073
4.0,0,11,gaussian_temporal,0.04646230443785487,0.5721452565372989
4.0,0,12,gaussian_temporal,0.038621062848873115,0.5405077702538625
4.0,0,13,gaussian_temporal,0.028190539315663014,0.544830036267536
4.0,0,14,gaussian_temporal,0.03209334805223263,0.3885189065942616
4.0,0,15,gaussian_temporal,0.03604276007714093,0.677799125146187
4.0,0,16,gaussian_temporal,0.029148491768705494,0.6602232273289345
4.0,0,17,gaussian_temporal,0.0456769081868956,0.5152361687796058
4.0,0,18,gaussian_temporal,0.035699868973708235,0.5175169602188675
4.0,0,19,gaussian_temporal,0.02806148112398577,0.423801658526095
4.0,0,20,gaussian_temporal,0.026572291879703756,0.34085815384340346
4.0,0,21,gaussian_temporal,0.03239237645164394,0.4613682334687083
4.0,0,22,gaussian_temporal,0.021304136038423335,0.5342426213906969
4.0,0,23,gaussian_temporal,0.02296390085931459,0.5575965503672232
4.0,0,24,gaussian_temporal,0.03248940024664779,0.390295417432733
4.0,0,25,gaussian_temporal,0.05118288116843149,0.42767617021668886
4.0,0,26,gaussian_temporal,0.040263311689431286,0.20658127078464603
4.0,0,27,gaussian_temporal,0.03893001500202396,0.572249055601842
4.0,0,28,gaussian_temporal,0.03301806972726416,0.5167282585681928
4.0,0,29,gaussian_temporal,0.03688525796383322,0.3536335549643738
4.0,0,30,gaussian_temporal,0.052854332357341834,0.43410661881552154
4.0,0,31,gaussian_temporal,0.07324537430186283,0.4425740477898545
4.0,0,32,gaussian_temporal,0.09599360160867203,0.4114059017525638
4.0,0,33,gaussian_temporal,0.029769304765230438,0.5280604164325784
4.0,0,34,gaussian_temporal,0.07452190753967672,0.15714549518240944
4.0,0,35,gaussian_temporal,0.037267831766968226,0.35811122899225695
4.0,0,36,gaussian_temporal,0.03288369091418467,0.3281352906308575
4.0,0,37,gaussian_temporal,0.0458103238306136,0.4367165153545792
4.0,0,38,gaussian_temporal,0.02125054326342064,0.544242983836101
4.0,0,39,gaussian_temporal,0.0356644587007938,0.40940387528438615
4.0,0,40,gaussian_temporal,0.04124386476466555,0.5420104778265149
4.0,0,41,gaussian_temporal,0.0339517900429373,0.47780171185769943
4.0,0,42,gaussian_temporal,0.03546853352299813,0.36357363420453354
4.0,0,43,gaussian_temporal,0.023119603251125713,0.3698605884316272
4.0,0,44,gaussian_temporal,0.031113358652579852,0.46816064322841283
4.0,0,45,gaussian_temporal,0.037203476002414464,0.533545908123635
4.0,0,46,gaussian_temporal,0.05570079203422343,0.17908604834024622
4.0,0,47,gaussian_temporal,0.03601265197587058,0.40520730136401195
4.0,0,48,gaussian_temporal,0.0515424461923639,0.2965722668886165
4.0,0,49,gaussian_temporal,0.030198499544281415,0.5360774115072993
4.0,0,50,gaussian_temporal,0.04267944310838631,0.3930691484739878
4.0,0,51,gaussian_temporal,0.06602981946649292,0.5599139934594108
4.0,0,52,gaussian_temporal,0.03556484915667839,0.25727022882786493
4.0,0,53,gaussian_temporal,0.03472274565582611,0.4848037441082471
4.0,0,54,gaussian_temporal,0.05163253670708137,0.476695601379821
4.0,0,55,gaussian_temporal,0.04060253510099159,0.34255969273932113
4.0,0,56,gaussian_temporal,0.054234427934840033,0.31465491160892034
4.0,0,57,gaussian_temporal,0.03806903568909052,0.44993868924612845
4.0,0,58,gaussian_temporal,0.030992222479943175,0.4437149679185373
4.0,0,59,gaussian_temporal,0.03675838829937863,0.3546606520855999
4.0,0,60,gaussian_temporal,0.027025122442336364,0.6027975731384758
4.0,0,61,gaussian_temporal,0.028511408536732095,0.5237522569938997
4.0,0,62,gaussian_temporal,0.0370748210569978,0.4985675314126388
4.0,0,63,gaussian_temporal,0.04842812776074796,0.18288548522405526
4.0,0,64,gaussian_temporal,0.037599410812057824,0.4348832710782084
4.0,0,1,public_fingerprint,0.06324687600135803,0.42065736651420593
4.0,0,2,public_fingerprint,0.08574394136667252,0.1621227264404297
4.0,0,3,public_fingerprint,0.06394641101360321,0.15528984367847443
4.0,0,4,public_fingerprint,0.02891477197408676,0.3265427350997925
4.0,0,5,public_fingerprint,0.054650045931339264,0.30481746792793274
4.0,0,6,public_fingerprint,0.06921554356813431,0.15848305821418762
4.0,0,7,public_fingerprint,0.03743651509284973,0.29322710633277893
4.0,0,8,public_fingerprint,0.06017283350229263,0.32742103934288025
4.0,0,9,public_fingerprint,0.07939185947179794,0.27260810136795044
4.0,0,10,public_fingerprint,0.0491991825401783,0.23022402822971344
4.0,0,11,public_fingerprint,0.07108959555625916,0.243391215801239
4.0,0,12,public_fingerprint,0.04463527724146843,0.4520973265171051
4.0,0,13,public_fingerprint,0.042948294430971146,0.30040186643600464
4.0,0,14,public_fingerprint,0.04091872274875641,0.22233618795871735
4.0,0,15,public_fingerprint,0.07281725108623505,0.19063414633274078
4.0,0,16,public_fingerprint,0.05888926982879639,0.20964431762695312
4.0,0,17,public_fingerprint,0.07493165135383606,0.12363294512033463
4.0,0,18,public_fingerprint,0.0444120354950428,0.4018229842185974
4.0,0,19,public_fingerprint,0.04304521158337593,0.1820189654827118
4.0,0,20,public_fingerprint,0.040776241570711136,0.11121239513158798
4.0,0,21,public_fingerprint,0.03240125626325607,0.4836181104183197
4.0,0,22,public_fingerprint,0.026580819860100746,0.47297123074531555
4.0,0,23,public_fingerprint,0.03086986392736435,0.44487908482551575
4.0,0,24,public_fingerprint,0.0409339964389801,0.27022585272789
4.0,0,25,public_fingerprint,0.07658647000789642,0.09734394401311874
4.0,0,26,public_fingerprint,0.03673814609646797,0.3664543628692627
4.0,0,27,public_fingerprint,0.07328976690769196,0.11641420423984528
4.0,0,28,public_fingerprint,0.05593697726726532,0.1734299659729004
4.0,0,29,public_fingerprint,0.054876524955034256,0.08272869139909744
4.0,0,30,public_fingerprint,0.07749184221029282,0.14867645502090454
4.0,0,31,public_fingerprint,0.10591908544301987,0.10609126836061478
4.0,0,32,public_fingerprint,0.10940711945295334,0.2953178286552429
4.0,0,33,public_fingerprint,0.0429941825568676,0.3652503490447998
4.0,0,34,public_fingerprint,0.10326232761144638,-0.08169683814048767
4.0,0,35,public_fingerprint,0.05776931345462799,0.13209815323352814
4.0,0,36,public_fingerprint,0.02754303626716137,0.5304149389266968
4.0,0,37,public_fingerprint,0.03983980789780617,0.5605023503303528
4.0,0,38,public_fingerprint,0.03567955642938614,0.3859255313873291
4.0,0,39,public_fingerprint,0.03561453893780708,0.4942072629928589
4.0,0,40,public_fingerprint,0.04565854370594025,0.5113919377326965
4.0,0,41,public_fingerprint,0.051656562834978104,0.2676708698272705
4.0,0,42,public_fingerprint,0.033992066979408264,0.4814692437648773
4.0,0,43,public_fingerprint,0.02911486104130745,0.3727039396762848
4.0,0,44,public_fingerprint,0.04386783018708229,0.32975658774375916
4.0,0,45,public_fingerprint,0.06673116981983185,0.1874326914548874
4.0,0,46,public_fingerprint,0.07621166110038757,0.01814444735646248
4.0,0,47,public_fingerprint,0.03602217882871628,0.4838135838508606
4.0,0,48,public_fingerprint,0.05120395869016647,0.3617073893547058
4.0,0,49,public_fingerprint,0.045085303485393524,0.3702540695667267
4.0,0,50,public_fingerprint,0.04144274443387985,0.4813941717147827
4.0,0,51,public_fingerprint,0.06860959529876709,0.5371635556221008
4.0,0,52,public_fingerprint,0.06270718574523926,-0.13940872251987457
4.0,0,53,public_fingerprint,0.048753298819065094,0.3548826575279236
4.0,0,54,public_fingerprint,0.08519908040761948,0.1444157361984253
4.0,0,55,public_fingerprint,0.044205863028764725,0.36721566319465637
4.0,0,56,public_fingerprint,0.037518300116062164,0.5738914012908936
4.0,0,57,public_fingerprint,0.0620693564414978,0.18426674604415894
4.0,0,58,public_fingerprint,0.033950041979551315,0.4946061074733734
4.0,0,59,public_fingerprint,0.07245146483182907,-0.06959427893161774
4.0,0,60,public_fingerprint,0.027701392769813538,0.6356469392776489
4.0,0,61,public_fingerprint,0.03885307163000107,0.4225892722606659
4.0,0,62,public_fingerprint,0.04276520386338234,0.470696359872818
4.0,0,63,public_fingerprint,0.04173586517572403,0.3700774312019348
4.0,0,64,public_fingerprint,0.04998139292001724,0.3212149441242218
4.0,0,1,noisy,207.81503295898438,0.027398861944675446
4.0,0,2,noisy,205.1323699951172,0.013774210587143898
4.0,0,3,noisy,205.21798706054688,0.00792368408292532
4.0,0,4,noisy,206.70774841308594,0.01953100599348545
4.0,0,5,noisy,202.1375732421875,0.02222677320241928
4.0,0,6,noisy,206.356201171875,0.0035541399847716093
4.0,0,7,noisy,205.89505004882812,2.901240804931149e-05
4.0,0,8,noisy,203.98321533203125,0.019477803260087967
4.0,0,9,noisy,205.5446014404297,0.01674233004450798
4.0,0,10,noisy,205.49903869628906,0.002086401917040348
4.0,0,11,noisy,204.04286193847656,0.014796157367527485
4.0,0,12,noisy,202.05419921875,0.011148182675242424
4.0,0,13,noisy,206.87184143066406,0.018880901858210564
4.0,0,14,noisy,208.22360229492188,0.022752799093723297
4.0,0,15,noisy,210.4256134033203,0.022769741714000702
4.0,0,16,noisy,207.29991149902344,0.009416329674422741
4.0,0,17,noisy,208.16539001464844,0.01038326881825924
4.0,0,18,noisy,207.9554901123047,0.006922448053956032
4.0,0,19,noisy,206.11572265625,0.014265002682805061
4.0,0,20,noisy,208.95199584960938,0.0016715332167223096
4.0,0,21,noisy,204.9185791015625,0.025071443989872932
4.0,0,22,noisy,204.8505859375,0.0025452456902712584
4.0,0,23,noisy,205.58302307128906,0.004462652839720249
4.0,0,24,noisy,207.47523498535156,0.00900408998131752
4.0,0,25,noisy,206.4132080078125,0.04187026992440224
4.0,0,26,noisy,204.35858154296875,-0.01414537150412798
4.0,0,27,noisy,207.2633819580078,0.024847833439707756
4.0,0,28,noisy,212.63949584960938,0.01876717247068882
4.0,0,29,noisy,206.90463256835938,0.010744956322014332
4.0,0,30,noisy,210.06875610351562,0.006756030023097992
4.0,0,31,noisy,205.817138671875,0.0338934101164341
4.0,0,32,noisy,206.7221221923828,0.024573996663093567
4.0,0,33,noisy,208.0133514404297,0.015880605205893517
4.0,0,34,noisy,206.64244079589844,0.014533767476677895
4.0,0,35,noisy,211.1226348876953,0.010019931942224503
4.0,0,36,noisy,203.93972778320312,0.0009109059465117753
4.0,0,37,noisy,206.70693969726562,0.006395603995770216
4.0,0,38,noisy,209.43203735351562,0.014233898371458054
4.0,0,39,noisy,205.70864868164062,0.020486727356910706
4.0,0,40,noisy,208.4480743408203,0.02337072230875492
4.0,0,41,noisy,209.72186279296875,0.008406347595155239
4.0,0,42,noisy,208.58660888671875,0.023517202585935593
4.0,0,43,noisy,207.09201049804688,-0.00021664879750460386
4.0,0,44,noisy,210.18028259277344,0.017938116565346718
4.0,0,45,noisy,205.1959991455078,0.015157167799770832
4.0,0,46,noisy,212.47930908203125,0.010778071358799934
4.0,0,47,noisy,205.44781494140625,0.007373762782663107
4.0,0,48,noisy,207.2846221923828,0.01647369936108589
4.0,0,49,noisy,203.78399658203125,0.007330062333494425
4.0,0,50,noisy,205.12364196777344,0.016551941633224487
4.0,0,51,noisy,205.2940673828125,0.02765287458896637
4.0,0,52,noisy,212.10491943359375,0.01710962876677513
4.0,0,53,noisy,206.5204620361328,0.029119295999407768
4.0,0,54,noisy,205.9533233642578,0.023253951221704483
4.0,0,55,noisy,204.44903564453125,0.017364701256155968
4.0,0,56,noisy,205.7310791015625,0.01521812379360199
4.0,0,57,noisy,210.84921264648438,0.024239927530288696
4.0,0,58,noisy,212.93431091308594,0.01912299543619156
4.0,0,59,noisy,204.95298767089844,0.012068748474121094
4.0,0,60,noisy,209.12440490722656,0.025788238272070885
4.0,0,61,noisy,205.54563903808594,0.023060474544763565
4.0,0,62,noisy,206.19696044921875,0.014718033373355865
4.0,0,63,noisy,209.16860961914062,0.016797354444861412
4.0,0,64,noisy,205.627685546875,0.023257846012711525
4.0,0,1,zero,0.07546552270650864,0.0
4.0,0,2,zero,0.07684040069580078,0.0
4.0,0,3,zero,0.0514252595603466,0.0
4.0,0,4,zero,0.020319528877735138,0.0
4.0,0,5,zero,0.053139667958021164,0.0
4.0,0,6,zero,0.05889037996530533,0.0
4.0,0,7,zero,0.031110038980841637,0.0
4.0,0,8,zero,0.06316276639699936,0.0
4.0,0,9,zero,0.08135263621807098,0.0
4.0,0,10,zero,0.042035896331071854,0.0
4.0,0,11,zero,0.0684666708111763,0.0
4.0,0,12,zero,0.053958822041749954,0.0
4.0,0,13,zero,0.039073824882507324,0.0
4.0,0,14,zero,0.030875390395522118,0.0
4.0,0,15,zero,0.06558234989643097,0.0
4.0,0,16,zero,0.0514102429151535,0.0
4.0,0,17,zero,0.06218067184090614,0.0
4.0,0,18,zero,0.048350706696510315,0.0
4.0,0,19,zero,0.02985246852040291,0.0
4.0,0,20,zero,0.022548453882336617,0.0
4.0,0,21,zero,0.03763003647327423,0.0
4.0,0,22,zero,0.026702573522925377,0.0
4.0,0,23,zero,0.031550075858831406,0.0
4.0,0,24,zero,0.03248487412929535,0.0
4.0,0,25,zero,0.060448650270700455,0.0
4.0,0,26,zero,0.03362107276916504,0.0
4.0,0,27,zero,0.057788949459791183,0.0
4.0,0,28,zero,0.04334303364157677,0.0
4.0,0,29,zero,0.03460105136036873,0.0
4.0,0,30,zero,0.06445123255252838,0.0
4.0,0,31,zero,0.09082292020320892,0.0
4.0,0,32,zero,0.11554393172264099,0.0
4.0,0,33,zero,0.0399327427148819,0.0
4.0,0,34,zero,0.06828255951404572,0.0
4.0,0,35,zero,0.037344492971897125,0.0
4.0,0,36,zero,0.028757305815815926,0.0
4.0,0,37,zero,0.054816074669361115,0.0
4.0,0,38,zero,0.026656221598386765,0.0
4.0,0,39,zero,0.03893920034170151,0.0
4.0,0,40,zero,0.05830937996506691,0.0
4.0,0,41,zero,0.04034850001335144,0.0
4.0,0,42,zero,0.033260151743888855,0.0
4.0,0,43,zero,0.012405915185809135,0.0
4.0,0,44,zero,0.03327656909823418,0.0
4.0,0,45,zero,0.04996202886104584,0.0
4.0,0,46,zero,0.045163173228502274,0.0
4.0,0,47,zero,0.03622336685657501,0.0
4.0,0,48,zero,0.04585982486605644,0.0
4.0,0,49,zero,0.038370758295059204,0.0
4.0,0,50,zero,0.0453222393989563,0.0
4.0,0,51,zero,0.09588649123907089,0.0
4.0,0,52,zero,0.021859770640730858,0.0
4.0,0,53,zero,0.04143345355987549,0.0
4.0,0,54,zero,0.06614887714385986,0.0
4.0,0,55,zero,0.037487078458070755,0.0
4.0,0,56,zero,0.05249562859535217,0.0
4.0,0,57,zero,0.04208605736494064,0.0
4.0,0,58,zero,0.033691681921482086,0.0
4.0,0,59,zero,0.03473273292183876,0.0
4.0,0,60,zero,0.041507918387651443,0.0
4.0,0,61,zero,0.03424562141299248,0.0
4.0,0,62,zero,0.04704555869102478,0.0
4.0,0,63,zero,0.03304199129343033,0.0
4.0,0,64,zero,0.04118429496884346,0.0
4.0,0,1,projection_oracle,0.010746004991233349,0.9283711314201355
4.0,0,2,projection_oracle,0.009471636265516281,0.938349187374115
4.0,0,3,projection_oracle,0.009545911103487015,0.9073610305786133
4.0,0,4,projection_oracle,0.007205730304121971,0.8377783298492432
4.0,0,5,projection_oracle,0.015447335317730904,0.8486136198043823
4.0,0,6,projection_oracle,0.010796907357871532,0.9083194732666016
4.0,0,7,projection_oracle,0.009183421730995178,0.8577520847320557
4.0,0,8,projection_oracle,0.010370125994086266,0.9160040616989136
4.0,0,9,projection_oracle,0.009473618119955063,0.9415075182914734
4.0,0,10,projection_oracle,0.010327164083719254,0.8770822882652283
4.0,0,11,projection_oracle,0.010646832175552845,0.9209471344947815
4.0,0,12,projection_oracle,0.009699695743620396,0.9089466333389282
4.0,0,13,projection_oracle,0.012517018243670464,0.839553713798523
4.0,0,14,projection_oracle,0.009575216099619865,0.8493726253509521
4.0,0,15,projection_oracle,0.012858245521783829,0.9011756777763367
4.0,0,16,projection_oracle,0.009323446080088615,0.9085575342178345
4.0,0,17,projection_oracle,0.00888464879244566,0.9292743802070618
4.0,0,18,projection_oracle,0.011406547389924526,0.8804998993873596
4.0,0,19,projection_oracle,0.010439177043735981,0.8280364871025085
4.0,0,20,projection_oracle,0.01055796630680561,0.790347158908844
4.0,0,21,projection_oracle,0.010253367945551872,0.8608996868133545
4.0,0,22,projection_oracle,0.008833934552967548,0.8373609781265259
4.0,0,23,projection_oracle,0.009394128806889057,0.8528083562850952
4.0,0,24,projection_oracle,0.00907138828188181,0.862117350101471
4.0,0,25,projection_oracle,0.013033478520810604,0.8917710185050964
4.0,0,26,projection_oracle,0.010196669958531857,0.8471698760986328
4.0,0,27,projection_oracle,0.01379397138953209,0.8792353868484497
4.0,0,28,projection_oracle,0.014532447792589664,0.8267033100128174
4.0,0,29,projection_oracle,0.010920844040811062,0.847213864326477
4.0,0,30,projection_oracle,0.011181676760315895,0.9132607579231262
4.0,0,31,projection_oracle,0.01601252518594265,0.909838855266571
4.0,0,32,projection_oracle,0.01877453736960888,0.9165348410606384
4.0,0,33,projection_oracle,0.010979128070175648,0.8592982292175293
4.0,0,34,projection_oracle,0.01783696934580803,0.8653681874275208
4.0,0,35,projection_oracle,0.012383775785565376,0.8363050222396851
4.0,0,36,projection_oracle,0.010001069866120815,0.8316779732704163
4.0,0,37,projection_oracle,0.011769994162023067,0.8916633725166321
4.0,0,38,projection_oracle,0.011467822827398777,0.7947021722793579
4.0,0,39,projection_oracle,0.012999377213418484,0.8303762674331665
4.0,0,40,projection_oracle,0.015442214906215668,0.8631734848022461
4.0,0,41,projection_oracle,0.013277404941618443,0.8331088423728943
4.0,0,42,projection_oracle,0.012828683480620384,0.8139059543609619
4.0,0,43,projection_oracle,0.010973644442856312,0.6443476676940918
4.0,0,44,projection_oracle,0.0124136321246624,0.8126314282417297
4.0,0,45,projection_oracle,0.015421105548739433,0.8453356027603149
4.0,0,46,projection_oracle,0.014877592213451862,0.8382638096809387
4.0,0,47,projection_oracle,0.01319096703082323,0.8166090846061707
4.0,0,48,projection_oracle,0.011363285593688488,0.8779877424240112
4.0,0,49,projection_oracle,0.01117619313299656,0.8575818538665771
4.0,0,50,projection_oracle,0.011948472820222378,0.8684582710266113
4.0,0,51,projection_oracle,0.01765451580286026,0.9042907953262329
4.0,0,52,projection_oracle,0.012966901995241642,0.7403748631477356
4.0,0,53,projection_oracle,0.013435913249850273,0.8354621529579163
4.0,0,54,projection_oracle,0.0183268915861845,0.8548455834388733
4.0,0,55,projection_oracle,0.015643106773495674,0.7904258966445923
4.0,0,56,projection_oracle,0.012910161167383194,0.8757961988449097
4.0,0,57,projection_oracle,0.01443671714514494,0.8284330368041992
4.0,0,58,projection_oracle,0.010772943496704102,0.8429856896400452
4.0,0,59,projection_oracle,0.01377997174859047,0.8042923808097839
4.0,0,60,projection_oracle,0.013331488706171513,0.8343693017959595
4.0,0,61,projection_oracle,0.01236385852098465,0.8184559345245361
4.0,0,62,projection_oracle,0.011676945723593235,0.8734322190284729
4.0,0,63,projection_oracle,0.016326984390616417,0.7526836395263672
4.0,0,64,projection_oracle,0.016136985272169113,0.8019786477088928
4.0,1,1,gaussian_current,0.020550082736944336,0.4773448180597561
4.0,1,2,gaussian_current,0.02876366660885642,0.6355965881519576
4.0,1,3,gaussian_current,0.05099521726352077,0.4817810617224776
4.0,1,4,gaussian_current,0.0227674338589218,0.6524922742391099
4.0,1,5,gaussian_current,0.04479208018197246,0.3820180579195411
4.0,1,6,gaussian_current,0.02182725551727338,0.746851512224513
4.0,1,7,gaussian_current,0.0524340246296795,0.3899246961609435
4.0,1,8,gaussian_current,0.02411658441053852,0.6902297639420752
4.0,1,9,gaussian_current,0.04040078528170433,0.5713655292458564
4.0,1,10,gaussian_current,0.02703378038936653,0.476748979870308
4.0,1,11,gaussian_current,0.024365857448437642,0.512356740430953
4.0,1,12,gaussian_current,0.023065885857881024,0.6204340539942685
4.0,1,13,gaussian_current,0.0402573732303016,0.43203346738318177
4.0,1,14,gaussian_current,0.02262577119513591,0.5255675228978711
4.0,1,15,gaussian_current,0.040007574960941684,0.36954125280215777
4.0,1,16,gaussian_current,0.036201706364645155,0.3600604253298331
4.0,1,17,gaussian_current,0.027663029818294275,0.46718773501518907
4.0,1,18,gaussian_current,0.019800314583628346,0.5411915151879515
4.0,1,19,gaussian_current,0.041798455413348236,0.3992895628749276
4.0,1,20,gaussian_current,0.02431829984712131,0.572935123630745
4.0,1,21,gaussian_current,0.021238755470150975,0.6896908788028644
4.0,1,22,gaussian_current,0.021337703506149816,0.45794194428862334
4.0,1,23,gaussian_current,0.039792043364806615,0.37031475221384286
4.0,1,24,gaussian_current,0.046108083865526346,0.6405643976934281
4.0,1,25,gaussian_current,0.028235307049807493,0.4751879599295751
4.0,1,26,gaussian_current,0.05142761039414216,0.4951206351085468
4.0,1,27,gaussian_current,0.04867178313935076,0.42615344406440786
4.0,1,28,gaussian_current,0.04222031609441132,0.2769884993361441
4.0,1,29,gaussian_current,0.03837226467777718,0.1838116543732105
4.0,1,30,gaussian_current,0.037795858820670596,0.47777963619106595
4.0,1,31,gaussian_current,0.03175832325340347,0.5525568662102299
4.0,1,32,gaussian_current,0.040142618332932804,0.10968782910436391
4.0,1,33,gaussian_current,0.03722019531226088,0.38213161775775345
4.0,1,34,gaussian_current,0.04917919804887565,0.40170346613559443
4.0,1,35,gaussian_current,0.049542892948849435,0.39987498994517806
4.0,1,36,gaussian_current,0.02945227518274856,0.40448346373620475
4.0,1,37,gaussian_current,0.03765333979934918,0.3517562143787825
4.0,1,38,gaussian_current,0.04451244647589083,0.4530941454845499
4.0,1,39,gaussian_current,0.042208513918526015,0.4770475321040862
4.0,1,40,gaussian_current,0.03624371406557965,0.5656142997812427
4.0,1,41,gaussian_current,0.05524107043080896,0.4535104268462986
4.0,1,42,gaussian_current,0.05073740363406061,0.5473986406271699
4.0,1,43,gaussian_current,0.03155650704161544,0.5228212896548662
4.0,1,44,gaussian_current,0.023051346675165594,0.6595746118674299
4.0,1,45,gaussian_current,0.04554799257820996,0.5350473308392673
4.0,1,46,gaussian_current,0.03248591325578595,0.4655177539077692
4.0,1,47,gaussian_current,0.04701485745948683,0.471048089222786
4.0,1,48,gaussian_current,0.03406560257489412,0.3949340120541172
4.0,1,49,gaussian_current,0.032073507003771415,0.6258296123640195
4.0,1,50,gaussian_current,0.05117553050941905,0.2492067793099966
4.0,1,51,gaussian_current,0.03744984728115497,0.6033194183884116
4.0,1,52,gaussian_current,0.025531994452903897,0.5497293479571779
4.0,1,53,gaussian_current,0.04802938705700649,0.37043684730504334
4.0,1,54,gaussian_current,0.05012780946418012,0.22483750670682695
4.0,1,55,gaussian_current,0.04191185495449459,0.384354370236786
4.0,1,56,gaussian_current,0.033758455975700735,0.5362253231895677
4.0,1,57,gaussian_current,0.030203092322130757,0.595631574590333
4.0,1,58,gaussian_current,0.05010336048077119,0.4325101293930734
4.0,1,59,gaussian_current,0.03582801317723266,0.5053815304463476
4.0,1,60,gaussian_current,0.041484340619373075,0.5521802336823362
4.0,1,61,gaussian_current,0.05496819356734047,0.3847541491208485
4.0,1,62,gaussian_current,0.04721332789695166,0.5157024635770086
4.0,1,63,gaussian_current,0.02999758013184943,0.5047494657094205
4.0,1,64,gaussian_current,0.03521153537613681,0.4822075532894192
4.0,1,1,diffusion_temporal,0.0312829352915287,0.25857266783714294
4.0,1,2,diffusion_temporal,0.03009994514286518,0.6160278916358948
4.0,1,3,diffusion_temporal,0.059388503432273865,0.3851054608821869
4.0,1,4,diffusion_temporal,0.03159665688872337,0.49063587188720703
4.0,1,5,diffusion_temporal,0.061914924532175064,0.21262285113334656
4.0,1,6,diffusion_temporal,0.03145632892847061,0.6360390186309814
4.0,1,7,diffusion_temporal,0.08082594722509384,0.05551138520240784
4.0,1,8,diffusion_temporal,0.03636937960982323,0.5686680674552917
4.0,1,9,diffusion_temporal,0.05309106409549713,0.44413065910339355
4.0,1,10,diffusion_temporal,0.036845654249191284,0.3407245874404907
4.0,1,11,diffusion_temporal,0.037898432463407516,0.3650316894054413
4.0,1,12,diffusion_temporal,0.03437034413218498,0.5099989175796509
4.0,1,13,diffusion_temporal,0.03799198940396309,0.4738970696926117
4.0,1,14,diffusion_temporal,0.03421657904982567,0.3882594704627991
4.0,1,15,diffusion_temporal,0.05864567309617996,0.13187377154827118
4.0,1,16,diffusion_temporal,0.06622191518545151,0.07684584707021713
4.0,1,17,diffusion_temporal,0.02936634235084057,0.497535765171051
4.0,1,18,diffusion_temporal,0.03493129834532738,0.39486730098724365
4.0,1,19,diffusion_temporal,0.05790451541543007,0.23650036752223969
4.0,1,20,diffusion_temporal,0.045441288501024246,0.2107626050710678
4.0,1,21,diffusion_temporal,0.046832725405693054,0.32191476225852966
4.0,1,22,diffusion_temporal,0.04004409909248352,0.19685347378253937
4.0,1,23,diffusion_temporal,0.04801128804683685,0.2547146677970886
4.0,1,24,diffusion_temporal,0.08078309893608093,0.26110291481018066
4.0,1,25,diffusion_temporal,0.039055511355400085,0.2589000165462494
4.0,1,26,diffusion_temporal,0.07146697491407394,0.2684864103794098
4.0,1,27,diffusion_temporal,0.06540621817111969,0.3089378774166107
4.0,1,28,diffusion_temporal,0.05536797642707825,0.09916984289884567
4.0,1,29,diffusion_temporal,0.04752587527036667,0.21449507772922516
4.0,1,30,diffusion_temporal,0.05568253993988037,0.2584909498691559
4.0,1,31,diffusion_temporal,0.04402613267302513,0.4263465702533722
4.0,1,32,diffusion_temporal,0.030443759635090828,0.3724364936351776
4.0,1,33,diffusion_temporal,0.05831216648221016,0.09745598584413528
4.0,1,34,diffusion_temporal,0.06639718264341354,0.19681724905967712
4.0,1,35,diffusion_temporal,0.06008046865463257,0.3615454137325287
4.0,1,36,diffusion_temporal,0.051721151918172836,0.12117299437522888
4.0,1,37,diffusion_temporal,0.04811815544962883,0.3242034614086151
4.0,1,38,diffusion_temporal,0.05787670612335205,0.35524240136146545
4.0,1,39,diffusion_temporal,0.046392496675252914,0.4460738003253937
4.0,1,40,diffusion_temporal,0.049547839909791946,0.45391398668289185
4.0,1,41,diffusion_temporal,0.059642329812049866,0.40469232201576233
4.0,1,42,diffusion_temporal,0.060322053730487823,0.5131482481956482
4.0,1,43,diffusion_temporal,0.04043282940983772,0.4675746560096741
4.0,1,44,diffusion_temporal,0.03890153020620346,0.4606145918369293
4.0,1,45,diffusion_temporal,0.050119951367378235,0.5475115180015564
4.0,1,46,diffusion_temporal,0.052218273282051086,0.25959110260009766
4.0,1,47,diffusion_temporal,0.041365738958120346,0.5709357857704163
4.0,1,48,diffusion_temporal,0.04896550625562668,0.3926970660686493
4.0,1,49,diffusion_temporal,0.04442831873893738,0.47282978892326355
4.0,1,50,diffusion_temporal,0.070248082280159,0.07643222063779831
4.0,1,51,diffusion_temporal,0.05674561485648155,0.39762717485427856
4.0,1,52,diffusion_temporal,0.03606001287698746,0.4281570613384247
4.0,1,53,diffusion_temporal,0.056435830891132355,0.33831077814102173
4.0,1,54,diffusion_temporal,0.04288006201386452,0.33717942237854004
4.0,1,55,diffusion_temporal,0.04227388650178909,0.48596060276031494
4.0,1,56,diffusion_temporal,0.04856749624013901,0.41362327337265015
4.0,1,57,diffusion_temporal,0.030630100518465042,0.6245150566101074
4.0,1,58,diffusion_temporal,0.048037175089120865,0.48046714067459106
4.0,1,59,diffusion_temporal,0.031429413706064224,0.5988147258758545
4.0,1,60,diffusion_temporal,0.052132632583379745,0.45697319507598877
4.0,1,61,diffusion_temporal,0.049825478345155716,0.49300459027290344
4.0,1,62,diffusion_temporal,0.06461886316537857,0.35136470198631287
4.0,1,63,diffusion_temporal,0.03855495527386665,0.41797488927841187
4.0,1,64,diffusion_temporal,0.03886902332305908,0.5166853070259094
4.0,1,1,diffusion_context_only,0.03136475756764412,0.26844003796577454
4.0,1,2,diffusion_context_only,0.03310702368617058,0.5764118432998657
4.0,1,3,diffusion_context_only,0.05919109657406807,0.37813565135002136
4.0,1,4,diffusion_context_only,0.035032838582992554,0.4266924262046814
4.0,1,5,diffusion_context_only,0.06112491339445114,0.2564960718154907
4.0,1,6,diffusion_context_only,0.04069248586893082,0.5248900055885315
4.0,1,7,diffusion_context_only,0.08960980176925659,-0.009456419385969639
4.0,1,8,diffusion_context_only,0.03537781909108162,0.5792949795722961
4.0,1,9,diffusion_context_only,0.051919423043727875,0.4481058418750763
4.0,1,10,diffusion_context_only,0.03738073259592056,0.30398452281951904
4.0,1,11,diffusion_context_only,0.04023934528231621,0.34803807735443115
4.0,1,12,diffusion_context_only,0.03496718034148216,0.48651987314224243
4.0,1,13,diffusion_context_only,0.0397753044962883,0.4548077881336212
4.0,1,14,diffusion_context_only,0.03795941546559334,0.32522305846214294
4.0,1,15,diffusion_context_only,0.05939429998397827,0.08232851326465607
4.0,1,16,diffusion_context_only,0.0711221843957901,0.027908382937312126
4.0,1,17,diffusion_context_only,0.02911282144486904,0.5135164856910706
4.0,1,18,diffusion_context_only,0.0344407744705677,0.37256425619125366
4.0,1,19,diffusion_context_only,0.05958245322108269,0.21642759442329407
4.0,1,20,diffusion_context_only,0.04969262704253197,0.15903058648109436
4.0,1,21,diffusion_context_only,0.04814503714442253,0.29848313331604004
4.0,1,22,diffusion_context_only,0.03862795978784561,0.18881691992282867
4.0,1,23,diffusion_context_only,0.04797706380486488,0.2587926983833313
4.0,1,24,diffusion_context_only,0.08938034623861313,0.16682279109954834
4.0,1,25,diffusion_context_only,0.040872566401958466,0.23210708796977997
4.0,1,26,diffusion_context_only,0.07126987725496292,0.25902146100997925
4.0,1,27,diffusion_context_only,0.0638539120554924,0.3155874013900757
4.0,1,28,diffusion_context_only,0.05390309914946556,0.11035364121198654
4.0,1,29,diffusion_context_only,0.04564070329070091,0.22454863786697388
4.0,1,30,diffusion_context_only,0.056699786335229874,0.24724286794662476
4.0,1,31,diffusion_context_only,0.0448494628071785,0.41128721833229065
4.0,1,32,diffusion_context_only,0.03121093660593033,0.3611922264099121
4.0,1,33,diffusion_context_only,0.059748150408267975,0.0768011212348938
4.0,1,34,diffusion_context_only,0.06587472558021545,0.2088598608970642
4.0,1,35,diffusion_context_only,0.05984746664762497,0.36608779430389404
4.0,1,36,diffusion_context_only,0.050766441971063614,0.1280459463596344
4.0,1,37,diffusion_context_only,0.0480671301484108,0.3266724646091461
4.0,1,38,diffusion_context_only,0.05841807276010513,0.35225287079811096
4.0,1,39,diffusion_context_only,0.046950191259384155,0.4375610947608948
4.0,1,40,diffusion_context_only,0.049711160361766815,0.4553207755088806
4.0,1,41,diffusion_context_only,0.06089569255709648,0.39215561747550964
4.0,1,42,diffusion_context_only,0.062311507761478424,0.48947182297706604
4.0,1,43,diffusion_context_only,0.04267653822898865,0.4266875982284546
4.0,1,44,diffusion_context_only,0.04022137075662613,0.4400704503059387
4.0,1,45,diffusion_context_only,0.04988233745098114,0.5488852262496948
4.0,1,46,diffusion_context_only,0.05285248905420303,0.24793502688407898
4.0,1,47,diffusion_context_only,0.041669901460409164,0.5668150186538696
4.0,1,48,diffusion_context_only,0.04772673547267914,0.40571874380111694
4.0,1,49,diffusion_context_only,0.04500793293118477,0.4643540382385254
4.0,1,50,diffusion_context_only,0.06949178874492645,0.08787525445222855
4.0,1,51,diffusion_context_only,0.05831613764166832,0.37286314368247986
4.0,1,52,diffusion_context_only,0.037120211869478226,0.40698668360710144
4.0,1,53,diffusion_context_only,0.059082742780447006,0.3088875412940979
4.0,1,54,diffusion_context_only,0.04325380176305771,0.32195547223091125
4.0,1,55,diffusion_context_only,0.041853997856378555,0.48511675000190735
4.0,1,56,diffusion_context_only,0.04912334308028221,0.4082256257534027
4.0,1,57,diffusion_context_only,0.03009498491883278,0.630916178226471
4.0,1,58,diffusion_context_only,0.048614323139190674,0.47013604640960693
4.0,1,59,diffusion_context_only,0.031501125544309616,0.5992950201034546
4.0,1,60,diffusion_context_only,0.05406779423356056,0.4339441955089569
4.0,1,61,diffusion_context_only,0.049189526587724686,0.5016423463821411
4.0,1,62,diffusion_context_only,0.0665162205696106,0.33164140582084656
4.0,1,63,diffusion_context_only,0.03909134492278099,0.41444191336631775
4.0,1,64,diffusion_context_only,0.03939756378531456,0.5088679194450378
4.0,1,1,gaussian_context_only,0.026358992461765308,0.33272148252928846
4.0,1,2,gaussian_context_only,0.027014379410548794,0.6628527752980103
4.0,1,3,gaussian_context_only,0.04293446481684767,0.5893635985509988
4.0,1,4,gaussian_context_only,0.02284685677531042,0.6551187665744873
4.0,1,5,gaussian_context_only,0.045614108294445926,0.3706550738089356
4.0,1,6,gaussian_context_only,0.025641405678971628,0.6784619415243274
4.0,1,7,gaussian_context_only,0.06950911666956726,0.17402881672110923
4.0,1,8,gaussian_context_only,0.021945956251838216,0.7205712043535873
4.0,1,9,gaussian_context_only,0.0385878395741067,0.5884201051275874
4.0,1,10,gaussian_context_only,0.028088556197920785,0.38443765765060994
4.0,1,11,gaussian_context_only,0.02497226999842217,0.4165423605216992
4.0,1,12,gaussian_context_only,0.025206350272086557,0.567476909702705
4.0,1,13,gaussian_context_only,0.04189825958453605,0.38554968941669604
4.0,1,14,gaussian_context_only,0.02327740525314709,0.49209386670598615
4.0,1,15,gaussian_context_only,0.03733249775474906,0.38838572568824253
4.0,1,16,gaussian_context_only,0.037980993724121136,0.3340172440748621
4.0,1,17,gaussian_context_only,0.027769752582007874,0.4496864351726884
4.0,1,18,gaussian_context_only,0.022034082036320027,0.48363799817278763
4.0,1,19,gaussian_context_only,0.04083617325556994,0.4148878824207882
4.0,1,20,gaussian_context_only,0.02975566720381322,0.4539475321176163
4.0,1,21,gaussian_context_only,0.02734297354563058,0.576947410801529
4.0,1,22,gaussian_context_only,0.021248692650842144,0.4470899441257071
4.0,1,23,gaussian_context_only,0.04684455641636341,0.2521971137640721
4.0,1,24,gaussian_context_only,0.06526676997243039,0.4076609076442273
4.0,1,25,gaussian_context_only,0.023500219007227117,0.5608088046324257
4.0,1,26,gaussian_context_only,0.058992693054249035,0.38456111189482634
4.0,1,27,gaussian_context_only,0.05233951829024983,0.36349617751171126
4.0,1,28,gaussian_context_only,0.03689920182896345,0.3474154637748809
4.0,1,29,gaussian_context_only,0.030275744674254562,0.28682096475891805
4.0,1,30,gaussian_context_only,0.04128378775084939,0.4175442971680861
4.0,1,31,gaussian_context_only,0.041300417688935415,0.4081289863559692
4.0,1,32,gaussian_context_only,0.02952001343870919,0.3037453747660578
4.0,1,33,gaussian_context_only,0.04649176742916057,0.22170031167632004
4.0,1,34,gaussian_context_only,0.05031070081163576,0.4134845990662768
4.0,1,35,gaussian_context_only,0.04914795081139065,0.41189942687105746
4.0,1,36,gaussian_context_only,0.03343072545455463,0.34819343211179743
4.0,1,37,gaussian_context_only,0.036040015847888116,0.3644723774538799
4.0,1,38,gaussian_context_only,0.044759331001887025,0.44868073044401924
4.0,1,39,gaussian_context_only,0.04428938910988389,0.44341594566282744
4.0,1,40,gaussian_context_only,0.04284969475094403,0.4733388591658233
4.0,1,41,gaussian_context_only,0.06001241195425519,0.4024883725461007
4.0,1,42,gaussian_context_only,0.06636120759426922,0.34847434197997373
4.0,1,43,gaussian_context_only,0.04423582505641375,0.3245562981633615
4.0,1,44,gaussian_context_only,0.028369326935519426,0.5694969736531657
4.0,1,45,gaussian_context_only,0.043888380531239744,0.5519851095958873
4.0,1,46,gaussian_context_only,0.03397603186982045,0.44201339432547804
4.0,1,47,gaussian_context_only,0.05569099461149681,0.34015020385715034
4.0,1,48,gaussian_context_only,0.04006547627877178,0.3154287764382041
4.0,1,49,gaussian_context_only,0.03381953509074147,0.59631513800939
4.0,1,50,gaussian_context_only,0.05171289446691909,0.24952069647233618
4.0,1,51,gaussian_context_only,0.060135637994955665,0.28749900808047835
4.0,1,52,gaussian_context_only,0.025830596619505687,0.5338484737258495
4.0,1,53,gaussian_context_only,0.05247308001126035,0.3064450055719391
4.0,1,54,gaussian_context_only,0.0420258927985283,0.3049086836474497
4.0,1,55,gaussian_context_only,0.04406724911453008,0.3297559557172254
4.0,1,56,gaussian_context_only,0.039319753744728785,0.4559630685511298
4.0,1,57,gaussian_context_only,0.03487941951136535,0.5303936761807082
4.0,1,58,gaussian_context_only,0.04961580952474652,0.42750648639855193
4.0,1,59,gaussian_context_only,0.03533397023887659,0.5160041143889071
4.0,1,60,gaussian_context_only,0.05249935412419093,0.4014451673606735
4.0,1,61,gaussian_context_only,0.0508556893299239,0.43702026140379957
4.0,1,62,gaussian_context_only,0.05466942601445426,0.4194320364148528
4.0,1,63,gaussian_context_only,0.03360146944303211,0.48739071772051734
4.0,1,64,gaussian_context_only,0.0338089541968551,0.503721151950489
4.0,1,1,gaussian_temporal,0.024776892060046424,0.3691569747991608
4.0,1,2,gaussian_temporal,0.02808104457335196,0.6460302645795044
4.0,1,3,gaussian_temporal,0.04257245031977878,0.5943000756944321
4.0,1,4,gaussian_temporal,0.02340303812179983,0.6459285926090148
4.0,1,5,gaussian_temporal,0.04276174304746799,0.40732278575420583
4.0,1,6,gaussian_temporal,0.024698116842802046,0.6939651597976177
4.0,1,7,gaussian_temporal,0.06760681882242281,0.19514896994260233
4.0,1,8,gaussian_temporal,0.022102523006799255,0.7182977945351698
4.0,1,9,gaussian_temporal,0.037989429912661576,0.5980205935903292
4.0,1,10,gaussian_temporal,0.027666631183453336,0.39656785585899934
4.0,1,11,gaussian_temporal,0.025176214103502712,0.41746333610591463
4.0,1,12,gaussian_temporal,0.024223970160730704,0.5876327390316818
4.0,1,13,gaussian_temporal,0.041764921081903064,0.39377280952318144
4.0,1,14,gaussian_temporal,0.022618325704301168,0.5105490957027115
4.0,1,15,gaussian_temporal,0.03820392317504468,0.37351783792963655
4.0,1,16,gaussian_temporal,0.037142976356554315,0.34230556990259947
4.0,1,17,gaussian_temporal,0.02830266177739279,0.43748331418255937
4.0,1,18,gaussian_temporal,0.02191894805264174,0.48999225660310364
4.0,1,19,gaussian_temporal,0.04090661363484847,0.4169436293969822
4.0,1,20,gaussian_temporal,0.028887341319061365,0.4701755365099986
4.0,1,21,gaussian_temporal,0.02568037017242811,0.608594106151682
4.0,1,22,gaussian_temporal,0.021516138325291846,0.43556558803914214
4.0,1,23,gaussian_temporal,0.045736331030596745,0.2679081047591279
4.0,1,24,gaussian_temporal,0.060591362286071454,0.4714243482144056
4.0,1,25,gaussian_temporal,0.024053156802681226,0.5505939019730038
4.0,1,26,gaussian_temporal,0.0555306787487409,0.4334481048552068
4.0,1,27,gaussian_temporal,0.05094400844767419,0.38319661900036645
4.0,1,28,gaussian_temporal,0.0364651580161109,0.35461791382687435
4.0,1,29,gaussian_temporal,0.03180469300704471,0.2624317734207049
4.0,1,30,gaussian_temporal,0.0402117416815476,0.43353731919400706
4.0,1,31,gaussian_temporal,0.04166774022191239,0.39868484786081965
4.0,1,32,gaussian_temporal,0.029560785593446975,0.29764650592382025
4.0,1,33,gaussian_temporal,0.045420430788760416,0.24593539643121892
4.0,1,34,gaussian_temporal,0.04806449668687195,0.4410026865220301
4.0,1,35,gaussian_temporal,0.0482350773333616,0.42604914537426586
4.0,1,36,gaussian_temporal,0.03431457827059404,0.3323536811088908
4.0,1,37,gaussian_temporal,0.0367454295888665,0.3540509282022261
4.0,1,38,gaussian_temporal,0.04547195472612281,0.4352937502825411
4.0,1,39,gaussian_temporal,0.04377654953246224,0.4515835592569474
4.0,1,40,gaussian_temporal,0.04117159590876015,0.4961962192523198
4.0,1,41,gaussian_temporal,0.058805483399825983,0.41485803716737313
4.0,1,42,gaussian_temporal,0.06405909762643246,0.3798126542257588
4.0,1,43,gaussian_temporal,0.041469589699439015,0.3635729075843574
4.0,1,44,gaussian_temporal,0.027360737572028983,0.5824805547676482
4.0,1,45,gaussian_temporal,0.04280499554869806,0.5675475676964367
4.0,1,46,gaussian_temporal,0.035177499225552425,0.42509564301350083
4.0,1,47,gaussian_temporal,0.0559450060857158,0.336333848834169
4.0,1,48,gaussian_temporal,0.03961004747627546,0.3197355771192042
4.0,1,49,gaussian_temporal,0.03315946927503344,0.6059783852119422
4.0,1,50,gaussian_temporal,0.05307670518670723,0.2307379464711773
4.0,1,51,gaussian_temporal,0.05499156048695842,0.35318495686083423
4.0,1,52,gaussian_temporal,0.024524390192188383,0.5572186636127904
4.0,1,53,gaussian_temporal,0.051489001404991894,0.33129884537006865
4.0,1,54,gaussian_temporal,0.04211667121589991,0.30144044030017114
4.0,1,55,gaussian_temporal,0.042287569535418665,0.3541025857433286
4.0,1,56,gaussian_temporal,0.03884650169989993,0.46146379502984575
4.0,1,57,gaussian_temporal,0.03442189856143494,0.5359366200163075
4.0,1,58,gaussian_temporal,0.04900123834305673,0.4335138763706444
4.0,1,59,gaussian_temporal,0.035943420713191176,0.508933477543895
4.0,1,60,gaussian_temporal,0.049509052959875205,0.4375092745844531
4.0,1,61,gaussian_temporal,0.04981298391693437,0.447197974618877
4.0,1,62,gaussian_temporal,0.052007915665511155,0.4499183144902714
4.0,1,63,gaussian_temporal,0.03324421324817082,0.49402039380341134
4.0,1,64,gaussian_temporal,0.03247492174297617,0.5227748538522845
4.0,1,1,public_fingerprint,0.036651648581027985,0.09255046397447586
4.0,1,2,public_fingerprint,0.04423738270998001,0.4074942469596863
4.0,1,3,public_fingerprint,0.07023386657238007,0.24056658148765564
4.0,1,4,public_fingerprint,0.041553255170583725,0.3582696318626404
4.0,1,5,public_fingerprint,0.04739714786410332,0.34640178084373474
4.0,1,6,public_fingerprint,0.05682199448347092,0.2218407243490219
4.0,1,7,public_fingerprint,0.06115090847015381,0.30214014649391174
4.0,1,8,public_fingerprint,0.04348082095384598,0.39265456795692444
4.0,1,9,public_fingerprint,0.06264229118824005,0.266854465007782
4.0,1,10,public_fingerprint,0.03810061141848564,0.20644205808639526
4.0,1,11,public_fingerprint,0.025883648544549942,0.449293851852417
4.0,1,12,public_fingerprint,0.034067146480083466,0.42058756947517395
4.0,1,13,public_fingerprint,0.06932918727397919,-0.0022992880549281836
4.0,1,14,public_fingerprint,0.03715774789452553,0.24101880192756653
4.0,1,15,public_fingerprint,0.05623282864689827,0.12886305153369904
4.0,1,16,public_fingerprint,0.04109461233019829,0.3178756833076477
4.0,1,17,public_fingerprint,0.050532639026641846,0.0719950795173645
4.0,1,18,public_fingerprint,0.035620953887701035,0.24816550314426422
4.0,1,19,public_fingerprint,0.0551033653318882,0.25512465834617615
4.0,1,20,public_fingerprint,0.03552761301398277,0.41471660137176514
4.0,1,21,public_fingerprint,0.053653378039598465,0.18193280696868896
4.0,1,22,public_fingerprint,0.025677872821688652,0.41000011563301086
4.0,1,23,public_fingerprint,0.0546998456120491,0.18670357763767242
4.0,1,24,public_fingerprint,0.06632523983716965,0.4094415605068207
4.0,1,25,public_fingerprint,0.03705490007996559,0.3584941625595093
4.0,1,26,public_fingerprint,0.07017850130796432,0.2691894471645355
4.0,1,27,public_fingerprint,0.05573739856481552,0.345326691865921
4.0,1,28,public_fingerprint,0.03568214550614357,0.3962382376194
4.0,1,29,public_fingerprint,0.05281089246273041,-0.027507517486810684
4.0,1,30,public_fingerprint,0.03982413560152054,0.46230167150497437
4.0,1,31,public_fingerprint,0.043719902634620667,0.39080432057380676
4.0,1,32,public_fingerprint,0.03137413412332535,0.3537364900112152
4.0,1,33,public_fingerprint,0.056769538670778275,0.12125214189291
4.0,1,34,public_fingerprint,0.050973135977983475,0.39856788516044617
4.0,1,35,public_fingerprint,0.04759616777300835,0.45348429679870605
4.0,1,36,public_fingerprint,0.052845411002635956,0.009107142686843872
4.0,1,37,public_fingerprint,0.056589070707559586,0.08541256189346313
4.0,1,38,public_fingerprint,0.06744382530450821,0.1752844750881195
4.0,1,39,public_fingerprint,0.052395354956388474,0.35797929763793945
4.0,1,40,public_fingerprint,0.0427107959985733,0.4908660650253296
4.0,1,41,public_fingerprint,0.06706468015909195,0.3214447796344757
4.0,1,42,public_fingerprint,0.09561963379383087,0.009643664583563805
4.0,1,43,public_fingerprint,0.0624358244240284,0.019081974402070045
4.0,1,44,public_fingerprint,0.031586918979883194,0.5265101194381714
4.0,1,45,public_fingerprint,0.05694746598601341,0.38929325342178345
4.0,1,46,public_fingerprint,0.049582961946725845,0.21577951312065125
4.0,1,47,public_fingerprint,0.04476797580718994,0.5131879448890686
4.0,1,48,public_fingerprint,0.05458870530128479,0.1149420291185379
4.0,1,49,public_fingerprint,0.05044153705239296,0.379109263420105
4.0,1,50,public_fingerprint,0.07587766647338867,-0.08421403169631958
4.0,1,51,public_fingerprint,0.08244096487760544,0.026192665100097656
4.0,1,52,public_fingerprint,0.03329926356673241,0.45683589577674866
4.0,1,53,public_fingerprint,0.05583104491233826,0.26789185404777527
4.0,1,54,public_fingerprint,0.059122052043676376,0.06589823216199875
4.0,1,55,public_fingerprint,0.059611015021800995,0.09739433228969574
4.0,1,56,public_fingerprint,0.04314984753727913,0.4323405921459198
4.0,1,57,public_fingerprint,0.04692775383591652,0.3830932378768921
4.0,1,58,public_fingerprint,0.044788509607315063,0.5032615661621094
4.0,1,59,public_fingerprint,0.05060623213648796,0.32832032442092896
4.0,1,60,public_fingerprint,0.07174861431121826,0.21635249257087708
4.0,1,61,public_fingerprint,0.061967633664608,0.34249991178512573
4.0,1,62,public_fingerprint,0.07088914513587952,0.2905369699001312
4.0,1,63,public_fingerprint,0.04210330545902252,0.3793106973171234
4.0,1,64,public_fingerprint,0.036700647324323654,0.5059452652931213
4.0,1,1,noisy,209.15792846679688,0.012244570069015026
4.0,1,2,noisy,208.77874755859375,-0.010304300114512444
4.0,1,3,noisy,208.93472290039062,-0.003804979380220175
4.0,1,4,noisy,206.66990661621094,0.008154136128723621
4.0,1,5,noisy,208.25167846679688,-0.00026873662136495113
4.0,1,6,noisy,210.0538330078125,0.03100454807281494
4.0,1,7,noisy,208.10546875,0.017690615728497505
4.0,1,8,noisy,205.0600128173828,0.014021402224898338
4.0,1,9,noisy,207.2834014892578,0.008504228666424751
4.0,1,10,noisy,206.05197143554688,0.022358601912856102
4.0,1,11,noisy,205.4536590576172,0.011198477819561958
4.0,1,12,noisy,201.5587158203125,0.024654755368828773
4.0,1,13,noisy,209.41954040527344,0.01722082681953907
4.0,1,14,noisy,208.2483367919922,0.003617753740400076
4.0,1,15,noisy,205.60879516601562,0.00671535125002265
4.0,1,16,noisy,206.64613342285156,0.0073749045841395855
4.0,1,17,noisy,204.2130584716797,0.018418118357658386
4.0,1,18,noisy,207.56402587890625,0.016579588875174522
4.0,1,19,noisy,205.99322509765625,0.017540380358695984
4.0,1,20,noisy,207.79232788085938,0.02989015355706215
4.0,1,21,noisy,204.2776641845703,0.014250598847866058
4.0,1,22,noisy,202.9436798095703,0.004772226791828871
4.0,1,23,noisy,205.98779296875,0.001663163653574884
4.0,1,24,noisy,205.96133422851562,0.046492259949445724
4.0,1,25,noisy,208.0638427734375,0.0009064024779945612
4.0,1,26,noisy,202.81033325195312,0.019794244319200516
4.0,1,27,noisy,206.5235137939453,0.01438368670642376
4.0,1,28,noisy,205.0447235107422,0.004006888717412949
4.0,1,29,noisy,205.62496948242188,0.004048526752740145
4.0,1,30,noisy,211.39944458007812,0.015200874768197536
4.0,1,31,noisy,212.0547332763672,0.009653150103986263
4.0,1,32,noisy,207.9664306640625,0.023273469880223274
4.0,1,33,noisy,205.34268188476562,0.002144593745470047
4.0,1,34,noisy,209.06787109375,0.004204913973808289
4.0,1,35,noisy,203.55104064941406,-0.0057935831137001514
4.0,1,36,noisy,206.44580078125,0.003032730659469962
4.0,1,37,noisy,206.19564819335938,0.01132875680923462
4.0,1,38,noisy,205.8483123779297,0.01064710970968008
4.0,1,39,noisy,205.55909729003906,0.01675453968346119
4.0,1,40,noisy,212.57894897460938,0.018548646941781044
4.0,1,41,noisy,204.32131958007812,0.010872782208025455
4.0,1,42,noisy,212.48977661132812,0.032539065927267075
4.0,1,43,noisy,203.56626892089844,0.03536636009812355
4.0,1,44,noisy,204.55233764648438,0.017026381567120552
4.0,1,45,noisy,204.26177978515625,0.015241798013448715
4.0,1,46,noisy,206.24974060058594,0.019270846620202065
4.0,1,47,noisy,211.4307861328125,0.011670280247926712
4.0,1,48,noisy,203.05662536621094,-4.518487548921257e-05
4.0,1,49,noisy,204.72169494628906,0.01573934033513069
4.0,1,50,noisy,207.03375244140625,-0.0011711076367646456
4.0,1,51,noisy,203.49781799316406,0.02790726162493229
4.0,1,52,noisy,203.96078491210938,0.011492776684463024
4.0,1,53,noisy,211.2139434814453,0.033825602382421494
4.0,1,54,noisy,208.73089599609375,0.007294671144336462
4.0,1,55,noisy,205.29454040527344,0.022465510293841362
4.0,1,56,noisy,205.3865966796875,0.015161728486418724
4.0,1,57,noisy,206.35264587402344,0.010001156479120255
4.0,1,58,noisy,205.03131103515625,0.013203036971390247
4.0,1,59,noisy,205.31785583496094,0.0017686355859041214
4.0,1,60,noisy,202.9404754638672,0.02793443575501442
4.0,1,61,noisy,209.51910400390625,0.008691571652889252
4.0,1,62,noisy,209.05564880371094,0.02367008477449417
4.0,1,63,noisy,205.3939666748047,0.00020750051771756262
4.0,1,64,noisy,206.4335174560547,0.018926182761788368
4.0,1,1,zero,0.01809166744351387,0.0
4.0,1,2,zero,0.0481860376894474,0.0
4.0,1,3,zero,0.0657796710729599,0.0
4.0,1,4,zero,0.03903061896562576,0.0
4.0,1,5,zero,0.0456499420106411,0.0
4.0,1,6,zero,0.04734821245074272,0.0
4.0,1,7,zero,0.06023096665740013,0.0
4.0,1,8,zero,0.04553413391113281,0.0
4.0,1,9,zero,0.05876372009515762,0.0
4.0,1,10,zero,0.024576278403401375,0.0
4.0,1,11,zero,0.02357935905456543,0.0
4.0,1,12,zero,0.03484583646059036,0.0
4.0,1,13,zero,0.04580625519156456,0.0
4.0,1,14,zero,0.02586052007973194,0.0
4.0,1,15,zero,0.04013144597411156,0.0
4.0,1,16,zero,0.035704027861356735,0.0
4.0,1,17,zero,0.03019479103386402,0.0
4.0,1,18,zero,0.021348273381590843,0.0
4.0,1,19,zero,0.047347865998744965,0.0
4.0,1,20,zero,0.035165175795555115,0.0
4.0,1,21,zero,0.04033467918634415,0.0
4.0,1,22,zero,0.018151456490159035,0.0
4.0,1,23,zero,0.04230283200740814,0.0
4.0,1,24,zero,0.07781632989645004,0.0
4.0,1,25,zero,0.0323750302195549,0.0
4.0,1,26,zero,0.06794747710227966,0.0
4.0,1,27,zero,0.05817466974258423,0.0
4.0,1,28,zero,0.03507758304476738,0.0
4.0,1,29,zero,0.026536690071225166,0.0
4.0,1,30,zero,0.047152407467365265,0.0
4.0,1,31,zero,0.04528022184967995,0.0
4.0,1,32,zero,0.02462981641292572,0.0
4.0,1,33,zero,0.03998231515288353,0.0
4.0,1,34,zero,0.05607829615473747,0.0
4.0,1,35,zero,0.0568145327270031,0.0
4.0,1,36,zero,0.029052766039967537,0.0
4.0,1,37,zero,0.03669263795018196,0.0
4.0,1,38,zero,0.05459520220756531,0.0
4.0,1,39,zero,0.05298956483602524,0.0
4.0,1,40,zero,0.053226228803396225,0.0
4.0,1,41,zero,0.06801745295524597,0.0
4.0,1,42,zero,0.07182766497135162,0.0
4.0,1,43,zero,0.0382341705262661,0.0
4.0,1,44,zero,0.03944413736462593,0.0
4.0,1,45,zero,0.06311966478824615,0.0
4.0,1,46,zero,0.037355877459049225,0.0
4.0,1,47,zero,0.059158552438020706,0.0
4.0,1,48,zero,0.0354183129966259,0.0
4.0,1,49,zero,0.052296750247478485,0.0
4.0,1,50,zero,0.045022524893283844,0.0
4.0,1,51,zero,0.05825934559106827,0.0
4.0,1,52,zero,0.03289847448468208,0.0
4.0,1,53,zero,0.04665272682905197,0.0
4.0,1,54,zero,0.03457846865057945,0.0
4.0,1,55,zero,0.03976276516914368,0.0
4.0,1,56,zero,0.04587560519576073,0.0
4.0,1,57,zero,0.04541764780879021,0.0
4.0,1,58,zero,0.05611373484134674,0.0
4.0,1,59,zero,0.044411737471818924,0.0
4.0,1,60,zero,0.05816738307476044,0.0
4.0,1,61,zero,0.0581955648958683,0.0
4.0,1,62,zero,0.06312671303749084,0.0
4.0,1,63,zero,0.03287440538406372,0.0
4.0,1,64,zero,0.03898109868168831,0.0
4.0,1,1,projection_oracle,0.008077964186668396,0.7928057312965393
4.0,1,2,projection_oracle,0.010890137404203415,0.8843500018119812
4.0,1,3,projection_oracle,0.011261130683124065,0.9130226373672485
4.0,1,4,projection_oracle,0.01079049613326788,0.8607868552207947
4.0,1,5,projection_oracle,0.009599671699106693,0.8945832252502441
4.0,1,6,projection_oracle,0.008365697227418423,0.9132508635520935
4.0,1,7,projection_oracle,0.009869758039712906,0.9171817898750305
4.0,1,8,projection_oracle,0.011088610626757145,0.8767682909965515
4.0,1,9,projection_oracle,0.01009382028132677,0.9143157005310059
4.0,1,10,projection_oracle,0.009681443683803082,0.8075286149978638
4.0,1,11,projection_oracle,0.008984744548797607,0.8165714144706726
4.0,1,12,projection_oracle,0.007607126608490944,0.8916078209877014
4.0,1,13,projection_oracle,0.010568239726126194,0.8835126757621765
4.0,1,14,projection_oracle,0.008771669119596481,0.8391610383987427
4.0,1,15,projection_oracle,0.010758484713733196,0.8669328093528748
4.0,1,16,projection_oracle,0.009674951434135437,0.8692377805709839
4.0,1,17,projection_oracle,0.00951449479907751,0.8478675484657288
4.0,1,18,projection_oracle,0.009025733917951584,0.7945671677589417
4.0,1,19,projection_oracle,0.011985109187662601,0.8713652491569519
4.0,1,20,projection_oracle,0.0098960530012846,0.8612730503082275
4.0,1,21,projection_oracle,0.011345280334353447,0.8584680557250977
4.0,1,22,projection_oracle,0.008997377939522266,0.7642589211463928
4.0,1,23,projection_oracle,0.011185772716999054,0.8670365810394287
4.0,1,24,projection_oracle,0.015299364924430847,0.898659348487854
4.0,1,25,projection_oracle,0.011273108422756195,0.8264858722686768
4.0,1,26,projection_oracle,0.009824642911553383,0.927420437335968
4.0,1,27,projection_oracle,0.013720963150262833,0.8804267644882202
4.0,1,28,projection_oracle,0.011566543020308018,0.8293587565422058
4.0,1,29,projection_oracle,0.011365354992449284,0.7832608222961426
4.0,1,30,projection_oracle,0.010707066394388676,0.8847670555114746
4.0,1,31,projection_oracle,0.011477204971015453,0.8725264072418213
4.0,1,32,projection_oracle,0.012546229176223278,0.7533117532730103
4.0,1,33,projection_oracle,0.011966092512011528,0.8492917418479919
4.0,1,34,projection_oracle,0.012744678184390068,0.8825070261955261
4.0,1,35,projection_oracle,0.015364357270300388,0.8586118221282959
4.0,1,36,projection_oracle,0.01125540304929018,0.8081139326095581
4.0,1,37,projection_oracle,0.013838687911629677,0.8108946681022644
4.0,1,38,projection_oracle,0.01604137383401394,0.8468619585037231
4.0,1,39,projection_oracle,0.013103405945003033,0.8734601736068726
4.0,1,40,projection_oracle,0.014114824123680592,0.8606545925140381
4.0,1,41,projection_oracle,0.013933852314949036,0.8945809006690979
4.0,1,42,projection_oracle,0.0164469126611948,0.8834608197212219
4.0,1,43,projection_oracle,0.014813151210546494,0.8065037131309509
4.0,1,44,projection_oracle,0.011308529414236546,0.852483332157135
4.0,1,45,projection_oracle,0.012863232754170895,0.8950865864753723
4.0,1,46,projection_oracle,0.012095628306269646,0.8393058776855469
4.0,1,47,projection_oracle,0.013534266501665115,0.8819164633750916
4.0,1,48,projection_oracle,0.015143418684601784,0.7854766249656677
4.0,1,49,projection_oracle,0.016355887055397034,0.834941029548645
4.0,1,50,projection_oracle,0.01686638407409191,0.8099102973937988
4.0,1,51,projection_oracle,0.016398638486862183,0.8579886555671692
4.0,1,52,projection_oracle,0.011626449413597584,0.8175390958786011
4.0,1,53,projection_oracle,0.015912147238850594,0.8222669363021851
4.0,1,54,projection_oracle,0.014444318599998951,0.7950959801673889
4.0,1,55,projection_oracle,0.013052712194621563,0.8399354815483093
4.0,1,56,projection_oracle,0.012922435998916626,0.8546995520591736
4.0,1,57,projection_oracle,0.015335125848650932,0.8241512179374695
4.0,1,58,projection_oracle,0.012603355571627617,0.8857153058052063
4.0,1,59,projection_oracle,0.015234416350722313,0.818016767501831
4.0,1,60,projection_oracle,0.020463991910219193,0.8135280013084412
4.0,1,61,projection_oracle,0.016546037048101425,0.8560400009155273
4.0,1,62,projection_oracle,0.019492661580443382,0.8370094299316406
4.0,1,63,projection_oracle,0.012688880786299706,0.8134005665779114
4.0,1,64,projection_oracle,0.013240573927760124,0.8310065865516663
4.0,2,1,gaussian_current,0.06312105246086508,0.6170316957973567
4.0,2,2,gaussian_current,0.02943222190627475,0.27494727285463455
4.0,2,3,gaussian_current,0.031582868093558744,0.49464960101824135
4.0,2,4,gaussian_current,0.029174618383758042,0.6148379462202297
4.0,2,5,gaussian_current,0.028475093588379484,0.588617831793404
4.0,2,6,gaussian_current,0.025760935390320542,0.4148994876342634
4.0,2,7,gaussian_current,0.035253794689375506,0.5034706169426012
4.0,2,8,gaussian_current,0.03233783747823604,0.22753102367673636
4.0,2,9,gaussian_current,0.049307353139735235,0.40356714700610724
4.0,2,10,gaussian_current,0.037678458485135395,0.6997678853811697
4.0,2,11,gaussian_current,0.023592649783289545,0.5609241908162441
4.0,2,12,gaussian_current,0.05067559037858753,0.3388009573591699
4.0,2,13,gaussian_current,0.022273355462704595,0.4096230677906302
4.0,2,14,gaussian_current,0.03923578689788558,0.39417394756052687
4.0,2,15,gaussian_current,0.030207761942242572,0.5980217550261
4.0,2,16,gaussian_current,0.04342743694987417,0.6680043978317577
4.0,2,17,gaussian_current,0.02823285229567094,0.266408659198789
4.0,2,18,gaussian_current,0.03219171870151483,0.6071385307881305
4.0,2,19,gaussian_current,0.03318340316579393,0.6445382051724815
4.0,2,20,gaussian_current,0.02660705465100593,0.5581712083131803
4.0,2,21,gaussian_current,0.05352004365450736,0.2058871512794385
4.0,2,22,gaussian_current,0.03211845282231873,0.4904770037878076
4.0,2,23,gaussian_current,0.03413838301369269,0.5191751647829225
4.0,2,24,gaussian_current,0.03071803942757616,0.5111090284667804
4.0,2,25,gaussian_current,0.027913046670110245,0.35726325870669146
4.0,2,26,gaussian_current,0.026571714263253735,0.4364235971314068
4.0,2,27,gaussian_current,0.03519804407989579,0.6039159989172925
4.0,2,28,gaussian_current,0.03355299935643522,0.4711341564512107
4.0,2,29,gaussian_current,0.036190287132424344,0.5641292912698063
4.0,2,30,gaussian_current,0.035219718124587726,0.6411338754206874
4.0,2,31,gaussian_current,0.0420515542772981,0.413797086496568
4.0,2,32,gaussian_current,0.03504738457996784,0.6511110068049781
4.0,2,33,gaussian_current,0.025580396723291054,0.5066344255984986
4.0,2,34,gaussian_current,0.03621393381287499,0.5011377204960741
4.0,2,35,gaussian_current,0.03938898650768449,0.46954466901012826
4.0,2,36,gaussian_current,0.03641061970434163,0.5083981124021105
4.0,2,37,gaussian_current,0.04217045420838948,0.44560467962331557
4.0,2,38,gaussian_current,0.042576921329386404,0.49531684709093815
4.0,2,39,gaussian_current,0.04581141525177232,0.2954743357406829
4.0,2,40,gaussian_current,0.025585374032584183,0.45628598394085196
4.0,2,41,gaussian_current,0.0441702384976556,0.4007545216406641
4.0,2,42,gaussian_current,0.03211594911206779,0.3891960001682394
4.0,2,43,gaussian_current,0.03111766294545673,0.5906278784561942
4.0,2,44,gaussian_current,0.03530018492055844,0.4792480026165916
4.0,2,45,gaussian_current,0.04548293820507403,0.4091188044377054
4.0,2,46,gaussian_current,0.03875728987240342,0.28387760069054235
4.0,2,47,gaussian_current,0.04040792827997945,0.5700521013134974
4.0,2,48,gaussian_current,0.02586324476371177,0.5778643443330569
4.0,2,49,gaussian_current,0.034103584691679116,0.3969380506221789
4.0,2,50,gaussian_current,0.035892030751924646,0.2620639049322903
4.0,2,51,gaussian_current,0.032429919370876394,0.3465154729867005
4.0,2,52,gaussian_current,0.03146518097377951,0.45221863023372816
4.0,2,53,gaussian_current,0.03654188213769433,0.37808963396678336
4.0,2,54,gaussian_current,0.029103553545207897,0.5025319259154387
4.0,2,55,gaussian_current,0.04271171251695135,0.2525702583435415
4.0,2,56,gaussian_current,0.026504911115269415,0.6006472372886194
4.0,2,57,gaussian_current,0.03717390238122538,0.29336245532642524
4.0,2,58,gaussian_current,0.03737902374405797,0.37552821368346145
4.0,2,59,gaussian_current,0.031953107266357944,0.5108019594631201
4.0,2,60,gaussian_current,0.03801790816187711,0.4098523279264718
4.0,2,61,gaussian_current,0.03277220046547506,0.336900081592767
4.0,2,62,gaussian_current,0.02716979943934587,0.5510964437010762
4.0,2,63,gaussian_current,0.04914715434171235,0.4566906546705636
4.0,2,64,gaussian_current,0.03594346799297489,0.5738618350842629
4.0,2,1,diffusion_temporal,0.06747909635305405,0.5738660097122192
4.0,2,2,diffusion_temporal,0.04539371281862259,0.23762410879135132
4.0,2,3,diffusion_temporal,0.03785550966858864,0.3995850086212158
4.0,2,4,diffusion_temporal,0.0312952846288681,0.5790068507194519
4.0,2,5,diffusion_temporal,0.04062097519636154,0.5630357265472412
4.0,2,6,diffusion_temporal,0.042071904987096786,0.1490011215209961
4.0,2,7,diffusion_temporal,0.050111185759305954,0.33736926317214966
4.0,2,8,diffusion_temporal,0.042678359895944595,0.29279008507728577
4.0,2,9,diffusion_temporal,0.059002943336963654,0.27915531396865845
4.0,2,10,diffusion_temporal,0.06049802899360657,0.42598697543144226
4.0,2,11,diffusion_temporal,0.04987791180610657,0.1621292382478714
4.0,2,12,diffusion_temporal,0.08350145816802979,0.05940648540854454
4.0,2,13,diffusion_temporal,0.041248779743909836,0.2207779735326767
4.0,2,14,diffusion_temporal,0.05425368994474411,0.29923248291015625
4.0,2,15,diffusion_temporal,0.04099087789654732,0.44596853852272034
4.0,2,16,diffusion_temporal,0.06435854732990265,0.43921902775764465
4.0,2,17,diffusion_temporal,0.055953312665224075,0.1005287766456604
4.0,2,18,diffusion_temporal,0.04987162724137306,0.4266558885574341
4.0,2,19,diffusion_temporal,0.03829161822795868,0.5972467660903931
4.0,2,20,diffusion_temporal,0.03551120683550835,0.49222245812416077
4.0,2,21,diffusion_temporal,0.06077417731285095,0.1867983043193817
4.0,2,22,diffusion_temporal,0.07105311751365662,0.10280799120664597
4.0,2,23,diffusion_temporal,0.03535613790154457,0.5927731990814209
4.0,2,24,diffusion_temporal,0.05336962267756462,0.36074748635292053
4.0,2,25,diffusion_temporal,0.03862930089235306,0.3182777762413025
4.0,2,26,diffusion_temporal,0.05828350782394409,0.19743767380714417
4.0,2,27,diffusion_temporal,0.05334842950105667,0.40574410557746887
4.0,2,28,diffusion_temporal,0.03920606151223183,0.3797238767147064
4.0,2,29,diffusion_temporal,0.048894982784986496,0.45654088258743286
4.0,2,30,diffusion_temporal,0.043821077793836594,0.545563817024231
4.0,2,31,diffusion_temporal,0.04790268838405609,0.40812262892723083
4.0,2,32,diffusion_temporal,0.03711683675646782,0.625598132610321
4.0,2,33,diffusion_temporal,0.034901466220617294,0.32615646719932556
4.0,2,34,diffusion_temporal,0.052911173552274704,0.3228396773338318
4.0,2,35,diffusion_temporal,0.055114973336458206,0.32856014370918274
4.0,2,36,diffusion_temporal,0.04734169319272041,0.41848331689834595
4.0,2,37,diffusion_temporal,0.038601331412792206,0.5280587077140808
4.0,2,38,diffusion_temporal,0.0633181557059288,0.2585826814174652
4.0,2,39,diffusion_temporal,0.06039455905556679,0.17893116176128387
4.0,2,40,diffusion_temporal,0.027774525806307793,0.41687119007110596
4.0,2,41,diffusion_temporal,0.04997813329100609,0.31585928797721863
4.0,2,42,diffusion_temporal,0.038984984159469604,0.37408632040023804
4.0,2,43,diffusion_temporal,0.03680858388543129,0.5145488977432251
4.0,2,44,diffusion_temporal,0.04443364962935448,0.4035319983959198
4.0,2,45,diffusion_temporal,0.057515062391757965,0.3050762414932251
4.0,2,46,diffusion_temporal,0.0418962761759758,0.2845599949359894
4.0,2,47,diffusion_temporal,0.06100462004542351,0.3418595790863037
4.0,2,48,diffusion_temporal,0.03732526674866676,0.461300790309906
4.0,2,49,diffusion_temporal,0.04952926188707352,0.19505856931209564
4.0,2,50,diffusion_temporal,0.03624334558844566,0.42018353939056396
4.0,2,51,diffusion_temporal,0.03598621115088463,0.35687267780303955
4.0,2,52,diffusion_temporal,0.036588188260793686,0.36330723762512207
4.0,2,53,diffusion_temporal,0.04189547151327133,0.37090402841567993
4.0,2,54,diffusion_temporal,0.0483817532658577,0.21721279621124268
4.0,2,55,diffusion_temporal,0.05045017600059509,0.15586675703525543
4.0,2,56,diffusion_temporal,0.04466675594449043,0.3897414803504944
4.0,2,57,diffusion_temporal,0.04952973127365112,0.2195235937833786
4.0,2,58,diffusion_temporal,0.04974011331796646,0.2296798676252365
4.0,2,59,diffusion_temporal,0.06813863664865494,0.09971553832292557
4.0,2,60,diffusion_temporal,0.05329175665974617,0.2938883602619171
4.0,2,61,diffusion_temporal,0.037115663290023804,0.2810579240322113
4.0,2,62,diffusion_temporal,0.03282961621880531,0.5620211362838745
4.0,2,63,diffusion_temporal,0.0683501660823822,0.23419444262981415
4.0,2,64,diffusion_temporal,0.047710590064525604,0.4678768515586853
4.0,2,1,diffusion_context_only,0.06654293090105057,0.5880716443061829
4.0,2,2,diffusion_context_only,0.044344350695610046,0.23583000898361206
4.0,2,3,diffusion_context_only,0.03401419520378113,0.4767857789993286
4.0,2,4,diffusion_context_only,0.03056015819311142,0.5956928133964539
4.0,2,5,diffusion_context_only,0.0412178672850132,0.5362775921821594
4.0,2,6,diffusion_context_only,0.0376565121114254,0.21038353443145752
4.0,2,7,diffusion_context_only,0.05395945906639099,0.27368631958961487
4.0,2,8,diffusion_context_only,0.040227897465229034,0.25238096714019775
4.0,2,9,diffusion_context_only,0.06068633124232292,0.2848312556743622
4.0,2,10,diffusion_context_only,0.06230968236923218,0.4037737250328064
4.0,2,11,diffusion_context_only,0.055660199373960495,0.13110102713108063
4.0,2,12,diffusion_context_only,0.07980252057313919,0.09073971211910248
4.0,2,13,diffusion_context_only,0.04402441531419754,0.188181072473526
4.0,2,14,diffusion_context_only,0.0587373711168766,0.260724812746048
4.0,2,15,diffusion_context_only,0.0450279526412487,0.3893771469593048
4.0,2,16,diffusion_context_only,0.06695418804883957,0.4147466719150543
4.0,2,17,diffusion_context_only,0.05804334953427315,0.053738269954919815
4.0,2,18,diffusion_context_only,0.05390063300728798,0.37961962819099426
4.0,2,19,diffusion_context_only,0.038283899426460266,0.6003815531730652
4.0,2,20,diffusion_context_only,0.03509862720966339,0.4997951090335846
4.0,2,21,diffusion_context_only,0.060689881443977356,0.19272193312644958
4.0,2,22,diffusion_context_only,0.07263734936714172,0.08726151287555695
4.0,2,23,diffusion_context_only,0.036661770194768906,0.5813186168670654
4.0,2,24,diffusion_context_only,0.05766496807336807,0.32754895091056824
4.0,2,25,diffusion_context_only,0.041125766932964325,0.2742307484149933
4.0,2,26,diffusion_context_only,0.05867711827158928,0.18333759903907776
4.0,2,27,diffusion_context_only,0.05179340019822121,0.417045921087265
4.0,2,28,diffusion_context_only,0.041999515146017075,0.3314206302165985
4.0,2,29,diffusion_context_only,0.04996669664978981,0.44653233885765076
4.0,2,30,diffusion_context_only,0.04442279040813446,0.5368925333023071
4.0,2,31,diffusion_context_only,0.04813447594642639,0.3992123007774353
4.0,2,32,diffusion_context_only,0.03789455443620682,0.6157478094100952
4.0,2,33,diffusion_context_only,0.03554559126496315,0.3156188130378723
4.0,2,34,diffusion_context_only,0.05254310742020607,0.3108846843242645
4.0,2,35,diffusion_context_only,0.05851176381111145,0.2994900941848755
4.0,2,36,diffusion_context_only,0.047422491014003754,0.4155784249305725
4.0,2,37,diffusion_context_only,0.0395364910364151,0.5158684849739075
4.0,2,38,diffusion_context_only,0.06539885699748993,0.2396593540906906
4.0,2,39,diffusion_context_only,0.058293648064136505,0.2025386542081833
4.0,2,40,diffusion_context_only,0.02866733819246292,0.3863174021244049
4.0,2,41,diffusion_context_only,0.04952267184853554,0.3211446702480316
4.0,2,42,diffusion_context_only,0.03909393772482872,0.3751053214073181
4.0,2,43,diffusion_context_only,0.03745235130190849,0.4987119734287262
4.0,2,44,diffusion_context_only,0.045420922338962555,0.38907888531684875
4.0,2,45,diffusion_context_only,0.056629013270139694,0.3154856860637665
4.0,2,46,diffusion_context_only,0.042095839977264404,0.2738296389579773
4.0,2,47,diffusion_context_only,0.06416898220777512,0.32462796568870544
4.0,2,48,diffusion_context_only,0.03827003762125969,0.44469842314720154
4.0,2,49,diffusion_context_only,0.050383005291223526,0.1780885010957718
4.0,2,50,diffusion_context_only,0.035340938717126846,0.41826826333999634
4.0,2,51,diffusion_context_only,0.035996224731206894,0.35896527767181396
4.0,2,52,diffusion_context_only,0.039496537297964096,0.321818083524704
4.0,2,53,diffusion_context_only,0.041999451816082,0.36210259795188904
4.0,2,54,diffusion_context_only,0.05050830915570259,0.19067484140396118
4.0,2,55,diffusion_context_only,0.053772833198308945,0.09635131806135178
4.0,2,56,diffusion_context_only,0.04645713046193123,0.3593025505542755
4.0,2,57,diffusion_context_only,0.04942334070801735,0.21239830553531647
4.0,2,58,diffusion_context_only,0.05169301480054855,0.20737528800964355
4.0,2,59,diffusion_context_only,0.06926440447568893,0.09851690381765366
4.0,2,60,diffusion_context_only,0.05567456781864166,0.2728155255317688
4.0,2,61,diffusion_context_only,0.03728326037526131,0.271329790353775
4.0,2,62,diffusion_context_only,0.03306998685002327,0.5503003597259521
4.0,2,63,diffusion_context_only,0.07098224014043808,0.20715442299842834
4.0,2,64,diffusion_context_only,0.047877855598926544,0.45960861444473267
4.0,2,1,gaussian_context_only,0.06191261155756462,0.6461795571987138
4.0,2,2,gaussian_context_only,0.027798667126926996,0.2571194258460758
4.0,2,3,gaussian_context_only,0.03581047550946582,0.3989889156317512
4.0,2,4,gaussian_context_only,0.028615204739118674,0.6229049298168207
4.0,2,5,gaussian_context_only,0.027054821636067886,0.5872310722913793
4.0,2,6,gaussian_context_only,0.023286564617040355,0.432484107675687
4.0,2,7,gaussian_context_only,0.03705425270934713,0.46010191618448903
4.0,2,8,gaussian_context_only,0.030517429993682874,0.19452347063991549
4.0,2,9,gaussian_context_only,0.04655624795994365,0.4455797872671381
4.0,2,10,gaussian_context_only,0.06099691779529151,0.4048075938511036
4.0,2,11,gaussian_context_only,0.028237127683330716,0.43205327139598365
4.0,2,12,gaussian_context_only,0.045866628566249124,0.4033707558830225
4.0,2,13,gaussian_context_only,0.024449181634540768,0.3545130423751659
4.0,2,14,gaussian_context_only,0.048026821951873626,0.26529953910838816
4.0,2,15,gaussian_context_only,0.03720140954068226,0.46487360326206933
4.0,2,16,gaussian_context_only,0.05566103346535763,0.525345556731867
4.0,2,17,gaussian_context_only,0.035024755006505835,0.06835433629237979
4.0,2,18,gaussian_context_only,0.04300591089355463,0.4304203492361459
4.0,2,19,gaussian_context_only,0.029910793439805697,0.6902023232073141
4.0,2,20,gaussian_context_only,0.03165040327745326,0.47754977986727626
4.0,2,21,gaussian_context_only,0.046875354071425006,0.23349845173726605
4.0,2,22,gaussian_context_only,0.03284419533197754,0.4980303290877319
4.0,2,23,gaussian_context_only,0.03633157262214084,0.4778925362242287
4.0,2,24,gaussian_context_only,0.03833628218834188,0.39425560860183734
4.0,2,25,gaussian_context_only,0.03457575846739186,0.2526309310536819
4.0,2,26,gaussian_context_only,0.026945433309069053,0.32459210681918216
4.0,2,27,gaussian_context_only,0.03776622983796819,0.5715443143820638
4.0,2,28,gaussian_context_only,0.03838441224968977,0.4015016784832806
4.0,2,29,gaussian_context_only,0.042202636443197196,0.4650216598659317
4.0,2,30,gaussian_context_only,0.03901049876789707,0.5857956731405065
4.0,2,31,gaussian_context_only,0.04554752155354816,0.36123569214449824
4.0,2,32,gaussian_context_only,0.039659964370222296,0.5886005636613157
4.0,2,33,gaussian_context_only,0.029160980312760463,0.37665542628781523
4.0,2,34,gaussian_context_only,0.0355340303558997,0.46771953131291794
4.0,2,35,gaussian_context_only,0.04689214731334526,0.3548874091366185
4.0,2,36,gaussian_context_only,0.039841635254473935,0.4362735985360738
4.0,2,37,gaussian_context_only,0.03993699230159334,0.47669726978355426
4.0,2,38,gaussian_context_only,0.04205979800941857,0.4987439646525242
4.0,2,39,gaussian_context_only,0.03906990447702682,0.4082372394287615
4.0,2,40,gaussian_context_only,0.028829298805305825,0.3252872542907162
4.0,2,41,gaussian_context_only,0.04396288782364898,0.39818293542557687
4.0,2,42,gaussian_context_only,0.03373653655043927,0.32469448317029076
4.0,2,43,gaussian_context_only,0.039222284601351645,0.401268423319374
4.0,2,44,gaussian_context_only,0.037372637904479304,0.4736984585818636
4.0,2,45,gaussian_context_only,0.05066594405709759,0.3302655686646734
4.0,2,46,gaussian_context_only,0.04324331099150014,0.19133259571800637
4.0,2,47,gaussian_context_only,0.04968585251242081,0.4243382713508718
4.0,2,48,gaussian_context_only,0.028538908278357138,0.5251240556943897
4.0,2,49,gaussian_context_only,0.0324500422533813,0.4446959647489626
4.0,2,50,gaussian_context_only,0.041744843550143955,0.14594192974525305
4.0,2,51,gaussian_context_only,0.034618786856446204,0.3023838443396268
4.0,2,52,gaussian_context_only,0.032759126036595136,0.34884087272483016
4.0,2,53,gaussian_context_only,0.04696056491486008,0.20894423071489018
4.0,2,54,gaussian_context_only,0.03502804125634653,0.3757564134050021
4.0,2,55,gaussian_context_only,0.06165635094754597,-0.07577588951573094
4.0,2,56,gaussian_context_only,0.03700692180265858,0.4085060402745548
4.0,2,57,gaussian_context_only,0.041953572351786726,0.19263725923340919
4.0,2,58,gaussian_context_only,0.037300381190229326,0.3299978298122967
4.0,2,59,gaussian_context_only,0.03412575922925641,0.4802156213394713
4.0,2,60,gaussian_context_only,0.044692995552505506,0.29675583787926246
4.0,2,61,gaussian_context_only,0.03603024511768797,0.25714823208207893
4.0,2,62,gaussian_context_only,0.029873138472265113,0.48564200682950304
4.0,2,63,gaussian_context_only,0.059348027627874195,0.31614265592600055
4.0,2,64,gaussian_context_only,0.036241476354352146,0.5711042777303951
4.0,2,1,gaussian_temporal,0.06028999662730333,0.6620029873266893
4.0,2,2,gaussian_temporal,0.026817402442523744,0.28249637291258506
4.0,2,3,gaussian_temporal,0.03546651537945233,0.40147034560680817
4.0,2,4,gaussian_temporal,0.02865709687359808,0.6221565604986362
4.0,2,5,gaussian_temporal,0.02780105205286984,0.5770526842789336
4.0,2,6,gaussian_temporal,0.02361069490545489,0.4379050945837165
4.0,2,7,gaussian_temporal,0.036391270861764254,0.4727744865246812
4.0,2,8,gaussian_temporal,0.029753072605090417,0.21181910579398386
4.0,2,9,gaussian_temporal,0.04605572575002399,0.45419783417309795
4.0,2,10,gaussian_temporal,0.05673801460210156,0.46633273808218423
4.0,2,11,gaussian_temporal,0.026563553912868475,0.4691115945168257
4.0,2,12,gaussian_temporal,0.04551661213333264,0.4088833937558352
4.0,2,13,gaussian_temporal,0.023872201593971826,0.36965235469306046
4.0,2,14,gaussian_temporal,0.04873703133380614,0.25132013338527365
4.0,2,15,gaussian_temporal,0.036235797633710806,0.47968474134602085
4.0,2,16,gaussian_temporal,0.05430758350372426,0.5419450125207411
4.0,2,17,gaussian_temporal,0.033550589731685176,0.10415313417424962
4.0,2,18,gaussian_temporal,0.04339596330685397,0.42471204447925487
4.0,2,19,gaussian_temporal,0.030808360737353758,0.6771632219310735
4.0,2,20,gaussian_temporal,0.030995705027538543,0.4888915674584625
4.0,2,21,gaussian_temporal,0.04660194815592272,0.23667412811243657
4.0,2,22,gaussian_temporal,0.03285452798870042,0.49529930930776234
4.0,2,23,gaussian_temporal,0.035641862456168016,0.48948099504898424
4.0,2,24,gaussian_temporal,0.03776966176282745,0.4074638522930827
4.0,2,25,gaussian_temporal,0.03295607148532844,0.28123099487386216
4.0,2,26,gaussian_temporal,0.025135043568977458,0.3728096437591113
4.0,2,27,gaussian_temporal,0.03759914268347075,0.5744101554909317
4.0,2,28,gaussian_temporal,0.03728519356670614,0.4199127274609065
4.0,2,29,gaussian_temporal,0.04237160250302066,0.46417392603930935
4.0,2,30,gaussian_temporal,0.0391080960401687,0.5850442472682794
4.0,2,31,gaussian_temporal,0.04568953417891662,0.3566570475511806
4.0,2,32,gaussian_temporal,0.03943477365982607,0.5917805736302633
4.0,2,33,gaussian_temporal,0.029130317873816557,0.38369401099351924
4.0,2,34,gaussian_temporal,0.03596865949502971,0.46509348995877686
4.0,2,35,gaussian_temporal,0.04592643399807555,0.3688196534735528
4.0,2,36,gaussian_temporal,0.040151285018486214,0.43362582262627375
4.0,2,37,gaussian_temporal,0.040088307565413324,0.4745052851654442
4.0,2,38,gaussian_temporal,0.04163002687910355,0.5038855381619419
4.0,2,39,gaussian_temporal,0.03972076412692553,0.39495017559142204
4.0,2,40,gaussian_temporal,0.027601173485342453,0.3575360270802
4.0,2,41,gaussian_temporal,0.04412938520679326,0.39711604521897736
4.0,2,42,gaussian_temporal,0.034849065709860835,0.30450345161358316
4.0,2,43,gaussian_temporal,0.03704591641437002,0.441717976873553
4.0,2,44,gaussian_temporal,0.03739272915230454,0.475257459141347
4.0,2,45,gaussian_temporal,0.051180784838494885,0.32030181070078056
4.0,2,46,gaussian_temporal,0.04204370048036266,0.2108207193533818
4.0,2,47,gaussian_temporal,0.048163457740538325,0.4458165855838373
4.0,2,48,gaussian_temporal,0.02772184372994585,0.5405335424190271
4.0,2,49,gaussian_temporal,0.03154379108619807,0.46010972262230065
4.0,2,50,gaussian_temporal,0.04098016396796637,0.16051614679894632
4.0,2,51,gaussian_temporal,0.035192592499588574,0.28321803755333946
4.0,2,52,gaussian_temporal,0.03274377122857018,0.357927135854636
4.0,2,53,gaussian_temporal,0.04597892912284019,0.2245307723508535
4.0,2,54,gaussian_temporal,0.034350522407168835,0.38777255840677244
4.0,2,55,gaussian_temporal,0.059053284370897685,-0.03639368494587126
4.0,2,56,gaussian_temporal,0.03434278167193664,0.45591880739350155
4.0,2,57,gaussian_temporal,0.04042983787569863,0.207517743536209
4.0,2,58,gaussian_temporal,0.03640384680338348,0.3526594320480789
4.0,2,59,gaussian_temporal,0.03382285269195139,0.4794736249284724
4.0,2,60,gaussian_temporal,0.042172311918013544,0.3290303439542479
4.0,2,61,gaussian_temporal,0.03584823489733973,0.25186043381759243
4.0,2,62,gaussian_temporal,0.028277384597786587,0.5175261262317109
4.0,2,63,gaussian_temporal,0.056269102372833946,0.356609284615891
4.0,2,64,gaussian_temporal,0.0375311015886609,0.5532677067521103
4.0,2,1,public_fingerprint,0.10702686756849289,0.16537153720855713
4.0,2,2,public_fingerprint,0.02816891483962536,0.2728258967399597
4.0,2,3,public_fingerprint,0.04626697301864624,0.2443682700395584
4.0,2,4,public_fingerprint,0.05986680090427399,0.12783800065517426
4.0,2,5,public_fingerprint,0.049955036491155624,0.21507708728313446
4.0,2,6,public_fingerprint,0.02940511703491211,0.37384241819381714
4.0,2,7,public_fingerprint,0.050197165459394455,0.29461348056793213
4.0,2,8,public_fingerprint,0.047124579548835754,-0.03006238304078579
4.0,2,9,public_fingerprint,0.052038565278053284,0.39494359493255615
4.0,2,10,public_fingerprint,0.0811624601483345,0.1723528802394867
4.0,2,11,public_fingerprint,0.04893708974123001,0.1259964406490326
4.0,2,12,public_fingerprint,0.04142264276742935,0.5042274594306946
4.0,2,13,public_fingerprint,0.027860864996910095,0.35787835717201233
4.0,2,14,public_fingerprint,0.06112294644117355,0.09399526566267014
4.0,2,15,public_fingerprint,0.03304175287485123,0.5532127618789673
4.0,2,16,public_fingerprint,0.0792323425412178,0.24839918315410614
4.0,2,17,public_fingerprint,0.02957156114280224,0.29169827699661255
4.0,2,18,public_fingerprint,0.05257748067378998,0.30146047472953796
4.0,2,19,public_fingerprint,0.05850702524185181,0.29694661498069763
4.0,2,20,public_fingerprint,0.03888664394617081,0.3671063482761383
4.0,2,21,public_fingerprint,0.060726214200258255,0.06847093999385834
4.0,2,22,public_fingerprint,0.045845117419958115,0.30211377143859863
4.0,2,23,public_fingerprint,0.05260748416185379,0.25027066469192505
4.0,2,24,public_fingerprint,0.044913195073604584,0.2952946126461029
4.0,2,25,public_fingerprint,0.0424601249396801,0.140397310256958
4.0,2,26,public_fingerprint,0.03220845386385918,0.3057071566581726
4.0,2,27,public_fingerprint,0.05249911546707153,0.3962225615978241
4.0,2,28,public_fingerprint,0.0453881174325943,0.30746230483055115
4.0,2,29,public_fingerprint,0.03966269642114639,0.5134216547012329
4.0,2,30,public_fingerprint,0.059209708124399185,0.3379625678062439
4.0,2,31,public_fingerprint,0.05269981920719147,0.29671093821525574
4.0,2,32,public_fingerprint,0.056012384593486786,0.3848002552986145
4.0,2,33,public_fingerprint,0.04247860610485077,0.2224530428647995
4.0,2,34,public_fingerprint,0.0557299368083477,0.1924700289964676
4.0,2,35,public_fingerprint,0.05168352648615837,0.3405607342720032
4.0,2,36,public_fingerprint,0.04650149121880531,0.38994234800338745
4.0,2,37,public_fingerprint,0.052180591970682144,0.3536528944969177
4.0,2,38,public_fingerprint,0.057053253054618835,0.3377115726470947
4.0,2,39,public_fingerprint,0.05068112537264824,0.3078101873397827
4.0,2,40,public_fingerprint,0.034597232937812805,0.355077862739563
4.0,2,41,public_fingerprint,0.050720248371362686,0.37194278836250305
4.0,2,42,public_fingerprint,0.043500740081071854,0.29290884733200073
4.0,2,43,public_fingerprint,0.058338746428489685,0.1811792552471161
4.0,2,44,public_fingerprint,0.0516635999083519,0.2625410556793213
4.0,2,45,public_fingerprint,0.06921950727701187,0.13566656410694122
4.0,2,46,public_fingerprint,0.05348328500986099,0.11522388458251953
4.0,2,47,public_fingerprint,0.05514885112643242,0.38745149970054626
4.0,2,48,public_fingerprint,0.059175439178943634,0.05184808000922203
4.0,2,49,public_fingerprint,0.03979429230093956,0.33464598655700684
4.0,2,50,public_fingerprint,0.04709427431225777,0.10353242605924606
4.0,2,51,public_fingerprint,0.03733820468187332,0.31991931796073914
4.0,2,52,public_fingerprint,0.051903776824474335,0.07438919693231583
4.0,2,53,public_fingerprint,0.04438791051506996,0.2964966595172882
4.0,2,54,public_fingerprint,0.04241529479622841,0.30708521604537964
4.0,2,55,public_fingerprint,0.06256582587957382,-0.0014475741190835834
4.0,2,56,public_fingerprint,0.035556867718696594,0.46482032537460327
4.0,2,57,public_fingerprint,0.05292394384741783,0.026046548038721085
4.0,2,58,public_fingerprint,0.04710465297102928,0.22327403724193573
4.0,2,59,public_fingerprint,0.05490182712674141,0.1781315952539444
4.0,2,60,public_fingerprint,0.06735765188932419,-0.054659973829984665
4.0,2,61,public_fingerprint,0.045862894505262375,0.1375897079706192
4.0,2,62,public_fingerprint,0.04268573969602585,0.2475728541612625
4.0,2,63,public_fingerprint,0.06148212403059006,0.30887335538864136
4.0,2,64,public_fingerprint,0.05674118921160698,0.28718698024749756
4.0,2,1,noisy,204.52142333984375,0.013299633748829365
4.0,2,2,noisy,205.23426818847656,-0.005948137026280165
4.0,2,3,noisy,207.41734313964844,0.009499635547399521
4.0,2,4,noisy,206.7292022705078,0.019124772399663925
4.0,2,5,noisy,209.62896728515625,0.011688003316521645
4.0,2,6,noisy,202.02516174316406,-0.003361777402460575
4.0,2,7,noisy,204.1431427001953,0.0029547500889748335
4.0,2,8,noisy,206.2461395263672,0.01568949595093727
4.0,2,9,noisy,209.0679168701172,0.009043729864060879
4.0,2,10,noisy,201.08676147460938,0.02586223930120468
4.0,2,11,noisy,206.31590270996094,0.01889183558523655
4.0,2,12,noisy,211.53460693359375,0.012303031049668789
4.0,2,13,noisy,205.9530792236328,0.005769733805209398
4.0,2,14,noisy,204.92701721191406,0.013206223025918007
4.0,2,15,noisy,207.8107452392578,0.02669539488852024
4.0,2,16,noisy,206.47731018066406,0.025445610284805298
4.0,2,17,noisy,205.79440307617188,0.019271474331617355
4.0,2,18,noisy,208.1643829345703,0.027679549530148506
4.0,2,19,noisy,203.3704376220703,0.005124693736433983
4.0,2,20,noisy,204.9725341796875,0.016241570934653282
4.0,2,21,noisy,206.1165313720703,0.009619436226785183
4.0,2,22,noisy,205.7843017578125,0.017543908208608627
4.0,2,23,noisy,210.80218505859375,0.009508287534117699
4.0,2,24,noisy,201.00100708007812,0.010933857411146164
4.0,2,25,noisy,204.84829711914062,0.022177621722221375
4.0,2,26,noisy,210.433349609375,0.01440894603729248
4.0,2,27,noisy,206.79824829101562,0.003579264972358942
4.0,2,28,noisy,210.4628143310547,0.025170238688588142
4.0,2,29,noisy,205.3576202392578,0.016535962000489235
4.0,2,30,noisy,206.2388153076172,0.012794189155101776
4.0,2,31,noisy,206.19178771972656,0.008744563907384872
4.0,2,32,noisy,208.11314392089844,0.020574986934661865
4.0,2,33,noisy,205.50454711914062,0.015175387263298035
4.0,2,34,noisy,210.6547393798828,0.016298377886414528
4.0,2,35,noisy,204.7049560546875,0.012100381776690483
4.0,2,36,noisy,205.541259765625,0.015696076676249504
4.0,2,37,noisy,208.1034698486328,0.012974598444998264
4.0,2,38,noisy,209.0550537109375,0.013240563683211803
4.0,2,39,noisy,208.42398071289062,0.009350907988846302
4.0,2,40,noisy,211.74349975585938,0.023117031902074814
4.0,2,41,noisy,211.37181091308594,0.007907098159193993
4.0,2,42,noisy,207.31288146972656,0.0071421656757593155
4.0,2,43,noisy,206.584716796875,0.02671893499791622
4.0,2,44,noisy,208.38038635253906,0.006628144066780806
4.0,2,45,noisy,209.58877563476562,0.010965555906295776
4.0,2,46,noisy,202.37933349609375,0.018656805157661438
4.0,2,47,noisy,204.7732696533203,0.008929112926125526
4.0,2,48,noisy,208.6715087890625,0.021364541724324226
4.0,2,49,noisy,202.7752685546875,0.009889153763651848
4.0,2,50,noisy,207.92056274414062,0.006754161324352026
4.0,2,51,noisy,209.5400390625,0.00143936718814075
4.0,2,52,noisy,205.45726013183594,0.027488334104418755
4.0,2,53,noisy,205.87506103515625,0.016978660598397255
4.0,2,54,noisy,209.6988525390625,0.005258404184132814
4.0,2,55,noisy,204.60882568359375,0.025839708745479584
4.0,2,56,noisy,205.98655700683594,0.014089727774262428
4.0,2,57,noisy,205.40638732910156,0.00814810674637556
4.0,2,58,noisy,207.90252685546875,0.010299297980964184
4.0,2,59,noisy,211.7685089111328,0.013558881357312202
4.0,2,60,noisy,204.79119873046875,0.020281799137592316
4.0,2,61,noisy,205.46710205078125,0.006890897639095783
4.0,2,62,noisy,203.70957946777344,0.022936584427952766
4.0,2,63,noisy,205.35060119628906,0.04192769154906273
4.0,2,64,noisy,209.52249145507812,0.014299053698778152
4.0,2,1,zero,0.10039170831441879,0.0
4.0,2,2,zero,0.01640067808330059,0.0
4.0,2,3,zero,0.03848185017704964,0.0
4.0,2,4,zero,0.046752285212278366,0.0
4.0,2,5,zero,0.04085616394877434,0.0
4.0,2,6,zero,0.02387048490345478,0.0
4.0,2,7,zero,0.04603863134980202,0.0
4.0,2,8,zero,0.021907934918999672,0.0
4.0,2,9,zero,0.05773606523871422,0.0
4.0,2,10,zero,0.07238706946372986,0.0
4.0,2,11,zero,0.032177794724702835,0.0
4.0,2,12,zero,0.0532282292842865,0.0
4.0,2,13,zero,0.019107474014163017,0.0
4.0,2,14,zero,0.04309752210974693,0.0
4.0,2,15,zero,0.045501481741666794,0.0
4.0,2,16,zero,0.07687055319547653,0.0
4.0,2,17,zero,0.019193565472960472,0.0
4.0,2,18,zero,0.050539884716272354,0.0
4.0,2,19,zero,0.05655184015631676,0.0
4.0,2,20,zero,0.03699320927262306,0.0
4.0,2,21,zero,0.04062100127339363,0.0
4.0,2,22,zero,0.04052667319774628,0.0
4.0,2,23,zero,0.04456741362810135,0.0
4.0,2,24,zero,0.038134489208459854,0.0
4.0,2,25,zero,0.022472072392702103,0.0
4.0,2,26,zero,0.017686855047941208,0.0
4.0,2,27,zero,0.05454734340310097,0.0
4.0,2,28,zero,0.035999298095703125,0.0
4.0,2,29,zero,0.04973820224404335,0.0
4.0,2,30,zero,0.059334009885787964,0.0
4.0,2,31,zero,0.047163914889097214,0.0
4.0,2,32,zero,0.06055561825633049,0.0
4.0,2,33,zero,0.028499096632003784,0.0
4.0,2,34,zero,0.04186598211526871,0.0
4.0,2,35,zero,0.04930482432246208,0.0
4.0,2,36,zero,0.04672669991850853,0.0
4.0,2,37,zero,0.04997101053595543,0.0
4.0,2,38,zero,0.05508742481470108,0.0
4.0,2,39,zero,0.04315318167209625,0.0
4.0,2,40,zero,0.02334614284336567,0.0
4.0,2,41,zero,0.04947531968355179,0.0
4.0,2,42,zero,0.03284994885325432,0.0
4.0,2,43,zero,0.04367774724960327,0.0
4.0,2,44,zero,0.043255314230918884,0.0
4.0,2,45,zero,0.05364774540066719,0.0
4.0,2,46,zero,0.035537444055080414,0.0
4.0,2,47,zero,0.05959700793027878,0.0
4.0,2,48,zero,0.03634941205382347,0.0
4.0,2,49,zero,0.03464185819029808,0.0
4.0,2,50,zero,0.02823047712445259,0.0
4.0,2,51,zero,0.03059791959822178,0.0
4.0,2,52,zero,0.03205988556146622,0.0
4.0,2,53,zero,0.03733568266034126,0.0
4.0,2,54,zero,0.036486051976680756,0.0
4.0,2,55,zero,0.03719151020050049,0.0
4.0,2,56,zero,0.039187271147966385,0.0
4.0,2,57,zero,0.02976919338107109,0.0
4.0,2,58,zero,0.03564770892262459,0.0
4.0,2,59,zero,0.04046866297721863,0.0
4.0,2,60,zero,0.038236893713474274,0.0
4.0,2,61,zero,0.02652020752429962,0.0
4.0,2,62,zero,0.029404310509562492,0.0
4.0,2,63,zero,0.05985413119196892,0.0
4.0,2,64,zero,0.05224107578396797,0.0
4.0,2,1,projection_oracle,0.009385685436427593,0.9529664516448975
4.0,2,2,projection_oracle,0.008152869530022144,0.7721065282821655
4.0,2,3,projection_oracle,0.010421209037303925,0.863922655582428
4.0,2,4,projection_oracle,0.00860632210969925,0.9093798995018005
4.0,2,5,projection_oracle,0.008708551526069641,0.8954580426216125
4.0,2,6,projection_oracle,0.010414063930511475,0.7805537581443787
4.0,2,7,projection_oracle,0.012232593260705471,0.8629854917526245
4.0,2,8,projection_oracle,0.009566491469740868,0.7887344360351562
4.0,2,9,projection_oracle,0.012860925868153572,0.8849573135375977
4.0,2,10,projection_oracle,0.010729939676821232,0.9252877235412598
4.0,2,11,projection_oracle,0.01098314393311739,0.8301947712898254
4.0,2,12,projection_oracle,0.010239758528769016,0.902336835861206
4.0,2,13,projection_oracle,0.008289238438010216,0.7967731952667236
4.0,2,14,projection_oracle,0.010096782818436623,0.8824074268341064
4.0,2,15,projection_oracle,0.01011497713625431,0.8880828619003296
4.0,2,16,projection_oracle,0.014445845037698746,0.9037417769432068
4.0,2,17,projection_oracle,0.009386838413774967,0.7746595144271851
4.0,2,18,projection_oracle,0.0123587129637599,0.8747296929359436
4.0,2,19,projection_oracle,0.010269561782479286,0.9097058176994324
4.0,2,20,projection_oracle,0.012077569961547852,0.8315345644950867
4.0,2,21,projection_oracle,0.013740497641265392,0.8278433680534363
4.0,2,22,projection_oracle,0.0116606829687953,0.8521517515182495
4.0,2,23,projection_oracle,0.011397483758628368,0.8700952529907227
4.0,2,24,projection_oracle,0.010966462083160877,0.8549677133560181
4.0,2,25,projection_oracle,0.010980946943163872,0.7730653285980225
4.0,2,26,projection_oracle,0.01048156339675188,0.7287870645523071
4.0,2,27,projection_oracle,0.010876432061195374,0.9005850553512573
4.0,2,28,projection_oracle,0.011313646100461483,0.8469322323799133
4.0,2,29,projection_oracle,0.01363576203584671,0.8594713807106018
4.0,2,30,projection_oracle,0.012263587675988674,0.8958321809768677
4.0,2,31,projection_oracle,0.010431908071041107,0.8887425065040588
4.0,2,32,projection_oracle,0.011350682005286217,0.9054007530212402
4.0,2,33,projection_oracle,0.011491685174405575,0.8056433200836182
4.0,2,34,projection_oracle,0.015438553877174854,0.811211884021759
4.0,2,35,projection_oracle,0.013359286822378635,0.8636190295219421
4.0,2,36,projection_oracle,0.013071546331048012,0.8593140840530396
4.0,2,37,projection_oracle,0.01587844081223011,0.8374814987182617
4.0,2,38,projection_oracle,0.013431311585009098,0.8767234683036804
4.0,2,39,projection_oracle,0.01432464923709631,0.8335986137390137
4.0,2,40,projection_oracle,0.008877143263816833,0.8214747309684753
4.0,2,41,projection_oracle,0.014607969671487808,0.8512923121452332
4.0,2,42,projection_oracle,0.011542154476046562,0.8265469074249268
4.0,2,43,projection_oracle,0.011458559893071651,0.8693963885307312
4.0,2,44,projection_oracle,0.010972017422318459,0.8751956820487976
4.0,2,45,projection_oracle,0.013490929268300533,0.8710750341415405
4.0,2,46,projection_oracle,0.01589377596974373,0.7687138915061951
4.0,2,47,projection_oracle,0.015664709731936455,0.862217903137207
4.0,2,48,projection_oracle,0.011479582637548447,0.8436030745506287
4.0,2,49,projection_oracle,0.012589380145072937,0.8136498332023621
4.0,2,50,projection_oracle,0.0119937714189291,0.7912247776985168
4.0,2,51,projection_oracle,0.012388532981276512,0.7938712239265442
4.0,2,52,projection_oracle,0.011982066556811333,0.8132003545761108
4.0,2,53,projection_oracle,0.012304491363465786,0.8332564234733582
4.0,2,54,projection_oracle,0.012331015430390835,0.8304545283317566
4.0,2,55,projection_oracle,0.01390279270708561,0.8178941011428833
4.0,2,56,projection_oracle,0.01239935215562582,0.8394841551780701
4.0,2,57,projection_oracle,0.012658155523240566,0.7940735220909119
4.0,2,58,projection_oracle,0.014846262522041798,0.7895641922950745
4.0,2,59,projection_oracle,0.012792359106242657,0.8464697003364563
4.0,2,60,projection_oracle,0.01610524207353592,0.7912998795509338
4.0,2,61,projection_oracle,0.012962007895112038,0.7667987942695618
4.0,2,62,projection_oracle,0.012833072803914547,0.7922186255455017
4.0,2,63,projection_oracle,0.015853645280003548,0.8637598752975464
4.0,2,64,projection_oracle,0.01580837555229664,0.8478540182113647
16.0,0,1,gaussian_current,0.04397139032010886,0.6515282547880686
16.0,0,2,gaussian_current,0.059235166275169004,0.3956058662779735
16.0,0,3,gaussian_current,0.045518861461321655,0.48362936538806667
16.0,0,4,gaussian_current,0.023164024121567647,0.49489915938175516
16.0,0,5,gaussian_current,0.056962306195677805,0.41122822940854403
16.0,0,6,gaussian_current,0.06445112530565167,0.2962398541361413
16.0,0,7,gaussian_current,0.030965315486959487,0.488251088697052
16.0,0,8,gaussian_current,0.05101308084568156,0.6653005287703733
16.0,0,9,gaussian_current,0.051939786537115853,0.6166314822035142
16.0,0,10,gaussian_current,0.04580503881753498,0.6234794850863431
16.0,0,11,gaussian_current,0.07143945166582318,0.6619273675126096
16.0,0,12,gaussian_current,0.04383931223186774,0.6511483274443188
16.0,0,13,gaussian_current,0.042204024896759076,0.5847605295774162
16.0,0,14,gaussian_current,0.03912952791466668,0.5301496879856148
16.0,0,15,gaussian_current,0.05771678649897678,0.5986537373600221
16.0,0,16,gaussian_current,0.048595809947987276,0.6006449996850998
16.0,0,17,gaussian_current,0.047727241070321204,0.5721583251742504
16.0,0,18,gaussian_current,0.04212171991855416,0.6101327618305082
16.0,0,19,gaussian_current,0.0392228467088959,0.5437452436628886
16.0,0,20,gaussian_current,0.038139242054329926,0.36228494967458325
16.0,0,21,gaussian_current,0.029676565350679057,0.6425729566329603
16.0,0,22,gaussian_current,0.02756813654664839,0.6819202315084786
16.0,0,23,gaussian_current,0.025861071742300158,0.6263674886233263
16.0,0,24,gaussian_current,0.04576948291807271,0.48935606148873373
16.0,0,25,gaussian_current,0.05944294234581479,0.39958061000852524
16.0,0,26,gaussian_current,0.03855432557057256,0.5403544292413206
16.0,0,27,gaussian_current,0.04555088776585331,0.5109621685955429
16.0,0,28,gaussian_current,0.04558677233432985,0.5612502501027569
16.0,0,29,gaussian_current,0.04543086993040738,0.46910436244254194
16.0,0,30,gaussian_current,0.05652559740665751,0.5163862498716738
16.0,0,31,gaussian_current,0.07827962805714385,0.4847432088464893
16.0,0,32,gaussian_current,0.09926856068119522,0.45988198019696835
16.0,0,33,gaussian_current,0.03964808758018648,0.5653330857280999
16.0,0,34,gaussian_current,0.09303522409061063,0.2965655588009455
16.0,0,35,gaussian_current,0.06081036179322363,0.388233738684703
16.0,0,36,gaussian_current,0.028040955942751133,0.6629532923185094
16.0,0,37,gaussian_current,0.03817329939165587,0.640877958026172
16.0,0,38,gaussian_current,0.035306960089293904,0.5061903219422464
16.0,0,39,gaussian_current,0.03754193993877093,0.5078576317155774
16.0,0,40,gaussian_current,0.05688638205964256,0.5888477756814181
16.0,0,41,gaussian_current,0.04775689873416383,0.5016961766203744
16.0,0,42,gaussian_current,0.039054888184363486,0.6318303515424051
16.0,0,43,gaussian_current,0.038733407030527314,0.502776192506701
16.0,0,44,gaussian_current,0.043860309138009985,0.5916445658206374
16.0,0,45,gaussian_current,0.05737344422119211,0.5057276199016855
16.0,0,46,gaussian_current,0.06029308374324989,0.39961931833330183
16.0,0,47,gaussian_current,0.03596479386494148,0.6059368662023253
16.0,0,48,gaussian_current,0.04272013396748044,0.6180797704246235
16.0,0,49,gaussian_current,0.044366156613740465,0.4859050432681627
16.0,0,50,gaussian_current,0.03984585711333424,0.4271642625593614
16.0,0,51,gaussian_current,0.0775406899577925,0.6500058630947316
16.0,0,52,gaussian_current,0.07005083135842048,-0.06361477467598184
16.0,0,53,gaussian_current,0.03863678190578271,0.5235788784932917
16.0,0,54,gaussian_current,0.06625004965991264,0.411683502067259
16.0,0,55,gaussian_current,0.04050333997419762,0.5216725733409877
16.0,0,56,gaussian_current,0.052372498292112095,0.4787618519684044
16.0,0,57,gaussian_current,0.05515480966369564,0.3645531468101825
16.0,0,58,gaussian_current,0.03375664700814663,0.5553892174177028
16.0,0,59,gaussian_current,0.047892825566475145,0.4158289472505291
16.0,0,60,gaussian_current,0.038293449126198496,0.5895050542190133
16.0,0,61,gaussian_current,0.03324890519743488,0.5934543741783763
16.0,0,62,gaussian_current,0.03897273588813528,0.6071110306175416
16.0,0,63,gaussian_current,0.036024457473960964,0.47394326432548445
16.0,0,64,gaussian_current,0.04658484387846755,0.38492489843868233
16.0,0,1,diffusion_temporal,0.041697438806295395,0.6709952354431152
16.0,0,2,diffusion_temporal,0.06730274856090546,0.3148496448993683
16.0,0,3,diffusion_temporal,0.05037165805697441,0.45248478651046753
16.0,0,4,diffusion_temporal,0.03653021901845932,0.2831626236438751
16.0,0,5,diffusion_temporal,0.06970997154712677,0.29244720935821533
16.0,0,6,diffusion_temporal,0.07772089540958405,0.18347884714603424
16.0,0,7,diffusion_temporal,0.03454062342643738,0.4945247173309326
16.0,0,8,diffusion_temporal,0.06214459612965584,0.5669039487838745
16.0,0,9,diffusion_temporal,0.06274763494729996,0.5472792983055115
16.0,0,10,diffusion_temporal,0.05308952555060387,0.5840848088264465
16.0,0,11,diffusion_temporal,0.08348193019628525,0.5867981910705566
16.0,0,12,diffusion_temporal,0.05387552082538605,0.5913747549057007
16.0,0,13,diffusion_temporal,0.054518066346645355,0.4623684883117676
16.0,0,14,diffusion_temporal,0.04986986890435219,0.4968647062778473
16.0,0,15,diffusion_temporal,0.09003527462482452,0.40935540199279785
16.0,0,16,diffusion_temporal,0.05963771790266037,0.5739534497261047
16.0,0,17,diffusion_temporal,0.06691280007362366,0.4335550367832184
16.0,0,18,diffusion_temporal,0.059000980108976364,0.5610284805297852
16.0,0,19,diffusion_temporal,0.0551052987575531,0.41848519444465637
16.0,0,20,diffusion_temporal,0.05206594988703728,0.381350576877594
16.0,0,21,diffusion_temporal,0.04450724273920059,0.5521181225776672
16.0,0,22,diffusion_temporal,0.04385508596897125,0.571356475353241
16.0,0,23,diffusion_temporal,0.03542781248688698,0.5613822937011719
16.0,0,24,diffusion_temporal,0.05788610130548477,0.44620004296302795
16.0,0,25,diffusion_temporal,0.07242216169834137,0.40683454275131226
16.0,0,26,diffusion_temporal,0.04892953485250473,0.47916874289512634
16.0,0,27,diffusion_temporal,0.059440698474645615,0.47219789028167725
16.0,0,28,diffusion_temporal,0.05782128497958183,0.49090632796287537
16.0,0,29,diffusion_temporal,0.07825139909982681,0.23819760978221893
16.0,0,30,diffusion_temporal,0.07964711636304855,0.3476949632167816
16.0,0,31,diffusion_temporal,0.10487362742424011,0.32630249857902527
16.0,0,32,diffusion_temporal,0.11043701320886612,0.4084831178188324
16.0,0,33,diffusion_temporal,0.06041315197944641,0.41952937841415405
16.0,0,34,diffusion_temporal,0.10673070698976517,0.21335448324680328
16.0,0,35,diffusion_temporal,0.08314843475818634,0.24997304379940033
16.0,0,36,diffusion_temporal,0.04112029820680618,0.5979104042053223
16.0,0,37,diffusion_temporal,0.05014573782682419,0.6165080666542053
16.0,0,38,diffusion_temporal,0.048432767391204834,0.43991589546203613
16.0,0,39,diffusion_temporal,0.06042061373591423,0.3933190107345581
16.0,0,40,diffusion_temporal,0.06679998338222504,0.5366288423538208
16.0,0,41,diffusion_temporal,0.05220669135451317,0.5115249156951904
16.0,0,42,diffusion_temporal,0.054483942687511444,0.5688031315803528
16.0,0,43,diffusion_temporal,0.048863980919122696,0.4806552827358246
16.0,0,44,diffusion_temporal,0.05043685808777809,0.5740633606910706
16.0,0,45,diffusion_temporal,0.06958579272031784,0.4374191164970398
16.0,0,46,diffusion_temporal,0.06478731334209442,0.39607807993888855
16.0,0,47,diffusion_temporal,0.047282539308071136,0.556268036365509
16.0,0,48,diffusion_temporal,0.045702964067459106,0.6068418622016907
16.0,0,49,diffusion_temporal,0.04912879317998886,0.4598158001899719
16.0,0,50,diffusion_temporal,0.045643944293260574,0.4042656719684601
16.0,0,51,diffusion_temporal,0.08831953257322311,0.5778767466545105
16.0,0,52,diffusion_temporal,0.08818452060222626,-0.03234288468956947
16.0,0,53,diffusion_temporal,0.055018242448568344,0.41869643330574036
16.0,0,54,diffusion_temporal,0.07645244896411896,0.35844025015830994
16.0,0,55,diffusion_temporal,0.05247010290622711,0.44512316584587097
16.0,0,56,diffusion_temporal,0.06696811318397522,0.3787323832511902
16.0,0,57,diffusion_temporal,0.061833444982767105,0.3407619893550873
16.0,0,58,diffusion_temporal,0.04348710924386978,0.49503111839294434
16.0,0,59,diffusion_temporal,0.05947215482592583,0.40709903836250305
16.0,0,60,diffusion_temporal,0.04729738086462021,0.5312649011611938
16.0,0,61,diffusion_temporal,0.041061945259571075,0.5584810376167297
16.0,0,62,diffusion_temporal,0.048130303621292114,0.54144686460495
16.0,0,63,diffusion_temporal,0.0450897142291069,0.42542970180511475
16.0,0,64,diffusion_temporal,0.06261005997657776,0.3463039994239807
16.0,0,1,diffusion_context_only,0.041140709072351456,0.6914827227592468
16.0,0,2,diffusion_context_only,0.06914299726486206,0.29688018560409546
16.0,0,3,diffusion_context_only,0.051788877695798874,0.4371808171272278
16.0,0,4,diffusion_context_only,0.0355633869767189,0.29324576258659363
16.0,0,5,diffusion_context_only,0.07060755044221878,0.27311840653419495
16.0,0,6,diffusion_context_only,0.0765848457813263,0.20383092761039734
16.0,0,7,diffusion_context_only,0.034587085247039795,0.49954894185066223
16.0,0,8,diffusion_context_only,0.06267097592353821,0.5634818077087402
16.0,0,9,diffusion_context_only,0.06250644475221634,0.5502645969390869
16.0,0,10,diffusion_context_only,0.053194817155599594,0.582872211933136
16.0,0,11,diffusion_context_only,0.08514745533466339,0.5766980051994324
16.0,0,12,diffusion_context_only,0.05348421633243561,0.5936565399169922
16.0,0,13,diffusion_context_only,0.05451264977455139,0.4628870189189911
16.0,0,14,diffusion_context_only,0.0511803925037384,0.48856988549232483
16.0,0,15,diffusion_context_only,0.09078428149223328,0.4037681818008423
16.0,0,16,diffusion_context_only,0.05987505614757538,0.5686876177787781
16.0,0,17,diffusion_context_only,0.06613617390394211,0.4411173462867737
16.0,0,18,diffusion_context_only,0.058755092322826385,0.5628337860107422
16.0,0,19,diffusion_context_only,0.055140212178230286,0.4198682904243469
16.0,0,20,diffusion_context_only,0.05187755450606346,0.38935235142707825
16.0,0,21,diffusion_context_only,0.04430180788040161,0.5524827837944031
16.0,0,22,diffusion_context_only,0.04326343908905983,0.5721433758735657
16.0,0,23,diffusion_context_only,0.035483218729496,0.561779260635376
16.0,0,24,diffusion_context_only,0.057899389415979385,0.4465530216693878
16.0,0,25,diffusion_context_only,0.07414527982473373,0.3953193724155426
16.0,0,26,diffusion_context_only,0.04854540154337883,0.4831896126270294
16.0,0,27,diffusion_context_only,0.05954619497060776,0.47023633122444153
16.0,0,28,diffusion_context_only,0.05846313014626503,0.48746562004089355
16.0,0,29,diffusion_context_only,0.07863098382949829,0.2340337336063385
16.0,0,30,diffusion_context_only,0.07950093597173691,0.3487910032272339
16.0,0,31,diffusion_context_only,0.1061658039689064,0.31588664650917053
16.0,0,32,diffusion_context_only,0.11029046028852463,0.4078786373138428
16.0,0,33,diffusion_context_only,0.060256361961364746,0.41791945695877075
16.0,0,34,diffusion_context_only,0.10636670142412186,0.2137443572282791
16.0,0,35,diffusion_context_only,0.08313333243131638,0.24696184694766998
16.0,0,36,diffusion_context_only,0.04117293655872345,0.5989294648170471
16.0,0,37,diffusion_context_only,0.05061624199151993,0.6140326261520386
16.0,0,38,diffusion_context_only,0.04813124239444733,0.4396722614765167
16.0,0,39,diffusion_context_only,0.060642309486866,0.3909579813480377
16.0,0,40,diffusion_context_only,0.06706869602203369,0.5343543291091919
16.0,0,41,diffusion_context_only,0.052295539528131485,0.5099686980247498
16.0,0,42,diffusion_context_only,0.05448422208428383,0.5690401196479797
16.0,0,43,diffusion_context_only,0.048588015139102936,0.4826888144016266
16.0,0,44,diffusion_context_only,0.050398197025060654,0.573564887046814
16.0,0,45,diffusion_context_only,0.06969248503446579,0.43568867444992065
16.0,0,46,diffusion_context_only,0.06499513983726501,0.3934174180030823
16.0,0,47,diffusion_context_only,0.04751257598400116,0.5555527210235596
16.0,0,48,diffusion_context_only,0.04570811241865158,0.6067435145378113
16.0,0,49,diffusion_context_only,0.04939180240035057,0.4560984969139099
16.0,0,50,diffusion_context_only,0.045626476407051086,0.4036126136779785
16.0,0,51,diffusion_context_only,0.0887860655784607,0.5749256610870361
16.0,0,52,diffusion_context_only,0.08835013955831528,-0.03308014199137688
16.0,0,53,diffusion_context_only,0.05503131076693535,0.4164182245731354
16.0,0,54,diffusion_context_only,0.07682707905769348,0.3568596839904785
16.0,0,55,diffusion_context_only,0.05253416299819946,0.44481247663497925
16.0,0,56,diffusion_context_only,0.06646896153688431,0.38224056363105774
16.0,0,57,diffusion_context_only,0.06167058274149895,0.34276363253593445
16.0,0,58,diffusion_context_only,0.04360194876790047,0.49340003728866577
16.0,0,59,diffusion_context_only,0.05979938060045242,0.405015766620636
16.0,0,60,diffusion_context_only,0.047444891184568405,0.5301347374916077
16.0,0,61,diffusion_context_only,0.04123750701546669,0.5569717288017273
16.0,0,62,diffusion_context_only,0.04815061390399933,0.5413557291030884
16.0,0,63,diffusion_context_only,0.045096274465322495,0.42569929361343384
16.0,0,64,diffusion_context_only,0.0626978948712349,0.3465845584869385
16.0,0,1,gaussian_context_only,0.04061339906558614,0.7080498127703012
16.0,0,2,gaussian_context_only,0.05878925127014401,0.3900765615200085
16.0,0,3,gaussian_context_only,0.042515955521615516,0.5172106847689081
16.0,0,4,gaussian_context_only,0.021488642020788044,0.5188158246706206
16.0,0,5,gaussian_context_only,0.054112067166094506,0.43994897897706947
16.0,0,6,gaussian_context_only,0.05371066921252512,0.4430470025868232
16.0,0,7,gaussian_context_only,0.028158028263626754,0.5229662000060145
16.0,0,8,gaussian_context_only,0.0573756780302064,0.6039091988289936
16.0,0,9,gaussian_context_only,0.049376972698025996,0.6408027645973717
16.0,0,10,gaussian_context_only,0.056462067824743535,0.5346889454893653
16.0,0,11,gaussian_context_only,0.07984603479350388,0.603710326845271
16.0,0,12,gaussian_context_only,0.05390224167459262,0.5658191806564037
16.0,0,13,gaussian_context_only,0.048255772741111334,0.5192129535843423
16.0,0,14,gaussian_context_only,0.044309498052982225,0.5200368513424586
16.0,0,15,gaussian_context_only,0.051834617810799226,0.6515892486589989
16.0,0,16,gaussian_context_only,0.050142292428290734,0.6026515479054873
16.0,0,17,gaussian_context_only,0.04667615499225555,0.5984782019281317
16.0,0,18,gaussian_context_only,0.056091636436797605,0.49306160495838985
16.0,0,19,gaussian_context_only,0.04739981816930104,0.46774364480996145
16.0,0,20,gaussian_context_only,0.039244181945575836,0.39728836669889844
16.0,0,21,gaussian_context_only,0.04719053386193775,0.5352628983283192
16.0,0,22,gaussian_context_only,0.03931071179362359,0.5933796643811825
16.0,0,23,gaussian_context_only,0.0310902097818078,0.5812598009821562
16.0,0,24,gaussian_context_only,0.05441590306807842,0.45052255792409635
16.0,0,25,gaussian_context_only,0.06588085147369425,0.3916118582841587
16.0,0,26,gaussian_context_only,0.05460698322349101,0.43789947915462496
16.0,0,27,gaussian_context_only,0.05451869897202694,0.49827957541211243
16.0,0,28,gaussian_context_only,0.05485076667821957,0.5259852229511164
16.0,0,29,gaussian_context_only,0.059762282283997804,0.3715909774174012
16.0,0,30,gaussian_context_only,0.06549266220083866,0.45677166468673064
16.0,0,31,gaussian_context_only,0.07523836749971645,0.5485331335787661
16.0,0,32,gaussian_context_only,0.1142565711188085,0.37999971947096023
16.0,0,33,gaussian_context_only,0.047227436992456136,0.4874313483131128
16.0,0,34,gaussian_context_only,0.106700992248403,0.21695561387004467
16.0,0,35,gaussian_context_only,0.07353682033466136,0.3252129363086035
16.0,0,36,gaussian_context_only,0.03543967744218253,0.6046513542882227
16.0,0,37,gaussian_context_only,0.0495477113356225,0.5756402985214596
16.0,0,38,gaussian_context_only,0.04668182583138285,0.45267976590055475
16.0,0,39,gaussian_context_only,0.05389038786138951,0.36993481343264856
16.0,0,40,gaussian_context_only,0.06272855976719349,0.5611787873471847
16.0,0,41,gaussian_context_only,0.051863599124343115,0.4746197074045396
16.0,0,42,gaussian_context_only,0.062481986404318984,0.4976524797493066
16.0,0,43,gaussian_context_only,0.047360783018568366,0.4582244063401971
16.0,0,44,gaussian_context_only,0.050384143737643994,0.5614841083027257
16.0,0,45,gaussian_context_only,0.059846666219936506,0.5296183730158104
16.0,0,46,gaussian_context_only,0.07476539172996882,0.34167425227196846
16.0,0,47,gaussian_context_only,0.05069147422189775,0.5108549090297914
16.0,0,48,gaussian_context_only,0.054154773447179325,0.5362552657904766
16.0,0,49,gaussian_context_only,0.04417443365116561,0.5193133255823572
16.0,0,50,gaussian_context_only,0.045830417201818414,0.43407402634096
16.0,0,51,gaussian_context_only,0.08861548515291578,0.5768365069211224
16.0,0,52,gaussian_context_only,0.08166404421032909,-0.050106325380291444
16.0,0,53,gaussian_context_only,0.04809410113995951,0.4817888791463047
16.0,0,54,gaussian_context_only,0.0727109274956078,0.40396796454658174
16.0,0,55,gaussian_context_only,0.049079474461839974,0.46006748658489277
16.0,0,56,gaussian_context_only,0.07962449233384059,0.32212661379237467
16.0,0,57,gaussian_context_only,0.06416120024887115,0.3376290105496536
16.0,0,58,gaussian_context_only,0.04186293177204122,0.4874088365891465
16.0,0,59,gaussian_context_only,0.052379546122834984,0.44143910260202385
16.0,0,60,gaussian_context_only,0.05245247443507027,0.4895080903638389
16.0,0,61,gaussian_context_only,0.04290858377336978,0.5637250984453523
16.0,0,62,gaussian_context_only,0.04461537677494373,0.5827298271393186
16.0,0,63,gaussian_context_only,0.04869519210736272,0.4003620503664277
16.0,0,64,gaussian_context_only,0.053276203356742435,0.35308981502851294
16.0,0,1,gaussian_temporal,0.04019838126933938,0.7011651633328194
16.0,0,2,gaussian_temporal,0.05563204038654862,0.43794779457931216
16.0,0,3,gaussian_temporal,0.04165797569265895,0.5295047979298518
16.0,0,4,gaussian_temporal,0.021793735542949885,0.5063501231700122
16.0,0,5,gaussian_temporal,0.054184091611911636,0.44090796313986963
16.0,0,6,gaussian_temporal,0.0575283166726952,0.3923810153933216
16.0,0,7,gaussian_temporal,0.02914386034215832,0.5067561358549463
16.0,0,8,gaussian_temporal,0.056419551466394595,0.6126210961231993
16.0,0,9,gaussian_temporal,0.04740805929508246,0.6602951223690399
16.0,0,10,gaussian_temporal,0.06256352051635558,0.48024651899970777
16.0,0,11,gaussian_temporal,0.07912572948074535,0.6089981296273875
16.0,0,12,gaussian_temporal,0.05307049629671831,0.5764826368568743
16.0,0,13,gaussian_temporal,0.04896276605278534,0.5117088111529765
16.0,0,14,gaussian_temporal,0.04150304653269986,0.5399982791042647
16.0,0,15,gaussian_temporal,0.05358716968733845,0.637670151643
16.0,0,16,gaussian_temporal,0.04658441694166493,0.6364586001388829
16.0,0,17,gaussian_temporal,0.04663585870814593,0.596612933739724
16.0,0,18,gaussian_temporal,0.05236931704408193,0.5176465907082278
16.0,0,19,gaussian_temporal,0.04523219344254411,0.4927461380665268
16.0,0,20,gaussian_temporal,0.04181857085394769,0.3558560257011598
16.0,0,21,gaussian_temporal,0.040504818841307764,0.5660971668464785
16.0,0,22,gaussian_temporal,0.03661509038672476,0.607193428277992
16.0,0,23,gaussian_temporal,0.03279799160584937,0.5704626159612989
16.0,0,24,gaussian_temporal,0.05695522637600318,0.43225690210452405
16.0,0,25,gaussian_temporal,0.06915497966656896,0.3707160682240081
16.0,0,26,gaussian_temporal,0.052675555809456556,0.4528556273862189
16.0,0,27,gaussian_temporal,0.056613370508206924,0.4911849332358729
16.0,0,28,gaussian_temporal,0.0524292847257558,0.537075157368779
16.0,0,29,gaussian_temporal,0.05590224994264823,0.41242446443014935
16.0,0,30,gaussian_temporal,0.06834910855537105,0.43597941933777296
16.0,0,31,gaussian_temporal,0.07654249478375671,0.5334576800873659
16.0,0,32,gaussian_temporal,0.11019257213507705,0.39245958858845215
16.0,0,33,gaussian_temporal,0.046982109595876766,0.4907863781619268
16.0,0,34,gaussian_temporal,0.10031664481227592,0.2678833262982738
16.0,0,35,gaussian_temporal,0.07230454228592388,0.3346906830288987
16.0,0,36,gaussian_temporal,0.03867469084131922,0.5670966734330487
16.0,0,37,gaussian_temporal,0.04870477987564585,0.577785560672971
16.0,0,38,gaussian_temporal,0.0450431118013311,0.4536766720471184
16.0,0,39,gaussian_temporal,0.05024706489344706,0.38723264529936907
16.0,0,40,gaussian_temporal,0.059537488959604146,0.5869235152803867
16.0,0,41,gaussian_temporal,0.05196938192827964,0.47514928132655165
16.0,0,42,gaussian_temporal,0.06117779087829699,0.5143913838890056
16.0,0,43,gaussian_temporal,0.04499555749102203,0.4685440277184266
16.0,0,44,gaussian_temporal,0.050185576337666286,0.5560871049236472
16.0,0,45,gaussian_temporal,0.060539293622312515,0.5229280428885917
16.0,0,46,gaussian_temporal,0.07513367078754324,0.3219439141284627
16.0,0,47,gaussian_temporal,0.04652749424017671,0.5424199714428269
16.0,0,48,gaussian_temporal,0.05282166198168949,0.5400791525670267
16.0,0,49,gaussian_temporal,0.04762896740019829,0.4902892788050551
16.0,0,50,gaussian_temporal,0.045967687703373915,0.43577121825504767
16.0,0,51,gaussian_temporal,0.09023058679804215,0.5662848298048072
16.0,0,52,gaussian_temporal,0.08164983464177766,-0.06543214129494834
16.0,0,53,gaussian_temporal,0.04974654959120248,0.46508253255567983
16.0,0,54,gaussian_temporal,0.07008698093414462,0.4250577833104493
16.0,0,55,gaussian_temporal,0.048556194533936885,0.46072676235829335
16.0,0,56,gaussian_temporal,0.08666355710384983,0.28994707174531176
16.0,0,57,gaussian_temporal,0.06623708435482362,0.31609669739907853
16.0,0,58,gaussian_temporal,0.040735107006208714,0.4929203169369471
16.0,0,59,gaussian_temporal,0.05054453763212564,0.4270111689684637
16.0,0,60,gaussian_temporal,0.0496056676580368,0.5052154022409394
16.0,0,61,gaussian_temporal,0.040916156319058504,0.5756494849609518
16.0,0,62,gaussian_temporal,0.04712211042992005,0.5642427153744914
16.0,0,63,gaussian_temporal,0.04980512190782845,0.398391628540714
16.0,0,64,gaussian_temporal,0.05350477225957833,0.35053424530026933
16.0,0,1,public_fingerprint,0.06324687600135803,0.42065736651420593
16.0,0,2,public_fingerprint,0.08653569966554642,0.11812710762023926
16.0,0,3,public_fingerprint,0.068263478577137,0.25624293088912964
16.0,0,4,public_fingerprint,0.031404126435518265,0.42244139313697815
16.0,0,5,public_fingerprint,0.05673692375421524,0.4444478452205658
16.0,0,6,public_fingerprint,0.07842698693275452,0.15717853605747223
16.0,0,7,public_fingerprint,0.03610805794596672,0.398271769285202
16.0,0,8,public_fingerprint,0.06697417050600052,0.5088552832603455
16.0,0,9,public_fingerprint,0.07227901369333267,0.39587920904159546
16.0,0,10,public_fingerprint,0.0566803514957428,0.5093694925308228
16.0,0,11,public_fingerprint,0.09201114624738693,0.5163807272911072
16.0,0,12,public_fingerprint,0.05207023024559021,0.5668182373046875
16.0,0,13,public_fingerprint,0.05431691184639931,0.43476396799087524
16.0,0,14,public_fingerprint,0.043683912605047226,0.4531027376651764
16.0,0,15,public_fingerprint,0.07275772839784622,0.4598940312862396
16.0,0,16,public_fingerprint,0.06435725092887878,0.4326992928981781
16.0,0,17,public_fingerprint,0.06033375486731529,0.4293421506881714
16.0,0,18,public_fingerprint,0.04920436441898346,0.5286128520965576
16.0,0,19,public_fingerprint,0.045884937047958374,0.4491199851036072
16.0,0,20,public_fingerprint,0.041266463696956635,0.3008321523666382
16.0,0,21,public_fingerprint,0.026052318513393402,0.6759414076805115
16.0,0,22,public_fingerprint,0.028763379901647568,0.6654892563819885
16.0,0,23,public_fingerprint,0.026629595085978508,0.6083452105522156
16.0,0,24,public_fingerprint,0.04756411910057068,0.4519280195236206
16.0,0,25,public_fingerprint,0.06442157179117203,0.3260822892189026
16.0,0,26,public_fingerprint,0.03585182875394821,0.561588704586029
16.0,0,27,public_fingerprint,0.05567186698317528,0.37811827659606934
16.0,0,28,public_fingerprint,0.055140119045972824,0.45379287004470825
16.0,0,29,public_fingerprint,0.05059179663658142,0.3826560974121094
16.0,0,30,public_fingerprint,0.06372934579849243,0.4405999779701233
16.0,0,31,public_fingerprint,0.0950058326125145,0.3309517800807953
16.0,0,32,public_fingerprint,0.10414130985736847,0.4183638393878937
16.0,0,33,public_fingerprint,0.04515865817666054,0.4854391813278198
16.0,0,34,public_fingerprint,0.1004321500658989,0.2080165594816208
16.0,0,35,public_fingerprint,0.06620199978351593,0.31678688526153564
16.0,0,36,public_fingerprint,0.020765477791428566,0.74088454246521
16.0,0,37,public_fingerprint,0.04061533510684967,0.6124238967895508
16.0,0,38,public_fingerprint,0.0377180278301239,0.46586939692497253
16.0,0,39,public_fingerprint,0.03399538993835449,0.5405905246734619
16.0,0,40,public_fingerprint,0.05843038111925125,0.5742723941802979
16.0,0,41,public_fingerprint,0.05432261526584625,0.4193301796913147
16.0,0,42,public_fingerprint,0.0330389142036438,0.6872457265853882
16.0,0,43,public_fingerprint,0.0355282798409462,0.5277141332626343
16.0,0,44,public_fingerprint,0.04326716437935829,0.5888873338699341
16.0,0,45,public_fingerprint,0.06896236538887024,0.3946572542190552
16.0,0,46,public_fingerprint,0.0681477040052414,0.31902021169662476
16.0,0,47,public_fingerprint,0.03422555699944496,0.6262384057044983
16.0,0,48,public_fingerprint,0.040205471217632294,0.6433337926864624
16.0,0,49,public_fingerprint,0.04709368199110031,0.45017391443252563
16.0,0,50,public_fingerprint,0.038363948464393616,0.4608144760131836
16.0,0,51,public_fingerprint,0.0772075429558754,0.6502488255500793
16.0,0,52,public_fingerprint,0.08194202184677124,-0.21804048120975494
16.0,0,53,public_fingerprint,0.04182569310069084,0.5005661845207214
16.0,0,54,public_fingerprint,0.07744038105010986,0.31064373254776
16.0,0,55,public_fingerprint,0.036331906914711,0.5665643811225891
16.0,0,56,public_fingerprint,0.041667815297842026,0.5868102312088013
16.0,0,57,public_fingerprint,0.06034081056714058,0.28724145889282227
16.0,0,58,public_fingerprint,0.03077339567244053,0.5761827230453491
16.0,0,59,public_fingerprint,0.051753293722867966,0.34454071521759033
16.0,0,60,public_fingerprint,0.03500394523143768,0.6150019764900208
16.0,0,61,public_fingerprint,0.03093908168375492,0.6030240058898926
16.0,0,62,public_fingerprint,0.03983917459845543,0.5917564630508423
16.0,0,63,public_fingerprint,0.03127798065543175,0.521993100643158
16.0,0,64,public_fingerprint,0.04876210168004036,0.32653874158859253
16.0,0,1,noisy,3325.04052734375,0.01311538740992546
16.0,0,2,noisy,3282.117919921875,-0.0026238260325044394
16.0,0,3,noisy,3283.48779296875,0.0015655297320336103
16.0,0,4,noisy,3307.323974609375,0.02343505620956421
16.0,0,5,noisy,3234.201171875,0.016010213643312454
16.0,0,6,noisy,3301.69921875,-0.010278484784066677
16.0,0,7,noisy,3294.32080078125,-0.011534317396581173
16.0,0,8,noisy,3263.7314453125,0.008394772186875343
16.0,0,9,noisy,3288.713623046875,0.0013504175003618002
16.0,0,10,noisy,3287.984619140625,-0.005598711781203747
16.0,0,11,noisy,3264.685791015625,0.008798794820904732
16.0,0,12,noisy,3232.8671875,0.008153741247951984
16.0,0,13,noisy,3309.949462890625,-0.0013455027947202325
16.0,0,14,noisy,3331.57763671875,0.010936867445707321
16.0,0,15,noisy,3366.809814453125,0.014720145612955093
16.0,0,16,noisy,3316.798828125,-0.00784164946526289
16.0,0,17,noisy,3330.646240234375,-0.004799452610313892
16.0,0,18,noisy,3327.287841796875,-0.0028386865742504597
16.0,0,19,noisy,3297.8515625,0.003278532298281789
16.0,0,20,noisy,3343.23193359375,-0.0064560845494270325
16.0,0,21,noisy,3278.697265625,0.014412577264010906
16.0,0,22,noisy,3277.609375,0.00722535140812397
16.0,0,23,noisy,3289.328369140625,-0.00264546275138855
16.0,0,24,noisy,3319.603759765625,-0.005864034406840801
16.0,0,25,noisy,3302.611328125,0.023352408781647682
16.0,0,26,noisy,3269.7373046875,-0.014237876050174236
16.0,0,27,noisy,3316.214111328125,0.012775260023772717
16.0,0,28,noisy,3402.23193359375,-0.0046232170425355434
16.0,0,29,noisy,3310.47412109375,0.006860440596938133
16.0,0,30,noisy,3361.10009765625,0.005878758616745472
16.0,0,31,noisy,3293.07421875,0.010030681267380714
16.0,0,32,noisy,3307.553955078125,0.011302423663437366
16.0,0,33,noisy,3328.213623046875,0.004322112537920475
16.0,0,34,noisy,3306.279052734375,-0.00037294431240297854
16.0,0,35,noisy,3377.962158203125,0.005813814699649811
16.0,0,36,noisy,3263.03564453125,0.003278350457549095
16.0,0,37,noisy,3307.31103515625,0.010793727822601795
16.0,0,38,noisy,3350.91259765625,0.006575567182153463
16.0,0,39,noisy,3291.33837890625,-0.0019145015394315124
16.0,0,40,noisy,3335.169189453125,0.004621600732207298
16.0,0,41,noisy,3355.5498046875,0.006588176358491182
16.0,0,42,noisy,3337.3857421875,0.010557382367551327
16.0,0,43,noisy,3313.47216796875,0.0023551126942038536
16.0,0,44,noisy,3362.884521484375,0.005524493753910065
16.0,0,45,noisy,3283.135986328125,0.018372859805822372
16.0,0,46,noisy,3399.6689453125,-0.005508250556886196
16.0,0,47,noisy,3287.1650390625,0.00039220150210894644
16.0,0,48,noisy,3316.553955078125,0.011252638883888721
16.0,0,49,noisy,3260.5439453125,0.011564941145479679
16.0,0,50,noisy,3281.978271484375,0.008581392467021942
16.0,0,51,noisy,3284.705078125,0.004145955201238394
16.0,0,52,noisy,3393.6787109375,0.014252419583499432
16.0,0,53,noisy,3304.327392578125,0.007871126756072044
16.0,0,54,noisy,3295.253173828125,0.015468648634850979
16.0,0,55,noisy,3271.1845703125,0.008867126889526844
16.0,0,56,noisy,3291.697265625,0.0052979132160544395
16.0,0,57,noisy,3373.58740234375,0.0012167120585218072
16.0,0,58,noisy,3406.948974609375,0.006752567831426859
16.0,0,59,noisy,3279.247802734375,0.0018994016572833061
16.0,0,60,noisy,3345.990478515625,0.010475962422788143
16.0,0,61,noisy,3288.730224609375,0.02249721623957157
16.0,0,62,noisy,3299.1513671875,0.003938515670597553
16.0,0,63,noisy,3346.69775390625,0.00873251911252737
16.0,0,64,noisy,3290.04296875,0.012116708792746067
16.0,0,1,zero,0.07546552270650864,0.0
16.0,0,2,zero,0.06836606562137604,0.0
16.0,0,3,zero,0.05726896971464157,0.0
16.0,0,4,zero,0.023413630202412605,0.0
16.0,0,5,zero,0.06592069566249847,0.0
16.0,0,6,zero,0.06569454073905945,0.0
16.0,0,7,zero,0.03353768214583397,0.0
16.0,0,8,zero,0.0903124213218689,0.0
16.0,0,9,zero,0.08377812802791595,0.0
16.0,0,10,zero,0.07404863089323044,0.0
16.0,0,11,zero,0.12540559470653534,0.0
16.0,0,12,zero,0.07596871256828308,0.0
16.0,0,13,zero,0.061833977699279785,0.0
16.0,0,14,zero,0.04745716229081154,0.0
16.0,0,15,zero,0.08953757584095001,0.0
16.0,0,16,zero,0.07533936202526093,0.0
16.0,0,17,zero,0.06947384774684906,0.0
16.0,0,18,zero,0.06545364856719971,0.0
16.0,0,19,zero,0.04811875894665718,0.0
16.0,0,20,zero,0.02304888889193535,0.0
16.0,0,21,zero,0.04269689694046974,0.0
16.0,0,22,zero,0.04662312567234039,0.0
16.0,0,23,zero,0.03332925960421562,0.0
16.0,0,24,zero,0.052216727286577225,0.0
16.0,0,25,zero,0.05951530858874321,0.0
16.0,0,26,zero,0.045874208211898804,0.0
16.0,0,27,zero,0.05528934672474861,0.0
16.0,0,28,zero,0.06345996260643005,0.0
16.0,0,29,zero,0.04680201783776283,0.0
16.0,0,30,zero,0.07388988137245178,0.0
16.0,0,31,zero,0.10003524273633957,0.0
16.0,0,32,zero,0.12472525984048843,0.0
16.0,0,33,zero,0.05239768698811531,0.0
16.0,0,34,zero,0.08834925293922424,0.0
16.0,0,35,zero,0.05989910662174225,0.0
16.0,0,36,zero,0.03972049057483673,0.0
16.0,0,37,zero,0.06114143878221512,0.0
16.0,0,38,zero,0.029650555923581123,0.0
16.0,0,39,zero,0.03653184324502945,0.0
16.0,0,40,zero,0.0853831097483635,0.0
16.0,0,41,zero,0.05272355675697327,0.0
16.0,0,42,zero,0.05645589530467987,0.0
16.0,0,43,zero,0.03277316689491272,0.0
16.0,0,44,zero,0.05567656084895134,0.0
16.0,0,45,zero,0.06712089478969574,0.0
16.0,0,46,zero,0.05911102890968323,0.0
16.0,0,47,zero,0.04914723336696625,0.0
16.0,0,48,zero,0.06735152751207352,0.0
16.0,0,49,zero,0.04873824492096901,0.0
16.0,0,50,zero,0.03280608355998993,0.0
16.0,0,51,zero,0.13256050646305084,0.0
16.0,0,52,zero,0.026004767045378685,0.0
16.0,0,53,zero,0.043009985238313675,0.0
16.0,0,54,zero,0.07220417261123657,0.0
16.0,0,55,zero,0.04774853214621544,0.0
16.0,0,56,zero,0.06186660751700401,0.0
16.0,0,57,zero,0.050109103322029114,0.0
16.0,0,58,zero,0.03653877228498459,0.0
16.0,0,59,zero,0.043554700911045074,0.0
16.0,0,60,zero,0.052695535123348236,0.0
16.0,0,61,zero,0.043422579765319824,0.0
16.0,0,62,zero,0.058646757155656815,0.0
16.0,0,63,zero,0.03209197148680687,0.0
16.0,0,64,zero,0.03977475315332413,0.0
16.0,0,1,projection_oracle,0.014706641435623169,0.8976080417633057
16.0,0,2,projection_oracle,0.01795484870672226,0.8605504035949707
16.0,0,3,projection_oracle,0.016197385266423225,0.8510528206825256
16.0,0,4,projection_oracle,0.011376969516277313,0.7586435079574585
16.0,0,5,projection_oracle,0.023231610655784607,0.8082923889160156
16.0,0,6,projection_oracle,0.023159490898251534,0.8090971112251282
16.0,0,7,projection_oracle,0.014271571300923824,0.7791430354118347
16.0,0,8,projection_oracle,0.02512713521718979,0.8499126434326172
16.0,0,9,projection_oracle,0.024303702637553215,0.8444382548332214
16.0,0,10,projection_oracle,0.022721195593476295,0.8374137282371521
16.0,0,11,projection_oracle,0.03375853970646858,0.8553403615951538
16.0,0,12,projection_oracle,0.02240309678018093,0.8407248258590698
16.0,0,13,projection_oracle,0.025201361626386642,0.7775713801383972
16.0,0,14,projection_oracle,0.022981734946370125,0.7430171966552734
16.0,0,15,projection_oracle,0.03100496344268322,0.8136543035507202
16.0,0,16,projection_oracle,0.026158029213547707,0.8129618167877197
16.0,0,17,projection_oracle,0.025804108008742332,0.8023951053619385
16.0,0,18,projection_oracle,0.02437519282102585,0.7977640628814697
16.0,0,19,projection_oracle,0.024890486150979996,0.7289866805076599
16.0,0,20,projection_oracle,0.024342568591237068,0.5720240473747253
16.0,0,21,projection_oracle,0.018980350345373154,0.7705774903297424
16.0,0,22,projection_oracle,0.018434222787618637,0.7978363633155823
16.0,0,23,projection_oracle,0.01803307980298996,0.7424303293228149
16.0,0,24,projection_oracle,0.029399875551462173,0.6955739855766296
16.0,0,25,projection_oracle,0.0384126752614975,0.6429492831230164
16.0,0,26,projection_oracle,0.022885242477059364,0.7304359674453735
16.0,0,27,projection_oracle,0.03169941529631615,0.6846727728843689
16.0,0,28,projection_oracle,0.03146490454673767,0.7264456748962402
16.0,0,29,projection_oracle,0.029571866616606712,0.6722483038902283
16.0,0,30,projection_oracle,0.03604215383529663,0.7288829684257507
16.0,0,31,projection_oracle,0.048632267862558365,0.7250909805297852
16.0,0,32,projection_oracle,0.05363086238503456,0.7573545575141907
16.0,0,33,projection_oracle,0.028146207332611084,0.7066774964332581
16.0,0,34,projection_oracle,0.05648559331893921,0.6366099119186401
16.0,0,35,projection_oracle,0.03696297109127045,0.6649278402328491
16.0,0,36,projection_oracle,0.015358315780758858,0.8070873022079468
16.0,0,37,projection_oracle,0.025997968390583992,0.7685574293136597
16.0,0,38,projection_oracle,0.025166181847453117,0.6143171191215515
16.0,0,39,projection_oracle,0.024385696277022362,0.6636602282524109
16.0,0,40,projection_oracle,0.04077659547328949,0.7291927933692932
16.0,0,41,projection_oracle,0.03367094323039055,0.660009503364563
16.0,0,42,projection_oracle,0.024440500885248184,0.7779955267906189
16.0,0,43,projection_oracle,0.023318972438573837,0.6843297481536865
16.0,0,44,projection_oracle,0.030075334012508392,0.7190694808959961
16.0,0,45,projection_oracle,0.040057260543107986,0.6789866089820862
16.0,0,46,projection_oracle,0.04125087335705757,0.6188544034957886
16.0,0,47,projection_oracle,0.023884620517492294,0.7403568029403687
16.0,0,48,projection_oracle,0.02654438279569149,0.7810540795326233
16.0,0,49,projection_oracle,0.027629369869828224,0.6977149844169617
16.0,0,50,projection_oracle,0.02617483399808407,0.6038334965705872
16.0,0,51,projection_oracle,0.05046886205673218,0.7874193787574768
16.0,0,52,projection_oracle,0.0508081428706646,0.20425298810005188
16.0,0,53,projection_oracle,0.02942759357392788,0.6464536190032959
16.0,0,54,projection_oracle,0.04894573986530304,0.6070950627326965
16.0,0,55,projection_oracle,0.026982849463820457,0.6985350847244263
16.0,0,56,projection_oracle,0.029944082722067833,0.7277261018753052
16.0,0,57,projection_oracle,0.03840170055627823,0.5806636214256287
16.0,0,58,projection_oracle,0.02176554873585701,0.7042911648750305
16.0,0,59,projection_oracle,0.037182342261075974,0.5409936308860779
16.0,0,60,projection_oracle,0.02752951718866825,0.7093884348869324
16.0,0,61,projection_oracle,0.024154014885425568,0.7055250406265259
16.0,0,62,projection_oracle,0.02971678599715233,0.7165429592132568
16.0,0,63,projection_oracle,0.025706052780151367,0.5960151553153992
16.0,0,64,projection_oracle,0.03810848295688629,0.48128095269203186
16.0,1,1,gaussian_current,0.031491833730902044,0.23094439728783958
16.0,1,2,gaussian_current,0.03332235187946861,0.7028080069423474
16.0,1,3,gaussian_current,0.05308819608091591,0.5639041929029291
16.0,1,4,gaussian_current,0.030139424991739976,0.7016243715235143
16.0,1,5,gaussian_current,0.04742864159214495,0.5943341693186699
16.0,1,6,gaussian_current,0.03718508892923964,0.6284867691504273
16.0,1,7,gaussian_current,0.05572448742393888,0.40153270093471694
16.0,1,8,gaussian_current,0.038364402097038224,0.6958880562998148
16.0,1,9,gaussian_current,0.04917718049891438,0.629384737334815
16.0,1,10,gaussian_current,0.0335244840281341,0.6035624688137021
16.0,1,11,gaussian_current,0.02611671669687132,0.6378362078001588
16.0,1,12,gaussian_current,0.03137884072084502,0.7101263551439001
16.0,1,13,gaussian_current,0.06229307407727024,0.44307627021203905
16.0,1,14,gaussian_current,0.02932577806581261,0.5850937916481372
16.0,1,15,gaussian_current,0.051563504027967756,0.36214841196752556
16.0,1,16,gaussian_current,0.048515017110695356,0.33124933258967937
16.0,1,17,gaussian_current,0.047252073020545605,0.2649495927838564
16.0,1,18,gaussian_current,0.03961350853241796,0.3947411879209026
16.0,1,19,gaussian_current,0.05193612676055992,0.400429541086187
16.0,1,20,gaussian_current,0.04030375761988235,0.6270046903877068
16.0,1,21,gaussian_current,0.04749238386138466,0.5204971847446823
16.0,1,22,gaussian_current,0.02375543188048087,0.6578813336098558
16.0,1,23,gaussian_current,0.04504060708902165,0.4723644654213844
16.0,1,24,gaussian_current,0.05089330106231744,0.6738746922318484
16.0,1,25,gaussian_current,0.03537513251912087,0.5244737113539552
16.0,1,26,gaussian_current,0.06328113437638944,0.4842052106539375
16.0,1,27,gaussian_current,0.05592417529749419,0.4948001443895634
16.0,1,28,gaussian_current,0.03354053680832504,0.6272848252444494
16.0,1,29,gaussian_current,0.05116725246031438,0.29618219651475713
16.0,1,30,gaussian_current,0.048564642869165044,0.47229457818816994
16.0,1,31,gaussian_current,0.04043932711581796,0.5771115027439568
16.0,1,32,gaussian_current,0.042256258882634096,0.43644791904852204
16.0,1,33,gaussian_current,0.060573002156615346,0.15616571818085156
16.0,1,34,gaussian_current,0.049010435311179545,0.624143773143782
16.0,1,35,gaussian_current,0.06623317541538745,0.4804966545863275
16.0,1,36,gaussian_current,0.04135787090889755,0.4176153279626262
16.0,1,37,gaussian_current,0.05086787753819049,0.47334442645054425
16.0,1,38,gaussian_current,0.06166475707354272,0.577492507941364
16.0,1,39,gaussian_current,0.06426708169083821,0.5972779536172373
16.0,1,40,gaussian_current,0.05417129222946979,0.67959672085022
16.0,1,41,gaussian_current,0.06987254951477447,0.5826295716880124
16.0,1,42,gaussian_current,0.08010744252069286,0.211555947705708
16.0,1,43,gaussian_current,0.04646854695353921,0.4951848253788925
16.0,1,44,gaussian_current,0.04532308497197242,0.6058521805069715
16.0,1,45,gaussian_current,0.04672203223072051,0.5017142858095706
16.0,1,46,gaussian_current,0.03578199809917365,0.6029479603441744
16.0,1,47,gaussian_current,0.05831609010669797,0.5363483491384178
16.0,1,48,gaussian_current,0.05512890727295023,0.43563008936241215
16.0,1,49,gaussian_current,0.06505558420074833,0.4198217357726203
16.0,1,50,gaussian_current,0.06783622711588319,0.14249461958357051
16.0,1,51,gaussian_current,0.0654237308480098,0.1816604440711263
16.0,1,52,gaussian_current,0.03687346779421734,0.5680499642993039
16.0,1,53,gaussian_current,0.04759549054167297,0.46611485274215925
16.0,1,54,gaussian_current,0.05937236887490812,0.36980674457707846
16.0,1,55,gaussian_current,0.0563705767528247,0.2651758064886625
16.0,1,56,gaussian_current,0.03256262761151559,0.7120704183718106
16.0,1,57,gaussian_current,0.05171036574367849,0.4778973370743717
16.0,1,58,gaussian_current,0.05698224254980039,0.5003189321098905
16.0,1,59,gaussian_current,0.05530251423342399,0.5469779621025704
16.0,1,60,gaussian_current,0.07814677514086338,0.245268965730181
16.0,1,61,gaussian_current,0.05649391217157402,0.5090106430340743
16.0,1,62,gaussian_current,0.053445254694446026,0.4801984432288501
16.0,1,63,gaussian_current,0.039743676365093177,0.6418554496025671
16.0,1,64,gaussian_current,0.04566668914962417,0.6379657592792544
16.0,1,1,diffusion_temporal,0.026895467191934586,0.3550613820552826
16.0,1,2,diffusion_temporal,0.037050358951091766,0.6656758189201355
16.0,1,3,diffusion_temporal,0.07289161533117294,0.40466296672821045
16.0,1,4,diffusion_temporal,0.03623620420694351,0.6662745475769043
16.0,1,5,diffusion_temporal,0.06609279662370682,0.43885430693626404
16.0,1,6,diffusion_temporal,0.042897943407297134,0.6035200357437134
16.0,1,7,diffusion_temporal,0.06618481129407883,0.37755462527275085
16.0,1,8,diffusion_temporal,0.04864826053380966,0.662043571472168
16.0,1,9,diffusion_temporal,0.05477479100227356,0.6126652359962463
16.0,1,10,diffusion_temporal,0.038264527916908264,0.5809617638587952
16.0,1,11,diffusion_temporal,0.03787093982100487,0.47943922877311707
16.0,1,12,diffusion_temporal,0.05760630592703819,0.47442227602005005
16.0,1,13,diffusion_temporal,0.06846459954977036,0.4397154748439789
16.0,1,14,diffusion_temporal,0.05729105323553085,0.3431502878665924
16.0,1,15,diffusion_temporal,0.07171225547790527,0.31725502014160156
16.0,1,16,diffusion_temporal,0.05804896354675293,0.2483874410390854
16.0,1,17,diffusion_temporal,0.05899114906787872,0.2617151737213135
16.0,1,18,diffusion_temporal,0.0563802607357502,0.28082770109176636
16.0,1,19,diffusion_temporal,0.056455932557582855,0.4026065468788147
16.0,1,20,diffusion_temporal,0.06888901442289352,0.46811047196388245
16.0,1,21,diffusion_temporal,0.06086963787674904,0.48014238476753235
16.0,1,22,diffusion_temporal,0.044193051755428314,0.5306253433227539
16.0,1,23,diffusion_temporal,0.0567314513027668,0.46957942843437195
16.0,1,24,diffusion_temporal,0.06221075356006622,0.5907410383224487
16.0,1,25,diffusion_temporal,0.06136670336127281,0.460955947637558
16.0,1,26,diffusion_temporal,0.0748346671462059,0.4388081431388855
16.0,1,27,diffusion_temporal,0.070863738656044,0.4204142987728119
16.0,1,28,diffusion_temporal,0.046145062893629074,0.523158848285675
16.0,1,29,diffusion_temporal,0.060466572642326355,0.3165610134601593
16.0,1,30,diffusion_temporal,0.05027284100651741,0.5125672221183777
16.0,1,31,diffusion_temporal,0.05473661795258522,0.4805176556110382
16.0,1,32,diffusion_temporal,0.058613795787096024,0.3423992991447449
16.0,1,33,diffusion_temporal,0.08963430672883987,0.033217716962099075
16.0,1,34,diffusion_temporal,0.061205506324768066,0.5512030124664307
16.0,1,35,diffusion_temporal,0.0811442956328392,0.3963792026042938
16.0,1,36,diffusion_temporal,0.05689597129821777,0.3502231538295746
16.0,1,37,diffusion_temporal,0.06231502816081047,0.4366924464702606
16.0,1,38,diffusion_temporal,0.0775337889790535,0.48966091871261597
16.0,1,39,diffusion_temporal,0.06784169375896454,0.5965911746025085
16.0,1,40,diffusion_temporal,0.0572245754301548,0.668449878692627
16.0,1,41,diffusion_temporal,0.08394437283277512,0.5287941694259644
16.0,1,42,diffusion_temporal,0.09008725732564926,0.2043064683675766
16.0,1,43,diffusion_temporal,0.05923444405198097,0.4269918203353882
16.0,1,44,diffusion_temporal,0.061437733471393585,0.48898303508758545
16.0,1,45,diffusion_temporal,0.06070107966661453,0.40740281343460083
16.0,1,46,diffusion_temporal,0.04805364832282066,0.5252428650856018
16.0,1,47,diffusion_temporal,0.059300824999809265,0.5415226817131042
16.0,1,48,diffusion_temporal,0.06600574404001236,0.3880644738674164
16.0,1,49,diffusion_temporal,0.08690457791090012,0.2898784577846527
16.0,1,50,diffusion_temporal,0.0918877050280571,-0.005645342171192169
16.0,1,51,diffusion_temporal,0.08986146748065948,0.08555717021226883
16.0,1,52,diffusion_temporal,0.05038411170244217,0.5033193826675415
16.0,1,53,diffusion_temporal,0.06720814108848572,0.4034414291381836
16.0,1,54,diffusion_temporal,0.07031571865081787,0.3229597210884094
16.0,1,55,diffusion_temporal,0.0727117508649826,0.24323925375938416
16.0,1,56,diffusion_temporal,0.044120751321315765,0.6330416202545166
16.0,1,57,diffusion_temporal,0.06335704028606415,0.413322389125824
16.0,1,58,diffusion_temporal,0.0605597048997879,0.512956440448761
16.0,1,59,diffusion_temporal,0.06305611878633499,0.5178101062774658
16.0,1,60,diffusion_temporal,0.10110931843519211,0.13153378665447235
16.0,1,61,diffusion_temporal,0.07322605699300766,0.41594398021698
16.0,1,62,diffusion_temporal,0.06407102197408676,0.44965213537216187
16.0,1,63,diffusion_temporal,0.049531951546669006,0.5944821238517761
16.0,1,64,diffusion_temporal,0.051485031843185425,0.6189180612564087
16.0,1,1,diffusion_context_only,0.028601964935660362,0.28627505898475647
16.0,1,2,diffusion_context_only,0.036319103091955185,0.6740442514419556
16.0,1,3,diffusion_context_only,0.07129280269145966,0.4287435710430145
16.0,1,4,diffusion_context_only,0.03553949296474457,0.6759620308876038
16.0,1,5,diffusion_context_only,0.06814193725585938,0.4148281514644623
16.0,1,6,diffusion_context_only,0.04352264851331711,0.5925489068031311
16.0,1,7,diffusion_context_only,0.06947799026966095,0.3708304166793823
16.0,1,8,diffusion_context_only,0.04876013472676277,0.6599708795547485
16.0,1,9,diffusion_context_only,0.05484525114297867,0.6127750277519226
16.0,1,10,diffusion_context_only,0.03743114322423935,0.5859900712966919
16.0,1,11,diffusion_context_only,0.03823794424533844,0.475382536649704
16.0,1,12,diffusion_context_only,0.05707940086722374,0.479384183883667
16.0,1,13,diffusion_context_only,0.06860001385211945,0.43882906436920166
16.0,1,14,diffusion_context_only,0.05704917758703232,0.3395811915397644
16.0,1,15,diffusion_context_only,0.07156435400247574,0.3179989755153656
16.0,1,16,diffusion_context_only,0.0575302354991436,0.2545158267021179
16.0,1,17,diffusion_context_only,0.05866990238428116,0.2689833641052246
16.0,1,18,diffusion_context_only,0.05602230876684189,0.28033941984176636
16.0,1,19,diffusion_context_only,0.05658598616719246,0.4014945328235626
16.0,1,20,diffusion_context_only,0.06929218769073486,0.4662867784500122
16.0,1,21,diffusion_context_only,0.06102718412876129,0.4793145954608917
16.0,1,22,diffusion_context_only,0.043718066066503525,0.5331100821495056
16.0,1,23,diffusion_context_only,0.05707148462533951,0.473078191280365
16.0,1,24,diffusion_context_only,0.06393387913703918,0.5785594582557678
16.0,1,25,diffusion_context_only,0.06138364598155022,0.46155425906181335
16.0,1,26,diffusion_context_only,0.07506449520587921,0.435553640127182
16.0,1,27,diffusion_context_only,0.0696534663438797,0.4266114830970764
16.0,1,28,diffusion_context_only,0.046055518090724945,0.5247341990470886
16.0,1,29,diffusion_context_only,0.060508470982313156,0.31625983119010925
16.0,1,30,diffusion_context_only,0.0503288134932518,0.5152919888496399
16.0,1,31,diffusion_context_only,0.05441788211464882,0.4828650653362274
16.0,1,32,diffusion_context_only,0.05867248401045799,0.34013763070106506
16.0,1,33,diffusion_context_only,0.08920834958553314,0.035752035677433014
16.0,1,34,diffusion_context_only,0.06014571711421013,0.5586391091346741
16.0,1,35,diffusion_context_only,0.08145985752344131,0.3953261971473694
16.0,1,36,diffusion_context_only,0.05695075914263725,0.3526322841644287
16.0,1,37,diffusion_context_only,0.06204957887530327,0.4386546313762665
16.0,1,38,diffusion_context_only,0.07776913791894913,0.4887777864933014
16.0,1,39,diffusion_context_only,0.06805169582366943,0.5948839783668518
16.0,1,40,diffusion_context_only,0.05716496333479881,0.6683908104896545
16.0,1,41,diffusion_context_only,0.08412947505712509,0.5276057124137878
16.0,1,42,diffusion_context_only,0.0901375263929367,0.20156440138816833
16.0,1,43,diffusion_context_only,0.05957713723182678,0.422147274017334
16.0,1,44,diffusion_context_only,0.062087152153253555,0.48384910821914673
16.0,1,45,diffusion_context_only,0.06071728467941284,0.40749025344848633
16.0,1,46,diffusion_context_only,0.0477733388543129,0.5268438458442688
16.0,1,47,diffusion_context_only,0.059359919279813766,0.5412468314170837
16.0,1,48,diffusion_context_only,0.06592828035354614,0.3879334330558777
16.0,1,49,diffusion_context_only,0.08716946095228195,0.286787748336792
16.0,1,50,diffusion_context_only,0.09163099527359009,-0.004451833199709654
16.0,1,51,diffusion_context_only,0.09065676480531693,0.08186550438404083
16.0,1,52,diffusion_context_only,0.0505073182284832,0.5035672783851624
16.0,1,53,diffusion_context_only,0.06761719286441803,0.4001273512840271
16.0,1,54,diffusion_context_only,0.06996558606624603,0.32392948865890503
16.0,1,55,diffusion_context_only,0.0724911093711853,0.2452423870563507
16.0,1,56,diffusion_context_only,0.04426972568035126,0.6310455799102783
16.0,1,57,diffusion_context_only,0.06311921775341034,0.41472119092941284
16.0,1,58,diffusion_context_only,0.060888998210430145,0.5105948448181152
16.0,1,59,diffusion_context_only,0.06341172754764557,0.5150759816169739
16.0,1,60,diffusion_context_only,0.10167595744132996,0.1291586458683014
16.0,1,61,diffusion_context_only,0.07347030192613602,0.41407907009124756
16.0,1,62,diffusion_context_only,0.06407255679368973,0.4500581622123718
16.0,1,63,diffusion_context_only,0.049629565328359604,0.5936332941055298
16.0,1,64,diffusion_context_only,0.051386184990406036,0.6197437644004822
16.0,1,1,gaussian_context_only,0.026872655357885338,0.2867670163165349
16.0,1,2,gaussian_context_only,0.03011729830726402,0.7418177071620395
16.0,1,3,gaussian_context_only,0.05457372344959537,0.5497932442603083
16.0,1,4,gaussian_context_only,0.026242107719909022,0.741337752786253
16.0,1,5,gaussian_context_only,0.05674763830213189,0.5139376377380236
16.0,1,6,gaussian_context_only,0.0349646115301737,0.6514476513223291
16.0,1,7,gaussian_context_only,0.06482938492462974,0.31276625632898214
16.0,1,8,gaussian_context_only,0.03719838718665669,0.7162502600230183
16.0,1,9,gaussian_context_only,0.053073821848433754,0.5984556561604106
16.0,1,10,gaussian_context_only,0.03645606138347013,0.5770891394083939
16.0,1,11,gaussian_context_only,0.03548080956690618,0.5372451039244602
16.0,1,12,gaussian_context_only,0.040888124032324155,0.6164326474482846
16.0,1,13,gaussian_context_only,0.06373418874790857,0.46284484332301185
16.0,1,14,gaussian_context_only,0.035249249170951846,0.5517276844955838
16.0,1,15,gaussian_context_only,0.05436592900560116,0.3544691521824311
16.0,1,16,gaussian_context_only,0.04326226560542664,0.42289244855462904
16.0,1,17,gaussian_context_only,0.04804820182526093,0.28144435108067223
16.0,1,18,gaussian_context_only,0.04311309844659731,0.42341146028972027
16.0,1,19,gaussian_context_only,0.057635232213022476,0.3573119397532085
16.0,1,20,gaussian_context_only,0.040699961966500026,0.6287779371791328
16.0,1,21,gaussian_context_only,0.05359523575630483,0.4706229968300328
16.0,1,22,gaussian_context_only,0.030291923361877738,0.5864984661635334
16.0,1,23,gaussian_context_only,0.058041831153361124,0.340862478558878
16.0,1,24,gaussian_context_only,0.05574009157298397,0.6327361603727308
16.0,1,25,gaussian_context_only,0.0439300556397764,0.49005637067874375
16.0,1,26,gaussian_context_only,0.055001848075888385,0.5728291151410443
16.0,1,27,gaussian_context_only,0.0528055123733586,0.5372546691566099
16.0,1,28,gaussian_context_only,0.04450018020520353,0.5409909075049173
16.0,1,29,gaussian_context_only,0.05532984071909967,0.3476924181673768
16.0,1,30,gaussian_context_only,0.05081061355806891,0.5114002327248529
16.0,1,31,gaussian_context_only,0.05032412281900122,0.5154109766290264
16.0,1,32,gaussian_context_only,0.061671183956910056,0.29402221001783285
16.0,1,33,gaussian_context_only,0.08315272075100148,0.1281554699300614
16.0,1,34,gaussian_context_only,0.06815408391546385,0.497095661232441
16.0,1,35,gaussian_context_only,0.07730543251444108,0.4321789219263995
16.0,1,36,gaussian_context_only,0.048484573104897045,0.39469726639781855
16.0,1,37,gaussian_context_only,0.06831508249058314,0.3422118780770318
16.0,1,38,gaussian_context_only,0.07854132516889406,0.48861969876599337
16.0,1,39,gaussian_context_only,0.07433399358705096,0.5420990939556078
16.0,1,40,gaussian_context_only,0.06016588376439601,0.6427957050608454
16.0,1,41,gaussian_context_only,0.0773633411900456,0.5412727100036507
16.0,1,42,gaussian_context_only,0.09100989445949371,0.16854777141173244
16.0,1,43,gaussian_context_only,0.051271836052420146,0.47170184105191243
16.0,1,44,gaussian_context_only,0.05661985541997749,0.5432256064264092
16.0,1,45,gaussian_context_only,0.05313385738983974,0.4889378021742189
16.0,1,46,gaussian_context_only,0.044868814570423604,0.5841380313733987
16.0,1,47,gaussian_context_only,0.06470736705625045,0.5163389584556236
16.0,1,48,gaussian_context_only,0.06853935645739773,0.376060622421754
16.0,1,49,gaussian_context_only,0.08140236746570068,0.34283192475505464
16.0,1,50,gaussian_context_only,0.08572035998842469,0.08847496482091065
16.0,1,51,gaussian_context_only,0.07434645303975354,0.14736164303423138
16.0,1,52,gaussian_context_only,0.04704899306539667,0.5222283093756764
16.0,1,53,gaussian_context_only,0.06806786124168497,0.4402113988402589
16.0,1,54,gaussian_context_only,0.07550027365888662,0.313201866048298
16.0,1,55,gaussian_context_only,0.07590254013168973,0.21351775178640092
16.0,1,56,gaussian_context_only,0.04111355672392303,0.6553567879750355
16.0,1,57,gaussian_context_only,0.05747118008596731,0.469099615247944
16.0,1,58,gaussian_context_only,0.06534909042587891,0.44286234872496233
16.0,1,59,gaussian_context_only,0.0701950671412784,0.44650891344963806
16.0,1,60,gaussian_context_only,0.08488475706713818,0.2184037591302694
16.0,1,61,gaussian_context_only,0.06183012322844547,0.5101316068855272
16.0,1,62,gaussian_context_only,0.06905763167017163,0.36911720342933785
16.0,1,63,gaussian_context_only,0.04635875556721357,0.6185506333129968
16.0,1,64,gaussian_context_only,0.05467347471386506,0.6233794522808824
16.0,1,1,gaussian_temporal,0.027562500488179004,0.27895983035015764
16.0,1,2,gaussian_temporal,0.03354870757836195,0.7004873605283282
16.0,1,3,gaussian_temporal,0.05007738818426836,0.5928054910910417
16.0,1,4,gaussian_temporal,0.025894005192166676,0.7437881425946439
16.0,1,5,gaussian_temporal,0.055384513505475935,0.54411052561158
16.0,1,6,gaussian_temporal,0.03681911774521341,0.637814274366721
16.0,1,7,gaussian_temporal,0.06229781541983327,0.34675061827957643
16.0,1,8,gaussian_temporal,0.03859992638030689,0.7026239231711315
16.0,1,9,gaussian_temporal,0.05024806419585817,0.6213200902327473
16.0,1,10,gaussian_temporal,0.033223768117175284,0.6214686499575166
16.0,1,11,gaussian_temporal,0.033646598986028516,0.557619094341262
16.0,1,12,gaussian_temporal,0.03882915910954344,0.6378073746934539
16.0,1,13,gaussian_temporal,0.06389663811628868,0.4550426966008019
16.0,1,14,gaussian_temporal,0.03545861875766832,0.5734505474894032
16.0,1,15,gaussian_temporal,0.05322667191619163,0.34677441330843256
16.0,1,16,gaussian_temporal,0.04440635699883737,0.4237055002553907
16.0,1,17,gaussian_temporal,0.04938300482191822,0.2691718884173012
16.0,1,18,gaussian_temporal,0.04301260315296507,0.4239788780550246
16.0,1,19,gaussian_temporal,0.05772871368466704,0.36665777277800154
16.0,1,20,gaussian_temporal,0.04091126953018542,0.6148298684229255
16.0,1,21,gaussian_temporal,0.05377764520572984,0.4764734627083714
16.0,1,22,gaussian_temporal,0.02933148021900681,0.5957950873869982
16.0,1,23,gaussian_temporal,0.05964440190053473,0.3353968638630721
16.0,1,24,gaussian_temporal,0.053068520686698845,0.655238185127643
16.0,1,25,gaussian_temporal,0.0458044840381861,0.4909219677571639
16.0,1,26,gaussian_temporal,0.05997559132546049,0.5286920978992019
16.0,1,27,gaussian_temporal,0.056791514568245376,0.5000165080763791
16.0,1,28,gaussian_temporal,0.04575960719233369,0.5371967890124438
16.0,1,29,gaussian_temporal,0.05887260084529543,0.31860879925457275
16.0,1,30,gaussian_temporal,0.050648133362542244,0.49325874533715475
16.0,1,31,gaussian_temporal,0.06122477108950543,0.4276221100613348
16.0,1,32,gaussian_temporal,0.06097289428185687,0.29136649714529034
16.0,1,33,gaussian_temporal,0.07975588604178734,0.1336618987724849
16.0,1,34,gaussian_temporal,0.0643953056566686,0.5217789221062907
16.0,1,35,gaussian_temporal,0.07655311520930255,0.435751251869732
16.0,1,36,gaussian_temporal,0.05000616949855808,0.3820745320641675
16.0,1,37,gaussian_temporal,0.0651955878785224,0.3671972018407581
16.0,1,38,gaussian_temporal,0.07446516570353537,0.5095756807253503
16.0,1,39,gaussian_temporal,0.07536882030972475,0.5367498753060872
16.0,1,40,gaussian_temporal,0.060512067177548715,0.6389348332386617
16.0,1,41,gaussian_temporal,0.08097375623928237,0.5196762844630798
16.0,1,42,gaussian_temporal,0.09207639112647177,0.17591141399054655
16.0,1,43,gaussian_temporal,0.051339487938832834,0.4668959442384577
16.0,1,44,gaussian_temporal,0.05678395514271479,0.5446583095944949
16.0,1,45,gaussian_temporal,0.05320321134992278,0.4877234273258403
16.0,1,46,gaussian_temporal,0.047079800470332285,0.5663534237748893
16.0,1,47,gaussian_temporal,0.06805325677024511,0.4967087417989661
16.0,1,48,gaussian_temporal,0.06695009450049186,0.3711277089577015
16.0,1,49,gaussian_temporal,0.08039346852184279,0.33561764053513043
16.0,1,50,gaussian_temporal,0.08141784703980547,0.11683334236865449
16.0,1,51,gaussian_temporal,0.0701962259439016,0.19071544366071452
16.0,1,52,gaussian_temporal,0.046015893337366505,0.5333027133999341
16.0,1,53,gaussian_temporal,0.06368086691722184,0.45366228514441953
16.0,1,54,gaussian_temporal,0.07706068288241505,0.29264906002349306
16.0,1,55,gaussian_temporal,0.0710497617145853,0.22113442198019043
16.0,1,56,gaussian_temporal,0.041233812355018606,0.6679180482090996
16.0,1,57,gaussian_temporal,0.05753632569703598,0.4703743329096626
16.0,1,58,gaussian_temporal,0.06346694631226481,0.4656395014303568
16.0,1,59,gaussian_temporal,0.06583454145591973,0.47560902483580786
16.0,1,60,gaussian_temporal,0.08277559947697297,0.23700264276962363
16.0,1,61,gaussian_temporal,0.06266599940316073,0.5099927314839712
16.0,1,62,gaussian_temporal,0.06737847509166689,0.39495000935426494
16.0,1,63,gaussian_temporal,0.04516325016966645,0.6248309377467167
16.0,1,64,gaussian_temporal,0.05670089658761969,0.6240123612736845
16.0,1,1,public_fingerprint,0.036651648581027985,0.09255046397447586
16.0,1,2,public_fingerprint,0.046836890280246735,0.5537616014480591
16.0,1,3,public_fingerprint,0.07128284126520157,0.3834874927997589
16.0,1,4,public_fingerprint,0.039552781730890274,0.6014652848243713
16.0,1,5,public_fingerprint,0.0466463528573513,0.5837555527687073
16.0,1,6,public_fingerprint,0.058129407465457916,0.3763853907585144
16.0,1,7,public_fingerprint,0.053452618420124054,0.40551528334617615
16.0,1,8,public_fingerprint,0.052480656653642654,0.559267520904541
16.0,1,9,public_fingerprint,0.06545078009366989,0.47460779547691345
16.0,1,10,public_fingerprint,0.03845670446753502,0.5399007201194763
16.0,1,11,public_fingerprint,0.026498837396502495,0.6213822960853577
16.0,1,12,public_fingerprint,0.04267873615026474,0.5964730978012085
16.0,1,13,public_fingerprint,0.08196037262678146,0.25874269008636475
16.0,1,14,public_fingerprint,0.03901536762714386,0.4638601243495941
16.0,1,15,public_fingerprint,0.058537933975458145,0.28586357831954956
16.0,1,16,public_fingerprint,0.046211618930101395,0.3780535161495209
16.0,1,17,public_fingerprint,0.05791458114981651,0.1455746591091156
16.0,1,18,public_fingerprint,0.05066848173737526,0.30108389258384705
16.0,1,19,public_fingerprint,0.05870436131954193,0.3654825985431671
16.0,1,20,public_fingerprint,0.04151584580540657,0.6259846687316895
16.0,1,21,public_fingerprint,0.05960686504840851,0.40407222509384155
16.0,1,22,public_fingerprint,0.02767692506313324,0.619767963886261
16.0,1,23,public_fingerprint,0.053838443011045456,0.38500380516052246
16.0,1,24,public_fingerprint,0.054248783737421036,0.6450973153114319
16.0,1,25,public_fingerprint,0.039951976388692856,0.5203089714050293
16.0,1,26,public_fingerprint,0.06769578903913498,0.47232428193092346
16.0,1,27,public_fingerprint,0.05211269110441208,0.5481730103492737
16.0,1,28,public_fingerprint,0.03439762070775032,0.6390618681907654
16.0,1,29,public_fingerprint,0.061460573226213455,0.26836511492729187
16.0,1,30,public_fingerprint,0.04598340019583702,0.5316442847251892
16.0,1,31,public_fingerprint,0.04165836051106453,0.5866286754608154
16.0,1,32,public_fingerprint,0.03780558332800865,0.5379144549369812
16.0,1,33,public_fingerprint,0.06881797313690186,0.09762194752693176
16.0,1,34,public_fingerprint,0.047761525958776474,0.6432685852050781
16.0,1,35,public_fingerprint,0.06106232851743698,0.5340408682823181
16.0,1,36,public_fingerprint,0.049996159970760345,0.3503097891807556
16.0,1,37,public_fingerprint,0.06198921054601669,0.39648112654685974
16.0,1,38,public_fingerprint,0.06600315868854523,0.5600248575210571
16.0,1,39,public_fingerprint,0.06546031683683395,0.5966874957084656
16.0,1,40,public_fingerprint,0.05221380293369293,0.6944964528083801
16.0,1,41,public_fingerprint,0.07219066470861435,0.5781625509262085
16.0,1,42,public_fingerprint,0.09187887609004974,0.11269185692071915
16.0,1,43,public_fingerprint,0.051629871129989624,0.44434666633605957
16.0,1,44,public_fingerprint,0.045209553092718124,0.6091609001159668
16.0,1,45,public_fingerprint,0.04863860085606575,0.48506978154182434
16.0,1,46,public_fingerprint,0.036771710962057114,0.6037363409996033
16.0,1,47,public_fingerprint,0.05359385535120964,0.5853298306465149
16.0,1,48,public_fingerprint,0.05848393961787224,0.42745697498321533
16.0,1,49,public_fingerprint,0.06951287388801575,0.3902936279773712
16.0,1,50,public_fingerprint,0.07274478673934937,0.0966716855764389
16.0,1,51,public_fingerprint,0.07585853338241577,0.09811224043369293
16.0,1,52,public_fingerprint,0.039018865674734116,0.5716177821159363
16.0,1,53,public_fingerprint,0.04427796229720116,0.5137913823127747
16.0,1,54,public_fingerprint,0.06574692577123642,0.31196755170822144
16.0,1,55,public_fingerprint,0.06364231556653976,0.19235381484031677
16.0,1,56,public_fingerprint,0.03626285493373871,0.680957019329071
16.0,1,57,public_fingerprint,0.05470225214958191,0.4433651864528656
16.0,1,58,public_fingerprint,0.052535850554704666,0.540069580078125
16.0,1,59,public_fingerprint,0.05791734531521797,0.5337180495262146
16.0,1,60,public_fingerprint,0.07876574993133545,0.24564535915851593
16.0,1,61,public_fingerprint,0.06215979903936386,0.46605727076530457
16.0,1,62,public_fingerprint,0.05288486182689667,0.49178919196128845
16.0,1,63,public_fingerprint,0.0378546379506588,0.6580014824867249
16.0,1,64,public_fingerprint,0.042554136365652084,0.6608339548110962
16.0,1,1,noisy,3346.52685546875,0.005270075518637896
16.0,1,2,noisy,3340.4599609375,-0.011521084234118462
16.0,1,3,noisy,3342.95556640625,-0.01611921191215515
16.0,1,4,noisy,3306.718505859375,-0.0004022480279672891
16.0,1,5,noisy,3332.02685546875,-0.001037450390867889
16.0,1,6,noisy,3360.861328125,0.0174377653747797
16.0,1,7,noisy,3329.6875,0.003601780394092202
16.0,1,8,noisy,3280.960205078125,0.0036001866683363914
16.0,1,9,noisy,3316.534423828125,0.0029888683930039406
16.0,1,10,noisy,3296.83154296875,0.016262592747807503
16.0,1,11,noisy,3287.258544921875,-0.004742519464343786
16.0,1,12,noisy,3224.939453125,0.018889598548412323
16.0,1,13,noisy,3350.712646484375,0.006322941277176142
16.0,1,14,noisy,3331.973388671875,-0.010373791679739952
16.0,1,15,noisy,3289.74072265625,0.0045663462951779366
16.0,1,16,noisy,3306.338134765625,-0.00116362189874053
16.0,1,17,noisy,3267.408935546875,0.01290630642324686
16.0,1,18,noisy,3321.0244140625,0.005798177793622017
16.0,1,19,noisy,3295.8916015625,0.003636204870417714
16.0,1,20,noisy,3324.67724609375,0.01945953443646431
16.0,1,21,noisy,3268.442626953125,0.012247724458575249
16.0,1,22,noisy,3247.098876953125,0.0019982922822237015
16.0,1,23,noisy,3295.8046875,-0.01177880447357893
16.0,1,24,noisy,3295.38134765625,0.022437656298279762
16.0,1,25,noisy,3329.021484375,0.00022358006390277296
16.0,1,26,noisy,3244.96533203125,0.011545946821570396
16.0,1,27,noisy,3304.376220703125,-0.004714805167168379
16.0,1,28,noisy,3280.715576171875,0.005144457332789898
16.0,1,29,noisy,3289.99951171875,0.00261951657012105
16.0,1,30,noisy,3382.390625,0.00437538605183363
16.0,1,31,noisy,3392.875732421875,-0.0052474187687039375
16.0,1,32,noisy,3327.462890625,0.00974283181130886
16.0,1,33,noisy,3285.48291015625,0.0018722660606727004
16.0,1,34,noisy,3345.0859375,-0.005779774859547615
16.0,1,35,noisy,3256.81689453125,-0.015717526897788048
16.0,1,36,noisy,3303.1328125,-0.010491634719073772
16.0,1,37,noisy,3299.13037109375,-0.0021870890632271767
16.0,1,38,noisy,3293.572998046875,-0.0008845573174767196
16.0,1,39,noisy,3288.945556640625,0.01792590506374836
16.0,1,40,noisy,3401.26318359375,0.0033080419525504112
16.0,1,41,noisy,3269.14111328125,0.010664250701665878
16.0,1,42,noisy,3399.83642578125,0.0056541538797318935
16.0,1,43,noisy,3257.060302734375,0.01875799521803856
16.0,1,44,noisy,3272.83740234375,0.014016393572092056
16.0,1,45,noisy,3268.1884765625,0.008471125736832619
16.0,1,46,noisy,3299.995849609375,0.005927190650254488
16.0,1,47,noisy,3382.892578125,-0.007605504244565964
16.0,1,48,noisy,3248.906005859375,0.005347116384655237
16.0,1,49,noisy,3275.547119140625,0.012855802662670612
16.0,1,50,noisy,3312.5400390625,-0.0017023622058331966
16.0,1,51,noisy,3255.965087890625,0.015251430682837963
16.0,1,52,noisy,3263.37255859375,0.0034201652742922306
16.0,1,53,noisy,3379.423095703125,0.021883711218833923
16.0,1,54,noisy,3339.6943359375,-0.008088302798569202
16.0,1,55,noisy,3284.712646484375,0.0017978956457227468
16.0,1,56,noisy,3286.185546875,0.006636698730289936
16.0,1,57,noisy,3301.642333984375,-0.002911021700128913
16.0,1,58,noisy,3280.5009765625,0.01054883748292923
16.0,1,59,noisy,3285.085693359375,0.0071370783261954784
16.0,1,60,noisy,3247.047607421875,0.009817254729568958
16.0,1,61,noisy,3352.3056640625,0.004061118233948946
16.0,1,62,noisy,3344.890380859375,0.009179112501442432
16.0,1,63,noisy,3286.303466796875,0.006437738426029682
16.0,1,64,noisy,3302.936279296875,0.009800160303711891
16.0,1,1,zero,0.01809166744351387,0.0
16.0,1,2,zero,0.06582050770521164,0.0
16.0,1,3,zero,0.07686375826597214,0.0
16.0,1,4,zero,0.05500030890107155,0.0
16.0,1,5,zero,0.06261755526065826,0.0
16.0,1,6,zero,0.055449970066547394,0.0
16.0,1,7,zero,0.05473434552550316,0.0
16.0,1,8,zero,0.07431245595216751,0.0
16.0,1,9,zero,0.08108264207839966,0.0
16.0,1,10,zero,0.04599077254533768,0.0
16.0,1,11,zero,0.03151332214474678,0.0
16.0,1,12,zero,0.061840444803237915,0.0
16.0,1,13,zero,0.0719638243317604,0.0
16.0,1,14,zero,0.03798350691795349,0.0
16.0,1,15,zero,0.044733431190252304,0.0
16.0,1,16,zero,0.0379721000790596,0.0
16.0,1,17,zero,0.03033011220395565,0.0
16.0,1,18,zero,0.028059398755431175,0.0
16.0,1,19,zero,0.05089326575398445,0.0
16.0,1,20,zero,0.06215260550379753,0.0
16.0,1,21,zero,0.05368361249566078,0.0
16.0,1,22,zero,0.03037078119814396,0.0
16.0,1,23,zero,0.049511902034282684,0.0
16.0,1,24,zero,0.09291477501392365,0.0
16.0,1,25,zero,0.03528767451643944,0.0
16.0,1,26,zero,0.07651460915803909,0.0
16.0,1,27,zero,0.07123713195323944,0.0
16.0,1,28,zero,0.052277762442827225,0.0
16.0,1,29,zero,0.031607795506715775,0.0
16.0,1,30,zero,0.05469183623790741,0.0
16.0,1,31,zero,0.05536170303821564,0.0
16.0,1,32,zero,0.03496624901890755,0.0
16.0,1,33,zero,0.03208870440721512,0.0
16.0,1,34,zero,0.07838387042284012,0.0
16.0,1,35,zero,0.07897431403398514,0.0
16.0,1,36,zero,0.030264858156442642,0.0
16.0,1,37,zero,0.05274197459220886,0.0
16.0,1,38,zero,0.08901434391736984,0.0
16.0,1,39,zero,0.0978541448712349,0.0
16.0,1,40,zero,0.10065816342830658,0.0
16.0,1,41,zero,0.10321899503469467,0.0
16.0,1,42,zero,0.06028970330953598,0.0
16.0,1,43,zero,0.04766353219747543,0.0
16.0,1,44,zero,0.06793566048145294,0.0
16.0,1,45,zero,0.054471127688884735,0.0
16.0,1,46,zero,0.04926126077771187,0.0
16.0,1,47,zero,0.07744754105806351,0.0
16.0,1,48,zero,0.05570530891418457,0.0
16.0,1,49,zero,0.0701182559132576,0.0
16.0,1,50,zero,0.047120001167058945,0.0
16.0,1,51,zero,0.04556058347225189,0.0
16.0,1,52,zero,0.04223572462797165,0.0
16.0,1,53,zero,0.045109573751688004,0.0
16.0,1,54,zero,0.04712265729904175,0.0
16.0,1,55,zero,0.032419636845588684,0.0
16.0,1,56,zero,0.06222277879714966,0.0
16.0,1,57,zero,0.047988492995500565,0.0
16.0,1,58,zero,0.0649787113070488,0.0
16.0,1,59,zero,0.07327310740947723,0.0
16.0,1,60,zero,0.05943668261170387,0.0
16.0,1,61,zero,0.06497929990291595,0.0
16.0,1,62,zero,0.056152570992708206,0.0
16.0,1,63,zero,0.057113610208034515,0.0
16.0,1,64,zero,0.0686013251543045,0.0
16.0,1,1,projection_oracle,0.009905559942126274,0.7266188859939575
16.0,1,2,projection_oracle,0.015790456905961037,0.8721240758895874
16.0,1,3,projection_oracle,0.020428543910384178,0.8593614101409912
16.0,1,4,projection_oracle,0.01612827554345131,0.8470312356948853
16.0,1,5,projection_oracle,0.019370723515748978,0.8393199443817139
16.0,1,6,projection_oracle,0.01698797009885311,0.8454709649085999
16.0,1,7,projection_oracle,0.022588567808270454,0.7746433615684509
16.0,1,8,projection_oracle,0.023834679275751114,0.8260179162025452
16.0,1,9,projection_oracle,0.025981130078434944,0.8266829252243042
16.0,1,10,projection_oracle,0.018667368218302727,0.7869351506233215
16.0,1,11,projection_oracle,0.013680174015462399,0.7896074652671814
16.0,1,12,projection_oracle,0.01860380545258522,0.841857373714447
16.0,1,13,projection_oracle,0.033840470016002655,0.7420071363449097
16.0,1,14,projection_oracle,0.018958544358611107,0.7498853206634521
16.0,1,15,projection_oracle,0.029798027127981186,0.6419122815132141
16.0,1,16,projection_oracle,0.023254811763763428,0.6906071901321411
16.0,1,17,projection_oracle,0.02757297456264496,0.5639033317565918
16.0,1,18,projection_oracle,0.023644158616662025,0.6038557291030884
16.0,1,19,projection_oracle,0.0325905978679657,0.6406428217887878
16.0,1,20,projection_oracle,0.021867426112294197,0.8134134411811829
16.0,1,21,projection_oracle,0.02878006175160408,0.7112788558006287
16.0,1,22,projection_oracle,0.015849731862545013,0.748248279094696
16.0,1,23,projection_oracle,0.02682783640921116,0.7063177824020386
16.0,1,24,projection_oracle,0.03259771689772606,0.8057182431221008
16.0,1,25,projection_oracle,0.022171180695295334,0.6869426965713501
16.0,1,26,projection_oracle,0.03182842954993248,0.7773149013519287
16.0,1,27,projection_oracle,0.033404864370822906,0.7375403046607971
16.0,1,28,projection_oracle,0.02141185663640499,0.7757865190505981
16.0,1,29,projection_oracle,0.02875109761953354,0.5680242776870728
16.0,1,30,projection_oracle,0.02602945640683174,0.7531651258468628
16.0,1,31,projection_oracle,0.02418041229248047,0.7676618695259094
16.0,1,32,projection_oracle,0.023251691833138466,0.6816679835319519
16.0,1,33,projection_oracle,0.034022435545921326,0.49329933524131775
16.0,1,34,projection_oracle,0.030775122344493866,0.7846461534500122
16.0,1,35,projection_oracle,0.04299912974238396,0.687428891658783
16.0,1,36,projection_oracle,0.030514732003211975,0.5187911987304688
16.0,1,37,projection_oracle,0.03562718257308006,0.6509076356887817
16.0,1,38,projection_oracle,0.042937982827425,0.7319941520690918
16.0,1,39,projection_oracle,0.04261218011379242,0.7570121884346008
16.0,1,40,projection_oracle,0.03308450058102608,0.820216178894043
16.0,1,41,projection_oracle,0.044997166842222214,0.7575933337211609
16.0,1,42,projection_oracle,0.052879005670547485,0.5215342044830322
16.0,1,43,projection_oracle,0.03511498123407364,0.620132565498352
16.0,1,44,projection_oracle,0.02567904442548752,0.7969542741775513
16.0,1,45,projection_oracle,0.030988501384854317,0.6919137239456177
16.0,1,46,projection_oracle,0.025925857946276665,0.7245330810546875
16.0,1,47,projection_oracle,0.030176056548953056,0.7870417833328247
16.0,1,48,projection_oracle,0.036609914153814316,0.6476571559906006
16.0,1,49,projection_oracle,0.04211054742336273,0.6558744311332703
16.0,1,50,projection_oracle,0.04249538481235504,0.5030452609062195
16.0,1,51,projection_oracle,0.04103601351380348,0.522435188293457
16.0,1,52,projection_oracle,0.024370497092604637,0.7123262286186218
16.0,1,53,projection_oracle,0.028716599568724632,0.6793585419654846
16.0,1,54,projection_oracle,0.03657318279147148,0.6094936728477478
16.0,1,55,projection_oracle,0.03610401228070259,0.48121434450149536
16.0,1,56,projection_oracle,0.021934829652309418,0.8165467977523804
16.0,1,57,projection_oracle,0.03323836624622345,0.6256746649742126
16.0,1,58,projection_oracle,0.03206438198685646,0.7312148213386536
16.0,1,59,projection_oracle,0.0353555828332901,0.7412887215614319
16.0,1,60,projection_oracle,0.04613568261265755,0.5730477571487427
16.0,1,61,projection_oracle,0.04097979888319969,0.6572020053863525
16.0,1,62,projection_oracle,0.040450576692819595,0.6084690690040588
16.0,1,63,projection_oracle,0.025487184524536133,0.7753821015357971
16.0,1,64,projection_oracle,0.030515046790242195,0.7656683325767517
16.0,2,1,gaussian_current,0.07532937020060938,0.49991169162232957
16.0,2,2,gaussian_current,0.030261677406868616,0.30302425137571837
16.0,2,3,gaussian_current,0.048420862039051306,0.2804268316442892
16.0,2,4,gaussian_current,0.039950762424647505,0.3889314032760137
16.0,2,5,gaussian_current,0.040652856228765556,0.40947099897338474
16.0,2,6,gaussian_current,0.027652700658455896,0.5284742577900798
16.0,2,7,gaussian_current,0.04046463288788383,0.5033217434505399
16.0,2,8,gaussian_current,0.03847732726362987,0.24593308328383215
16.0,2,9,gaussian_current,0.05809090987566393,0.6205786876521575
16.0,2,10,gaussian_current,0.06512804733798315,0.4053110953507848
16.0,2,11,gaussian_current,0.03903955662580653,0.5334143637967003
16.0,2,12,gaussian_current,0.048488266512681885,0.6786984143310923
16.0,2,13,gaussian_current,0.0276172284919287,0.5774170515409168
16.0,2,14,gaussian_current,0.0581802754799061,0.3290585930707062
16.0,2,15,gaussian_current,0.03980606281949672,0.601620836363286
16.0,2,16,gaussian_current,0.0813705356124232,0.5882075275543253
16.0,2,17,gaussian_current,0.03601804273236072,0.3970608233327359
16.0,2,18,gaussian_current,0.048608255885103945,0.5857678927613296
16.0,2,19,gaussian_current,0.046815512221826436,0.6180119499649399
16.0,2,20,gaussian_current,0.04598277930390854,0.5798249783849977
16.0,2,21,gaussian_current,0.056921321006469607,0.5004349450252306
16.0,2,22,gaussian_current,0.04859294927950938,0.5680500018175153
16.0,2,23,gaussian_current,0.05101805474342342,0.49331120942623075
16.0,2,24,gaussian_current,0.05890872198855271,0.4598678242631039
16.0,2,25,gaussian_current,0.049436347045675226,0.34111999260281006
16.0,2,26,gaussian_current,0.04199459852202678,0.4641462808550125
16.0,2,27,gaussian_current,0.04257844020931997,0.6666339305715192
16.0,2,28,gaussian_current,0.061053774126211456,0.4440773827500689
16.0,2,29,gaussian_current,0.04421649866784109,0.6882398001204569
16.0,2,30,gaussian_current,0.05351497127273397,0.6275693068868633
16.0,2,31,gaussian_current,0.046272869697924615,0.5579233539893586
16.0,2,32,gaussian_current,0.04578946222860739,0.6450993249945343
16.0,2,33,gaussian_current,0.04506850750135145,0.4847209567930334
16.0,2,34,gaussian_current,0.058026683453135997,0.4631700086717197
16.0,2,35,gaussian_current,0.04935787123170854,0.5432565722084866
16.0,2,36,gaussian_current,0.061181551433405076,0.436889586203918
16.0,2,37,gaussian_current,0.0639968834524835,0.4801696214992297
16.0,2,38,gaussian_current,0.056349962820350374,0.5245159371369418
16.0,2,39,gaussian_current,0.06089470060906221,0.3886197015358866
16.0,2,40,gaussian_current,0.04428382459330432,0.4801056142834012
16.0,2,41,gaussian_current,0.06565551126275124,0.38638626697401957
16.0,2,42,gaussian_current,0.03754528949237099,0.5627238174973496
16.0,2,43,gaussian_current,0.06455210089869513,0.3561384486318684
16.0,2,44,gaussian_current,0.05662555833135782,0.4008722840359876
16.0,2,45,gaussian_current,0.06518703854129235,0.38770368717064696
16.0,2,46,gaussian_current,0.05997198528699085,0.4088737477740292
16.0,2,47,gaussian_current,0.05472334352556433,0.5756523700354906
16.0,2,48,gaussian_current,0.050154359623810284,0.4852399436834071
16.0,2,49,gaussian_current,0.05721716627677195,0.3927642738456042
16.0,2,50,gaussian_current,0.048635592907784096,0.42759398199862453
16.0,2,51,gaussian_current,0.05264842224576024,0.40140957277772293
16.0,2,52,gaussian_current,0.058644729747513176,0.2063531541452446
16.0,2,53,gaussian_current,0.04358300791099682,0.5009224231667387
16.0,2,54,gaussian_current,0.04132986262319193,0.5739474005727154
16.0,2,55,gaussian_current,0.05640190560574389,0.27349625570631675
16.0,2,56,gaussian_current,0.03584500524936667,0.5892814857476545
16.0,2,57,gaussian_current,0.040618679142590285,0.4409142807083919
16.0,2,58,gaussian_current,0.04837590872620132,0.596836509526609
16.0,2,59,gaussian_current,0.04999345770849702,0.42046539488954054
16.0,2,60,gaussian_current,0.07207593772440785,0.2025482406004929
16.0,2,61,gaussian_current,0.04414554811557789,0.4671245161769088
16.0,2,62,gaussian_current,0.048180439797518,0.541625804029415
16.0,2,63,gaussian_current,0.06467425396783236,0.3278567429468083
16.0,2,64,gaussian_current,0.059016225037602725,0.425357075368516
16.0,2,1,diffusion_temporal,0.07742008566856384,0.47999221086502075
16.0,2,2,diffusion_temporal,0.030394574627280235,0.39956626296043396
16.0,2,3,diffusion_temporal,0.06023357808589935,0.2512902021408081
16.0,2,4,diffusion_temporal,0.06385738402605057,0.09276662766933441
16.0,2,5,diffusion_temporal,0.04930581897497177,0.3443613052368164
16.0,2,6,diffusion_temporal,0.03963435813784599,0.4658598303794861
16.0,2,7,diffusion_temporal,0.0574275404214859,0.33619025349617004
16.0,2,8,diffusion_temporal,0.03318057209253311,0.36741960048675537
16.0,2,9,diffusion_temporal,0.06314443796873093,0.5767781734466553
16.0,2,10,diffusion_temporal,0.09608348459005356,0.16335901618003845
16.0,2,11,diffusion_temporal,0.05894785374403,0.4625033140182495
16.0,2,12,diffusion_temporal,0.06122281774878502,0.5826784372329712
16.0,2,13,diffusion_temporal,0.048732589930295944,0.3895009756088257
16.0,2,14,diffusion_temporal,0.07248687744140625,0.269368976354599
16.0,2,15,diffusion_temporal,0.0677805170416832,0.4266301691532135
16.0,2,16,diffusion_temporal,0.0999535471200943,0.47602322697639465
16.0,2,17,diffusion_temporal,0.06294920295476913,0.20773977041244507
16.0,2,18,diffusion_temporal,0.07212961465120316,0.36871063709259033
16.0,2,19,diffusion_temporal,0.06259740144014359,0.5208361744880676
16.0,2,20,diffusion_temporal,0.049625057727098465,0.5641084313392639
16.0,2,21,diffusion_temporal,0.0580153614282608,0.5037506818771362
16.0,2,22,diffusion_temporal,0.07255027443170547,0.4071325957775116
16.0,2,23,diffusion_temporal,0.06462233513593674,0.421363890171051
16.0,2,24,diffusion_temporal,0.07411675155162811,0.38985201716423035
16.0,2,25,diffusion_temporal,0.06829089671373367,0.29758620262145996
16.0,2,26,diffusion_temporal,0.061343397945165634,0.4151078164577484
16.0,2,27,diffusion_temporal,0.0691932663321495,0.5169784426689148
16.0,2,28,diffusion_temporal,0.07521532475948334,0.3532307744026184
16.0,2,29,diffusion_temporal,0.05572376027703285,0.662777841091156
16.0,2,30,diffusion_temporal,0.06301559507846832,0.589040219783783
16.0,2,31,diffusion_temporal,0.06496352702379227,0.483094185590744
16.0,2,32,diffusion_temporal,0.0525614358484745,0.6219692826271057
16.0,2,33,diffusion_temporal,0.058967988938093185,0.44158023595809937
16.0,2,34,diffusion_temporal,0.08171027153730392,0.3358267843723297
16.0,2,35,diffusion_temporal,0.059993065893650055,0.4901060461997986
16.0,2,36,diffusion_temporal,0.06732723116874695,0.4085494577884674
16.0,2,37,diffusion_temporal,0.08211647719144821,0.3765983581542969
16.0,2,38,diffusion_temporal,0.06450184434652328,0.4818614721298218
16.0,2,39,diffusion_temporal,0.0802290141582489,0.2988501787185669
16.0,2,40,diffusion_temporal,0.0601348839700222,0.38015687465667725
16.0,2,41,diffusion_temporal,0.08538173139095306,0.3355149030685425
16.0,2,42,diffusion_temporal,0.046444643288850784,0.48385775089263916
16.0,2,43,diffusion_temporal,0.08613743633031845,0.2714836597442627
16.0,2,44,diffusion_temporal,0.08005505800247192,0.275125116109848
16.0,2,45,diffusion_temporal,0.07452288269996643,0.3620053231716156
16.0,2,46,diffusion_temporal,0.07164528965950012,0.3847545385360718
16.0,2,47,diffusion_temporal,0.07653039693832397,0.5125846862792969
16.0,2,48,diffusion_temporal,0.06913939118385315,0.39712366461753845
16.0,2,49,diffusion_temporal,0.08480310440063477,0.35241302847862244
16.0,2,50,diffusion_temporal,0.07219554483890533,0.35573840141296387
16.0,2,51,diffusion_temporal,0.06516379117965698,0.35461461544036865
16.0,2,52,diffusion_temporal,0.08280780166387558,0.11485739052295685
16.0,2,53,diffusion_temporal,0.06100593879818916,0.4313463866710663
16.0,2,54,diffusion_temporal,0.05674666166305542,0.49704837799072266
16.0,2,55,diffusion_temporal,0.07314226776361465,0.2514526844024658
16.0,2,56,diffusion_temporal,0.04751163348555565,0.536205530166626
16.0,2,57,diffusion_temporal,0.06352967023849487,0.3808955252170563
16.0,2,58,diffusion_temporal,0.06162550672888756,0.5110780596733093
16.0,2,59,diffusion_temporal,0.06626015901565552,0.36369478702545166
16.0,2,60,diffusion_temporal,0.08577622473239899,0.16521671414375305
16.0,2,61,diffusion_temporal,0.060187093913555145,0.42039987444877625
16.0,2,62,diffusion_temporal,0.06526404619216919,0.48956429958343506
16.0,2,63,diffusion_temporal,0.0980558842420578,0.17501822113990784
16.0,2,64,diffusion_temporal,0.07701480388641357,0.37080034613609314
16.0,2,1,diffusion_context_only,0.06993236392736435,0.5583134293556213
16.0,2,2,diffusion_context_only,0.03276867792010307,0.36197587847709656
16.0,2,3,diffusion_context_only,0.06018250808119774,0.25770434737205505
16.0,2,4,diffusion_context_only,0.06294342875480652,0.10117864608764648
16.0,2,5,diffusion_context_only,0.04775373637676239,0.36376577615737915
16.0,2,6,diffusion_context_only,0.0383138582110405,0.47633853554725647
16.0,2,7,diffusion_context_only,0.05717701464891434,0.3359876275062561
16.0,2,8,diffusion_context_only,0.03399479389190674,0.355604887008667
16.0,2,9,diffusion_context_only,0.06336234509944916,0.5766848921775818
16.0,2,10,diffusion_context_only,0.09838806092739105,0.1451432853937149
16.0,2,11,diffusion_context_only,0.05821617320179939,0.4704716205596924
16.0,2,12,diffusion_context_only,0.0606093555688858,0.5871752500534058
16.0,2,13,diffusion_context_only,0.04938378185033798,0.3895922303199768
16.0,2,14,diffusion_context_only,0.07253744453191757,0.2700917422771454
16.0,2,15,diffusion_context_only,0.06838422268629074,0.42410731315612793
16.0,2,16,diffusion_context_only,0.10037953406572342,0.472257524728775
16.0,2,17,diffusion_context_only,0.06173957511782646,0.20595169067382812
16.0,2,18,diffusion_context_only,0.07235820591449738,0.3692363202571869
16.0,2,19,diffusion_context_only,0.06353680789470673,0.5190772414207458
16.0,2,20,diffusion_context_only,0.049795426428318024,0.5652967691421509
16.0,2,21,diffusion_context_only,0.05790476128458977,0.501634955406189
16.0,2,22,diffusion_context_only,0.07301612198352814,0.40578410029411316
16.0,2,23,diffusion_context_only,0.06559402495622635,0.4166892468929291
16.0,2,24,diffusion_context_only,0.07427599281072617,0.3877350687980652
16.0,2,25,diffusion_context_only,0.06854838132858276,0.297707736492157
16.0,2,26,diffusion_context_only,0.06272605806589127,0.40966078639030457
16.0,2,27,diffusion_context_only,0.06946782022714615,0.5119140148162842
16.0,2,28,diffusion_context_only,0.0759919211268425,0.3506455421447754
16.0,2,29,diffusion_context_only,0.05640942230820656,0.6603522300720215
16.0,2,30,diffusion_context_only,0.0641503632068634,0.5830994248390198
16.0,2,31,diffusion_context_only,0.06466613709926605,0.4858415126800537
16.0,2,32,diffusion_context_only,0.05247750133275986,0.6237911581993103
16.0,2,33,diffusion_context_only,0.059381380677223206,0.43871331214904785
16.0,2,34,diffusion_context_only,0.08181081712245941,0.3343534469604492
16.0,2,35,diffusion_context_only,0.06005086004734039,0.4896398186683655
16.0,2,36,diffusion_context_only,0.06786398589611053,0.4056711792945862
16.0,2,37,diffusion_context_only,0.08258387446403503,0.37587210536003113
16.0,2,38,diffusion_context_only,0.06504835933446884,0.47837716341018677
16.0,2,39,diffusion_context_only,0.0802205428481102,0.3022267520427704
16.0,2,40,diffusion_context_only,0.06048060208559036,0.3752514123916626
16.0,2,41,diffusion_context_only,0.08599735051393509,0.33469557762145996
16.0,2,42,diffusion_context_only,0.04640434309840202,0.4853482246398926
16.0,2,43,diffusion_context_only,0.0870637372136116,0.265384316444397
16.0,2,44,diffusion_context_only,0.08072017133235931,0.27366697788238525
16.0,2,45,diffusion_context_only,0.07533082365989685,0.3590036630630493
16.0,2,46,diffusion_context_only,0.07159864902496338,0.3845002055168152
16.0,2,47,diffusion_context_only,0.0773545354604721,0.5112811923027039
16.0,2,48,diffusion_context_only,0.06909481436014175,0.3967731297016144
16.0,2,49,diffusion_context_only,0.08410283178091049,0.3549170196056366
16.0,2,50,diffusion_context_only,0.07214801013469696,0.356823593378067
16.0,2,51,diffusion_context_only,0.0656270682811737,0.35358715057373047
16.0,2,52,diffusion_context_only,0.08318871259689331,0.11217357218265533
16.0,2,53,diffusion_context_only,0.06121082231402397,0.43149831891059875
16.0,2,54,diffusion_context_only,0.056584157049655914,0.49682849645614624
16.0,2,55,diffusion_context_only,0.07337861508131027,0.24951912462711334
16.0,2,56,diffusion_context_only,0.04759228602051735,0.5358412265777588
16.0,2,57,diffusion_context_only,0.06392975896596909,0.37952733039855957
16.0,2,58,diffusion_context_only,0.06186855211853981,0.5104012489318848
16.0,2,59,diffusion_context_only,0.06622322648763657,0.3651716411113739
16.0,2,60,diffusion_context_only,0.08597046881914139,0.16458195447921753
16.0,2,61,diffusion_context_only,0.0606364943087101,0.41955217719078064
16.0,2,62,diffusion_context_only,0.06540489196777344,0.4886748790740967
16.0,2,63,diffusion_context_only,0.09821058809757233,0.1745898574590683
16.0,2,64,diffusion_context_only,0.07690900564193726,0.3702374994754791
16.0,2,1,gaussian_context_only,0.06567424248068797,0.6123691371193378
16.0,2,2,gaussian_context_only,0.02705669925397688,0.3680566578970268
16.0,2,3,gaussian_context_only,0.048769497243997276,0.26584106039038163
16.0,2,4,gaussian_context_only,0.032327076370192116,0.5203044298613042
16.0,2,5,gaussian_context_only,0.039017721369105696,0.4463312749866656
16.0,2,6,gaussian_context_only,0.026672832402131214,0.54234941954609
16.0,2,7,gaussian_context_only,0.04266420208601498,0.47505546274637755
16.0,2,8,gaussian_context_only,0.04110433207498776,0.22241009371526543
16.0,2,9,gaussian_context_only,0.06613100085271496,0.5435890477367166
16.0,2,10,gaussian_context_only,0.07783274504925686,0.2792557116151499
16.0,2,11,gaussian_context_only,0.04158674762356108,0.5388615173694378
16.0,2,12,gaussian_context_only,0.0501227804242393,0.666582454220639
16.0,2,13,gaussian_context_only,0.030717350897465797,0.5355726739241718
16.0,2,14,gaussian_context_only,0.05910824389920667,0.35009463124985046
16.0,2,15,gaussian_context_only,0.050326393872793786,0.508494509823942
16.0,2,16,gaussian_context_only,0.08783342818356049,0.5424845121244564
16.0,2,17,gaussian_context_only,0.04461648095400923,0.2580152785407001
16.0,2,18,gaussian_context_only,0.04794243879006194,0.5941022519163969
16.0,2,19,gaussian_context_only,0.04686039005211714,0.6354764821229721
16.0,2,20,gaussian_context_only,0.05669347684447488,0.49997030700836403
16.0,2,21,gaussian_context_only,0.05104445270014295,0.5602350818586483
16.0,2,22,gaussian_context_only,0.05138944741502947,0.5679050701103644
16.0,2,23,gaussian_context_only,0.05782840099184153,0.4640442547191683
16.0,2,24,gaussian_context_only,0.06651128481118777,0.4392581905953254
16.0,2,25,gaussian_context_only,0.05779145709798405,0.3679979219977084
16.0,2,26,gaussian_context_only,0.047159728726778316,0.44609013509563683
16.0,2,27,gaussian_context_only,0.04785314510005112,0.633821468702955
16.0,2,28,gaussian_context_only,0.06529758227252606,0.37380157327014074
16.0,2,29,gaussian_context_only,0.04648266495625293,0.6765512658492482
16.0,2,30,gaussian_context_only,0.058777426514361374,0.6156483704405834
16.0,2,31,gaussian_context_only,0.04830347216898955,0.5358228759100252
16.0,2,32,gaussian_context_only,0.0495632114470199,0.6269501843323441
16.0,2,33,gaussian_context_only,0.04877940424146964,0.39629655256248925
16.0,2,34,gaussian_context_only,0.07242190650584777,0.3527788951095006
16.0,2,35,gaussian_context_only,0.05718167923019631,0.5158308998705191
16.0,2,36,gaussian_context_only,0.06867808966099741,0.3961269060267906
16.0,2,37,gaussian_context_only,0.06813679450529381,0.49378656485739253
16.0,2,38,gaussian_context_only,0.07008804657209951,0.43119964970050206
16.0,2,39,gaussian_context_only,0.06918600674156664,0.3219051626962603
16.0,2,40,gaussian_context_only,0.05284023022011207,0.46787295982824634
16.0,2,41,gaussian_context_only,0.06832272320332107,0.3507676714525997
16.0,2,42,gaussian_context_only,0.04529406393630289,0.544224532285
16.0,2,43,gaussian_context_only,0.07111363257265933,0.3232645197742704
16.0,2,44,gaussian_context_only,0.06723529798907615,0.3678734209071015
16.0,2,45,gaussian_context_only,0.07591803223445244,0.35090521769673066
16.0,2,46,gaussian_context_only,0.06160744457263249,0.4170516428895451
16.0,2,47,gaussian_context_only,0.0659322097889622,0.5390809946348099
16.0,2,48,gaussian_context_only,0.057481747845900086,0.46359535418645464
16.0,2,49,gaussian_context_only,0.07727406906578514,0.3323516588098615
16.0,2,50,gaussian_context_only,0.05719426434087299,0.38700037432315737
16.0,2,51,gaussian_context_only,0.06165856359164137,0.37323143530910985
16.0,2,52,gaussian_context_only,0.0737740686450564,0.12395243403082766
16.0,2,53,gaussian_context_only,0.056702030804809865,0.40371075346886875
16.0,2,54,gaussian_context_only,0.05057048636437558,0.5096961779010774
16.0,2,55,gaussian_context_only,0.06624977997506577,0.2510220705505373
16.0,2,56,gaussian_context_only,0.045461033252110296,0.5287626853584151
16.0,2,57,gaussian_context_only,0.05199597267692542,0.40648463561815434
16.0,2,58,gaussian_context_only,0.05922944106744227,0.4882519739714887
16.0,2,59,gaussian_context_only,0.06044936303932957,0.36190542118963065
16.0,2,60,gaussian_context_only,0.08083122087861373,0.17707529892202195
16.0,2,61,gaussian_context_only,0.0492774837543437,0.46430817962394566
16.0,2,62,gaussian_context_only,0.05755342772033708,0.5011656122442124
16.0,2,63,gaussian_context_only,0.07611716064469129,0.2807783056735057
16.0,2,64,gaussian_context_only,0.061836929539432824,0.45835468048420985
16.0,2,1,gaussian_temporal,0.059617845600473306,0.669397055552511
16.0,2,2,gaussian_temporal,0.026594394136962494,0.36828579715442356
16.0,2,3,gaussian_temporal,0.05326530948057707,0.2006921565627958
16.0,2,4,gaussian_temporal,0.03436502349459751,0.4879085210040785
16.0,2,5,gaussian_temporal,0.044717351499899284,0.37158324153763234
16.0,2,6,gaussian_temporal,0.027384313786322875,0.5320064859948261
16.0,2,7,gaussian_temporal,0.037495287869881586,0.5462514173600649
16.0,2,8,gaussian_temporal,0.03980222699383453,0.2373174480396022
16.0,2,9,gaussian_temporal,0.0674554801923935,0.5296017968767202
16.0,2,10,gaussian_temporal,0.07403147900232253,0.31372600499430625
16.0,2,11,gaussian_temporal,0.04050072643609363,0.5432066067534432
16.0,2,12,gaussian_temporal,0.04760221838098394,0.6859508032112677
16.0,2,13,gaussian_temporal,0.031327806940223225,0.531826286217013
16.0,2,14,gaussian_temporal,0.060517779511212656,0.3059597939547734
16.0,2,15,gaussian_temporal,0.05049217149449279,0.5208483869951462
16.0,2,16,gaussian_temporal,0.08849349099662823,0.5374174994007554
16.0,2,17,gaussian_temporal,0.04488385241089292,0.25148823120887054
16.0,2,18,gaussian_temporal,0.04906653122325845,0.5791569683606634
16.0,2,19,gaussian_temporal,0.04841828497660452,0.61807076001306
16.0,2,20,gaussian_temporal,0.055940491453394324,0.5021907879915599
16.0,2,21,gaussian_temporal,0.054304706144110204,0.5423305239717888
16.0,2,22,gaussian_temporal,0.05123359860866875,0.5739519868644067
16.0,2,23,gaussian_temporal,0.055527061413101535,0.47079552329384217
16.0,2,24,gaussian_temporal,0.06601526186386554,0.42667385790622797
16.0,2,25,gaussian_temporal,0.05545449326861627,0.3644220154211064
16.0,2,26,gaussian_temporal,0.04901486064468815,0.44617849998715087
16.0,2,27,gaussian_temporal,0.049560392227691465,0.6245477089595193
16.0,2,28,gaussian_temporal,0.06631219444949651,0.37227244622500555
16.0,2,29,gaussian_temporal,0.048108148149307674,0.6693698613020874
16.0,2,30,gaussian_temporal,0.060730238051347,0.6030047858730251
16.0,2,31,gaussian_temporal,0.049560455284674114,0.5330094189490517
16.0,2,32,gaussian_temporal,0.05020653036521927,0.6203741356334954
16.0,2,33,gaussian_temporal,0.049712317754384595,0.3978541397098802
16.0,2,34,gaussian_temporal,0.0665617003222854,0.38408326902034107
16.0,2,35,gaussian_temporal,0.05223913415226214,0.5482104179099524
16.0,2,36,gaussian_temporal,0.06851530063523051,0.4001526875210028
16.0,2,37,gaussian_temporal,0.06511944707030527,0.5071779940925738
16.0,2,38,gaussian_temporal,0.0632465449993413,0.4757615140464245
16.0,2,39,gaussian_temporal,0.06937500603658046,0.331363123145146
16.0,2,40,gaussian_temporal,0.05392776805578485,0.4662344839921877
16.0,2,41,gaussian_temporal,0.06977020819449757,0.35385126963413316
16.0,2,42,gaussian_temporal,0.04613315309816406,0.5356268325118526
16.0,2,43,gaussian_temporal,0.06946851510716918,0.32705768792260936
16.0,2,44,gaussian_temporal,0.06693361990309908,0.3801863062853049
16.0,2,45,gaussian_temporal,0.07646348923175374,0.35278490428363657
16.0,2,46,gaussian_temporal,0.06327065937412386,0.3987898021466957
16.0,2,47,gaussian_temporal,0.06156623550901287,0.5525829598877153
16.0,2,48,gaussian_temporal,0.05953353409453797,0.46462996386575434
16.0,2,49,gaussian_temporal,0.07966905553291503,0.32015951745598153
16.0,2,50,gaussian_temporal,0.055772815009473974,0.39433932884334466
16.0,2,51,gaussian_temporal,0.060945505263462034,0.36802133507233853
16.0,2,52,gaussian_temporal,0.079031904262732,0.1392043056676538
16.0,2,53,gaussian_temporal,0.05876111006699793,0.3979640177023239
16.0,2,54,gaussian_temporal,0.052072930093377406,0.4906721087243578
16.0,2,55,gaussian_temporal,0.06694662275100745,0.24589835755194828
16.0,2,56,gaussian_temporal,0.047300963837774615,0.503056107620353
16.0,2,57,gaussian_temporal,0.04850733135957503,0.40641729205185406
16.0,2,58,gaussian_temporal,0.05830126033953332,0.49873672680527237
16.0,2,59,gaussian_temporal,0.06291583837739871,0.33319883487346713
16.0,2,60,gaussian_temporal,0.07813206738093188,0.2004023780468266
16.0,2,61,gaussian_temporal,0.04801084146660266,0.4605100660638964
16.0,2,62,gaussian_temporal,0.056400150776042275,0.5003710058570836
16.0,2,63,gaussian_temporal,0.07474057817253014,0.29586223378251847
16.0,2,64,gaussian_temporal,0.06114596196314528,0.452369133828309
16.0,2,1,public_fingerprint,0.10702686756849289,0.16537153720855713
16.0,2,2,public_fingerprint,0.02855287306010723,0.36560481786727905
16.0,2,3,public_fingerprint,0.053369611501693726,0.24710141122341156
16.0,2,4,public_fingerprint,0.06127909943461418,0.11201594769954681
16.0,2,5,public_fingerprint,0.05339374765753746,0.2638758718967438
16.0,2,6,public_fingerprint,0.030914805829524994,0.5363820195198059
16.0,2,7,public_fingerprint,0.048468686640262604,0.46667158603668213
16.0,2,8,public_fingerprint,0.05132250487804413,0.19872114062309265
16.0,2,9,public_fingerprint,0.05164188891649246,0.6702244281768799
16.0,2,10,public_fingerprint,0.07768978178501129,0.3195381462574005
16.0,2,11,public_fingerprint,0.04504264146089554,0.5235739946365356
16.0,2,12,public_fingerprint,0.04332748427987099,0.7211336493492126
16.0,2,13,public_fingerprint,0.030612457543611526,0.5973643064498901
16.0,2,14,public_fingerprint,0.06753955781459808,0.2648983597755432
16.0,2,15,public_fingerprint,0.03779904916882515,0.6305299401283264
16.0,2,16,public_fingerprint,0.10060098767280579,0.44856157898902893
16.0,2,17,public_fingerprint,0.030779825523495674,0.5011929273605347
16.0,2,18,public_fingerprint,0.05527498573064804,0.520653247833252
16.0,2,19,public_fingerprint,0.06397590041160583,0.47389933466911316
16.0,2,20,public_fingerprint,0.0543794147670269,0.4956899881362915
16.0,2,21,public_fingerprint,0.06046396121382713,0.4539514482021332
16.0,2,22,public_fingerprint,0.0544462725520134,0.5116249322891235
16.0,2,23,public_fingerprint,0.050416018813848495,0.5051300525665283
16.0,2,24,public_fingerprint,0.06785993278026581,0.3751817047595978
16.0,2,25,public_fingerprint,0.05176627263426781,0.31303489208221436
16.0,2,26,public_fingerprint,0.04470444098114967,0.39772510528564453
16.0,2,27,public_fingerprint,0.051988743245601654,0.5897490978240967
16.0,2,28,public_fingerprint,0.05988539755344391,0.436979204416275
16.0,2,29,public_fingerprint,0.04965873807668686,0.6440992951393127
16.0,2,30,public_fingerprint,0.06758676469326019,0.5227989554405212
16.0,2,31,public_fingerprint,0.05261148512363434,0.5023784041404724
16.0,2,32,public_fingerprint,0.053597591817379,0.5820220708847046
16.0,2,33,public_fingerprint,0.05119442567229271,0.406556636095047
16.0,2,34,public_fingerprint,0.06780779361724854,0.3497503101825714
16.0,2,35,public_fingerprint,0.05408794432878494,0.5086748600006104
16.0,2,36,public_fingerprint,0.05835753679275513,0.4640653133392334
16.0,2,37,public_fingerprint,0.05926209315657616,0.5221158862113953
16.0,2,38,public_fingerprint,0.05677517130970955,0.516334056854248
16.0,2,39,public_fingerprint,0.06051148474216461,0.40004268288612366
16.0,2,40,public_fingerprint,0.04215420037508011,0.5139352083206177
16.0,2,41,public_fingerprint,0.06565538793802261,0.40059515833854675
16.0,2,42,public_fingerprint,0.041549596935510635,0.5310064554214478
16.0,2,43,public_fingerprint,0.07497158646583557,0.25842469930648804
16.0,2,44,public_fingerprint,0.060896169394254684,0.36402663588523865
16.0,2,45,public_fingerprint,0.06952524930238724,0.35696619749069214
16.0,2,46,public_fingerprint,0.059259507805109024,0.3972891867160797
16.0,2,47,public_fingerprint,0.05587301030755043,0.5739620923995972
16.0,2,48,public_fingerprint,0.05824941024184227,0.3931182026863098
16.0,2,49,public_fingerprint,0.05820589140057564,0.3560885787010193
16.0,2,50,public_fingerprint,0.04788421839475632,0.3987288475036621
16.0,2,51,public_fingerprint,0.04860728234052658,0.399609237909317
16.0,2,52,public_fingerprint,0.06361762434244156,0.07888802886009216
16.0,2,53,public_fingerprint,0.041223399341106415,0.5148131847381592
16.0,2,54,public_fingerprint,0.042511872947216034,0.5488463640213013
16.0,2,55,public_fingerprint,0.059073321521282196,0.2305319756269455
16.0,2,56,public_fingerprint,0.03475044295191765,0.590607762336731
16.0,2,57,public_fingerprint,0.04118822142481804,0.3744232952594757
16.0,2,58,public_fingerprint,0.05129208043217659,0.558122456073761
16.0,2,59,public_fingerprint,0.05456019565463066,0.3464709520339966
16.0,2,60,public_fingerprint,0.07771202176809311,0.1025739312171936
16.0,2,61,public_fingerprint,0.044860173016786575,0.4371882677078247
16.0,2,62,public_fingerprint,0.05510110780596733,0.4599144756793976
16.0,2,63,public_fingerprint,0.06561422348022461,0.30678901076316833
16.0,2,64,public_fingerprint,0.062122952193021774,0.3748442828655243
16.0,2,1,noisy,3272.3427734375,-0.003316368442028761
16.0,2,2,noisy,3283.748291015625,-0.008774290792644024
16.0,2,3,noisy,3318.677490234375,0.005249186418950558
16.0,2,4,noisy,3307.667236328125,0.00148333131801337
16.0,2,5,noisy,3354.0634765625,-0.007979783229529858
16.0,2,6,noisy,3232.402587890625,-0.003988971002399921
16.0,2,7,noisy,3266.290283203125,0.004000701010227203
16.0,2,8,noisy,3299.938232421875,0.007322750985622406
16.0,2,9,noisy,3345.086669921875,0.002886187518015504
16.0,2,10,noisy,3217.38818359375,0.006188337691128254
16.0,2,11,noisy,3301.054443359375,-0.0007843548664823174
16.0,2,12,noisy,3384.5537109375,0.010574840009212494
16.0,2,13,noisy,3295.249267578125,0.0005844726110808551
16.0,2,14,noisy,3278.832275390625,0.004320973064750433
16.0,2,15,noisy,3324.971923828125,0.009308365173637867
16.0,2,16,noisy,3303.636962890625,0.013810887932777405
16.0,2,17,noisy,3292.71044921875,0.010465055704116821
16.0,2,18,noisy,3330.630126953125,0.01591435633599758
16.0,2,19,noisy,3253.927001953125,-0.008793139830231667
16.0,2,20,noisy,3279.560546875,0.00046335902879945934
16.0,2,21,noisy,3297.864501953125,0.013475934974849224
16.0,2,22,noisy,3292.548828125,-0.0024717531632632017
16.0,2,23,noisy,3372.8349609375,-0.011110308580100536
16.0,2,24,noisy,3216.01611328125,0.00603755097836256
16.0,2,25,noisy,3277.57275390625,0.01122735533863306
16.0,2,26,noisy,3366.93359375,0.0132694561034441
16.0,2,27,noisy,3308.77197265625,-0.010855155065655708
16.0,2,28,noisy,3367.405029296875,0.010452518239617348
16.0,2,29,noisy,3285.721923828125,0.012291585095226765
16.0,2,30,noisy,3299.821044921875,0.012926527298986912
16.0,2,31,noisy,3299.068603515625,-0.00244314968585968
16.0,2,32,noisy,3329.810302734375,0.004133503418415785
16.0,2,33,noisy,3288.07275390625,0.009978702291846275
16.0,2,34,noisy,3370.475830078125,0.017336513847112656
16.0,2,35,noisy,3275.279296875,0.00552039360627532
16.0,2,36,noisy,3288.66015625,0.004990117624402046
16.0,2,37,noisy,3329.655517578125,0.005734456703066826
16.0,2,38,noisy,3344.880859375,0.006087372545152903
16.0,2,39,noisy,3334.78369140625,0.00878086406737566
16.0,2,40,noisy,3387.89599609375,0.010865540243685246
16.0,2,41,noisy,3381.948974609375,-0.0007633263012394309
16.0,2,42,noisy,3317.006103515625,-0.0042786062695086
16.0,2,43,noisy,3305.35546875,0.016366057097911835
16.0,2,44,noisy,3334.086181640625,0.0035064660478383303
16.0,2,45,noisy,3353.42041015625,0.014136744663119316
16.0,2,46,noisy,3238.0693359375,-0.0012460917932912707
16.0,2,47,noisy,3276.371826171875,-0.0099100386723876
16.0,2,48,noisy,3338.744140625,0.010990869253873825
16.0,2,49,noisy,3244.404296875,-0.003561501856893301
16.0,2,50,noisy,3326.72900390625,-0.0039537809789180756
16.0,2,51,noisy,3352.640625,-0.0027363665867596865
16.0,2,52,noisy,3287.316162109375,0.004802425857633352
16.0,2,53,noisy,3294.0009765625,0.00804851297289133
16.0,2,54,noisy,3355.181640625,-0.010991208255290985
16.0,2,55,noisy,3273.7412109375,-4.328909142259363e-07
16.0,2,56,noisy,3295.784912109375,-0.007951740175485611
16.0,2,57,noisy,3286.502197265625,-0.004109091125428677
16.0,2,58,noisy,3326.4404296875,0.006056934129446745
16.0,2,59,noisy,3388.296142578125,-0.011608012020587921
16.0,2,60,noisy,3276.6591796875,0.0034971428103744984
16.0,2,61,noisy,3287.4736328125,-0.014929812401533127
16.0,2,62,noisy,3259.353271484375,0.01007157750427723
16.0,2,63,noisy,3285.609130859375,0.014185496605932713
16.0,2,64,noisy,3352.35986328125,0.0018375756917521358
16.0,2,1,zero,0.10039170831441879,0.0
16.0,2,2,zero,0.01904747448861599,0.0
16.0,2,3,zero,0.04212464764714241,0.0
16.0,2,4,zero,0.04186572879552841,0.0
16.0,2,5,zero,0.03939488157629967,0.0
16.0,2,6,zero,0.032199837267398834,0.0
16.0,2,7,zero,0.05055150389671326,0.0
16.0,2,8,zero,0.02182697504758835,0.0
16.0,2,9,zero,0.09375027567148209,0.0
16.0,2,10,zero,0.07162921875715256,0.0
16.0,2,11,zero,0.046170253306627274,0.0
16.0,2,12,zero,0.08987026661634445,0.0
16.0,2,13,zero,0.02570989355444908,0.0
16.0,2,14,zero,0.048821039497852325,0.0
16.0,2,15,zero,0.059742145240306854,0.0
16.0,2,16,zero,0.12415327876806259,0.0
16.0,2,17,zero,0.022837860509753227,0.0
16.0,2,18,zero,0.07264306396245956,0.0
16.0,2,19,zero,0.0715017095208168,0.0
16.0,2,20,zero,0.0610036626458168,0.0
16.0,2,21,zero,0.05992807075381279,0.0
16.0,2,22,zero,0.06451641023159027,0.0
16.0,2,23,zero,0.05434047803282738,0.0
16.0,2,24,zero,0.05942755565047264,0.0
16.0,2,25,zero,0.02453545480966568,0.0
16.0,2,26,zero,0.022050462663173676,0.0
16.0,2,27,zero,0.06927163153886795,0.0
16.0,2,28,zero,0.04935017228126526,0.0
16.0,2,29,zero,0.07907197624444962,0.0
16.0,2,30,zero,0.08325634896755219,0.0
16.0,2,31,zero,0.05717398598790169,0.0
16.0,2,32,zero,0.07381587475538254,0.0
16.0,2,33,zero,0.034663740545511246,0.0
16.0,2,34,zero,0.05258563533425331,0.0
16.0,2,35,zero,0.059602294117212296,0.0
16.0,2,36,zero,0.05980401858687401,0.0
16.0,2,37,zero,0.07310575246810913,0.0
16.0,2,38,zero,0.06583086401224136,0.0
16.0,2,39,zero,0.05176912620663643,0.0
16.0,2,40,zero,0.03503062576055527,0.0
16.0,2,41,zero,0.059800222516059875,0.0
16.0,2,42,zero,0.04311442747712135,0.0
16.0,2,43,zero,0.055109500885009766,0.0
16.0,2,44,zero,0.04758462682366371,0.0
16.0,2,45,zero,0.05651814863085747,0.0
16.0,2,46,zero,0.047277722507715225,0.0
16.0,2,47,zero,0.07125993072986603,0.0
16.0,2,48,zero,0.045868005603551865,0.0
16.0,2,49,zero,0.04221309348940849,0.0
16.0,2,50,zero,0.03235287219285965,0.0
16.0,2,51,zero,0.04154953360557556,0.0
16.0,2,52,zero,0.034635044634342194,0.0
16.0,2,53,zero,0.04403890296816826,0.0
16.0,2,54,zero,0.05570196360349655,0.0
16.0,2,55,zero,0.038024064153432846,0.0
16.0,2,56,zero,0.043460339307785034,0.0
16.0,2,57,zero,0.02762049250304699,0.0
16.0,2,58,zero,0.07041774690151215,0.0
16.0,2,59,zero,0.045959215611219406,0.0
16.0,2,60,zero,0.04267862066626549,0.0
16.0,2,61,zero,0.03497742488980293,0.0
16.0,2,62,zero,0.05577091500163078,0.0
16.0,2,63,zero,0.05683452636003494,0.0
16.0,2,64,zero,0.05852104723453522,0.0
16.0,2,1,projection_oracle,0.016923200339078903,0.9119313955307007
16.0,2,2,projection_oracle,0.010989121161401272,0.7202133536338806
16.0,2,3,projection_oracle,0.016817929223179817,0.783210039138794
16.0,2,4,projection_oracle,0.01386590301990509,0.8321108818054199
16.0,2,5,projection_oracle,0.020778996869921684,0.7207475304603577
16.0,2,6,projection_oracle,0.014502471312880516,0.7665170431137085
16.0,2,7,projection_oracle,0.019155390560626984,0.7978256940841675
16.0,2,8,projection_oracle,0.01700623147189617,0.6407405734062195
16.0,2,9,projection_oracle,0.025607557967305183,0.8526754379272461
16.0,2,10,projection_oracle,0.030123336240649223,0.7696034908294678
16.0,2,11,projection_oracle,0.02079123631119728,0.7613379955291748
16.0,2,12,projection_oracle,0.020349564030766487,0.8802375197410583
16.0,2,13,projection_oracle,0.014537382870912552,0.7415257692337036
16.0,2,14,projection_oracle,0.024932652711868286,0.7351203560829163
16.0,2,15,projection_oracle,0.01825140044093132,0.8413028120994568
16.0,2,16,projection_oracle,0.03949199989438057,0.8269140124320984
16.0,2,17,projection_oracle,0.01594148762524128,0.7035626173019409
16.0,2,18,projection_oracle,0.027064014226198196,0.7989960312843323
16.0,2,19,projection_oracle,0.025487570092082024,0.8140241503715515
16.0,2,20,projection_oracle,0.026767725124955177,0.7661397457122803
16.0,2,21,projection_oracle,0.026098039001226425,0.7743069529533386
16.0,2,22,projection_oracle,0.0256411861628294,0.787566065788269
16.0,2,23,projection_oracle,0.024002980440855026,0.7630082368850708
16.0,2,24,projection_oracle,0.030637778341770172,0.7248530387878418
16.0,2,25,projection_oracle,0.027239032089710236,0.5206235647201538
16.0,2,26,projection_oracle,0.023344390094280243,0.5756006240844727
16.0,2,27,projection_oracle,0.02802378498017788,0.7954354882240295
16.0,2,28,projection_oracle,0.03142981976270676,0.685845673084259
16.0,2,29,projection_oracle,0.02951706200838089,0.8015388250350952
16.0,2,30,projection_oracle,0.03386180102825165,0.7801886200904846
16.0,2,31,projection_oracle,0.02834870107471943,0.7344014644622803
16.0,2,32,projection_oracle,0.02927873097360134,0.7904704809188843
16.0,2,33,projection_oracle,0.026602204889059067,0.6475517749786377
16.0,2,34,projection_oracle,0.038045819848775864,0.6282598376274109
16.0,2,35,projection_oracle,0.028666434809565544,0.7470694780349731
16.0,2,36,projection_oracle,0.02947276085615158,0.7469150424003601
16.0,2,37,projection_oracle,0.03439665213227272,0.748884379863739
16.0,2,38,projection_oracle,0.0353098101913929,0.7155287861824036
16.0,2,39,projection_oracle,0.035669103264808655,0.6393112540245056
16.0,2,40,projection_oracle,0.02203778177499771,0.7156898379325867
16.0,2,41,projection_oracle,0.03671487793326378,0.6758341789245605
16.0,2,42,projection_oracle,0.026773307472467422,0.6866358518600464
16.0,2,43,projection_oracle,0.03752307593822479,0.6489993929862976
16.0,2,44,projection_oracle,0.03133394569158554,0.681904137134552
16.0,2,45,projection_oracle,0.040029823780059814,0.6217436790466309
16.0,2,46,projection_oracle,0.036970723420381546,0.6140991449356079
16.0,2,47,projection_oracle,0.03641952946782112,0.7217340469360352
16.0,2,48,projection_oracle,0.03471038118004799,0.6358160972595215
16.0,2,49,projection_oracle,0.03383887931704521,0.6102309823036194
16.0,2,50,projection_oracle,0.030246680602431297,0.5885774493217468
16.0,2,51,projection_oracle,0.02852814272046089,0.653020441532135
16.0,2,52,projection_oracle,0.03797034174203873,0.45524972677230835
16.0,2,53,projection_oracle,0.02599669061601162,0.7021704316139221
16.0,2,54,projection_oracle,0.026206422597169876,0.7472760081291199
16.0,2,55,projection_oracle,0.03244045004248619,0.5872778296470642
16.0,2,56,projection_oracle,0.02468656562268734,0.7072608470916748
16.0,2,57,projection_oracle,0.028701644390821457,0.5245653986930847
16.0,2,58,projection_oracle,0.03334741294384003,0.7376593351364136
16.0,2,59,projection_oracle,0.033740896731615067,0.6167868375778198
16.0,2,60,projection_oracle,0.04982398822903633,0.4032038450241089
16.0,2,61,projection_oracle,0.03010697104036808,0.5822964906692505
16.0,2,62,projection_oracle,0.035129364579916,0.6731089949607849
16.0,2,63,projection_oracle,0.03816460818052292,0.6317998766899109
16.0,2,64,projection_oracle,0.040397025644779205,0.6212873458862305
