sigma,seed,step,method,normalized_squared_error,cosine
1.0,0,1,gaussian_current,0.022956452483816375,0.837445740855531
1.0,0,2,gaussian_current,0.01949903032415459,0.8751331789039902
1.0,0,3,gaussian_current,0.01852387837281028,0.8038025686950543
1.0,0,4,gaussian_current,0.015428784556651877,0.6863606022815125
1.0,0,5,gaussian_current,0.029171900576484392,0.6695433705470341
1.0,0,6,gaussian_current,0.029356412811285332,0.6987776866205685
1.0,0,7,gaussian_current,0.017151168929056368,0.6880954559784506
1.0,0,8,gaussian_current,0.02074071739587255,0.796969398850237
1.0,0,9,gaussian_current,0.01457113548663221,0.899364047425251
1.0,0,10,gaussian_current,0.020673016467309593,0.6558579781020527
1.0,0,11,gaussian_current,0.020708270432942568,0.7746122415756628
1.0,0,12,gaussian_current,0.021352967249706797,0.7495667564053641
1.0,0,13,gaussian_current,0.01690549809166535,0.7469654376000474
1.0,0,14,gaussian_current,0.013724039136765363,0.7683324272840899
1.0,0,15,gaussian_current,0.019228170486595007,0.8194469112907281
1.0,0,16,gaussian_current,0.017735399716045323,0.7665720766484448
1.0,0,17,gaussian_current,0.016065985922629818,0.8592798171112668
1.0,0,18,gaussian_current,0.021804917921671538,0.7369333705876799
1.0,0,19,gaussian_current,0.014840502861436898,0.6987709278896996
1.0,0,20,gaussian_current,0.018667130315430193,0.5943604311817801
1.0,0,21,gaussian_current,0.01506478683640524,0.7257053374727209
1.0,0,22,gaussian_current,0.021009697851106783,0.5198833356704708
1.0,0,23,gaussian_current,0.018372427947662282,0.6739328477345178
1.0,0,24,gaussian_current,0.013989649860451018,0.7530492367448774
1.0,0,25,gaussian_current,0.017678600090464743,0.8404511626122029
1.0,0,26,gaussian_current,0.024571994303869162,0.540806689191431
1.0,0,27,gaussian_current,0.021677415045953437,0.7651817911534511
1.0,0,28,gaussian_current,0.024169841826343887,0.6927151717645742
1.0,0,29,gaussian_current,0.015989539107179943,0.7238784480711002
1.0,0,30,gaussian_current,0.021886850905550845,0.7823173160676635
1.0,0,31,gaussian_current,0.021340223036861426,0.844335956564833
1.0,0,32,gaussian_current,0.02841284918507386,0.8596344999514856
1.0,0,33,gaussian_current,0.02196002109195545,0.5901757675340118
1.0,0,34,gaussian_current,0.027065190102223628,0.7410573010786722
1.0,0,35,gaussian_current,0.023901477633721278,0.5552618415174712
1.0,0,36,gaussian_current,0.015275791797252263,0.6260690922618205
1.0,0,37,gaussian_current,0.021359677857309804,0.7444469770826271
1.0,0,38,gaussian_current,0.012792191325560157,0.7316033061459728
1.0,0,39,gaussian_current,0.02429378335927635,0.6255837658906258
1.0,0,40,gaussian_current,0.020973765578917707,0.7681134880634771
1.0,0,41,gaussian_current,0.017215680875864108,0.7068780903556126
1.0,0,42,gaussian_current,0.014941407043119059,0.722717050392587
1.0,0,43,gaussian_current,0.014474378384204692,0.46774176133624734
1.0,0,44,gaussian_current,0.017313565456582056,0.6707179463521373
1.0,0,45,gaussian_current,0.019262483776324592,0.7590179883216285
1.0,0,46,gaussian_current,0.019623179677006882,0.7660653959279685
1.0,0,47,gaussian_current,0.01512911257045774,0.7056690840293502
1.0,0,48,gaussian_current,0.01811030680444717,0.7331626811260172
1.0,0,49,gaussian_current,0.01801084427330411,0.6573761044233747
1.0,0,50,gaussian_current,0.020585277442827322,0.6808961682144817
1.0,0,51,gaussian_current,0.02119763654829742,0.8642963109070704
1.0,0,52,gaussian_current,0.0165723557478413,0.676450395174174
1.0,0,53,gaussian_current,0.021956830427549857,0.7312860083171935
1.0,0,54,gaussian_current,0.01994065033904784,0.8146527886005152
1.0,0,55,gaussian_current,0.021228361835168137,0.637631252978074
1.0,0,56,gaussian_current,0.025034223103679594,0.6731773223679555
1.0,0,57,gaussian_current,0.015700672815705637,0.7588822607675185
1.0,0,58,gaussian_current,0.012886569856957356,0.7739312994568848
1.0,0,59,gaussian_current,0.017730624346485094,0.7546999273911149
1.0,0,60,gaussian_current,0.016197543464133116,0.7357259166453062
1.0,0,61,gaussian_current,0.021779457402494137,0.6267647718798748
1.0,0,62,gaussian_current,0.01646053479194435,0.7755987146810293
1.0,0,63,gaussian_current,0.0219407251972965,0.6025803222827333
1.0,0,64,gaussian_current,0.01807419475554988,0.7173018015578431
1.0,0,1,diffusion_temporal,0.02842104062438011,0.7898572087287903
1.0,0,2,diffusion_temporal,0.022750528529286385,0.8542442321777344
1.0,0,3,diffusion_temporal,0.019963519647717476,0.7877142429351807
1.0,0,4,diffusion_temporal,0.016787594184279442,0.6409765481948853
1.0,0,5,diffusion_temporal,0.04027096927165985,0.5498947501182556
1.0,0,6,diffusion_temporal,0.043435003608465195,0.5204333066940308
1.0,0,7,diffusion_temporal,0.022621851414442062,0.5985363721847534
1.0,0,8,diffusion_temporal,0.029977809637784958,0.687465488910675
1.0,0,9,diffusion_temporal,0.0335623174905777,0.7503571510314941
1.0,0,10,diffusion_temporal,0.026437319815158844,0.6155799031257629
1.0,0,11,diffusion_temporal,0.031949643045663834,0.6188441514968872
1.0,0,12,diffusion_temporal,0.032410770654678345,0.6254476308822632
1.0,0,13,diffusion_temporal,0.024542108178138733,0.59250408411026
1.0,0,14,diffusion_temporal,0.02025117538869381,0.6131837368011475
1.0,0,15,diffusion_temporal,0.026366200298070908,0.7450530529022217
1.0,0,16,diffusion_temporal,0.027477383613586426,0.6464916467666626
1.0,0,17,diffusion_temporal,0.03842873498797417,0.5987009406089783
1.0,0,18,diffusion_temporal,0.031065111979842186,0.600618302822113
1.0,0,19,diffusion_temporal,0.015718160197138786,0.6571027040481567
1.0,0,20,diffusion_temporal,0.021827513352036476,0.508696436882019
1.0,0,21,diffusion_temporal,0.022992882877588272,0.5351992845535278
1.0,0,22,diffusion_temporal,0.02077459916472435,0.5354653596878052
1.0,0,23,diffusion_temporal,0.02081836387515068,0.6425437927246094
1.0,0,24,diffusion_temporal,0.020484264940023422,0.6188226342201233
1.0,0,25,diffusion_temporal,0.029549818485975266,0.7017490863800049
1.0,0,26,diffusion_temporal,0.030231967568397522,0.3699555993080139
1.0,0,27,diffusion_temporal,0.02391722984611988,0.7359656691551208
1.0,0,28,diffusion_temporal,0.022597631439566612,0.6582525968551636
1.0,0,29,diffusion_temporal,0.04050249233841896,0.27260786294937134
1.0,0,30,diffusion_temporal,0.028564123436808586,0.7058078050613403
1.0,0,31,diffusion_temporal,0.03359949216246605,0.7431381940841675
1.0,0,32,diffusion_temporal,0.04554173722863197,0.767569363117218
1.0,0,33,diffusion_temporal,0.023146485909819603,0.5603523254394531
1.0,0,34,diffusion_temporal,0.05178253725171089,0.4198685586452484
1.0,0,35,diffusion_temporal,0.02698015421628952,0.5054669380187988
1.0,0,36,diffusion_temporal,0.021130351349711418,0.4897048771381378
1.0,0,37,diffusion_temporal,0.028729137033224106,0.6330490708351135
1.0,0,38,diffusion_temporal,0.022673869505524635,0.4557299017906189
1.0,0,39,diffusion_temporal,0.032854918390512466,0.4258050322532654
1.0,0,40,diffusion_temporal,0.026575656607747078,0.693261444568634
1.0,0,41,diffusion_temporal,0.02658401057124138,0.4895278811454773
1.0,0,42,diffusion_temporal,0.01823301613330841,0.6655290722846985
1.0,0,43,diffusion_temporal,0.02490844391286373,0.29988768696784973
1.0,0,44,diffusion_temporal,0.023007335141301155,0.604885995388031
1.0,0,45,diffusion_temporal,0.027302827686071396,0.6372520923614502
1.0,0,46,diffusion_temporal,0.031177321448922157,0.5961730480194092
1.0,0,47,diffusion_temporal,0.018495675176382065,0.6315393447875977
1.0,0,48,diffusion_temporal,0.027860281988978386,0.6016771793365479
1.0,0,49,diffusion_temporal,0.025312481448054314,0.4708772897720337
1.0,0,50,diffusion_temporal,0.04318424314260483,0.31085944175720215
1.0,0,51,diffusion_temporal,0.040874920785427094,0.7089324593544006
1.0,0,52,diffusion_temporal,0.024889258667826653,0.48180362582206726
1.0,0,53,diffusion_temporal,0.019613459706306458,0.7381458878517151
1.0,0,54,diffusion_temporal,0.028728030622005463,0.7314823865890503
1.0,0,55,diffusion_temporal,0.03346838057041168,0.43376123905181885
1.0,0,56,diffusion_temporal,0.031465671956539154,0.5618655681610107
1.0,0,57,diffusion_temporal,0.02857080101966858,0.5029542446136475
1.0,0,58,diffusion_temporal,0.016690365970134735,0.7064334154129028
1.0,0,59,diffusion_temporal,0.020142490044236183,0.7152146697044373
1.0,0,60,diffusion_temporal,0.03350558131933212,0.415025532245636
1.0,0,61,diffusion_temporal,0.028612086549401283,0.4568583369255066
1.0,0,62,diffusion_temporal,0.021985508501529694,0.6871047616004944
1.0,0,63,diffusion_temporal,0.02722117491066456,0.4608973264694214
1.0,0,64,diffusion_temporal,0.025612087920308113,0.5696936249732971
1.0,0,1,diffusion_context_only,0.050426021218299866,0.5775374174118042
1.0,0,2,diffusion_context_only,0.06728413701057434,0.4179430603981018
1.0,0,3,diffusion_context_only,0.03654954209923744,0.5738630890846252
1.0,0,4,diffusion_context_only,0.025377431884407997,0.38422805070877075
1.0,0,5,diffusion_context_only,0.04828488826751709,0.38337957859039307
1.0,0,6,diffusion_context_only,0.06691200286149979,0.1929938942193985
1.0,0,7,diffusion_context_only,0.03234840929508209,0.370062917470932
1.0,0,8,diffusion_context_only,0.04506903514266014,0.45542195439338684
1.0,0,9,diffusion_context_only,0.05991099402308464,0.4590936303138733
1.0,0,10,diffusion_context_only,0.03202812746167183,0.5285848379135132
1.0,0,11,diffusion_context_only,0.0521153099834919,0.2502135932445526
1.0,0,12,diffusion_context_only,0.041705772280693054,0.47472330927848816
1.0,0,13,diffusion_context_only,0.03441828489303589,0.3912547528743744
1.0,0,14,diffusion_context_only,0.040495723485946655,0.1689426153898239
1.0,0,15,diffusion_context_only,0.04818553850054741,0.4343990087509155
1.0,0,16,diffusion_context_only,0.04109983891248703,0.4433063566684723
1.0,0,17,diffusion_context_only,0.0686957985162735,0.22294215857982635
1.0,0,18,diffusion_context_only,0.04456685483455658,0.3913877010345459
1.0,0,19,diffusion_context_only,0.027226263657212257,0.3715686798095703
1.0,0,20,diffusion_context_only,0.03347761929035187,0.27961626648902893
1.0,0,21,diffusion_context_only,0.03714010864496231,0.20470862090587616
1.0,0,22,diffusion_context_only,0.021142201498150826,0.470001220703125
1.0,0,23,diffusion_context_only,0.02850283496081829,0.44434964656829834
1.0,0,24,diffusion_context_only,0.03240378573536873,0.3756849765777588
1.0,0,25,diffusion_context_only,0.05267372727394104,0.35987555980682373
1.0,0,26,diffusion_context_only,0.04666658118367195,0.046486806124448776
1.0,0,27,diffusion_context_only,0.045330196619033813,0.4191039502620697
1.0,0,28,diffusion_context_only,0.026059981435537338,0.5443066358566284
1.0,0,29,diffusion_context_only,0.058840151876211166,-0.059505727142095566
1.0,0,30,diffusion_context_only,0.047113027423620224,0.44428321719169617
1.0,0,31,diffusion_context_only,0.0684191882610321,0.31524068117141724
1.0,0,32,diffusion_context_only,0.08228513598442078,0.418164998292923
1.0,0,33,diffusion_context_only,0.026462897658348083,0.469142884016037
1.0,0,34,diffusion_context_only,0.09076067060232162,-0.11673594266176224
1.0,0,35,diffusion_context_only,0.038601022213697433,0.28623995184898376
1.0,0,36,diffusion_context_only,0.02381190098822117,0.3813924789428711
1.0,0,37,diffusion_context_only,0.06248858943581581,0.11103763431310654
1.0,0,38,diffusion_context_only,0.03504033014178276,0.13873377442359924
1.0,0,39,diffusion_context_only,0.048670005053281784,0.09317819029092789
1.0,0,40,diffusion_context_only,0.04152652248740196,0.44422781467437744
1.0,0,41,diffusion_context_only,0.042423032224178314,0.16375479102134705
1.0,0,42,diffusion_context_only,0.033233705908060074,0.4077445864677429
1.0,0,43,diffusion_context_only,0.029395142570137978,0.14064116775989532
1.0,0,44,diffusion_context_only,0.031015921384096146,0.40637511014938354
1.0,0,45,diffusion_context_only,0.041295766830444336,0.35448479652404785
1.0,0,46,diffusion_context_only,0.053953204303979874,0.16207671165466309
1.0,0,47,diffusion_context_only,0.030440401285886765,0.3635042905807495
1.0,0,48,diffusion_context_only,0.042429398745298386,0.33307045698165894
1.0,0,49,diffusion_context_only,0.035820432007312775,0.26850903034210205
1.0,0,50,diffusion_context_only,0.05787564441561699,0.07702717930078506
1.0,0,51,diffusion_context_only,0.07626771181821823,0.2694544792175293
1.0,0,52,diffusion_context_only,0.03489614650607109,0.13461610674858093
1.0,0,53,diffusion_context_only,0.025622768327593803,0.611849844455719
1.0,0,54,diffusion_context_only,0.058174554258584976,0.2661460041999817
1.0,0,55,diffusion_context_only,0.043658334761857986,0.21503065526485443
1.0,0,56,diffusion_context_only,0.04235661402344704,0.35077595710754395
1.0,0,57,diffusion_context_only,0.05588296428322792,0.020333005115389824
1.0,0,58,diffusion_context_only,0.026309674605727196,0.5010107755661011
1.0,0,59,diffusion_context_only,0.03573116660118103,0.43401262164115906
1.0,0,60,diffusion_context_only,0.046471934765577316,0.12818662822246552
1.0,0,61,diffusion_context_only,0.03421010822057724,0.2696244716644287
1.0,0,62,diffusion_context_only,0.0367831215262413,0.41088828444480896
1.0,0,63,diffusion_context_only,0.047956932336091995,0.052303213626146317
1.0,0,64,diffusion_context_only,0.043120406568050385,0.18317627906799316
1.0,0,1,gaussian_context_only,0.040642851934260496,0.7041995546430575
1.0,0,2,gaussian_context_only,0.046833140192975325,0.6676076894419625
1.0,0,3,gaussian_context_only,0.03472706455972203,0.5789415806302401
1.0,0,4,gaussian_context_only,0.018574189666672358,0.5117257132972484
1.0,0,5,gaussian_context_only,0.04389725660411413,0.4118104662504853
1.0,0,6,gaussian_context_only,0.04804917158440876,0.4162456582738935
1.0,0,7,gaussian_context_only,0.030024928788925605,0.39846844391304226
1.0,0,8,gaussian_context_only,0.03986596066796523,0.5457252399577898
1.0,0,9,gaussian_context_only,0.047319182696346274,0.6299922328415105
1.0,0,10,gaussian_context_only,0.028453069735251472,0.4671028074888219
1.0,0,11,gaussian_context_only,0.03578502693217628,0.5568188493301098
1.0,0,12,gaussian_context_only,0.03209900444629296,0.5854613555998655
1.0,0,13,gaussian_context_only,0.022798869552698896,0.5881511358256115
1.0,0,14,gaussian_context_only,0.031083293025230718,0.3348452836492828
1.0,0,15,gaussian_context_only,0.0387728350906637,0.5911684764001336
1.0,0,16,gaussian_context_only,0.02805107236622581,0.5837830256453028
1.0,0,17,gaussian_context_only,0.045721661805544093,0.46922652046843366
1.0,0,18,gaussian_context_only,0.03282381790120968,0.5582397647753646
1.0,0,19,gaussian_context_only,0.022211252010156807,0.4478305937681471
1.0,0,20,gaussian_context_only,0.02536433253158673,0.2926138603911199
1.0,0,21,gaussian_context_only,0.02953141380712442,0.35604311853201964
1.0,0,22,gaussian_context_only,0.01757472904438383,0.5192719706687697
1.0,0,23,gaussian_context_only,0.026185451232004667,0.4011434651194169
1.0,0,24,gaussian_context_only,0.028685874377642633,0.37557727346935516
1.0,0,25,gaussian_context_only,0.051300914452702365,0.34869759387246313
1.0,0,26,gaussian_context_only,0.037870588503164264,0.14527172337129352
1.0,0,27,gaussian_context_only,0.039855689935804066,0.47970224360002056
1.0,0,28,gaussian_context_only,0.027856793645816353,0.4667956318449596
1.0,0,29,gaussian_context_only,0.034997282682515674,0.23627675463365008
1.0,0,30,gaussian_context_only,0.04707989652599893,0.409570372766805
1.0,0,31,gaussian_context_only,0.0658088670369445,0.34091950856050596
1.0,0,32,gaussian_context_only,0.08043145724758474,0.4536334128662238
1.0,0,33,gaussian_context_only,0.021430260631710035,0.5777984971742262
1.0,0,34,gaussian_context_only,0.06308047915128462,0.1499570851921694
1.0,0,35,gaussian_context_only,0.031704647566004066,0.3260155919908505
1.0,0,36,gaussian_context_only,0.022681550467039117,0.38012770207200125
1.0,0,37,gaussian_context_only,0.043747508562867674,0.33327294410430913
1.0,0,38,gaussian_context_only,0.019929721563165997,0.46578355621287504
1.0,0,39,gaussian_context_only,0.035747606913979366,0.2953808317555445
1.0,0,40,gaussian_context_only,0.04179438320586446,0.4298409140354124
1.0,0,41,gaussian_context_only,0.02708736242972625,0.4352604145303955
1.0,0,42,gaussian_context_only,0.02614450800768942,0.4057846677423526
1.0,0,43,gaussian_context_only,0.020022541556470926,0.19144832301713147
1.0,0,44,gaussian_context_only,0.026692538412907734,0.3997641162732491
1.0,0,45,gaussian_context_only,0.03207865007919557,0.5138365082900717
1.0,0,46,gaussian_context_only,0.0467954182827358,0.26288735343651304
1.0,0,47,gaussian_context_only,0.025494091153311277,0.41727832157770955
1.0,0,48,gaussian_context_only,0.03955868154399278,0.25304637799824004
1.0,0,49,gaussian_context_only,0.027333154309986778,0.38708746836717767
1.0,0,50,gaussian_context_only,0.03736694351106562,0.2947835592211651
1.0,0,51,gaussian_context_only,0.062209970749929504,0.467967149680237
1.0,0,52,gaussian_context_only,0.024371346064279834,0.28338240412387655
1.0,0,53,gaussian_context_only,0.034488957886001564,0.40966444185643086
1.0,0,54,gaussian_context_only,0.05024116652169206,0.39086539583536556
1.0,0,55,gaussian_context_only,0.0315909853373363,0.3630292518028505
1.0,0,56,gaussian_context_only,0.037883874680522935,0.3805370932729809
1.0,0,57,gaussian_context_only,0.03225454115374037,0.3541124193973054
1.0,0,58,gaussian_context_only,0.023805910821873236,0.4863157469446423
1.0,0,59,gaussian_context_only,0.036060906643001794,0.3735253968739117
1.0,0,60,gaussian_context_only,0.027770821157203203,0.46224611273985583
1.0,0,61,gaussian_context_only,0.024018820596369672,0.4283305274319662
1.0,0,62,gaussian_context_only,0.031106750777907744,0.48868396403769915
1.0,0,63,gaussian_context_only,0.03569755585783188,0.20790029053878137
1.0,0,64,gaussian_context_only,0.02933694980101165,0.46248231784667654
1.0,0,1,gaussian_temporal,0.030333053119557463,0.7865550862885496
1.0,0,2,gaussian_temporal,0.032330852039244906,0.79825953599084
1.0,0,3,gaussian_temporal,0.02882345078047923,0.6713537373841111
1.0,0,4,gaussian_temporal,0.01226258322650495,0.6824893605469325
1.0,0,5,gaussian_temporal,0.03470982261501255,0.5712200259521285
1.0,0,6,gaussian_temporal,0.03851721527945918,0.5718435172145635
1.0,0,7,gaussian_temporal,0.022341183680534324,0.5643156031976502
1.0,0,8,gaussian_temporal,0.03058065256936091,0.6832337912718115
1.0,0,9,gaussian_temporal,0.02900714851244263,0.8072135113985643
1.0,0,10,gaussian_temporal,0.023489516480718085,0.5778402429138847
1.0,0,11,gaussian_temporal,0.030763037566940658,0.6475161884587275
1.0,0,12,gaussian_temporal,0.02706393914322983,0.6682944263867922
1.0,0,13,gaussian_temporal,0.01902364703913624,0.6743723710504727
1.0,0,14,gaussian_temporal,0.02148854175972139,0.5792204125324101
1.0,0,15,gaussian_temporal,0.02679787557825495,0.7534108562025571
1.0,0,16,gaussian_temporal,0.021933317448193212,0.6959962423727467
1.0,0,17,gaussian_temporal,0.031778109922634946,0.6909219578629954
1.0,0,18,gaussian_temporal,0.02880519541407723,0.6287276270491184
1.0,0,19,gaussian_temporal,0.019353843177713888,0.5393219178810996
1.0,0,20,gaussian_temporal,0.018082874143980715,0.5330712956348042
1.0,0,21,gaussian_temporal,0.02244279149656247,0.5444680223206556
1.0,0,22,gaussian_temporal,0.015170912524647076,0.6044969366136134
1.0,0,23,gaussian_temporal,0.018920113362750127,0.6051723488071367
1.0,0,24,gaussian_temporal,0.0222561873830881,0.5493138305083624
1.0,0,25,gaussian_temporal,0.028408373477521166,0.7177668589062798
1.0,0,26,gaussian_temporal,0.03191294833425575,0.2875965562489166
1.0,0,27,gaussian_temporal,0.03102162069385808,0.6349585124566925
1.0,0,28,gaussian_temporal,0.021729432717800316,0.6236004967573947
1.0,0,29,gaussian_temporal,0.027180156608620113,0.45346315447640173
1.0,0,30,gaussian_temporal,0.032511739813487484,0.6570049388587188
1.0,0,31,gaussian_temporal,0.04324415930041248,0.6668897274981184
1.0,0,32,gaussian_temporal,0.05703108647820554,0.707182055816776
1.0,0,33,gaussian_temporal,0.02183441144661469,0.5748918401471359
1.0,0,34,gaussian_temporal,0.04599199855761578,0.481236541688961
1.0,0,35,gaussian_temporal,0.027673998013950544,0.4392223495224975
1.0,0,36,gaussian_temporal,0.01908797145467894,0.49097107849404165
1.0,0,37,gaussian_temporal,0.02832628423345772,0.6466681737945026
1.0,0,38,gaussian_temporal,0.015843087654938408,0.5988432404054893
1.0,0,39,gaussian_temporal,0.026673417632804123,0.5255807226639767
1.0,0,40,gaussian_temporal,0.029691909115267735,0.6600884944951351
1.0,0,41,gaussian_temporal,0.02276870599635174,0.5513589161040496
1.0,0,42,gaussian_temporal,0.02097533538987552,0.5471828657513078
1.0,0,43,gaussian_temporal,0.017520090837429066,0.2774099112818727
1.0,0,44,gaussian_temporal,0.020278022974421408,0.5731753955691984
1.0,0,45,gaussian_temporal,0.024040931045747966,0.6700985302178616
1.0,0,46,gaussian_temporal,0.03378599680487373,0.5379823469154583
1.0,0,47,gaussian_temporal,0.019795771265380374,0.5748110300104793
1.0,0,48,gaussian_temporal,0.030668998186581056,0.47126572928304716
1.0,0,49,gaussian_temporal,0.021647942429564283,0.5415337170730841
1.0,0,50,gaussian_temporal,0.02973025806243096,0.478806723130331
1.0,0,51,gaussian_temporal,0.04287548454663013,0.71474137666498
1.0,0,52,gaussian_temporal,0.020996214356290902,0.44484164865923853
1.0,0,53,gaussian_temporal,0.026609513387479102,0.5902206987328863
1.0,0,54,gaussian_temporal,0.03298390335290311,0.6891324295274592
1.0,0,55,gaussian_temporal,0.031162872482720726,0.40348294944534474
1.0,0,56,gaussian_temporal,0.03660068150997683,0.4370377809364321
1.0,0,57,gaussian_temporal,0.024519967599520538,0.5529685032238538
1.0,0,58,gaussian_temporal,0.017118855384531544,0.6660738759116914
1.0,0,59,gaussian_temporal,0.02237480327892709,0.6743466637138347
1.0,0,60,gaussian_temporal,0.021608639093901146,0.6157626301137522
1.0,0,61,gaussian_temporal,0.021636993913806385,0.5137462952568755
1.0,0,62,gaussian_temporal,0.02521280098719284,0.6180411035976048
1.0,0,63,gaussian_temporal,0.02865375543425247,0.4051597078173735
1.0,0,64,gaussian_temporal,0.025312420301511023,0.5616189974050694
1.0,0,1,public_fingerprint,0.06324687600135803,0.42065736651420593
1.0,0,2,public_fingerprint,0.08565516769886017,0.18996958434581757
1.0,0,3,public_fingerprint,0.06302326172590256,0.16190920770168304
1.0,0,4,public_fingerprint,0.027924463152885437,0.3451938331127167
1.0,0,5,public_fingerprint,0.05407440662384033,0.28436020016670227
1.0,0,6,public_fingerprint,0.067924864590168,0.15182554721832275
1.0,0,7,public_fingerprint,0.037873901426792145,0.2977794110774994
1.0,0,8,public_fingerprint,0.05916893109679222,0.26870962977409363
1.0,0,9,public_fingerprint,0.0794847384095192,0.20224381983280182
1.0,0,10,public_fingerprint,0.04860080033540726,0.1314481943845749
1.0,0,11,public_fingerprint,0.061698783189058304,0.1627206802368164
1.0,0,12,public_fingerprint,0.045375119894742966,0.37733036279678345
1.0,0,13,public_fingerprint,0.04230722784996033,0.24377816915512085
1.0,0,14,public_fingerprint,0.04093649610877037,0.21966925263404846
1.0,0,15,public_fingerprint,0.07311466336250305,0.08630860596895218
1.0,0,16,public_fingerprint,0.05930706486105919,0.06947933882474899
1.0,0,17,public_fingerprint,0.07856224477291107,0.02119513601064682
1.0,0,18,public_fingerprint,0.04582737386226654,0.3658049702644348
1.0,0,19,public_fingerprint,0.042093854397535324,0.12316890060901642
1.0,0,20,public_fingerprint,0.04032358527183533,0.10967420041561127
1.0,0,21,public_fingerprint,0.03386928141117096,0.3692809045314789
1.0,0,22,public_fingerprint,0.02738334983587265,0.38748034834861755
1.0,0,23,public_fingerprint,0.03165144845843315,0.3844628930091858
1.0,0,24,public_fingerprint,0.04212690517306328,0.20498372614383698
1.0,0,25,public_fingerprint,0.07979691028594971,-0.006892078090459108
1.0,0,26,public_fingerprint,0.03614599630236626,0.33281561732292175
1.0,0,27,public_fingerprint,0.07732073962688446,-0.05522989481687546
1.0,0,28,public_fingerprint,0.0559907890856266,0.02362900599837303
1.0,0,29,public_fingerprint,0.05529642850160599,-0.009097210131585598
1.0,0,30,public_fingerprint,0.0770716443657875,0.02696651965379715
1.0,0,31,public_fingerprint,0.10233955830335617,-0.06398573517799377
1.0,0,32,public_fingerprint,0.10045354068279266,0.2389390915632248
1.0,0,33,public_fingerprint,0.043057408183813095,0.24209903180599213
1.0,0,34,public_fingerprint,0.0963650494813919,-0.15160198509693146
1.0,0,35,public_fingerprint,0.054517436772584915,0.062027622014284134
1.0,0,36,public_fingerprint,0.028271377086639404,0.4305797517299652
1.0,0,37,public_fingerprint,0.0430891253054142,0.43607622385025024
1.0,0,38,public_fingerprint,0.035247307270765305,0.2822515666484833
1.0,0,39,public_fingerprint,0.03661295026540756,0.4098592698574066
1.0,0,40,public_fingerprint,0.046813201159238815,0.40603604912757874
1.0,0,41,public_fingerprint,0.04641765356063843,0.17741462588310242
1.0,0,42,public_fingerprint,0.03300977125763893,0.38870951533317566
1.0,0,43,public_fingerprint,0.027974719181656837,0.25362253189086914
1.0,0,44,public_fingerprint,0.041798368096351624,0.227322056889534
1.0,0,45,public_fingerprint,0.06665408611297607,0.01745021529495716
1.0,0,46,public_fingerprint,0.0754384845495224,-0.050997089594602585
1.0,0,47,public_fingerprint,0.036650173366069794,0.32773202657699585
1.0,0,48,public_fingerprint,0.04463055729866028,0.30752846598625183
1.0,0,49,public_fingerprint,0.045220233500003815,0.17722785472869873
1.0,0,50,public_fingerprint,0.040166087448596954,0.37313979864120483
1.0,0,51,public_fingerprint,0.06963805109262466,0.38705697655677795
1.0,0,52,public_fingerprint,0.058552972972393036,-0.27328723669052124
1.0,0,53,public_fingerprint,0.05215144157409668,0.21285583078861237
1.0,0,54,public_fingerprint,0.08996931463479996,-0.07883515954017639
1.0,0,55,public_fingerprint,0.04370851069688797,0.2720893323421478
1.0,0,56,public_fingerprint,0.03719119355082512,0.4744183421134949
1.0,0,57,public_fingerprint,0.05933570861816406,0.013868908397853374
1.0,0,58,public_fingerprint,0.03431311249732971,0.38700932264328003
1.0,0,59,public_fingerprint,0.07296201586723328,-0.10975970327854156
1.0,0,60,public_fingerprint,0.0274765957146883,0.5534023642539978
1.0,0,61,public_fingerprint,0.03599059581756592,0.3233880400657654
1.0,0,62,public_fingerprint,0.04225509613752365,0.36820802092552185
1.0,0,63,public_fingerprint,0.04071519896388054,0.28800317645072937
1.0,0,64,public_fingerprint,0.04834166541695595,0.21412374079227448
1.0,0,1,noisy,12.988439559936523,0.08427876234054565
1.0,0,2,noisy,12.820773124694824,0.0735960602760315
1.0,0,3,noisy,12.82612419128418,0.054337937384843826
1.0,0,4,noisy,12.919234275817871,0.04688870161771774
1.0,0,5,noisy,12.633598327636719,0.0680043175816536
1.0,0,6,noisy,12.897262573242188,0.05373175069689751
1.0,0,7,noisy,12.868440628051758,0.038768213242292404
1.0,0,8,noisy,12.748950958251953,0.06840363144874573
1.0,0,9,noisy,12.846537590026855,0.07380203902721405
1.0,0,10,noisy,12.843689918518066,0.040885716676712036
1.0,0,11,noisy,12.752678871154785,0.0629047378897667
1.0,0,12,noisy,12.628387451171875,0.054758403450250626
1.0,0,13,noisy,12.929490089416504,0.057443052530288696
1.0,0,14,noisy,13.013975143432617,0.06148785725235939
1.0,0,15,noisy,13.15160083770752,0.06723800301551819
1.0,0,16,noisy,12.956244468688965,0.05305180698633194
1.0,0,17,noisy,13.010336875915527,0.05878724157810211
1.0,0,18,noisy,12.997218132019043,0.053888071328401566
1.0,0,19,noisy,12.882232666015625,0.046580083668231964
1.0,0,20,noisy,13.059499740600586,0.03619825467467308
1.0,0,21,noisy,12.807411193847656,0.05709462612867355
1.0,0,22,noisy,12.80316162109375,0.034699104726314545
1.0,0,23,noisy,12.848938941955566,0.04288395121693611
1.0,0,24,noisy,12.967202186584473,0.046682208776474
1.0,0,25,noisy,12.900825500488281,0.08975875377655029
1.0,0,26,noisy,12.772411346435547,0.02902066335082054
1.0,0,27,noisy,12.953961372375488,0.07285813987255096
1.0,0,28,noisy,13.289968490600586,0.053523726761341095
1.0,0,29,noisy,12.931539535522461,0.04734175652265549
1.0,0,30,noisy,13.129297256469727,0.05648471415042877
1.0,0,31,noisy,12.863571166992188,0.08756595849990845
1.0,0,32,noisy,12.920132637023926,0.08829157054424286
1.0,0,33,noisy,13.000834465026855,0.04446212574839592
1.0,0,34,noisy,12.915152549743652,0.06402015686035156
1.0,0,35,noisy,13.195164680480957,0.038499023765325546
1.0,0,36,noisy,12.746232986450195,0.03562149405479431
1.0,0,37,noisy,12.919183731079102,0.05378810688853264
1.0,0,38,noisy,13.089502334594727,0.04560108482837677
1.0,0,39,noisy,12.856790542602539,0.05633175000548363
1.0,0,40,noisy,13.02800464630127,0.0705207958817482
1.0,0,41,noisy,13.107616424560547,0.0521874725818634
1.0,0,42,noisy,13.036663055419922,0.05410625413060188
1.0,0,43,noisy,12.94325065612793,0.025507545098662376
1.0,0,44,noisy,13.13626766204834,0.054230716079473495
1.0,0,45,noisy,12.824749946594238,0.05963757261633873
1.0,0,46,noisy,13.279956817626953,0.05722030997276306
1.0,0,47,noisy,12.84048843383789,0.04072335734963417
1.0,0,48,noisy,12.955288887023926,0.055550314486026764
1.0,0,49,noisy,12.736499786376953,0.03942595049738884
1.0,0,50,noisy,12.82022762298584,0.05080860108137131
1.0,0,51,noisy,12.830879211425781,0.08646285533905029
1.0,0,52,noisy,13.25655746459961,0.04301701486110687
1.0,0,53,noisy,12.9075288772583,0.07272794097661972
1.0,0,54,noisy,12.872082710266113,0.07598159462213516
1.0,0,55,noisy,12.778064727783203,0.048412125557661057
1.0,0,56,noisy,12.858192443847656,0.052955348044633865
1.0,0,57,noisy,13.178075790405273,0.062134530395269394
1.0,0,58,noisy,13.308394432067871,0.048746127635240555
1.0,0,59,noisy,12.809561729431152,0.052260641008615494
1.0,0,60,noisy,13.070276260375977,0.055973511189222336
1.0,0,61,noisy,12.846602439880371,0.05444362387061119
1.0,0,62,noisy,12.887310028076172,0.06216194108128548
1.0,0,63,noisy,13.073038101196289,0.049227677285671234
1.0,0,64,noisy,12.851730346679688,0.06011286377906799
1.0,0,1,zero,0.07546552270650864,0.0
1.0,0,2,zero,0.07970593124628067,0.0
1.0,0,3,zero,0.0522347129881382,0.0
1.0,0,4,zero,0.02116258442401886,0.0
1.0,0,5,zero,0.05149315670132637,0.0
1.0,0,6,zero,0.05719011649489403,0.0
1.0,0,7,zero,0.032298777252435684,0.0
1.0,0,8,zero,0.05676301196217537,0.0
1.0,0,9,zero,0.07471031695604324,0.0
1.0,0,10,zero,0.035086311399936676,0.0
1.0,0,11,zero,0.05176599323749542,0.0
1.0,0,12,zero,0.04865727573633194,0.0
1.0,0,13,zero,0.03481609374284744,0.0
1.0,0,14,zero,0.03150095045566559,0.0
1.0,0,15,zero,0.05845915898680687,0.0
1.0,0,16,zero,0.04249711334705353,0.0
1.0,0,17,zero,0.058626431971788406,0.0
1.0,0,18,zero,0.04747429117560387,0.0
1.0,0,19,zero,0.026073839515447617,0.0
1.0,0,20,zero,0.023210734128952026,0.0
1.0,0,21,zero,0.03126588091254234,0.0
1.0,0,22,zero,0.022728925570845604,0.0
1.0,0,23,zero,0.029049726203083992,0.0
1.0,0,24,zero,0.03102852590382099,0.0
1.0,0,25,zero,0.05755943804979324,0.0
1.0,0,26,zero,0.031582918018102646,0.0
1.0,0,27,zero,0.051757507026195526,0.0
1.0,0,28,zero,0.03503132611513138,0.0
1.0,0,29,zero,0.03216353803873062,0.0
1.0,0,30,zero,0.05638595297932625,0.0
1.0,0,31,zero,0.07415962964296341,0.0
1.0,0,32,zero,0.09971968829631805,0.0
1.0,0,33,zero,0.032138001173734665,0.0
1.0,0,34,zero,0.05975329503417015,0.0
1.0,0,35,zero,0.032739706337451935,0.0
1.0,0,36,zero,0.02390163764357567,0.0
1.0,0,37,zero,0.04789474233984947,0.0
1.0,0,38,zero,0.02392805553972721,0.0
1.0,0,39,zero,0.036362968385219574,0.0
1.0,0,40,zero,0.05113466829061508,0.0
1.0,0,41,zero,0.032244663685560226,0.0
1.0,0,42,zero,0.02946595847606659,0.0
1.0,0,43,zero,0.012870414182543755,0.0
1.0,0,44,zero,0.029918678104877472,0.0
1.0,0,45,zero,0.043580278754234314,0.0
1.0,0,46,zero,0.047489847987890244,0.0
1.0,0,47,zero,0.029242534190416336,0.0
1.0,0,48,zero,0.038575589656829834,0.0
1.0,0,49,zero,0.029930979013442993,0.0
1.0,0,50,zero,0.03809249773621559,0.0
1.0,0,51,zero,0.0790315493941307,0.0
1.0,0,52,zero,0.02159319818019867,0.0
1.0,0,53,zero,0.04067496210336685,0.0
1.0,0,54,zero,0.05918695405125618,0.0
1.0,0,55,zero,0.03456106781959534,0.0
1.0,0,56,zero,0.04341335967183113,0.0
1.0,0,57,zero,0.03506039083003998,0.0
1.0,0,58,zero,0.030581941828131676,0.0
1.0,0,59,zero,0.04082170128822327,0.0
1.0,0,60,zero,0.0348040796816349,0.0
1.0,0,61,zero,0.027976302430033684,0.0
1.0,0,62,zero,0.04078488051891327,0.0
1.0,0,63,zero,0.03215790539979935,0.0
1.0,0,64,zero,0.036951854825019836,0.0
1.0,0,1,projection_oracle,0.00934145599603653,0.9375342726707458
1.0,0,2,projection_oracle,0.007562975399196148,0.9525637626647949
1.0,0,3,projection_oracle,0.0074536483734846115,0.9287970662117004
1.0,0,4,projection_oracle,0.005723445676267147,0.8706603050231934
1.0,0,5,projection_oracle,0.01087875384837389,0.8912608027458191
1.0,0,6,projection_oracle,0.00839014071971178,0.9263084530830383
1.0,0,7,projection_oracle,0.0070890202187001705,0.8922103047370911
1.0,0,8,projection_oracle,0.008184046484529972,0.9267065525054932
1.0,0,9,projection_oracle,0.00684310682117939,0.9542227387428284
1.0,0,10,projection_oracle,0.007764941547065973,0.8888049125671387
1.0,0,11,projection_oracle,0.007619441021233797,0.9257140755653381
1.0,0,12,projection_oracle,0.006981636397540569,0.9282197952270508
1.0,0,13,projection_oracle,0.007999938912689686,0.8851863741874695
1.0,0,14,projection_oracle,0.007430837489664555,0.8825095891952515
1.0,0,15,projection_oracle,0.008988278917968273,0.9219991564750671
1.0,0,16,projection_oracle,0.007140777073800564,0.9153901934623718
1.0,0,17,projection_oracle,0.0062097725458443165,0.9475436210632324
1.0,0,18,projection_oracle,0.007665526587516069,0.9188852310180664
1.0,0,19,projection_oracle,0.007244566921144724,0.8609908223152161
1.0,0,20,projection_oracle,0.005855048540979624,0.8802617192268372
1.0,0,21,projection_oracle,0.007575311232358217,0.8769166469573975
1.0,0,22,projection_oracle,0.006409823428839445,0.8600297570228577
1.0,0,23,projection_oracle,0.007049437612295151,0.8791052103042603
1.0,0,24,projection_oracle,0.005818226840347052,0.9083108305931091
1.0,0,25,projection_oracle,0.008053320460021496,0.9304800629615784
1.0,0,26,projection_oracle,0.007392683997750282,0.8823652863502502
1.0,0,27,projection_oracle,0.008707120083272457,0.915330708026886
1.0,0,28,projection_oracle,0.008224044926464558,0.8811911344528198
1.0,0,29,projection_oracle,0.006322254426777363,0.9038919806480408
1.0,0,30,projection_oracle,0.006400459446012974,0.9436520338058472
1.0,0,31,projection_oracle,0.009372596628963947,0.935915470123291
1.0,0,32,projection_oracle,0.009785964153707027,0.9504672288894653
1.0,0,33,projection_oracle,0.007106297183781862,0.8877187371253967
1.0,0,34,projection_oracle,0.009069886989891529,0.9232932329177856
1.0,0,35,projection_oracle,0.007883474230766296,0.8802858591079712
1.0,0,36,projection_oracle,0.006592278368771076,0.8648794889450073
1.0,0,37,projection_oracle,0.00771303242072463,0.9193846583366394
1.0,0,38,projection_oracle,0.006926071364432573,0.8585282564163208
1.0,0,39,projection_oracle,0.00884535163640976,0.8765416741371155
1.0,0,40,projection_oracle,0.009180108085274696,0.9089779257774353
1.0,0,41,projection_oracle,0.007467630319297314,0.8836256265640259
1.0,0,42,projection_oracle,0.008891704492270947,0.8492899537086487
1.0,0,43,projection_oracle,0.006734275724738836,0.7541475296020508
1.0,0,44,projection_oracle,0.006753665395081043,0.8851531147956848
1.0,0,45,projection_oracle,0.007906009443104267,0.9098109602928162
1.0,0,46,projection_oracle,0.0077149695716798306,0.9191210865974426
1.0,0,47,projection_oracle,0.008546676486730576,0.852950394153595
1.0,0,48,projection_oracle,0.007251341827213764,0.9061353802680969
1.0,0,49,projection_oracle,0.006824525538831949,0.8876892328262329
1.0,0,50,projection_oracle,0.008016852661967278,0.8935970067977905
1.0,0,51,projection_oracle,0.01040673442184925,0.9326679110527039
1.0,0,52,projection_oracle,0.005511205177754164,0.879533588886261
1.0,0,53,projection_oracle,0.008782736025750637,0.8897870182991028
1.0,0,54,projection_oracle,0.01023072563111782,0.9112284183502197
1.0,0,55,projection_oracle,0.00881513673812151,0.8709047436714172
1.0,0,56,projection_oracle,0.00814807042479515,0.9056574106216431
1.0,0,57,projection_oracle,0.006824835203588009,0.9032714366912842
1.0,0,58,projection_oracle,0.006291042547672987,0.8981987833976746
1.0,0,59,projection_oracle,0.006769638508558273,0.9172053933143616
1.0,0,60,projection_oracle,0.008866267278790474,0.8698041439056396
1.0,0,61,projection_oracle,0.00767082255333662,0.8614381551742554
1.0,0,62,projection_oracle,0.006427569314837456,0.9211211204528809
1.0,0,63,projection_oracle,0.008980631828308105,0.8595423102378845
1.0,0,64,projection_oracle,0.009325896389782429,0.8717005252838135
1.0,1,1,gaussian_current,0.017061129034120392,0.6374547831239554
1.0,1,2,gaussian_current,0.021888072080946848,0.7318959388200533
1.0,1,3,gaussian_current,0.03204922281008296,0.7065458063274082
1.0,1,4,gaussian_current,0.016437073681858486,0.7318981808540951
1.0,1,5,gaussian_current,0.02472667059414547,0.6610074346160614
1.0,1,6,gaussian_current,0.01761778323493589,0.8214522331523115
1.0,1,7,gaussian_current,0.020916671345921047,0.8247663381679163
1.0,1,8,gaussian_current,0.018347349217735183,0.7396537444018819
1.0,1,9,gaussian_current,0.01954872594044646,0.7980622273299401
1.0,1,10,gaussian_current,0.017147284814505708,0.6351357366266183
1.0,1,11,gaussian_current,0.016602660786356326,0.6532423518710248
1.0,1,12,gaussian_current,0.013417953708361016,0.7818503072830028
1.0,1,13,gaussian_current,0.018272159152146843,0.7676779339528751
1.0,1,14,gaussian_current,0.016381458024860955,0.6703736372707239
1.0,1,15,gaussian_current,0.021911596923014774,0.6751911328141544
1.0,1,16,gaussian_current,0.01822175252720593,0.7062755706352828
1.0,1,17,gaussian_current,0.017020461593379495,0.7171453581788699
1.0,1,18,gaussian_current,0.017332585334162053,0.6177478429207885
1.0,1,19,gaussian_current,0.02005568853464947,0.7579610964089377
1.0,1,20,gaussian_current,0.015341612696761566,0.7523675073197388
1.0,1,21,gaussian_current,0.01431419241666054,0.8061019300263847
1.0,1,22,gaussian_current,0.02000771248906964,0.44732762269237586
1.0,1,23,gaussian_current,0.020383662387841013,0.7099462412958614
1.0,1,24,gaussian_current,0.02466214259595627,0.8271203312616998
1.0,1,25,gaussian_current,0.01940005002655669,0.6620813104143419
1.0,1,26,gaussian_current,0.019132105582378104,0.8338951188068642
1.0,1,27,gaussian_current,0.02805120552810806,0.690000112584814
1.0,1,28,gaussian_current,0.023016772205139476,0.6211458805144341
1.0,1,29,gaussian_current,0.022693133625953127,0.5328881189968019
1.0,1,30,gaussian_current,0.0204427817442813,0.7351640163705444
1.0,1,31,gaussian_current,0.014833843779550644,0.8150232230683434
1.0,1,32,gaussian_current,0.021074006001262253,0.5467712023380566
1.0,1,33,gaussian_current,0.019481890858700425,0.7109195941451094
1.0,1,34,gaussian_current,0.02544212922513598,0.6822602991540502
1.0,1,35,gaussian_current,0.02959524838276615,0.6238365560537481
1.0,1,36,gaussian_current,0.018240864219268436,0.6472357990887697
1.0,1,37,gaussian_current,0.019431476770330372,0.6503066080762439
1.0,1,38,gaussian_current,0.02823870887312931,0.6412873552334698
1.0,1,39,gaussian_current,0.019066681813072788,0.7473032900471261
1.0,1,40,gaussian_current,0.022651054992521152,0.7429387430109339
1.0,1,41,gaussian_current,0.02793110318756014,0.7535802587220076
1.0,1,42,gaussian_current,0.018352610729778968,0.8621490977988971
1.0,1,43,gaussian_current,0.01994792945623446,0.7496275612913096
1.0,1,44,gaussian_current,0.01720631372893078,0.7131106822517014
1.0,1,45,gaussian_current,0.02718046057089833,0.7063379051381233
1.0,1,46,gaussian_current,0.017975903001680994,0.6270157619331593
1.0,1,47,gaussian_current,0.024339885331966356,0.749364683916125
1.0,1,48,gaussian_current,0.022086102109070735,0.6032916108322081
1.0,1,49,gaussian_current,0.0227706262922354,0.6392281790543451
1.0,1,50,gaussian_current,0.024152001819804036,0.6283047328120478
1.0,1,51,gaussian_current,0.016404117229555305,0.828708928064397
1.0,1,52,gaussian_current,0.016263876816448995,0.7289320710467063
1.0,1,53,gaussian_current,0.018415997012832724,0.7758163634750683
1.0,1,54,gaussian_current,0.025116286905948887,0.5599562709565565
1.0,1,55,gaussian_current,0.020347642906694868,0.719545227059265
1.0,1,56,gaussian_current,0.017976227635468654,0.6796587938348722
1.0,1,57,gaussian_current,0.01449211541497697,0.7482249152226315
1.0,1,58,gaussian_current,0.02461746453125892,0.6467287576184961
1.0,1,59,gaussian_current,0.022964121740356277,0.5853887646226806
1.0,1,60,gaussian_current,0.016681527069055704,0.8418015996689936
1.0,1,61,gaussian_current,0.02219705980265956,0.6891743394432481
1.0,1,62,gaussian_current,0.020895682211520723,0.7723885489206798
1.0,1,63,gaussian_current,0.019729443601500068,0.6127668330659123
1.0,1,64,gaussian_current,0.018567579403322595,0.7031517273131007
1.0,1,1,diffusion_temporal,0.01743929833173752,0.5748335719108582
1.0,1,2,diffusion_temporal,0.02349998615682125,0.7031856179237366
1.0,1,3,diffusion_temporal,0.04289804771542549,0.5994985699653625
1.0,1,4,diffusion_temporal,0.021973736584186554,0.6235523819923401
1.0,1,5,diffusion_temporal,0.03125028684735298,0.5554932355880737
1.0,1,6,diffusion_temporal,0.017480172216892242,0.8103238940238953
1.0,1,7,diffusion_temporal,0.037803418934345245,0.6406760215759277
1.0,1,8,diffusion_temporal,0.02370939403772354,0.7078961730003357
1.0,1,9,diffusion_temporal,0.02650120109319687,0.7160425782203674
1.0,1,10,diffusion_temporal,0.024254299700260162,0.43286147713661194
1.0,1,11,diffusion_temporal,0.01634998433291912,0.62581467628479
1.0,1,12,diffusion_temporal,0.01958373188972473,0.6664004921913147
1.0,1,13,diffusion_temporal,0.024646952748298645,0.6679357886314392
1.0,1,14,diffusion_temporal,0.03005060739815235,0.4594278931617737
1.0,1,15,diffusion_temporal,0.026271723210811615,0.5824054479598999
1.0,1,16,diffusion_temporal,0.02359788306057453,0.6087707877159119
1.0,1,17,diffusion_temporal,0.021795595064759254,0.6325194239616394
1.0,1,18,diffusion_temporal,0.0190996415913105,0.617891252040863
1.0,1,19,diffusion_temporal,0.028353994712233543,0.6397741436958313
1.0,1,20,diffusion_temporal,0.021618464961647987,0.6517796516418457
1.0,1,21,diffusion_temporal,0.02113508991897106,0.6980894207954407
1.0,1,22,diffusion_temporal,0.024359039962291718,0.4741060435771942
1.0,1,23,diffusion_temporal,0.04023164138197899,0.3668879568576813
1.0,1,24,diffusion_temporal,0.022571884095668793,0.8181207776069641
1.0,1,25,diffusion_temporal,0.020591767504811287,0.6644867062568665
1.0,1,26,diffusion_temporal,0.040847305208444595,0.5910298228263855
1.0,1,27,diffusion_temporal,0.028265146538615227,0.6812223792076111
1.0,1,28,diffusion_temporal,0.0350165031850338,0.35070958733558655
1.0,1,29,diffusion_temporal,0.03165683150291443,0.3793427646160126
1.0,1,30,diffusion_temporal,0.031181495636701584,0.5724971890449524
1.0,1,31,diffusion_temporal,0.02880285121500492,0.6250218152999878
1.0,1,32,diffusion_temporal,0.020754914730787277,0.5466321110725403
1.0,1,33,diffusion_temporal,0.03285970911383629,0.4407913386821747
1.0,1,34,diffusion_temporal,0.03008098714053631,0.6121724843978882
1.0,1,35,diffusion_temporal,0.040996238589286804,0.4766228199005127
1.0,1,36,diffusion_temporal,0.03611086308956146,0.3932556211948395
1.0,1,37,diffusion_temporal,0.024083955213427544,0.5740612149238586
1.0,1,38,diffusion_temporal,0.040343958884477615,0.44836142659187317
1.0,1,39,diffusion_temporal,0.020808804780244827,0.7199369668960571
1.0,1,40,diffusion_temporal,0.030151965096592903,0.6371200680732727
1.0,1,41,diffusion_temporal,0.03667164966464043,0.6575978398323059
1.0,1,42,diffusion_temporal,0.026757067069411278,0.7976272702217102
1.0,1,43,diffusion_temporal,0.022563962265849113,0.6474231481552124
1.0,1,44,diffusion_temporal,0.021110571920871735,0.6827660799026489
1.0,1,45,diffusion_temporal,0.04079573228955269,0.516017735004425
1.0,1,46,diffusion_temporal,0.03225390240550041,0.35398271679878235
1.0,1,47,diffusion_temporal,0.03775421902537346,0.5727136731147766
1.0,1,48,diffusion_temporal,0.04182641953229904,0.20881223678588867
1.0,1,49,diffusion_temporal,0.02698582224547863,0.5838392972946167
1.0,1,50,diffusion_temporal,0.025213932618498802,0.6278297901153564
1.0,1,51,diffusion_temporal,0.0351029671728611,0.5524093508720398
1.0,1,52,diffusion_temporal,0.01581289991736412,0.7174021601676941
1.0,1,53,diffusion_temporal,0.025720013305544853,0.6644108891487122
1.0,1,54,diffusion_temporal,0.035269949585199356,0.4037162661552429
1.0,1,55,diffusion_temporal,0.0267212875187397,0.5772562623023987
1.0,1,56,diffusion_temporal,0.02871926687657833,0.46027708053588867
1.0,1,57,diffusion_temporal,0.022971270605921745,0.5928188562393188
1.0,1,58,diffusion_temporal,0.03148945793509483,0.5535829663276672
1.0,1,59,diffusion_temporal,0.03509053587913513,0.35499870777130127
1.0,1,60,diffusion_temporal,0.025032464414834976,0.733863115310669
1.0,1,61,diffusion_temporal,0.033200230449438095,0.5016801953315735
1.0,1,62,diffusion_temporal,0.04590556025505066,0.39570340514183044
1.0,1,63,diffusion_temporal,0.025563204661011696,0.4752879738807678
1.0,1,64,diffusion_temporal,0.025866899639368057,0.5710446238517761
1.0,1,1,diffusion_context_only,0.03817311301827431,0.03982554376125336
1.0,1,2,diffusion_context_only,0.030429810285568237,0.5977586507797241
1.0,1,3,diffusion_context_only,0.04315894842147827,0.5814622044563293
1.0,1,4,diffusion_context_only,0.029009651392698288,0.49752599000930786
1.0,1,5,diffusion_context_only,0.05387295037508011,0.20001697540283203
1.0,1,6,diffusion_context_only,0.02663229964673519,0.6225988268852234
1.0,1,7,diffusion_context_only,0.07498026639223099,0.19102796912193298
1.0,1,8,diffusion_context_only,0.027300965040922165,0.6361173987388611
1.0,1,9,diffusion_context_only,0.03978361189365387,0.5439767837524414
1.0,1,10,diffusion_context_only,0.035027019679546356,0.15090228617191315
1.0,1,11,diffusion_context_only,0.023020228371024132,0.4175536334514618
1.0,1,12,diffusion_context_only,0.029600709676742554,0.463219553232193
1.0,1,13,diffusion_context_only,0.041335657238960266,0.3545677363872528
1.0,1,14,diffusion_context_only,0.03272571414709091,0.3904567062854767
1.0,1,15,diffusion_context_only,0.04188242182135582,0.2213950753211975
1.0,1,16,diffusion_context_only,0.0436452180147171,0.23926568031311035
1.0,1,17,diffusion_context_only,0.028271811082959175,0.432405561208725
1.0,1,18,diffusion_context_only,0.020840080454945564,0.5112032294273376
1.0,1,19,diffusion_context_only,0.04406467825174332,0.38616734743118286
1.0,1,20,diffusion_context_only,0.03161109611392021,0.37344878911972046
1.0,1,21,diffusion_context_only,0.028207581490278244,0.5421628952026367
1.0,1,22,diffusion_context_only,0.02374383620917797,0.4418542683124542
1.0,1,23,diffusion_context_only,0.0593576543033123,0.08588201552629471
1.0,1,24,diffusion_context_only,0.051319681107997894,0.493499755859375
1.0,1,25,diffusion_context_only,0.0263630710542202,0.533967912197113
1.0,1,26,diffusion_context_only,0.10236383974552155,-0.10323027521371841
1.0,1,27,diffusion_context_only,0.046746548265218735,0.40612608194351196
1.0,1,28,diffusion_context_only,0.05609457939863205,-0.015558493323624134
1.0,1,29,diffusion_context_only,0.035966768860816956,0.2184927761554718
1.0,1,30,diffusion_context_only,0.0446871817111969,0.31661155819892883
1.0,1,31,diffusion_context_only,0.044988248497247696,0.38727867603302
1.0,1,32,diffusion_context_only,0.03174850717186928,0.2721494734287262
1.0,1,33,diffusion_context_only,0.04874948784708977,0.10157862305641174
1.0,1,34,diffusion_context_only,0.03949299827218056,0.45205655694007874
1.0,1,35,diffusion_context_only,0.05662238225340843,0.24904437363147736
1.0,1,36,diffusion_context_only,0.040370676666498184,0.27711257338523865
1.0,1,37,diffusion_context_only,0.025716526433825493,0.49919524788856506
1.0,1,38,diffusion_context_only,0.05212986096739769,0.245275616645813
1.0,1,39,diffusion_context_only,0.03013511747121811,0.5523611903190613
1.0,1,40,diffusion_context_only,0.04461450129747391,0.3606701195240021
1.0,1,41,diffusion_context_only,0.057252462953329086,0.350940078496933
1.0,1,42,diffusion_context_only,0.0631147176027298,0.34609073400497437
1.0,1,43,diffusion_context_only,0.04414280876517296,0.19861631095409393
1.0,1,44,diffusion_context_only,0.02116941101849079,0.6298449635505676
1.0,1,45,diffusion_context_only,0.05470288544893265,0.27566269040107727
1.0,1,46,diffusion_context_only,0.041662879288196564,0.15939664840698242
1.0,1,47,diffusion_context_only,0.05771408602595329,0.235904261469841
1.0,1,48,diffusion_context_only,0.055356599390506744,0.027230210602283478
1.0,1,49,diffusion_context_only,0.03329427167773247,0.4511447846889496
1.0,1,50,diffusion_context_only,0.03912709653377533,0.3679921627044678
1.0,1,51,diffusion_context_only,0.0646161288022995,0.1440342366695404
1.0,1,52,diffusion_context_only,0.028159208595752716,0.41072216629981995
1.0,1,53,diffusion_context_only,0.053168728947639465,0.16147878766059875
1.0,1,54,diffusion_context_only,0.04255502298474312,0.2400398999452591
1.0,1,55,diffusion_context_only,0.04908044636249542,0.11551815271377563
1.0,1,56,diffusion_context_only,0.038875970989465714,0.2307906597852707
1.0,1,57,diffusion_context_only,0.03358956798911095,0.3697972893714905
1.0,1,58,diffusion_context_only,0.040297869592905045,0.3586108982563019
1.0,1,59,diffusion_context_only,0.04224364832043648,0.20195648074150085
1.0,1,60,diffusion_context_only,0.04141390696167946,0.4939781129360199
1.0,1,61,diffusion_context_only,0.05284936726093292,0.14228521287441254
1.0,1,62,diffusion_context_only,0.07664082944393158,-0.056094761937856674
1.0,1,63,diffusion_context_only,0.032462481409311295,0.3093918263912201
1.0,1,64,diffusion_context_only,0.04344908148050308,0.19038137793540955
1.0,1,1,gaussian_context_only,0.02506885864692726,0.34748840865643493
1.0,1,2,gaussian_context_only,0.026284853963950843,0.6534969889625534
1.0,1,3,gaussian_context_only,0.04019101166354593,0.6127693067905419
1.0,1,4,gaussian_context_only,0.0201113812155961,0.6564454758857091
1.0,1,5,gaussian_context_only,0.04341906045623878,0.32976349401078414
1.0,1,6,gaussian_context_only,0.027525337190092373,0.6056968787582768
1.0,1,7,gaussian_context_only,0.06905297442236173,0.18459451674087654
1.0,1,8,gaussian_context_only,0.020641252742037892,0.6884019754503315
1.0,1,9,gaussian_context_only,0.03648620413229391,0.5674323546581019
1.0,1,10,gaussian_context_only,0.026585922335179417,0.2997224406789001
1.0,1,11,gaussian_context_only,0.022147487148613185,0.43523997840983086
1.0,1,12,gaussian_context_only,0.02345867811605932,0.5451995763767161
1.0,1,13,gaussian_context_only,0.03971467194750334,0.3808648474961985
1.0,1,14,gaussian_context_only,0.02107921538448848,0.4781987806629935
1.0,1,15,gaussian_context_only,0.03751517294755269,0.3252636674998088
1.0,1,16,gaussian_context_only,0.03509509149494091,0.29943391248499257
1.0,1,17,gaussian_context_only,0.025558865588323217,0.46091683217986673
1.0,1,18,gaussian_context_only,0.017790592477614015,0.509469152855218
1.0,1,19,gaussian_context_only,0.04193468384664584,0.36361977626649133
1.0,1,20,gaussian_context_only,0.025157283988951794,0.49957361387188765
1.0,1,21,gaussian_context_only,0.02625869739083063,0.5836969873489891
1.0,1,22,gaussian_context_only,0.017547071442491558,0.42823129858398623
1.0,1,23,gaussian_context_only,0.03983960470262822,0.3014405756609861
1.0,1,24,gaussian_context_only,0.05224763095479558,0.4817966538820824
1.0,1,25,gaussian_context_only,0.02425425881520787,0.5190873240329067
1.0,1,26,gaussian_context_only,0.0615497390430108,0.24275045295834993
1.0,1,27,gaussian_context_only,0.045141010096238506,0.39111562218805906
1.0,1,28,gaussian_context_only,0.03477331286124776,0.3058049631161652
1.0,1,29,gaussian_context_only,0.030872822103402413,0.2868097394713315
1.0,1,30,gaussian_context_only,0.044034685255513156,0.26002960687242965
1.0,1,31,gaussian_context_only,0.034682372805602164,0.4690479021341521
1.0,1,32,gaussian_context_only,0.034443922278385664,0.051046764332572575
1.0,1,33,gaussian_context_only,0.035780378871496855,0.36177980827147077
1.0,1,34,gaussian_context_only,0.03942155357548466,0.4228305251526748
1.0,1,35,gaussian_context_only,0.04035909432054434,0.4191829588676727
1.0,1,36,gaussian_context_only,0.026332663352836874,0.4255622487968522
1.0,1,37,gaussian_context_only,0.028753722348478596,0.40509011294838
1.0,1,38,gaussian_context_only,0.04147760910454968,0.3861324488183054
1.0,1,39,gaussian_context_only,0.03610331847033976,0.4195484882297616
1.0,1,40,gaussian_context_only,0.04562219349884737,0.3423128471298069
1.0,1,41,gaussian_context_only,0.0517421421808541,0.4364971921859455
1.0,1,42,gaussian_context_only,0.061941806982303636,0.3667364580367658
1.0,1,43,gaussian_context_only,0.03387310420106739,0.37101276910625924
1.0,1,44,gaussian_context_only,0.02334943910211647,0.4961782363098033
1.0,1,45,gaussian_context_only,0.04519202217766414,0.40460493075955595
1.0,1,46,gaussian_context_only,0.02717964175361826,0.3512263572688086
1.0,1,47,gaussian_context_only,0.04483658961107656,0.4387255884327563
1.0,1,48,gaussian_context_only,0.03377732362031159,0.3095059661627542
1.0,1,49,gaussian_context_only,0.026173017998390658,0.5413882884328344
1.0,1,50,gaussian_context_only,0.03808034815679386,0.3035506280182779
1.0,1,51,gaussian_context_only,0.047699956721594425,0.2233095980996688
1.0,1,52,gaussian_context_only,0.027814589241330106,0.3794025651327302
1.0,1,53,gaussian_context_only,0.04467503106373673,0.2760292262535249
1.0,1,54,gaussian_context_only,0.037464221048803474,0.1936302150215846
1.0,1,55,gaussian_context_only,0.03222278625749883,0.4198606313564769
1.0,1,56,gaussian_context_only,0.032951156706042144,0.2967689901674222
1.0,1,57,gaussian_context_only,0.0286571729964161,0.4091693597121613
1.0,1,58,gaussian_context_only,0.04205805370840838,0.23636519469896075
1.0,1,59,gaussian_context_only,0.02724613568746022,0.44048041830026036
1.0,1,60,gaussian_context_only,0.04577928886422233,0.38611684744104097
1.0,1,61,gaussian_context_only,0.039632479148743835,0.32830426403807733
1.0,1,62,gaussian_context_only,0.05063205049122752,0.2580046361520942
1.0,1,63,gaussian_context_only,0.023023854774523796,0.464888245005025
1.0,1,64,gaussian_context_only,0.03868418010923546,0.20263441513988678
1.0,1,1,gaussian_temporal,0.01574085159886499,0.5523563937531443
1.0,1,2,gaussian_temporal,0.023357170357865168,0.7088012418603384
1.0,1,3,gaussian_temporal,0.03543191602606609,0.6734290392560616
1.0,1,4,gaussian_temporal,0.018725541646390096,0.6826508380777497
1.0,1,5,gaussian_temporal,0.03288193427691124,0.509038495981159
1.0,1,6,gaussian_temporal,0.01748626757097297,0.7726006731886635
1.0,1,7,gaussian_temporal,0.044153399492234666,0.5594359241236032
1.0,1,8,gaussian_temporal,0.01758582401943049,0.7430859240090467
1.0,1,9,gaussian_temporal,0.026195029613288345,0.7184062973474354
1.0,1,10,gaussian_temporal,0.023344251425028266,0.4150897543658372
1.0,1,11,gaussian_temporal,0.020940541954580835,0.47751913284676273
1.0,1,12,gaussian_temporal,0.019316018151631968,0.6478303513029514
1.0,1,13,gaussian_temporal,0.0334359221120813,0.5058046115357642
1.0,1,14,gaussian_temporal,0.017368903540475163,0.589019938057887
1.0,1,15,gaussian_temporal,0.029682014591214684,0.5016394693382628
1.0,1,16,gaussian_temporal,0.02389499135673587,0.5646829096613236
1.0,1,17,gaussian_temporal,0.019593159209119474,0.6161453609763036
1.0,1,18,gaussian_temporal,0.01538432925990175,0.5968264915658748
1.0,1,19,gaussian_temporal,0.03202483151454277,0.5630847074064725
1.0,1,20,gaussian_temporal,0.0178133430697988,0.6754299891456208
1.0,1,21,gaussian_temporal,0.018419434133060627,0.7375460042972515
1.0,1,22,gaussian_temporal,0.01848019961631486,0.4085763247794547
1.0,1,23,gaussian_temporal,0.03417882733418146,0.4200929420151113
1.0,1,24,gaussian_temporal,0.032324156911136825,0.7270492335181903
1.0,1,25,gaussian_temporal,0.02045546289543931,0.6180599517296186
1.0,1,26,gaussian_temporal,0.03625642880037077,0.6720114234926793
1.0,1,27,gaussian_temporal,0.03180516624049831,0.6357665128176635
1.0,1,28,gaussian_temporal,0.02712549523631006,0.5003580415127771
1.0,1,29,gaussian_temporal,0.02709380296907995,0.4032576356538746
1.0,1,30,gaussian_temporal,0.032889146256134094,0.5100650462495632
1.0,1,31,gaussian_temporal,0.025255062919653216,0.6553085328718472
1.0,1,32,gaussian_temporal,0.024138701492358743,0.3396999744177844
1.0,1,33,gaussian_temporal,0.028205411856573704,0.5349412125967555
1.0,1,34,gaussian_temporal,0.03368953346096574,0.5466004914813429
1.0,1,35,gaussian_temporal,0.03714232975958983,0.48753742199424915
1.0,1,36,gaussian_temporal,0.022721762886420378,0.530950907224971
1.0,1,37,gaussian_temporal,0.022945571533254168,0.5531882668095868
1.0,1,38,gaussian_temporal,0.03715350488460889,0.47548326551303516
1.0,1,39,gaussian_temporal,0.02646139183032171,0.6233273194417539
1.0,1,40,gaussian_temporal,0.03440762779576627,0.5671450624527441
1.0,1,41,gaussian_temporal,0.03944389869313776,0.6331247928848838
1.0,1,42,gaussian_temporal,0.03992592646435765,0.6835667540419972
1.0,1,43,gaussian_temporal,0.024407364384440338,0.5938366930999454
1.0,1,44,gaussian_temporal,0.019044587487879325,0.625986024336279
1.0,1,45,gaussian_temporal,0.03858442540365718,0.5318980345861453
1.0,1,46,gaussian_temporal,0.025265703562658712,0.4254857081053138
1.0,1,47,gaussian_temporal,0.03677482703963101,0.5841131097332202
1.0,1,48,gaussian_temporal,0.02974904127902741,0.40764425725017317
1.0,1,49,gaussian_temporal,0.023977652110718624,0.5964056960199161
1.0,1,50,gaussian_temporal,0.033789279866392116,0.41472008937881344
1.0,1,51,gaussian_temporal,0.028899497079436724,0.6148845263908044
1.0,1,52,gaussian_temporal,0.017646277529839063,0.6535061233370697
1.0,1,53,gaussian_temporal,0.028802465795632153,0.6078015697025609
1.0,1,54,gaussian_temporal,0.032333556141874546,0.34011194453137644
1.0,1,55,gaussian_temporal,0.024028009703135313,0.6117713340483776
1.0,1,56,gaussian_temporal,0.02872617579542087,0.41220547651941836
1.0,1,57,gaussian_temporal,0.022125006742896865,0.5736351263854946
1.0,1,58,gaussian_temporal,0.03264492536133283,0.4569980095177666
1.0,1,59,gaussian_temporal,0.02711571458310999,0.47278302106439174
1.0,1,60,gaussian_temporal,0.02592969294417612,0.7206329299051442
1.0,1,61,gaussian_temporal,0.03177712519059097,0.5039819503046347
1.0,1,62,gaussian_temporal,0.03570538462402313,0.5529629888170693
1.0,1,63,gaussian_temporal,0.02359359080371608,0.4680823373357139
1.0,1,64,gaussian_temporal,0.027346663827620153,0.4935630472073812
1.0,1,1,public_fingerprint,0.036651648581027985,0.09255046397447586
1.0,1,2,public_fingerprint,0.04377083107829094,0.38351064920425415
1.0,1,3,public_fingerprint,0.0703306570649147,0.2106676697731018
1.0,1,4,public_fingerprint,0.042587555944919586,0.26219043135643005
1.0,1,5,public_fingerprint,0.048599135130643845,0.2752835750579834
1.0,1,6,public_fingerprint,0.056440651416778564,0.14398424327373505
1.0,1,7,public_fingerprint,0.06308962404727936,0.3028964102268219
1.0,1,8,public_fingerprint,0.043370570987463,0.30051204562187195
1.0,1,9,public_fingerprint,0.0636899545788765,0.17282310128211975
1.0,1,10,public_fingerprint,0.038956113159656525,0.09740409255027771
1.0,1,11,public_fingerprint,0.026699092239141464,0.4007025957107544
1.0,1,12,public_fingerprint,0.03374899923801422,0.37877508997917175
1.0,1,13,public_fingerprint,0.06848400086164474,-0.04300159215927124
1.0,1,14,public_fingerprint,0.037736669182777405,0.1838485449552536
1.0,1,15,public_fingerprint,0.05378660932183266,0.10867930203676224
1.0,1,16,public_fingerprint,0.03919605165719986,0.30840954184532166
1.0,1,17,public_fingerprint,0.048943307250738144,0.0653621181845665
1.0,1,18,public_fingerprint,0.03469942882657051,0.2009778618812561
1.0,1,19,public_fingerprint,0.05576257407665253,0.20463860034942627
1.0,1,20,public_fingerprint,0.033262234181165695,0.4019787013530731
1.0,1,21,public_fingerprint,0.05419871583580971,0.13013955950737
1.0,1,22,public_fingerprint,0.0259797852486372,0.34987515211105347
1.0,1,23,public_fingerprint,0.054438360035419464,0.1456870585680008
1.0,1,24,public_fingerprint,0.06558261811733246,0.31479620933532715
1.0,1,25,public_fingerprint,0.03965933620929718,0.2866079807281494
1.0,1,26,public_fingerprint,0.06773986667394638,0.22961509227752686
1.0,1,27,public_fingerprint,0.05442756414413452,0.2977624535560608
1.0,1,28,public_fingerprint,0.035235922783613205,0.3936289846897125
1.0,1,29,public_fingerprint,0.05499321222305298,-0.06648790091276169
1.0,1,30,public_fingerprint,0.043927595019340515,0.3490637540817261
1.0,1,31,public_fingerprint,0.04615545645356178,0.32370802760124207
1.0,1,32,public_fingerprint,0.03137911483645439,0.3203487992286682
1.0,1,33,public_fingerprint,0.05409910902380943,0.1197582259774208
1.0,1,34,public_fingerprint,0.04614576697349548,0.35962966084480286
1.0,1,35,public_fingerprint,0.04653862491250038,0.36517563462257385
1.0,1,36,public_fingerprint,0.055768877267837524,-0.07658540457487106
1.0,1,37,public_fingerprint,0.05176418274641037,0.05568254739046097
1.0,1,38,public_fingerprint,0.06802768260240555,0.03244323655962944
1.0,1,39,public_fingerprint,0.04791039600968361,0.2855668067932129
1.0,1,40,public_fingerprint,0.04500916972756386,0.4140046238899231
1.0,1,41,public_fingerprint,0.07199689745903015,0.19065117835998535
1.0,1,42,public_fingerprint,0.09490486979484558,-0.015736011788249016
1.0,1,43,public_fingerprint,0.06071348860859871,-0.007382623385637999
1.0,1,44,public_fingerprint,0.028124947100877762,0.47351476550102234
1.0,1,45,public_fingerprint,0.06155535206198692,0.20969821512699127
1.0,1,46,public_fingerprint,0.047491416335105896,0.06699573993682861
1.0,1,47,public_fingerprint,0.04151490330696106,0.5173245668411255
1.0,1,48,public_fingerprint,0.05515967682003975,0.035601794719696045
1.0,1,49,public_fingerprint,0.04587717726826668,0.23584672808647156
1.0,1,50,public_fingerprint,0.07159446179866791,-0.16445213556289673
1.0,1,51,public_fingerprint,0.07863084226846695,-0.1436578333377838
1.0,1,52,public_fingerprint,0.03530038520693779,0.3521694242954254
1.0,1,53,public_fingerprint,0.05557995289564133,0.20678836107254028
1.0,1,54,public_fingerprint,0.060686469078063965,-0.07508227229118347
1.0,1,55,public_fingerprint,0.05662162974476814,0.07837861776351929
1.0,1,56,public_fingerprint,0.03772680461406708,0.3359144330024719
1.0,1,57,public_fingerprint,0.04484303295612335,0.2071140706539154
1.0,1,58,public_fingerprint,0.04118504747748375,0.3690333962440491
1.0,1,59,public_fingerprint,0.0494709350168705,0.11664064973592758
1.0,1,60,public_fingerprint,0.07090023905038834,0.08734244853258133
1.0,1,61,public_fingerprint,0.05267966166138649,0.22188042104244232
1.0,1,62,public_fingerprint,0.06880174577236176,0.10497107356786728
1.0,1,63,public_fingerprint,0.036691032350063324,0.31092652678489685
1.0,1,64,public_fingerprint,0.03951200097799301,0.3388930559158325
1.0,1,1,noisy,13.072370529174805,0.04011452570557594
1.0,1,2,noisy,13.04867172241211,0.03161630406975746
1.0,1,3,noisy,13.058420181274414,0.04869819059967995
1.0,1,4,noisy,12.916869163513184,0.04657787084579468
1.0,1,5,noisy,13.015729904174805,0.04102310910820961
1.0,1,6,noisy,13.128362655639648,0.07401806116104126
1.0,1,7,noisy,13.006591796875,0.07104501873254776
1.0,1,8,noisy,12.816250801086426,0.05407164245843887
1.0,1,9,noisy,12.955212593078613,0.05321298539638519
1.0,1,10,noisy,12.87824821472168,0.049995411187410355
1.0,1,11,noisy,12.840853691101074,0.04364844411611557
1.0,1,12,noisy,12.597419738769531,0.06165368854999542
1.0,1,13,noisy,13.08872127532959,0.05920372158288956
1.0,1,14,noisy,13.015521049499512,0.040665946900844574
1.0,1,15,noisy,12.850549697875977,0.04590554162859917
1.0,1,16,noisy,12.915383338928223,0.04645445570349693
1.0,1,17,noisy,12.76331615447998,0.05507465824484825
1.0,1,18,noisy,12.97275161743164,0.044362325221300125
1.0,1,19,noisy,12.874576568603516,0.05779777094721794
1.0,1,20,noisy,12.987020492553711,0.0664956197142601
1.0,1,21,noisy,12.767354011535645,0.05498971790075302
1.0,1,22,noisy,12.683979988098145,0.03406384214758873
1.0,1,23,noisy,12.874237060546875,0.045651983469724655
1.0,1,24,noisy,12.872583389282227,0.1015029028058052
1.0,1,25,noisy,13.003990173339844,0.03712811693549156
1.0,1,26,noisy,12.67564582824707,0.0709213837981224
1.0,1,27,noisy,12.907719612121582,0.05975896492600441
1.0,1,28,noisy,12.815295219421387,0.03929008170962334
1.0,1,29,noisy,12.851560592651367,0.040027134120464325
1.0,1,30,noisy,13.21246337890625,0.05925336852669716
1.0,1,31,noisy,13.25342082977295,0.05368595942854881
1.0,1,32,noisy,12.997901916503906,0.05933506041765213
1.0,1,33,noisy,12.833917617797852,0.04331914335489273
1.0,1,34,noisy,13.066741943359375,0.04881136491894722
1.0,1,35,noisy,12.721940040588379,0.041082773357629776
1.0,1,36,noisy,12.902862548828125,0.04344199225306511
1.0,1,37,noisy,12.887228012084961,0.04464082047343254
1.0,1,38,noisy,12.865519523620605,0.05556929111480713
1.0,1,39,noisy,12.847443580627441,0.05703738331794739
1.0,1,40,noisy,13.286184310913086,0.05731714144349098
1.0,1,41,noisy,12.7700834274292,0.06315599381923676
1.0,1,42,noisy,13.280611038208008,0.08808832615613937
1.0,1,43,noisy,12.722891807556152,0.07405102998018265
1.0,1,44,noisy,12.784521102905273,0.052143990993499756
1.0,1,45,noisy,12.766361236572266,0.06245970353484154
1.0,1,46,noisy,12.890608787536621,0.05575535446405411
1.0,1,47,noisy,13.214424133300781,0.06376349180936813
1.0,1,48,noisy,12.691039085388184,0.034874554723501205
1.0,1,49,noisy,12.795105934143066,0.053936637938022614
1.0,1,50,noisy,12.93960952758789,0.038549840450286865
1.0,1,51,noisy,12.718613624572754,0.07807315140962601
1.0,1,52,noisy,12.747549057006836,0.051864318549633026
1.0,1,53,noisy,13.200871467590332,0.07865000516176224
1.0,1,54,noisy,13.04568099975586,0.04360947385430336
1.0,1,55,noisy,12.83090877532959,0.062305282801389694
1.0,1,56,noisy,12.836662292480469,0.05395245924592018
1.0,1,57,noisy,12.897040367126465,0.04693987965583801
1.0,1,58,noisy,12.814456939697266,0.05116047337651253
1.0,1,59,noisy,12.832365989685059,0.04349401220679283
1.0,1,60,noisy,12.6837797164917,0.07603737711906433
1.0,1,61,noisy,13.09494400024414,0.04260001704096794
1.0,1,62,noisy,13.065978050231934,0.06636719405651093
1.0,1,63,noisy,12.837122917175293,0.03726208582520485
1.0,1,64,noisy,12.902094841003418,0.05539046227931976
1.0,1,1,zero,0.01809166744351387,0.0
1.0,1,2,zero,0.045873045921325684,0.0
1.0,1,3,zero,0.06398686021566391,0.0
1.0,1,4,zero,0.03500181809067726,0.0
1.0,1,5,zero,0.043593358248472214,0.0
1.0,1,6,zero,0.04337676987051964,0.0
1.0,1,7,zero,0.06396056711673737,0.0
1.0,1,8,zero,0.03921790048480034,0.0
1.0,1,9,zero,0.05380801111459732,0.0
1.0,1,10,zero,0.021627211943268776,0.0
1.0,1,11,zero,0.02297811023890972,0.0
1.0,1,12,zero,0.03233562037348747,0.0
1.0,1,13,zero,0.044485751539468765,0.0
1.0,1,14,zero,0.02487298659980297,0.0
1.0,1,15,zero,0.038493409752845764,0.0
1.0,1,16,zero,0.03430420160293579,0.0
1.0,1,17,zero,0.03089630976319313,0.0
1.0,1,18,zero,0.02158830501139164,0.0
1.0,1,19,zero,0.04687101021409035,0.0
1.0,1,20,zero,0.03274998068809509,0.0
1.0,1,21,zero,0.03982807323336601,0.0
1.0,1,22,zero,0.017505189403891563,0.0
1.0,1,23,zero,0.04105834662914276,0.0
1.0,1,24,zero,0.06784099340438843,0.0
1.0,1,25,zero,0.03279854729771614,0.0
1.0,1,26,zero,0.06270663440227509,0.0
1.0,1,27,zero,0.05273899435997009,0.0
1.0,1,28,zero,0.03511863201856613,0.0
1.0,1,29,zero,0.02942468971014023,0.0
1.0,1,30,zero,0.04351067170500755,0.0
1.0,1,31,zero,0.0441775843501091,0.0
1.0,1,32,zero,0.024179838597774506,0.0
1.0,1,33,zero,0.039269253611564636,0.0
1.0,1,34,zero,0.0473901629447937,0.0
1.0,1,35,zero,0.04840770736336708,0.0
1.0,1,36,zero,0.030311191454529762,0.0
1.0,1,37,zero,0.032733697444200516,0.0
1.0,1,38,zero,0.04795995354652405,0.0
1.0,1,39,zero,0.04317561537027359,0.0
1.0,1,40,zero,0.05032232403755188,0.0
1.0,1,41,zero,0.06391405314207077,0.0
1.0,1,42,zero,0.07133930176496506,0.0
1.0,1,43,zero,0.03756159543991089,0.0
1.0,1,44,zero,0.030091358348727226,0.0
1.0,1,45,zero,0.05377454310655594,0.0
1.0,1,46,zero,0.02806519716978073,0.0
1.0,1,47,zero,0.05550055205821991,0.0
1.0,1,48,zero,0.0346725657582283,0.0
1.0,1,49,zero,0.036982059478759766,0.0
1.0,1,50,zero,0.039560265839099884,0.0
1.0,1,51,zero,0.04646797850728035,0.0
1.0,1,52,zero,0.030547572299838066,0.0
1.0,1,53,zero,0.0456763431429863,0.0
1.0,1,54,zero,0.033404942601919174,0.0
1.0,1,55,zero,0.03817417845129967,0.0
1.0,1,56,zero,0.03280757740139961,0.0
1.0,1,57,zero,0.03290339559316635,0.0
1.0,1,58,zero,0.04037323594093323,0.0
1.0,1,59,zero,0.0325479730963707,0.0
1.0,1,60,zero,0.05332968384027481,0.0
1.0,1,61,zero,0.04223665967583656,0.0
1.0,1,62,zero,0.051328837871551514,0.0
1.0,1,63,zero,0.027831098064780235,0.0
1.0,1,64,zero,0.03460041433572769,0.0
1.0,1,1,projection_oracle,0.006158865988254547,0.8369224667549133
1.0,1,2,projection_oracle,0.009436815045773983,0.8945791125297546
1.0,1,3,projection_oracle,0.008914653211832047,0.9296314716339111
1.0,1,4,projection_oracle,0.007398662623018026,0.8936014771461487
1.0,1,5,projection_oracle,0.007334928493946791,0.9156426191329956
1.0,1,6,projection_oracle,0.006709071807563305,0.9230709075927734
1.0,1,7,projection_oracle,0.007549569942057133,0.9404421448707581
1.0,1,8,projection_oracle,0.008365417830646038,0.8922508955001831
1.0,1,9,projection_oracle,0.006150240544229746,0.9434874653816223
1.0,1,10,projection_oracle,0.007124384865164757,0.8386720418930054
1.0,1,11,projection_oracle,0.006869847420603037,0.852029025554657
1.0,1,12,projection_oracle,0.0060376678593456745,0.9080170392990112
1.0,1,13,projection_oracle,0.007808712311089039,0.9112421274185181
1.0,1,14,projection_oracle,0.006239338777959347,0.8785579800605774
1.0,1,15,projection_oracle,0.007111762650310993,0.907433807849884
1.0,1,16,projection_oracle,0.0069440808147192,0.9006208777427673
1.0,1,17,projection_oracle,0.006460058037191629,0.8971433043479919
1.0,1,18,projection_oracle,0.0070143695920705795,0.8389251828193665
1.0,1,19,projection_oracle,0.008068444207310677,0.9131747484207153
1.0,1,20,projection_oracle,0.007135794498026371,0.8914359211921692
1.0,1,21,projection_oracle,0.007351077627390623,0.9073487520217896
1.0,1,22,projection_oracle,0.007153995335102081,0.796124279499054
1.0,1,23,projection_oracle,0.008123761042952538,0.9007594585418701
1.0,1,24,projection_oracle,0.008895579725503922,0.9337682127952576
1.0,1,25,projection_oracle,0.007197642233222723,0.8908913135528564
1.0,1,26,projection_oracle,0.006423809099942446,0.949084460735321
1.0,1,27,projection_oracle,0.008428319357335567,0.9197360277175903
1.0,1,28,projection_oracle,0.008282455615699291,0.8801522850990295
1.0,1,29,projection_oracle,0.008125183172523975,0.8596110939979553
1.0,1,30,projection_oracle,0.007176643703132868,0.9167659282684326
1.0,1,31,projection_oracle,0.007398424670100212,0.9160102009773254
1.0,1,32,projection_oracle,0.00863214023411274,0.8211038112640381
1.0,1,33,projection_oracle,0.00826697051525116,0.8941503763198853
1.0,1,34,projection_oracle,0.008228293620049953,0.9124287366867065
1.0,1,35,projection_oracle,0.008879650384187698,0.9059622287750244
1.0,1,36,projection_oracle,0.007291094865649939,0.8804387450218201
1.0,1,37,projection_oracle,0.008660632185637951,0.8671485781669617
1.0,1,38,projection_oracle,0.010160930454730988,0.8915022015571594
1.0,1,39,projection_oracle,0.007889398373663425,0.9075310826301575
1.0,1,40,projection_oracle,0.010068245232105255,0.8972461223602295
1.0,1,41,projection_oracle,0.007873894646763802,0.9377250671386719
1.0,1,42,projection_oracle,0.008605663664638996,0.939355731010437
1.0,1,43,projection_oracle,0.00793516542762518,0.8937720060348511
1.0,1,44,projection_oracle,0.008711164817214012,0.8525432348251343
1.0,1,45,projection_oracle,0.007641634438186884,0.9284407496452332
1.0,1,46,projection_oracle,0.007484190631657839,0.8650254011154175
1.0,1,47,projection_oracle,0.008261611685156822,0.9244439601898193
1.0,1,48,projection_oracle,0.008577779866755009,0.8755632042884827
1.0,1,49,projection_oracle,0.008735918439924717,0.8786593675613403
1.0,1,50,projection_oracle,0.008589238859713078,0.8904138803482056
1.0,1,51,projection_oracle,0.007692999672144651,0.9176587462425232
1.0,1,52,projection_oracle,0.007104488089680672,0.8831892013549805
1.0,1,53,projection_oracle,0.008798283524811268,0.9018197655677795
1.0,1,54,projection_oracle,0.0071051837876439095,0.8941524624824524
1.0,1,55,projection_oracle,0.006903959903866053,0.9108643531799316
1.0,1,56,projection_oracle,0.009073101915419102,0.858104407787323
1.0,1,57,projection_oracle,0.007845080457627773,0.8799648880958557
1.0,1,58,projection_oracle,0.007651586551219225,0.9037927985191345
1.0,1,59,projection_oracle,0.008782477118074894,0.8597726821899414
1.0,1,60,projection_oracle,0.008938975632190704,0.915396511554718
1.0,1,61,projection_oracle,0.007745425682514906,0.9083210229873657
1.0,1,62,projection_oracle,0.008434449322521687,0.9172094464302063
1.0,1,63,projection_oracle,0.007512554991990328,0.8658968806266785
1.0,1,64,projection_oracle,0.007769472897052765,0.8862743973731995
1.0,2,1,gaussian_current,0.02577619961200698,0.8682018618889916
1.0,2,2,gaussian_current,0.017711912823191123,0.50348702395626
1.0,2,3,gaussian_current,0.018243144011486422,0.7427396666548755
1.0,2,4,gaussian_current,0.014678711783034554,0.8328764262557519
1.0,2,5,gaussian_current,0.02166743175274665,0.744645045541989
1.0,2,6,gaussian_current,0.021270736227149242,0.5278937420798527
1.0,2,7,gaussian_current,0.0232771922072325,0.721973237270996
1.0,2,8,gaussian_current,0.018501332520410734,0.5800354671038055
1.0,2,9,gaussian_current,0.029449268399194855,0.6945174059894902
1.0,2,10,gaussian_current,0.020131556287850884,0.8586023514316705
1.0,2,11,gaussian_current,0.017905196755878733,0.7286717539286044
1.0,2,12,gaussian_current,0.02843707673007672,0.6482014920887419
1.0,2,13,gaussian_current,0.015119207566418,0.5840508225560724
1.0,2,14,gaussian_current,0.01616719486097207,0.7847471842046498
1.0,2,15,gaussian_current,0.01797944056622799,0.7730710308923183
1.0,2,16,gaussian_current,0.02283894387960654,0.8209018958280961
1.0,2,17,gaussian_current,0.013351372401546976,0.642963531143562
1.0,2,18,gaussian_current,0.02289839428180018,0.7476782227592559
1.0,2,19,gaussian_current,0.020109739074512314,0.7800968950037053
1.0,2,20,gaussian_current,0.01793237394220666,0.6760161108603232
1.0,2,21,gaussian_current,0.02345252412014357,0.6316884916226644
1.0,2,22,gaussian_current,0.01900930149815942,0.703386581195646
1.0,2,23,gaussian_current,0.026185703054975366,0.6645534898099721
1.0,2,24,gaussian_current,0.01798132714868709,0.7164887491694851
1.0,2,25,gaussian_current,0.01803726341592303,0.6460140915001222
1.0,2,26,gaussian_current,0.019014014826921003,0.5431349127442434
1.0,2,27,gaussian_current,0.020673972270192256,0.7222385574289131
1.0,2,28,gaussian_current,0.014858602556893256,0.7395679340706784
1.0,2,29,gaussian_current,0.022876806673418373,0.6345705265673404
1.0,2,30,gaussian_current,0.02082241105496591,0.7827270135577585
1.0,2,31,gaussian_current,0.025531778984020266,0.6437858693738726
1.0,2,32,gaussian_current,0.01566589049366494,0.8460461476794253
1.0,2,33,gaussian_current,0.015186655908622228,0.7139640122344787
1.0,2,34,gaussian_current,0.024295000517090406,0.6539385326357389
1.0,2,35,gaussian_current,0.021965841308730853,0.710163268299479
1.0,2,36,gaussian_current,0.016572321981078858,0.7692462595169045
1.0,2,37,gaussian_current,0.0221937826075771,0.6904472237785633
1.0,2,38,gaussian_current,0.019524424885337295,0.768222442824608
1.0,2,39,gaussian_current,0.026231790119007455,0.5636283003386187
1.0,2,40,gaussian_current,0.016880925717671615,0.6388052061836035
1.0,2,41,gaussian_current,0.020927418942932877,0.7248634826213617
1.0,2,42,gaussian_current,0.018901504974163943,0.6266530412059308
1.0,2,43,gaussian_current,0.024149112886935484,0.7438232323423597
1.0,2,44,gaussian_current,0.016306392069258244,0.7679311710170693
1.0,2,45,gaussian_current,0.018863659264495975,0.8154656070717472
1.0,2,46,gaussian_current,0.024192758690523723,0.5885691098528474
1.0,2,47,gaussian_current,0.026204359584265598,0.7407937458322926
1.0,2,48,gaussian_current,0.012991311521730312,0.7781933383689853
1.0,2,49,gaussian_current,0.019055603754758874,0.6463486711754233
1.0,2,50,gaussian_current,0.01814394307179675,0.6475123774113445
1.0,2,51,gaussian_current,0.016224010016646567,0.6711667308316498
1.0,2,52,gaussian_current,0.024229787910140733,0.6176612846589141
1.0,2,53,gaussian_current,0.019297387090237192,0.7051356416698734
1.0,2,54,gaussian_current,0.018764257446017747,0.6606882262979674
1.0,2,55,gaussian_current,0.01695617705769961,0.7737907962426636
1.0,2,56,gaussian_current,0.01925337236765342,0.7473604786665143
1.0,2,57,gaussian_current,0.015476393778638084,0.6987732528785994
1.0,2,58,gaussian_current,0.021132992625508523,0.6575940741790043
1.0,2,59,gaussian_current,0.019848310498758143,0.7039540576290625
1.0,2,60,gaussian_current,0.021288157003065654,0.6628474750384202
1.0,2,61,gaussian_current,0.01722619854044233,0.6239161128532319
1.0,2,62,gaussian_current,0.015658782530127317,0.7036249284522972
1.0,2,63,gaussian_current,0.022660625855223472,0.7887914796926998
1.0,2,64,gaussian_current,0.016860001502142567,0.814774300324431
1.0,2,1,diffusion_temporal,0.030777350068092346,0.834637463092804
1.0,2,2,diffusion_temporal,0.020894991233944893,0.43453162908554077
1.0,2,3,diffusion_temporal,0.019774863496422768,0.7278262972831726
1.0,2,4,diffusion_temporal,0.02256334014236927,0.7297863364219666
1.0,2,5,diffusion_temporal,0.026618678122758865,0.6717787384986877
1.0,2,6,diffusion_temporal,0.025603612884879112,0.4572965204715729
1.0,2,7,diffusion_temporal,0.03168456628918648,0.5791040658950806
1.0,2,8,diffusion_temporal,0.019260713830590248,0.6284076571464539
1.0,2,9,diffusion_temporal,0.033128563314676285,0.6559150218963623
1.0,2,10,diffusion_temporal,0.027859851717948914,0.7922043800354004
1.0,2,11,diffusion_temporal,0.019686486572027206,0.7077277302742004
1.0,2,12,diffusion_temporal,0.03945660963654518,0.4796046316623688
1.0,2,13,diffusion_temporal,0.02178889885544777,0.3865620493888855
1.0,2,14,diffusion_temporal,0.03647579625248909,0.47252392768859863
1.0,2,15,diffusion_temporal,0.02021077647805214,0.7214630246162415
1.0,2,16,diffusion_temporal,0.035232916474342346,0.7111079096794128
1.0,2,17,diffusion_temporal,0.02230338379740715,0.3757469356060028
1.0,2,18,diffusion_temporal,0.027303421869874,0.6486231088638306
1.0,2,19,diffusion_temporal,0.025528213009238243,0.7093377113342285
1.0,2,20,diffusion_temporal,0.024670735001564026,0.5450729131698608
1.0,2,21,diffusion_temporal,0.03536124899983406,0.3928840458393097
1.0,2,22,diffusion_temporal,0.025597352534532547,0.5939468145370483
1.0,2,23,diffusion_temporal,0.025487784296274185,0.6460744142532349
1.0,2,24,diffusion_temporal,0.028905898332595825,0.5313050150871277
1.0,2,25,diffusion_temporal,0.022815698757767677,0.5546213984489441
1.0,2,26,diffusion_temporal,0.025452563539147377,0.3052626848220825
1.0,2,27,diffusion_temporal,0.04010960832238197,0.40158236026763916
1.0,2,28,diffusion_temporal,0.027035631239414215,0.44531112909317017
1.0,2,29,diffusion_temporal,0.027956290170550346,0.560278594493866
1.0,2,30,diffusion_temporal,0.028004975989460945,0.6943204998970032
1.0,2,31,diffusion_temporal,0.038227248936891556,0.4111568331718445
1.0,2,32,diffusion_temporal,0.023799877613782883,0.7528378963470459
1.0,2,33,diffusion_temporal,0.022299867123365402,0.5714787244796753
1.0,2,34,diffusion_temporal,0.023752495646476746,0.6570700407028198
1.0,2,35,diffusion_temporal,0.030922215431928635,0.5615354776382446
1.0,2,36,diffusion_temporal,0.029534701257944107,0.5314096808433533
1.0,2,37,diffusion_temporal,0.03171033784747124,0.5637284517288208
1.0,2,38,diffusion_temporal,0.023263204842805862,0.7145050168037415
1.0,2,39,diffusion_temporal,0.05231044068932533,0.13717599213123322
1.0,2,40,diffusion_temporal,0.018108729273080826,0.57172691822052
1.0,2,41,diffusion_temporal,0.024935981258749962,0.6591014862060547
1.0,2,42,diffusion_temporal,0.026188939809799194,0.43112215399742126
1.0,2,43,diffusion_temporal,0.0251051913946867,0.6597020030021667
1.0,2,44,diffusion_temporal,0.024714501574635506,0.6423507928848267
1.0,2,45,diffusion_temporal,0.03894583508372307,0.5315051674842834
1.0,2,46,diffusion_temporal,0.030411645770072937,0.4931269586086273
1.0,2,47,diffusion_temporal,0.031024940311908722,0.6823127269744873
1.0,2,48,diffusion_temporal,0.025193864479660988,0.5062597393989563
1.0,2,49,diffusion_temporal,0.030057663097977638,0.45065632462501526
1.0,2,50,diffusion_temporal,0.026029109954833984,0.5215775370597839
1.0,2,51,diffusion_temporal,0.01889212429523468,0.6048511862754822
1.0,2,52,diffusion_temporal,0.03330302983522415,0.4666254222393036
1.0,2,53,diffusion_temporal,0.030101463198661804,0.5084527730941772
1.0,2,54,diffusion_temporal,0.021960878744721413,0.5978736877441406
1.0,2,55,diffusion_temporal,0.029465509578585625,0.5493698716163635
1.0,2,56,diffusion_temporal,0.027155689895153046,0.5818246603012085
1.0,2,57,diffusion_temporal,0.028140423819422722,0.34604454040527344
1.0,2,58,diffusion_temporal,0.032081425189971924,0.506083071231842
1.0,2,59,diffusion_temporal,0.03227327764034271,0.4802582263946533
1.0,2,60,diffusion_temporal,0.028052160516381264,0.49945539236068726
1.0,2,61,diffusion_temporal,0.022809216752648354,0.45275112986564636
1.0,2,62,diffusion_temporal,0.018785439431667328,0.628860592842102
1.0,2,63,diffusion_temporal,0.029687153175473213,0.7046488523483276
1.0,2,64,diffusion_temporal,0.025874102488160133,0.6965582370758057
1.0,2,1,diffusion_context_only,0.06090530380606651,0.6556443572044373
1.0,2,2,diffusion_context_only,0.032423924654722214,0.16459988057613373
1.0,2,3,diffusion_context_only,0.023106666281819344,0.6480603218078613
1.0,2,4,diffusion_context_only,0.038200341165065765,0.4760596454143524
1.0,2,5,diffusion_context_only,0.02958422154188156,0.5870964527130127
1.0,2,6,diffusion_context_only,0.0240787323564291,0.45991966128349304
1.0,2,7,diffusion_context_only,0.04829122871160507,0.23758217692375183
1.0,2,8,diffusion_context_only,0.025685973465442657,0.3637275993824005
1.0,2,9,diffusion_context_only,0.047786399722099304,0.4557758569717407
1.0,2,10,diffusion_context_only,0.057592522352933884,0.4740671217441559
1.0,2,11,diffusion_context_only,0.02628769539296627,0.5263761878013611
1.0,2,12,diffusion_context_only,0.05944094434380531,0.16242671012878418
1.0,2,13,diffusion_context_only,0.03621019423007965,0.15350307524204254
1.0,2,14,diffusion_context_only,0.06733336299657822,0.028621964156627655
1.0,2,15,diffusion_context_only,0.033512696623802185,0.472768634557724
1.0,2,16,diffusion_context_only,0.05861205235123634,0.4158930480480194
1.0,2,17,diffusion_context_only,0.038068484514951706,-0.014039816334843636
1.0,2,18,diffusion_context_only,0.049402736127376556,0.23551976680755615
1.0,2,19,diffusion_context_only,0.03631092235445976,0.5423739552497864
1.0,2,20,diffusion_context_only,0.03923924267292023,0.2754218578338623
1.0,2,21,diffusion_context_only,0.060779765248298645,-0.06719929724931717
1.0,2,22,diffusion_context_only,0.03715183958411217,0.38083773851394653
1.0,2,23,diffusion_context_only,0.03422709181904793,0.47291451692581177
1.0,2,24,diffusion_context_only,0.03809661045670509,0.31791239976882935
1.0,2,25,diffusion_context_only,0.032369956374168396,0.27049994468688965
1.0,2,26,diffusion_context_only,0.033447183668613434,0.08528393507003784
1.0,2,27,diffusion_context_only,0.054328929632902145,0.1246320828795433
1.0,2,28,diffusion_context_only,0.046771589666604996,-0.013118919916450977
1.0,2,29,diffusion_context_only,0.03531481698155403,0.43377283215522766
1.0,2,30,diffusion_context_only,0.0366554893553257,0.5635266900062561
1.0,2,31,diffusion_context_only,0.052766233682632446,0.15465280413627625
1.0,2,32,diffusion_context_only,0.04075639694929123,0.4945366084575653
1.0,2,33,diffusion_context_only,0.03159564360976219,0.3684091567993164
1.0,2,34,diffusion_context_only,0.03798243775963783,0.3585394322872162
1.0,2,35,diffusion_context_only,0.042976222932338715,0.29332831501960754
1.0,2,36,diffusion_context_only,0.05062767490744591,0.15793511271476746
1.0,2,37,diffusion_context_only,0.043421659618616104,0.3504817485809326
1.0,2,38,diffusion_context_only,0.03937132656574249,0.4383697211742401
1.0,2,39,diffusion_context_only,0.07018045336008072,-0.10834760218858719
1.0,2,40,diffusion_context_only,0.026777520775794983,0.26511576771736145
1.0,2,41,diffusion_context_only,0.03895522654056549,0.41573187708854675
1.0,2,42,diffusion_context_only,0.031454943120479584,0.2644229829311371
1.0,2,43,diffusion_context_only,0.04197397455573082,0.3305113911628723
1.0,2,44,diffusion_context_only,0.0298286322504282,0.5146181583404541
1.0,2,45,diffusion_context_only,0.06854093074798584,0.04908563941717148
1.0,2,46,diffusion_context_only,0.044612783938646317,0.2280873954296112
1.0,2,47,diffusion_context_only,0.04225248470902443,0.5220663547515869
1.0,2,48,diffusion_context_only,0.03893986716866493,0.18137842416763306
1.0,2,49,diffusion_context_only,0.04515629634261131,0.16446365416049957
1.0,2,50,diffusion_context_only,0.03269810229539871,0.3374815285205841
1.0,2,51,diffusion_context_only,0.03232958912849426,0.32171228528022766
1.0,2,52,diffusion_context_only,0.04031047224998474,0.17779910564422607
1.0,2,53,diffusion_context_only,0.042427849024534225,0.16220243275165558
1.0,2,54,diffusion_context_only,0.03076913207769394,0.4145391285419464
1.0,2,55,diffusion_context_only,0.057097792625427246,-0.0031966175884008408
1.0,2,56,diffusion_context_only,0.04492630809545517,0.18976598978042603
1.0,2,57,diffusion_context_only,0.04316353052854538,-0.05191032215952873
1.0,2,58,diffusion_context_only,0.04638480767607689,0.23680715262889862
1.0,2,59,diffusion_context_only,0.04573255032300949,0.18770934641361237
1.0,2,60,diffusion_context_only,0.0443723164498806,0.1449352502822876
1.0,2,61,diffusion_context_only,0.03475835546851158,0.09759342670440674
1.0,2,62,diffusion_context_only,0.03048035129904747,0.3247162401676178
1.0,2,63,diffusion_context_only,0.06660141795873642,0.1554458737373352
1.0,2,64,diffusion_context_only,0.046290069818496704,0.3674938380718231
1.0,2,1,gaussian_context_only,0.06116546504660127,0.6593302002645182
1.0,2,2,gaussian_context_only,0.025081502495201528,0.2781451857854402
1.0,2,3,gaussian_context_only,0.03222031317193188,0.47512003780761985
1.0,2,4,gaussian_context_only,0.0264673382618967,0.6711838471816495
1.0,2,5,gaussian_context_only,0.024595078844437537,0.6629168859755521
1.0,2,6,gaussian_context_only,0.020671988407020975,0.5021130322926858
1.0,2,7,gaussian_context_only,0.03439445322882814,0.5251431074052783
1.0,2,8,gaussian_context_only,0.028858884398915173,0.22506318274829099
1.0,2,9,gaussian_context_only,0.04399392548407133,0.47667619008306755
1.0,2,10,gaussian_context_only,0.05320454598754441,0.541359949363773
1.0,2,11,gaussian_context_only,0.026111531936254404,0.4941129624288609
1.0,2,12,gaussian_context_only,0.045415139947742454,0.3261800094090703
1.0,2,13,gaussian_context_only,0.020122144942260077,0.3901150422957017
1.0,2,14,gaussian_context_only,0.03820755787047007,0.36610808024396196
1.0,2,15,gaussian_context_only,0.03226047853046616,0.46917435057382095
1.0,2,16,gaussian_context_only,0.046348982712178736,0.6007321615020227
1.0,2,17,gaussian_context_only,0.029807030430274977,0.05488836564173042
1.0,2,18,gaussian_context_only,0.03777827595326386,0.4529643730811071
1.0,2,19,gaussian_context_only,0.031156165356015002,0.6400968205877305
1.0,2,20,gaussian_context_only,0.02597718893427972,0.46103671531178336
1.0,2,21,gaussian_context_only,0.04263200114496353,0.19912982516764716
1.0,2,22,gaussian_context_only,0.028743095508355503,0.4926134192861494
1.0,2,23,gaussian_context_only,0.03792393088536867,0.3818361311236939
1.0,2,24,gaussian_context_only,0.0279098551219349,0.4785344793561592
1.0,2,25,gaussian_context_only,0.028498668178348226,0.2634305985803241
1.0,2,26,gaussian_context_only,0.02318809669499316,0.273896953522792
1.0,2,27,gaussian_context_only,0.031031783982737676,0.5277775379698046
1.0,2,28,gaussian_context_only,0.031780036997817195,0.2899867545984172
1.0,2,29,gaussian_context_only,0.03265897861221266,0.4099364918201902
1.0,2,30,gaussian_context_only,0.03598804669375255,0.5826707401581495
1.0,2,31,gaussian_context_only,0.034912630968778606,0.44925255616237053
1.0,2,32,gaussian_context_only,0.037887741236451174,0.550682227704961
1.0,2,33,gaussian_context_only,0.022094029665701884,0.4823519732418522
1.0,2,34,gaussian_context_only,0.03176311087923666,0.44474345422506784
1.0,2,35,gaussian_context_only,0.03715263112085223,0.40482252722545387
1.0,2,36,gaussian_context_only,0.03374204220298824,0.40949894938417364
1.0,2,37,gaussian_context_only,0.03486989275995528,0.42321288438186483
1.0,2,38,gaussian_context_only,0.03561323387307181,0.5007860206882134
1.0,2,39,gaussian_context_only,0.038304509147470446,0.26095346396078123
1.0,2,40,gaussian_context_only,0.026085223092901295,0.2207505548664157
1.0,2,41,gaussian_context_only,0.03523494577131676,0.45126596969657895
1.0,2,42,gaussian_context_only,0.025666878819355064,0.422641634335639
1.0,2,43,gaussian_context_only,0.031684867944935934,0.5135430489468217
1.0,2,44,gaussian_context_only,0.03435673278268211,0.38113270812272404
1.0,2,45,gaussian_context_only,0.044118369251951714,0.432980238250286
1.0,2,46,gaussian_context_only,0.0366047103552817,0.20503449205226223
1.0,2,47,gaussian_context_only,0.04569093158664134,0.4623148312914811
1.0,2,48,gaussian_context_only,0.026247959653922036,0.4331270913944115
1.0,2,49,gaussian_context_only,0.030102613462049857,0.33555659246417596
1.0,2,50,gaussian_context_only,0.03471683574396664,0.16737530685600155
1.0,2,51,gaussian_context_only,0.02634881181169639,0.37943023000701526
1.0,2,52,gaussian_context_only,0.02553717415704607,0.4183340491553763
1.0,2,53,gaussian_context_only,0.0367127995948943,0.2761708799533604
1.0,2,54,gaussian_context_only,0.025012714603545132,0.4705361289504904
1.0,2,55,gaussian_context_only,0.04584719103240954,0.12791981326444418
1.0,2,56,gaussian_context_only,0.03200329424659509,0.3906299044110519
1.0,2,57,gaussian_context_only,0.02968392793547508,0.24937228283691784
1.0,2,58,gaussian_context_only,0.03577692011030775,0.2446017241815339
1.0,2,59,gaussian_context_only,0.030419962268272222,0.4385403708499057
1.0,2,60,gaussian_context_only,0.03168505036011803,0.320213636713607
1.0,2,61,gaussian_context_only,0.030301733314452985,0.1807027909908868
1.0,2,62,gaussian_context_only,0.01893385973160349,0.4757190571131765
1.0,2,63,gaussian_context_only,0.05682594212629302,0.262601267122608
1.0,2,64,gaussian_context_only,0.03504952335480659,0.5519203930349164
1.0,2,1,gaussian_temporal,0.042754989104781115,0.8000753995787584
1.0,2,2,gaussian_temporal,0.018711658018568653,0.4382104626135307
1.0,2,3,gaussian_temporal,0.026138087323077156,0.5900574637645658
1.0,2,4,gaussian_temporal,0.020353687256887746,0.7644216823248875
1.0,2,5,gaussian_temporal,0.024018970200185025,0.6776543039476292
1.0,2,6,gaussian_temporal,0.02071948724266997,0.5222385383743471
1.0,2,7,gaussian_temporal,0.026838598236432233,0.6587559218470689
1.0,2,8,gaussian_temporal,0.02269081253381015,0.38018659653808407
1.0,2,9,gaussian_temporal,0.03636913034186011,0.6022898521394627
1.0,2,10,gaussian_temporal,0.0306200274185672,0.7834856153178912
1.0,2,11,gaussian_temporal,0.017302257303815835,0.6979106775439976
1.0,2,12,gaussian_temporal,0.03573846079646365,0.5187820153832811
1.0,2,13,gaussian_temporal,0.017836177106307777,0.47557046729622
1.0,2,14,gaussian_temporal,0.029728390556907396,0.5452084595812159
1.0,2,15,gaussian_temporal,0.024889162295668423,0.624956992774413
1.0,2,16,gaussian_temporal,0.03233167143830412,0.7522380750921486
1.0,2,17,gaussian_temporal,0.021542513678530367,0.32667759437348887
1.0,2,18,gaussian_temporal,0.026453748152624912,0.6625204876158438
1.0,2,19,gaussian_temporal,0.023656672758975778,0.7430907835060367
1.0,2,20,gaussian_temporal,0.02271678537344783,0.5467146099500124
1.0,2,21,gaussian_temporal,0.03390849128946374,0.39619186170639753
1.0,2,22,gaussian_temporal,0.024457190783483667,0.5907675335481043
1.0,2,23,gaussian_temporal,0.028276931765094628,0.585566535354752
1.0,2,24,gaussian_temporal,0.02470151520102694,0.5572128399785067
1.0,2,25,gaussian_temporal,0.022406594510495422,0.45298266298855583
1.0,2,26,gaussian_temporal,0.01971122893593126,0.3933578201672286
1.0,2,27,gaussian_temporal,0.02703170037155559,0.610457115917786
1.0,2,28,gaussian_temporal,0.023587956450304953,0.5041678285135107
1.0,2,29,gaussian_temporal,0.02861629727139562,0.5044885896721679
1.0,2,30,gaussian_temporal,0.029255194179061368,0.6799428308694009
1.0,2,31,gaussian_temporal,0.03327311175388141,0.4866723157047948
1.0,2,32,gaussian_temporal,0.029114281393963486,0.6948871494439217
1.0,2,33,gaussian_temporal,0.018294140613176003,0.5970228862184552
1.0,2,34,gaussian_temporal,0.02704138762979345,0.566269979678185
1.0,2,35,gaussian_temporal,0.03085299585160633,0.545898532551295
1.0,2,36,gaussian_temporal,0.02347749382771184,0.6402534970041222
1.0,2,37,gaussian_temporal,0.027234847609183252,0.593516956669057
1.0,2,38,gaussian_temporal,0.026073739280803206,0.6828545988000826
1.0,2,39,gaussian_temporal,0.03375159576517118,0.389786725629898
1.0,2,40,gaussian_temporal,0.01922235194007973,0.46265417777779977
1.0,2,41,gaussian_temporal,0.030013573126645664,0.5653460897206335
1.0,2,42,gaussian_temporal,0.02632214943230789,0.41237977873431103
1.0,2,43,gaussian_temporal,0.02180797404822486,0.7032684129485731
1.0,2,44,gaussian_temporal,0.025851735620903878,0.584773091686508
1.0,2,45,gaussian_temporal,0.03419899131338687,0.6161985342523686
1.0,2,46,gaussian_temporal,0.027476877609449665,0.4552806318101105
1.0,2,47,gaussian_temporal,0.0374569236527564,0.6126599967379724
1.0,2,48,gaussian_temporal,0.018100852348884203,0.6500083204357563
1.0,2,49,gaussian_temporal,0.025045724131479506,0.5029858951450221
1.0,2,50,gaussian_temporal,0.027847558787822038,0.3826825962340849
1.0,2,51,gaussian_temporal,0.01988453761507367,0.5643900466666874
1.0,2,52,gaussian_temporal,0.022996064139425523,0.5296537724774244
1.0,2,53,gaussian_temporal,0.03084041492956562,0.4338975894215586
1.0,2,54,gaussian_temporal,0.021055233527047662,0.5801499117140375
1.0,2,55,gaussian_temporal,0.025737656746389007,0.6009012375258762
1.0,2,56,gaussian_temporal,0.02128387577242787,0.6467714908719452
1.0,2,57,gaussian_temporal,0.021969735233420492,0.4811857157687936
1.0,2,58,gaussian_temporal,0.02634034766835506,0.5130036693989488
1.0,2,59,gaussian_temporal,0.024321583384558434,0.5862001579034275
1.0,2,60,gaussian_temporal,0.023419913907928587,0.537463045456171
1.0,2,61,gaussian_temporal,0.022501285150949304,0.4116326899524425
1.0,2,62,gaussian_temporal,0.017512784182486144,0.5644805254686686
1.0,2,63,gaussian_temporal,0.036973570005038876,0.6192300680511058
1.0,2,64,gaussian_temporal,0.0263628964942303,0.6984655333252631
1.0,2,1,public_fingerprint,0.10702686756849289,0.16537153720855713
1.0,2,2,public_fingerprint,0.028173044323921204,0.25911545753479004
1.0,2,3,public_fingerprint,0.045187052339315414,0.2742331027984619
1.0,2,4,public_fingerprint,0.05968242138624191,0.14906296133995056
1.0,2,5,public_fingerprint,0.050126079469919205,0.2458968609571457
1.0,2,6,public_fingerprint,0.028619159013032913,0.3802224397659302
1.0,2,7,public_fingerprint,0.0494513139128685,0.30471691489219666
1.0,2,8,public_fingerprint,0.04615242779254913,-0.04514339938759804
1.0,2,9,public_fingerprint,0.0535099096596241,0.35665616393089294
1.0,2,10,public_fingerprint,0.0801275372505188,0.19276106357574463
1.0,2,11,public_fingerprint,0.050249602645635605,0.09066810458898544
1.0,2,12,public_fingerprint,0.042799048125743866,0.42483431100845337
1.0,2,13,public_fingerprint,0.027806749567389488,0.31339022517204285
1.0,2,14,public_fingerprint,0.05837829038500786,0.08441435545682907
1.0,2,15,public_fingerprint,0.033987775444984436,0.4776764512062073
1.0,2,16,public_fingerprint,0.07737592607736588,0.1798538714647293
1.0,2,17,public_fingerprint,0.031046578660607338,0.211925208568573
1.0,2,18,public_fingerprint,0.05087555572390556,0.2744046747684479
1.0,2,19,public_fingerprint,0.06322643160820007,0.14275334775447845
1.0,2,20,public_fingerprint,0.03780108317732811,0.2898646593093872
1.0,2,21,public_fingerprint,0.056957170367240906,0.04691338911652565
1.0,2,22,public_fingerprint,0.04571264609694481,0.23403300344944
1.0,2,23,public_fingerprint,0.05509699881076813,0.1531950831413269
1.0,2,24,public_fingerprint,0.043110959231853485,0.25173673033714294
1.0,2,25,public_fingerprint,0.041423499584198,0.11950842291116714
1.0,2,26,public_fingerprint,0.029676886275410652,0.26598283648490906
1.0,2,27,public_fingerprint,0.054883718490600586,0.16628959774971008
1.0,2,28,public_fingerprint,0.042127884924411774,0.20250310003757477
1.0,2,29,public_fingerprint,0.03903375566005707,0.36276310682296753
1.0,2,30,public_fingerprint,0.06059722229838371,0.219539612531662
1.0,2,31,public_fingerprint,0.05199398100376129,0.2202020138502121
1.0,2,32,public_fingerprint,0.05988166853785515,0.23258696496486664
1.0,2,33,public_fingerprint,0.04045572131872177,0.1941460520029068
1.0,2,34,public_fingerprint,0.057626038789749146,0.06869497150182724
1.0,2,35,public_fingerprint,0.052941929548978806,0.21843256056308746
1.0,2,36,public_fingerprint,0.04656585678458214,0.2683970332145691
1.0,2,37,public_fingerprint,0.05007534101605415,0.24557532370090485
1.0,2,38,public_fingerprint,0.053530316799879074,0.2614049017429352
1.0,2,39,public_fingerprint,0.05082148313522339,0.17709006369113922
1.0,2,40,public_fingerprint,0.03573496267199516,0.2110939621925354
1.0,2,41,public_fingerprint,0.047264520078897476,0.31667962670326233
1.0,2,42,public_fingerprint,0.04368358850479126,0.1826729029417038
1.0,2,43,public_fingerprint,0.05930231511592865,0.10683610290288925
1.0,2,44,public_fingerprint,0.04917697608470917,0.21476009488105774
1.0,2,45,public_fingerprint,0.06751323491334915,0.13852621614933014
1.0,2,46,public_fingerprint,0.05284074693918228,0.06891315430402756
1.0,2,47,public_fingerprint,0.05480975657701492,0.36072707176208496
1.0,2,48,public_fingerprint,0.06252848356962204,-0.15719737112522125
1.0,2,49,public_fingerprint,0.0394703708589077,0.27819862961769104
1.0,2,50,public_fingerprint,0.04666527360677719,0.10709355026483536
1.0,2,51,public_fingerprint,0.03483123704791069,0.32653874158859253
1.0,2,52,public_fingerprint,0.0501786470413208,0.0368034765124321
1.0,2,53,public_fingerprint,0.044337350875139236,0.2670380771160126
1.0,2,54,public_fingerprint,0.03974089026451111,0.26713600754737854
1.0,2,55,public_fingerprint,0.0594036765396595,0.05796070769429207
1.0,2,56,public_fingerprint,0.036926109343767166,0.3875104486942291
1.0,2,57,public_fingerprint,0.04418468102812767,0.10224779695272446
1.0,2,58,public_fingerprint,0.045084062963724136,0.198074609041214
1.0,2,59,public_fingerprint,0.056728508323431015,0.04249782860279083
1.0,2,60,public_fingerprint,0.0593305304646492,-0.08371702581644058
1.0,2,61,public_fingerprint,0.04314205422997475,0.09362510591745377
1.0,2,62,public_fingerprint,0.03786182403564453,0.1657685786485672
1.0,2,63,public_fingerprint,0.05786462128162384,0.32414329051971436
1.0,2,64,public_fingerprint,0.060894399881362915,0.17160068452358246
1.0,2,1,noisy,12.782588958740234,0.07951701432466507
1.0,2,2,noisy,12.827141761779785,0.01941920444369316
1.0,2,3,noisy,12.963583946228027,0.04884723573923111
1.0,2,4,noisy,12.920575141906738,0.06613503396511078
1.0,2,5,noisy,13.101810455322266,0.05767614766955376
1.0,2,6,noisy,12.626572608947754,0.0277659110724926
1.0,2,7,noisy,12.758946418762207,0.04674333706498146
1.0,2,8,noisy,12.89038372039795,0.04649346321821213
1.0,2,9,noisy,13.066744804382324,0.05815304443240166
1.0,2,10,noisy,12.567922592163086,0.08469290286302567
1.0,2,11,noisy,12.894743919372559,0.05941951274871826
1.0,2,12,noisy,13.22091293334961,0.05564342811703682
1.0,2,13,noisy,12.87206745147705,0.034324996173381805
1.0,2,14,noisy,12.807938575744629,0.05499464273452759
1.0,2,15,noisy,12.988171577453613,0.06674151122570038
1.0,2,16,noisy,12.904831886291504,0.07585461437702179
1.0,2,17,noisy,12.862150192260742,0.045658864080905914
1.0,2,18,noisy,13.010273933410645,0.07277219742536545
1.0,2,19,noisy,12.710652351379395,0.05367211252450943
1.0,2,20,noisy,12.810783386230469,0.053547609597444534
1.0,2,21,noisy,12.882283210754395,0.047773923724889755
1.0,2,22,noisy,12.861518859863281,0.06139243021607399
1.0,2,23,noisy,13.17513656616211,0.0566645972430706
1.0,2,24,noisy,12.562562942504883,0.049616046249866486
1.0,2,25,noisy,12.803018569946289,0.057414568960666656
1.0,2,26,noisy,13.152084350585938,0.03831418231129646
1.0,2,27,noisy,12.924890518188477,0.04139875993132591
1.0,2,28,noisy,13.153926849365234,0.060042619705200195
1.0,2,29,noisy,12.834851264953613,0.04870210587978363
1.0,2,30,noisy,12.889925956726074,0.05817557871341705
1.0,2,31,noisy,12.88698673248291,0.049928583204746246
1.0,2,32,noisy,13.007071495056152,0.06426019966602325
1.0,2,33,noisy,12.844032287597656,0.04907793924212456
1.0,2,34,noisy,13.165921211242676,0.05412260442972183
1.0,2,35,noisy,12.794059753417969,0.057065073400735855
1.0,2,36,noisy,12.846328735351562,0.05537590757012367
1.0,2,37,noisy,13.00646686553955,0.04908161237835884
1.0,2,38,noisy,13.065940856933594,0.05953582748770714
1.0,2,39,noisy,13.026498794555664,0.04637075215578079
1.0,2,40,noisy,13.233968734741211,0.05049483850598335
1.0,2,41,noisy,13.210738182067871,0.047381091862916946
1.0,2,42,noisy,12.95705509185791,0.03809525817632675
1.0,2,43,noisy,12.911544799804688,0.06206723302602768
1.0,2,44,noisy,13.023774147033691,0.04490891844034195
1.0,2,45,noisy,13.099298477172852,0.05957989767193794
1.0,2,46,noisy,12.64870834350586,0.05998358875513077
1.0,2,47,noisy,12.79832935333252,0.06582847237586975
1.0,2,48,noisy,13.041969299316406,0.052046287804841995
1.0,2,49,noisy,12.673454284667969,0.045358628034591675
1.0,2,50,noisy,12.995035171508789,0.04176363721489906
1.0,2,51,noisy,13.09625244140625,0.03206181526184082
1.0,2,52,noisy,12.841078758239746,0.06251674145460129
1.0,2,53,noisy,12.867191314697266,0.0577704980969429
1.0,2,54,noisy,13.106178283691406,0.04467272013425827
1.0,2,55,noisy,12.78805160522461,0.06967760622501373
1.0,2,56,noisy,12.874159812927246,0.05915770307183266
1.0,2,57,noisy,12.837899208068848,0.042391277849674225
1.0,2,58,noisy,12.993907928466797,0.051163025200366974
1.0,2,59,noisy,13.2355318069458,0.05556350201368332
1.0,2,60,noisy,12.799449920654297,0.060654547065496445
1.0,2,61,noisy,12.841693878173828,0.044250331819057465
1.0,2,62,noisy,12.73184871673584,0.05322917923331261
1.0,2,63,noisy,12.834410667419434,0.09433386474847794
1.0,2,64,noisy,13.09515380859375,0.05826953426003456
1.0,2,1,zero,0.10039170831441879,0.0
1.0,2,2,zero,0.01587151736021042,0.0
1.0,2,3,zero,0.03943026438355446,0.0
1.0,2,4,zero,0.04782363772392273,0.0
1.0,2,5,zero,0.043750207871198654,0.0
1.0,2,6,zero,0.02466326206922531,0.0
1.0,2,7,zero,0.047387395054101944,0.0
1.0,2,8,zero,0.02250804752111435,0.0
1.0,2,9,zero,0.05686916410923004,0.0
1.0,2,10,zero,0.07416940480470657,0.0
1.0,2,11,zero,0.03372947499155998,0.0
1.0,2,12,zero,0.04869413375854492,0.0
1.0,2,13,zero,0.019100302830338478,0.0
1.0,2,14,zero,0.042080119252204895,0.0
1.0,2,15,zero,0.040663816034793854,0.0
1.0,2,16,zero,0.06995271146297455,0.0
1.0,2,17,zero,0.01820983551442623,0.0
1.0,2,18,zero,0.04713142663240433,0.0
1.0,2,19,zero,0.05137193948030472,0.0
1.0,2,20,zero,0.03152923285961151,0.0
1.0,2,21,zero,0.03844500333070755,0.0
1.0,2,22,zero,0.03754688426852226,0.0
1.0,2,23,zero,0.04288936033844948,0.0
1.0,2,24,zero,0.03546551987528801,0.0
1.0,2,25,zero,0.025228682905435562,0.0
1.0,2,26,zero,0.018498871475458145,0.0
1.0,2,27,zero,0.04295427352190018,0.0
1.0,2,28,zero,0.03047238662838936,0.0
1.0,2,29,zero,0.03798120468854904,0.0
1.0,2,30,zero,0.05369751155376434,0.0
1.0,2,31,zero,0.04344896972179413,0.0
1.0,2,32,zero,0.053859490901231766,0.0
1.0,2,33,zero,0.027853533625602722,0.0
1.0,2,34,zero,0.0390380322933197,0.0
1.0,2,35,zero,0.04386737942695618,0.0
1.0,2,36,zero,0.03975214809179306,0.0
1.0,2,37,zero,0.042040809988975525,0.0
1.0,2,38,zero,0.04752260074019432,0.0
1.0,2,39,zero,0.037706390023231506,0.0
1.0,2,40,zero,0.021719373762607574,0.0
1.0,2,41,zero,0.04406726732850075,0.0
1.0,2,42,zero,0.029900431632995605,0.0
1.0,2,43,zero,0.043034035712480545,0.0
1.0,2,44,zero,0.039015110582113266,0.0
1.0,2,45,zero,0.05425383150577545,0.0
1.0,2,46,zero,0.03347129002213478,0.0
1.0,2,47,zero,0.05804933235049248,0.0
1.0,2,48,zero,0.031161431223154068,0.0
1.0,2,49,zero,0.031349413096904755,0.0
1.0,2,50,zero,0.029429083690047264,0.0
1.0,2,51,zero,0.028893867507576942,0.0
1.0,2,52,zero,0.029488764703273773,0.0
1.0,2,53,zero,0.03682907298207283,0.0
1.0,2,54,zero,0.03145983815193176,0.0
1.0,2,55,zero,0.040214903652668,0.0
1.0,2,56,zero,0.03652837127447128,0.0
1.0,2,57,zero,0.02717684954404831,0.0
1.0,2,58,zero,0.03388814628124237,0.0
1.0,2,59,zero,0.0369868203997612,0.0
1.0,2,60,zero,0.03260689228773117,0.0
1.0,2,61,zero,0.024940883740782738,0.0
1.0,2,62,zero,0.02261361852288246,0.0
1.0,2,63,zero,0.058961935341358185,0.0
1.0,2,64,zero,0.050113361328840256,0.0
1.0,2,1,projection_oracle,0.008194307796657085,0.9589061141014099
1.0,2,2,projection_oracle,0.005826115142554045,0.8273018598556519
1.0,2,3,projection_oracle,0.009090251289308071,0.8835336565971375
1.0,2,4,projection_oracle,0.006563449278473854,0.9319525361061096
1.0,2,5,projection_oracle,0.007157315965741873,0.9188622236251831
1.0,2,6,projection_oracle,0.008346307091414928,0.8284124732017517
1.0,2,7,projection_oracle,0.009228280745446682,0.9005438089370728
1.0,2,8,projection_oracle,0.006762264762073755,0.8529087901115417
1.0,2,9,projection_oracle,0.0091013815253973,0.918722927570343
1.0,2,10,projection_oracle,0.007082220632582903,0.9521456956863403
1.0,2,11,projection_oracle,0.007928796112537384,0.8819835782051086
1.0,2,12,projection_oracle,0.00731119979172945,0.9243740439414978
1.0,2,13,projection_oracle,0.0065917703323066235,0.83031165599823
1.0,2,14,projection_oracle,0.006761936005204916,0.9193205833435059
1.0,2,15,projection_oracle,0.006941594183444977,0.9144649505615234
1.0,2,16,projection_oracle,0.008597123436629772,0.9380559921264648
1.0,2,17,projection_oracle,0.00634703179821372,0.8334936499595642
1.0,2,18,projection_oracle,0.009047158993780613,0.9019080400466919
1.0,2,19,projection_oracle,0.007007438689470291,0.9321921467781067
1.0,2,20,projection_oracle,0.008056074380874634,0.8683644533157349
1.0,2,21,projection_oracle,0.009367122314870358,0.8756648898124695
1.0,2,22,projection_oracle,0.008243692107498646,0.8871635794639587
1.0,2,23,projection_oracle,0.008320560678839684,0.9018697142601013
1.0,2,24,projection_oracle,0.0067256358452141285,0.9047418236732483
1.0,2,25,projection_oracle,0.006672905292361975,0.8701047301292419
1.0,2,26,projection_oracle,0.006954276002943516,0.8148972392082214
1.0,2,27,projection_oracle,0.006413886323571205,0.9259931445121765
1.0,2,28,projection_oracle,0.007821865379810333,0.8727940917015076
1.0,2,29,projection_oracle,0.009624023921787739,0.8707071542739868
1.0,2,30,projection_oracle,0.008190727792680264,0.9230112433433533
1.0,2,31,projection_oracle,0.006650784984230995,0.923589825630188
1.0,2,32,projection_oracle,0.00712533900514245,0.9335623979568481
1.0,2,33,projection_oracle,0.007463869638741016,0.8664125204086304
1.0,2,34,projection_oracle,0.009592123329639435,0.873932421207428
1.0,2,35,projection_oracle,0.00910377036780119,0.8949435949325562
1.0,2,36,projection_oracle,0.008305397816002369,0.8941489458084106
1.0,2,37,projection_oracle,0.009626599960029125,0.8839475512504578
1.0,2,38,projection_oracle,0.00855571310967207,0.9085865020751953
1.0,2,39,projection_oracle,0.00913027673959732,0.8781580328941345
1.0,2,40,projection_oracle,0.0060941316187381744,0.8625051975250244
1.0,2,41,projection_oracle,0.00782534945756197,0.9104761481285095
1.0,2,42,projection_oracle,0.006811280269175768,0.8876037001609802
1.0,2,43,projection_oracle,0.005749659147113562,0.9343806505203247
1.0,2,44,projection_oracle,0.006296072620898485,0.9199163317680359
1.0,2,45,projection_oracle,0.008096747100353241,0.9245940446853638
1.0,2,46,projection_oracle,0.010726028122007847,0.8345732688903809
1.0,2,47,projection_oracle,0.010380041785538197,0.9080694317817688
1.0,2,48,projection_oracle,0.006405309308320284,0.8989447355270386
1.0,2,49,projection_oracle,0.007536257151514292,0.8785464763641357
1.0,2,50,projection_oracle,0.00791964028030634,0.865020751953125
1.0,2,51,projection_oracle,0.0069009666331112385,0.8790488243103027
1.0,2,52,projection_oracle,0.007395241875201464,0.8734481930732727
1.0,2,53,projection_oracle,0.006644780747592449,0.9089241027832031
1.0,2,54,projection_oracle,0.007738972082734108,0.8769309520721436
1.0,2,55,projection_oracle,0.007159427274018526,0.9112037420272827
1.0,2,56,projection_oracle,0.0076631042174994946,0.8931872248649597
1.0,2,57,projection_oracle,0.006764930672943592,0.8782328963279724
1.0,2,58,projection_oracle,0.009022393263876438,0.8649099469184875
1.0,2,59,projection_oracle,0.007010460831224918,0.9055519104003906
1.0,2,60,projection_oracle,0.009068500250577927,0.8598357439041138
1.0,2,61,projection_oracle,0.0072835758328437805,0.8556228280067444
1.0,2,62,projection_oracle,0.006580268032848835,0.8582207560539246
1.0,2,63,projection_oracle,0.00865142047405243,0.9254179000854492
1.0,2,64,projection_oracle,0.008296233601868153,0.9167450666427612
4.0,0,1,gaussian_current,0.03831846482752808,0.7018697995697397
4.0,0,2,gaussian_current,0.04459448681444068,0.663705129232233
4.0,0,3,gaussian_current,0.03502798987854221,0.566608811124045
4.0,0,4,gaussian_current,0.017473696707951375,0.5611216066481248
4.0,0,5,gaussian_current,0.051534925418197236,0.3616145848175832
4.0,0,6,gaussian_current,0.052223696198661976,0.3660774579565219
4.0,0,7,gaussian_current,0.030785478990809446,0.3607085829044528
4.0,0,8,gaussian_current,0.036612995410945016,0.6508126297240124
4.0,0,9,gaussian_current,0.03830802329485936,0.7540883972412038
4.0,0,10,gaussian_current,0.03156571695407539,0.5148153445479885
4.0,0,11,gaussian_current,0.043376844265069166,0.6072357182934618
4.0,0,12,gaussian_current,0.038583479221360184,0.5479990340929178
4.0,0,13,gaussian_current,0.02409670888117973,0.6390217745533784
4.0,0,14,gaussian_current,0.025935504882298684,0.49183780552969636
4.0,0,15,gaussian_current,0.03266044629837426,0.7139971762435311
4.0,0,16,gaussian_current,0.02686165235124284,0.6930009036528398
4.0,0,17,gaussian_current,0.04122684928385687,0.5814460212889183
4.0,0,18,gaussian_current,0.034729920381662824,0.5369637708705906
4.0,0,19,gaussian_current,0.022583335054319576,0.5583326401357264
4.0,0,20,gaussian_current,0.029911970199044978,0.2552144132245172
4.0,0,21,gaussian_current,0.027123014252817466,0.55205263060216
4.0,0,22,gaussian_current,0.023355371786022542,0.513548501894667
4.0,0,23,gaussian_current,0.022926856809226414,0.5520416056922368
4.0,0,24,gaussian_current,0.0274646392826881,0.492555310626897
4.0,0,25,gaussian_current,0.04089726334524641,0.5760447086308972
4.0,0,26,gaussian_current,0.0403658427954976,0.22316441838599846
4.0,0,27,gaussian_current,0.04110300936386755,0.5436629223930789
4.0,0,28,gaussian_current,0.028607744572322805,0.6264357597080153
4.0,0,29,gaussian_current,0.033634138120741126,0.4079777234234983
4.0,0,30,gaussian_current,0.04858273253908248,0.5059889028170488
4.0,0,31,gaussian_current,0.05580558869242969,0.6219755705900165
4.0,0,32,gaussian_current,0.08313537003105446,0.5375948130404757
4.0,0,33,gaussian_current,0.029515532492665874,0.5506408327117579
4.0,0,34,gaussian_current,0.07326173976796936,0.21034093591069553
4.0,0,35,gaussian_current,0.04001968624180083,0.3192800198277453
4.0,0,36,gaussian_current,0.027966089328775305,0.42221946384423575
4.0,0,37,gaussian_current,0.04084322181605965,0.5140559360231722
4.0,0,38,gaussian_current,0.021077456344195132,0.56362470421614
4.0,0,39,gaussian_current,0.03317392320198005,0.4764328237059791
4.0,0,40,gaussian_current,0.03570819547748643,0.622714860335892
4.0,0,41,gaussian_current,0.030126044159973563,0.5419622480452441
4.0,0,42,gaussian_current,0.028089457830926805,0.511222944843315
4.0,0,43,gaussian_current,0.026316997462844213,0.2560938867598178
4.0,0,44,gaussian_current,0.03019307938597993,0.4873386167214596
4.0,0,45,gaussian_current,0.037215730240515284,0.5393471552872567
4.0,0,46,gaussian_current,0.04905607531839581,0.30997462781987667
4.0,0,47,gaussian_current,0.027639680964024967,0.5423608647194839
4.0,0,48,gaussian_current,0.040763803148232004,0.4304575125654854
4.0,0,49,gaussian_current,0.0325243153605706,0.48963426903101265
4.0,0,50,gaussian_current,0.03682934370204838,0.49447582128638373
4.0,0,51,gaussian_current,0.056389891817686645,0.6564693492399921
4.0,0,52,gaussian_current,0.02995307199087984,0.405209236716529
4.0,0,53,gaussian_current,0.030675517417738878,0.5746070280015031
4.0,0,54,gaussian_current,0.04278317211514253,0.5950566130600133
4.0,0,55,gaussian_current,0.038316339575855035,0.36573981051941246
4.0,0,56,gaussian_current,0.04945050298849672,0.39220869231746813
4.0,0,57,gaussian_current,0.03630963712753195,0.4685218696052916
4.0,0,58,gaussian_current,0.024551531446873595,0.5831525988340349
4.0,0,59,gaussian_current,0.03440483723999305,0.3985737671461004
4.0,0,60,gaussian_current,0.02574508644167714,0.626214601373589
4.0,0,61,gaussian_current,0.02982374978379069,0.5241641192475741
4.0,0,62,gaussian_current,0.03329695732444708,0.5578024691599374
4.0,0,63,gaussian_current,0.04017687150825976,0.31755722964339655
4.0,0,64,gaussian_current,0.032971311561124636,0.5165857963248173
4.0,0,1,diffusion_temporal,0.05662870779633522,0.5179875493049622
4.0,0,2,diffusion_temporal,0.061664730310440063,0.49592816829681396
4.0,0,3,diffusion_temporal,0.053119368851184845,0.46616852283477783
4.0,0,4,diffusion_temporal,0.035336729139089584,0.39864927530288696
4.0,0,5,diffusion_temporal,0.060996681451797485,0.2518250048160553
4.0,0,6,diffusion_temporal,0.06024792790412903,0.3663196861743927
4.0,0,7,diffusion_temporal,0.055144891142845154,0.03523753583431244
4.0,0,8,diffusion_temporal,0.052507154643535614,0.487272709608078
4.0,0,9,diffusion_temporal,0.06603502482175827,0.4516552984714508
4.0,0,10,diffusion_temporal,0.04493687301874161,0.3303219676017761
4.0,0,11,diffusion_temporal,0.041507966816425323,0.6280849575996399
4.0,0,12,diffusion_temporal,0.03806314989924431,0.5936301946640015
4.0,0,13,diffusion_temporal,0.038527436554431915,0.4596695303916931
4.0,0,14,diffusion_temporal,0.05341712385416031,0.12052648514509201
4.0,0,15,diffusion_temporal,0.05359378084540367,0.4831011891365051
4.0,0,16,diffusion_temporal,0.04289204627275467,0.49055859446525574
4.0,0,17,diffusion_temporal,0.05442572012543678,0.42857980728149414
4.0,0,18,diffusion_temporal,0.047332074493169785,0.40142133831977844
4.0,0,19,diffusion_temporal,0.03437871113419533,0.4409027099609375
4.0,0,20,diffusion_temporal,0.04775398597121239,0.14727455377578735
4.0,0,21,diffusion_temporal,0.04031386971473694,0.3935127854347229
4.0,0,22,diffusion_temporal,0.01876942813396454,0.6286907196044922
4.0,0,23,diffusion_temporal,0.028907187283039093,0.5048152804374695
4.0,0,24,diffusion_temporal,0.0326419472694397,0.4590047299861908
4.0,0,25,diffusion_temporal,0.04312918707728386,0.5569537878036499
4.0,0,26,diffusion_temporal,0.05650590360164642,-0.052338894456624985
4.0,0,27,diffusion_temporal,0.04837509244680405,0.46309393644332886
4.0,0,28,diffusion_temporal,0.04790979251265526,0.45823556184768677
4.0,0,29,diffusion_temporal,0.05358753353357315,0.17204469442367554
4.0,0,30,diffusion_temporal,0.05248560383915901,0.4738228917121887
4.0,0,31,diffusion_temporal,0.07861386239528656,0.40411874651908875
4.0,0,32,diffusion_temporal,0.0972750186920166,0.40403178334236145
4.0,0,33,diffusion_temporal,0.03569286689162254,0.5011737942695618
4.0,0,34,diffusion_temporal,0.08125370740890503,0.24078349769115448
4.0,0,35,diffusion_temporal,0.045559048652648926,0.3037020266056061
4.0,0,36,diffusion_temporal,0.03747721388936043,0.384784996509552
4.0,0,37,diffusion_temporal,0.059304457157850266,0.304475337266922
4.0,0,38,diffusion_temporal,0.02501050755381584,0.5726101994514465
4.0,0,39,diffusion_temporal,0.037277769297361374,0.526680588722229
4.0,0,40,diffusion_temporal,0.04064534977078438,0.5720141530036926
4.0,0,41,diffusion_temporal,0.04619906470179558,0.2978738844394684
4.0,0,42,diffusion_temporal,0.049302030354738235,0.30200400948524475
4.0,0,43,diffusion_temporal,0.029086129739880562,0.2799641788005829
4.0,0,44,diffusion_temporal,0.03565633296966553,0.5341542363166809
4.0,0,45,diffusion_temporal,0.047136180102825165,0.3969763517379761
4.0,0,46,diffusion_temporal,0.08521034568548203,-0.007122631650418043
4.0,0,47,diffusion_temporal,0.03746572136878967,0.44871047139167786
4.0,0,48,diffusion_temporal,0.05790599063038826,0.1951497346162796
4.0,0,49,diffusion_temporal,0.05520356446504593,0.27325302362442017
4.0,0,50,diffusion_temporal,0.046144794672727585,0.43919000029563904
4.0,0,51,diffusion_temporal,0.10115719586610794,0.2477169930934906
4.0,0,52,diffusion_temporal,0.05424579232931137,0.09894569218158722
4.0,0,53,diffusion_temporal,0.05633565038442612,0.22366173565387726
4.0,0,54,diffusion_temporal,0.04843984171748161,0.5373336672782898
4.0,0,55,diffusion_temporal,0.038928911089897156,0.4630041718482971
4.0,0,56,diffusion_temporal,0.07574184983968735,0.12003859132528305
4.0,0,57,diffusion_temporal,0.06089216470718384,0.13088306784629822
4.0,0,58,diffusion_temporal,0.034385982900857925,0.5054564476013184
4.0,0,59,diffusion_temporal,0.03462277352809906,0.4513514041900635
4.0,0,60,diffusion_temporal,0.041431717574596405,0.39408695697784424
4.0,0,61,diffusion_temporal,0.052072543650865555,0.3250977396965027
4.0,0,62,diffusion_temporal,0.03642559424042702,0.5643910765647888
4.0,0,63,diffusion_temporal,0.05761896073818207,0.18317270278930664
4.0,0,64,diffusion_temporal,0.04853125661611557,0.3305709958076477
4.0,0,1,diffusion_context_only,0.053774017840623856,0.5366384387016296
4.0,0,2,diffusion_context_only,0.057403355836868286,0.5266331434249878
4.0,0,3,diffusion_context_only,0.052857398986816406,0.45549196004867554
4.0,0,4,diffusion_context_only,0.03920930251479149,0.2978319227695465
4.0,0,5,diffusion_context_only,0.06550164520740509,0.1830022633075714
4.0,0,6,diffusion_context_only,0.05513036251068115,0.41822290420532227
4.0,0,7,diffusion_context_only,0.052694231271743774,0.08598381280899048
4.0,0,8,diffusion_context_only,0.05440819263458252,0.4621514678001404
4.0,0,9,diffusion_context_only,0.06832589209079742,0.42561012506484985
4.0,0,10,diffusion_context_only,0.04667453095316887,0.3284498453140259
4.0,0,11,diffusion_context_only,0.04120277240872383,0.635291337966919
4.0,0,12,diffusion_context_only,0.03542100265622139,0.618005096912384
4.0,0,13,diffusion_context_only,0.03933648020029068,0.4366694390773773
4.0,0,14,diffusion_context_only,0.058991439640522,0.049702469259500504
4.0,0,15,diffusion_context_only,0.06346786022186279,0.382101833820343
4.0,0,16,diffusion_context_only,0.044086623936891556,0.4877554774284363
4.0,0,17,diffusion_context_only,0.05883702635765076,0.3768581449985504
4.0,0,18,diffusion_context_only,0.05004272237420082,0.379580557346344
4.0,0,19,diffusion_context_only,0.03638909384608269,0.41880935430526733
4.0,0,20,diffusion_context_only,0.049361925572156906,0.14354221522808075
4.0,0,21,diffusion_context_only,0.040662020444869995,0.3652515709400177
4.0,0,22,diffusion_context_only,0.020797839388251305,0.5920029282569885
4.0,0,23,diffusion_context_only,0.03661618381738663,0.41578999161720276
4.0,0,24,diffusion_context_only,0.03454210236668587,0.423916757106781
4.0,0,25,diffusion_context_only,0.048058200627565384,0.4905525743961334
4.0,0,26,diffusion_context_only,0.05539129674434662,-0.009102650918066502
4.0,0,27,diffusion_context_only,0.04991312325000763,0.43619754910469055
4.0,0,28,diffusion_context_only,0.05093025416135788,0.4217492640018463
4.0,0,29,diffusion_context_only,0.05628110468387604,0.13478899002075195
4.0,0,30,diffusion_context_only,0.050073713064193726,0.49473604559898376
4.0,0,31,diffusion_context_only,0.08369085192680359,0.34486809372901917
4.0,0,32,diffusion_context_only,0.10271228849887848,0.3527359962463379
4.0,0,33,diffusion_context_only,0.03577469289302826,0.48916658759117126
4.0,0,34,diffusion_context_only,0.08164968341588974,0.21831224858760834
4.0,0,35,diffusion_context_only,0.04570058733224869,0.29763785004615784
4.0,0,36,diffusion_context_only,0.036702368408441544,0.4004420042037964
4.0,0,37,diffusion_context_only,0.06242867186665535,0.2858183681964874
4.0,0,38,diffusion_context_only,0.02466355636715889,0.561781108379364
4.0,0,39,diffusion_context_only,0.039835453033447266,0.4979972243309021
4.0,0,40,diffusion_context_only,0.042548809200525284,0.5455262660980225
4.0,0,41,diffusion_context_only,0.049400005489587784,0.26185211539268494
4.0,0,42,diffusion_context_only,0.049389131367206573,0.3180026113986969
4.0,0,43,diffusion_context_only,0.03007250465452671,0.3125074803829193
4.0,0,44,diffusion_context_only,0.03374730423092842,0.5260480642318726
4.0,0,45,diffusion_context_only,0.04986744001507759,0.353093683719635
4.0,0,46,diffusion_context_only,0.08793608844280243,-0.020961670204997063
4.0,0,47,diffusion_context_only,0.037918820977211,0.4484304189682007
4.0,0,48,diffusion_context_only,0.0644695982336998,0.13507585227489471
4.0,0,49,diffusion_context_only,0.05200735852122307,0.28546765446662903
4.0,0,50,diffusion_context_only,0.046850260347127914,0.4170357882976532
4.0,0,51,diffusion_context_only,0.10624852031469345,0.2113134115934372
4.0,0,52,diffusion_context_only,0.05577730014920235,0.08576075732707977
4.0,0,53,diffusion_context_only,0.061230506747961044,0.15352484583854675
4.0,0,54,diffusion_context_only,0.05139940232038498,0.49980810284614563
4.0,0,55,diffusion_context_only,0.04065452888607979,0.4421883821487427
4.0,0,56,diffusion_context_only,0.07588594406843185,0.10568848252296448
4.0,0,57,diffusion_context_only,0.0686759203672409,0.04486946389079094
4.0,0,58,diffusion_context_only,0.03659580275416374,0.47953712940216064
4.0,0,59,diffusion_context_only,0.03984722122550011,0.37402284145355225
4.0,0,60,diffusion_context_only,0.04124794527888298,0.39333564043045044
4.0,0,61,diffusion_context_only,0.054932352155447006,0.25769278407096863
4.0,0,62,diffusion_context_only,0.04071750491857529,0.5147690176963806
4.0,0,63,diffusion_context_only,0.05702388659119606,0.16933989524841309
4.0,0,64,diffusion_context_only,0.0514114573597908,0.27863961458206177
4.0,0,1,gaussian_context_only,0.041502284427585884,0.6872941721112409
4.0,0,2,gaussian_context_only,0.047988931669491135,0.6237189387219834
4.0,0,3,gaussian_context_only,0.03698839880393568,0.5378869162457126
4.0,0,4,gaussian_context_only,0.019954534742817172,0.49381127003477926
4.0,0,5,gaussian_context_only,0.046813002208137014,0.39317633771861665
4.0,0,6,gaussian_context_only,0.0506790484991769,0.40146802157377776
4.0,0,7,gaussian_context_only,0.03422714055690312,0.3187289042791144
4.0,0,8,gaussian_context_only,0.04420424479396921,0.5498070380117098
4.0,0,9,gaussian_context_only,0.04643000501561733,0.672205184667103
4.0,0,10,gaussian_context_only,0.033328748047440966,0.49176823760495264
4.0,0,11,gaussian_context_only,0.04586440294096727,0.5796788926415207
4.0,0,12,gaussian_context_only,0.03581136898495668,0.5808033437766632
4.0,0,13,gaussian_context_only,0.030415353870720512,0.5036957144675479
4.0,0,14,gaussian_context_only,0.034501879568173736,0.3431182209274194
4.0,0,15,gaussian_context_only,0.04057308202371451,0.6176238610605191
4.0,0,16,gaussian_context_only,0.029800933201458994,0.6497447622622958
4.0,0,17,gaussian_context_only,0.049590060026121506,0.45379918146940385
4.0,0,18,gaussian_context_only,0.041041402458180436,0.426960475250802
4.0,0,19,gaussian_context_only,0.028288532857327093,0.4091336973718792
4.0,0,20,gaussian_context_only,0.028153165927554746,0.31343455205024706
4.0,0,21,gaussian_context_only,0.03634481098789114,0.390701855897662
4.0,0,22,gaussian_context_only,0.020553571729935872,0.5695738122147361
4.0,0,23,gaussian_context_only,0.02514925913714343,0.5200832996663205
4.0,0,24,gaussian_context_only,0.03618532108768369,0.3468604761647297
4.0,0,25,gaussian_context_only,0.04922157164135937,0.4515678234992195
4.0,0,26,gaussian_context_only,0.04463909863883781,0.14708134652886742
4.0,0,27,gaussian_context_only,0.04157808433065415,0.5362515778162856
4.0,0,28,gaussian_context_only,0.03608343018915513,0.45800720990502036
4.0,0,29,gaussian_context_only,0.03999449441700527,0.28769470815649156
4.0,0,30,gaussian_context_only,0.05040403607979964,0.47132396842552116
4.0,0,31,gaussian_context_only,0.0766648341779782,0.4046088179282112
4.0,0,32,gaussian_context_only,0.09271585831309867,0.44649496616014966
4.0,0,33,gaussian_context_only,0.026497767008815343,0.5904848306360015
4.0,0,34,gaussian_context_only,0.07575856261657127,0.13987880588227958
4.0,0,35,gaussian_context_only,0.03896392694322928,0.3428057575556421
4.0,0,36,gaussian_context_only,0.027734135227434117,0.4281987384254314
4.0,0,37,gaussian_context_only,0.04572046933497857,0.4351049598380578
4.0,0,38,gaussian_context_only,0.02522876669238359,0.4540936989905099
4.0,0,39,gaussian_context_only,0.03349024605886661,0.45243919440054015
4.0,0,40,gaussian_context_only,0.038521877652517134,0.5839366607091004
4.0,0,41,gaussian_context_only,0.03694372277685892,0.4120213065651822
4.0,0,42,gaussian_context_only,0.03855814500698432,0.30415479563568476
4.0,0,43,gaussian_context_only,0.025291913950819492,0.294142387718747
4.0,0,44,gaussian_context_only,0.03349384238761109,0.43540681245474844
4.0,0,45,gaussian_context_only,0.03866403939314043,0.5088898448036276
4.0,0,46,gaussian_context_only,0.05505058934422867,0.20617766321776954
4.0,0,47,gaussian_context_only,0.033040802174438506,0.4562155479201474
4.0,0,48,gaussian_context_only,0.04640594788039745,0.35361591139999093
4.0,0,49,gaussian_context_only,0.03279218006867883,0.49691841190930636
4.0,0,50,gaussian_context_only,0.039853076939506245,0.429747480914747
4.0,0,51,gaussian_context_only,0.07602440545863813,0.4566908554591512
4.0,0,52,gaussian_context_only,0.03351096328226712,0.3116946480597066
4.0,0,53,gaussian_context_only,0.04038728116163635,0.38352816142150997
4.0,0,54,gaussian_context_only,0.0545776620630734,0.43576004903476584
4.0,0,55,gaussian_context_only,0.04235021803226304,0.31600544344798215
4.0,0,56,gaussian_context_only,0.0559493522062293,0.29114448488611216
4.0,0,57,gaussian_context_only,0.04194229314808911,0.37115861241176273
4.0,0,58,gaussian_context_only,0.030032808694092784,0.4667369294534296
4.0,0,59,gaussian_context_only,0.03689837114657797,0.3563459677544051
4.0,0,60,gaussian_context_only,0.02870157021444511,0.5718474153167122
4.0,0,61,gaussian_context_only,0.030165063287193827,0.4693390052027536
4.0,0,62,gaussian_context_only,0.036615889857554075,0.5045736975491866
4.0,0,63,gaussian_context_only,0.045162709700777424,0.22157525820652604
4.0,0,64,gaussian_context_only,0.037938931853442666,0.42670033211501895
4.0,0,1,gaussian_temporal,0.0413918042999927,0.6846579504040806
4.0,0,2,gaussian_temporal,0.04590396519283891,0.646260735614752
4.0,0,3,gaussian_temporal,0.0363205290715409,0.5481654163166954
4.0,0,4,gaussian_temporal,0.01798488090550696,0.5520578432771962
4.0,0,5,gaussian_temporal,0.04663950238234555,0.39687247646720325
4.0,0,6,gaussian_temporal,0.04888754329237346,0.4293210909277375
4.0,0,7,gaussian_temporal,0.033662246541190224,0.33514780198493216
4.0,0,8,gaussian_temporal,0.041011600806738734,0.5922162072105934
4.0,0,9,gaussian_temporal,0.04202435769091803,0.7136772884143335
4.0,0,10,gaussian_temporal,0.0320611464714406,0.5097913289004337
4.0,0,11,gaussian_temporal,0.04741276891418201,0.5562135327854282
4.0,0,12,gaussian_temporal,0.03498661492833683,0.5948823048552446
4.0,0,13,gaussian_temporal,0.027745065170355288,0.5550777011240413
4.0,0,14,gaussian_temporal,0.031726462808199296,0.4024467576737701
4.0,0,15,gaussian_temporal,0.03716148650097076,0.6591133982654829
4.0,0,16,gaussian_temporal,0.02989288013398849,0.647894215370026
4.0,0,17,gaussian_temporal,0.04889234797219511,0.4672345768597498
4.0,0,18,gaussian_temporal,0.0391940745584164,0.45984691995582755
4.0,0,19,gaussian_temporal,0.027125115160801593,0.4462751914936751
4.0,0,20,gaussian_temporal,0.02655537794231426,0.3438850889645356
4.0,0,21,gaussian_temporal,0.03190953085277298,0.4699579502262015
4.0,0,22,gaussian_temporal,0.019689701140018615,0.5823272008361233
4.0,0,23,gaussian_temporal,0.024889868328911036,0.5168733428388862
4.0,0,24,gaussian_temporal,0.03367915121006236,0.39499399209552843
4.0,0,25,gaussian_temporal,0.04705943815453811,0.4848942166670312
4.0,0,26,gaussian_temporal,0.04281192711117958,0.1638784807765233
4.0,0,27,gaussian_temporal,0.04109816166160231,0.542481391727332
4.0,0,28,gaussian_temporal,0.03236596217938213,0.523198104264721
4.0,0,29,gaussian_temporal,0.04030561559479056,0.28935364762436616
4.0,0,30,gaussian_temporal,0.049007456125713555,0.4925615980470025
4.0,0,31,gaussian_temporal,0.07348153390512839,0.4426919597651552
4.0,0,32,gaussian_temporal,0.08820565859788469,0.49374950861802597
4.0,0,33,gaussian_temporal,0.02733176143147707,0.5767352967586321
4.0,0,34,gaussian_temporal,0.0736554953561326,0.1710127830919629
4.0,0,35,gaussian_temporal,0.0386629249971983,0.3422534813814222
4.0,0,36,gaussian_temporal,0.029274177959187287,0.3997503745631657
4.0,0,37,gaussian_temporal,0.04286611186195159,0.4813403159946061
4.0,0,38,gaussian_temporal,0.023151653390765137,0.5015566026357865
4.0,0,39,gaussian_temporal,0.03351891327842731,0.4574251853504692
4.0,0,40,gaussian_temporal,0.03768046957861388,0.5951965362062906
4.0,0,41,gaussian_temporal,0.03657927561765501,0.4183902222623963
4.0,0,42,gaussian_temporal,0.03877164049723394,0.29965663489739786
4.0,0,43,gaussian_temporal,0.024891266373825008,0.3109691675020292
4.0,0,44,gaussian_temporal,0.03339982980370634,0.43717507755549617
4.0,0,45,gaussian_temporal,0.039081754640096014,0.5069380035552712
4.0,0,46,gaussian_temporal,0.053304430777837204,0.2312002791901724
4.0,0,47,gaussian_temporal,0.031019620886292173,0.4892807531142086
4.0,0,48,gaussian_temporal,0.04650435573137755,0.3589035217733311
4.0,0,49,gaussian_temporal,0.03160668711634552,0.5114726279482006
4.0,0,50,gaussian_temporal,0.03853128728551404,0.449001051511967
4.0,0,51,gaussian_temporal,0.07340991987388304,0.4842480969124589
4.0,0,52,gaussian_temporal,0.03451981883259352,0.3178911386288318
4.0,0,53,gaussian_temporal,0.03811884765939814,0.4243452399457072
4.0,0,54,gaussian_temporal,0.04947188439723341,0.5053954435075858
4.0,0,55,gaussian_temporal,0.04135109181184354,0.33220536620389807
4.0,0,56,gaussian_temporal,0.056904492748762345,0.28691362518046964
4.0,0,57,gaussian_temporal,0.042337930133839914,0.3683283982621099
4.0,0,58,gaussian_temporal,0.029675001609202428,0.4759165492425633
4.0,0,59,gaussian_temporal,0.03625580861557484,0.3686118173131025
4.0,0,60,gaussian_temporal,0.027259086512779744,0.597374254080482
4.0,0,61,gaussian_temporal,0.030497727590237642,0.4651352763011454
4.0,0,62,gaussian_temporal,0.03817819563555153,0.4821185175670449
4.0,0,63,gaussian_temporal,0.0434691535011505,0.2543795582588332
4.0,0,64,gaussian_temporal,0.037774942600090414,0.43113649775302054
4.0,0,1,public_fingerprint,0.06324687600135803,0.42065736651420593
4.0,0,2,public_fingerprint,0.08574394136667252,0.1621227264404297
4.0,0,3,public_fingerprint,0.06394641101360321,0.15528984367847443
4.0,0,4,public_fingerprint,0.02891477197408676,0.3265427350997925
4.0,0,5,public_fingerprint,0.054650045931339264,0.30481746792793274
4.0,0,6,public_fingerprint,0.06921554356813431,0.15848305821418762
4.0,0,7,public_fingerprint,0.03743651509284973,0.29322710633277893
4.0,0,8,public_fingerprint,0.06017283350229263,0.32742103934288025
4.0,0,9,public_fingerprint,0.07939185947179794,0.27260810136795044
4.0,0,10,public_fingerprint,0.0491991825401783,0.23022402822971344
4.0,0,11,public_fingerprint,0.07108959555625916,0.243391215801239
4.0,0,12,public_fingerprint,0.04463527724146843,0.4520973265171051
4.0,0,13,public_fingerprint,0.042948294430971146,0.30040186643600464
4.0,0,14,public_fingerprint,0.04091872274875641,0.22233618795871735
4.0,0,15,public_fingerprint,0.07281725108623505,0.19063414633274078
4.0,0,16,public_fingerprint,0.05888926982879639,0.20964431762695312
4.0,0,17,public_fingerprint,0.07493165135383606,0.12363294512033463
4.0,0,18,public_fingerprint,0.0444120354950428,0.4018229842185974
4.0,0,19,public_fingerprint,0.04304521158337593,0.1820189654827118
4.0,0,20,public_fingerprint,0.040776241570711136,0.11121239513158798
4.0,0,21,public_fingerprint,0.03240125626325607,0.4836181104183197
4.0,0,22,public_fingerprint,0.026580819860100746,0.47297123074531555
4.0,0,23,public_fingerprint,0.03086986392736435,0.44487908482551575
4.0,0,24,public_fingerprint,0.0409339964389801,0.27022585272789
4.0,0,25,public_fingerprint,0.07658647000789642,0.09734394401311874
4.0,0,26,public_fingerprint,0.03673814609646797,0.3664543628692627
4.0,0,27,public_fingerprint,0.07328976690769196,0.11641420423984528
4.0,0,28,public_fingerprint,0.05593697726726532,0.1734299659729004
4.0,0,29,public_fingerprint,0.054876524955034256,0.08272869139909744
4.0,0,30,public_fingerprint,0.07749184221029282,0.14867645502090454
4.0,0,31,public_fingerprint,0.10591908544301987,0.10609126836061478
4.0,0,32,public_fingerprint,0.10940711945295334,0.2953178286552429
4.0,0,33,public_fingerprint,0.0429941825568676,0.3652503490447998
4.0,0,34,public_fingerprint,0.10326232761144638,-0.08169683814048767
4.0,0,35,public_fingerprint,0.05776931345462799,0.13209815323352814
4.0,0,36,public_fingerprint,0.02754303626716137,0.5304149389266968
4.0,0,37,public_fingerprint,0.03983980789780617,0.5605023503303528
4.0,0,38,public_fingerprint,0.03567955642938614,0.3859255313873291
4.0,0,39,public_fingerprint,0.03561453893780708,0.4942072629928589
4.0,0,40,public_fingerprint,0.04565854370594025,0.5113919377326965
4.0,0,41,public_fingerprint,0.051656562834978104,0.2676708698272705
4.0,0,42,public_fingerprint,0.033992066979408264,0.4814692437648773
4.0,0,43,public_fingerprint,0.02911486104130745,0.3727039396762848
4.0,0,44,public_fingerprint,0.04386783018708229,0.32975658774375916
4.0,0,45,public_fingerprint,0.06673116981983185,0.1874326914548874
4.0,0,46,public_fingerprint,0.07621166110038757,0.01814444735646248
4.0,0,47,public_fingerprint,0.03602217882871628,0.4838135838508606
4.0,0,48,public_fingerprint,0.05120395869016647,0.3617073893547058
4.0,0,49,public_fingerprint,0.045085303485393524,0.3702540695667267
4.0,0,50,public_fingerprint,0.04144274443387985,0.4813941717147827
4.0,0,51,public_fingerprint,0.06860959529876709,0.5371635556221008
4.0,0,52,public_fingerprint,0.06270718574523926,-0.13940872251987457
4.0,0,53,public_fingerprint,0.048753298819065094,0.3548826575279236
4.0,0,54,public_fingerprint,0.08519908040761948,0.1444157361984253
4.0,0,55,public_fingerprint,0.044205863028764725,0.36721566319465637
4.0,0,56,public_fingerprint,0.037518300116062164,0.5738914012908936
4.0,0,57,public_fingerprint,0.0620693564414978,0.18426674604415894
4.0,0,58,public_fingerprint,0.033950041979551315,0.4946061074733734
4.0,0,59,public_fingerprint,0.07245146483182907,-0.06959427893161774
4.0,0,60,public_fingerprint,0.027701392769813538,0.6356469392776489
4.0,0,61,public_fingerprint,0.03885307163000107,0.4225892722606659
4.0,0,62,public_fingerprint,0.04276520386338234,0.470696359872818
4.0,0,63,public_fingerprint,0.04173586517572403,0.3700774312019348
4.0,0,64,public_fingerprint,0.04998139292001724,0.3212149441242218
4.0,0,1,noisy,207.81503295898438,0.027398861944675446
4.0,0,2,noisy,205.1323699951172,0.013774210587143898
4.0,0,3,noisy,205.21798706054688,0.00792368408292532
4.0,0,4,noisy,206.70774841308594,0.01953100599348545
4.0,0,5,noisy,202.1375732421875,0.02222677320241928
4.0,0,6,noisy,206.356201171875,0.0035541399847716093
4.0,0,7,noisy,205.89505004882812,2.901240804931149e-05
4.0,0,8,noisy,203.98321533203125,0.019477803260087967
4.0,0,9,noisy,205.5446014404297,0.01674233004450798
4.0,0,10,noisy,205.49903869628906,0.002086401917040348
4.0,0,11,noisy,204.04286193847656,0.014796157367527485
4.0,0,12,noisy,202.05419921875,0.011148182675242424
4.0,0,13,noisy,206.87184143066406,0.018880901858210564
4.0,0,14,noisy,208.22360229492188,0.022752799093723297
4.0,0,15,noisy,210.4256134033203,0.022769741714000702
4.0,0,16,noisy,207.29991149902344,0.009416329674422741
4.0,0,17,noisy,208.16539001464844,0.01038326881825924
4.0,0,18,noisy,207.9554901123047,0.006922448053956032
4.0,0,19,noisy,206.11572265625,0.014265002682805061
4.0,0,20,noisy,208.95199584960938,0.0016715332167223096
4.0,0,21,noisy,204.9185791015625,0.025071443989872932
4.0,0,22,noisy,204.8505859375,0.0025452456902712584
4.0,0,23,noisy,205.58302307128906,0.004462652839720249
4.0,0,24,noisy,207.47523498535156,0.00900408998131752
4.0,0,25,noisy,206.4132080078125,0.04187026992440224
4.0,0,26,noisy,204.35858154296875,-0.01414537150412798
4.0,0,27,noisy,207.2633819580078,0.024847833439707756
4.0,0,28,noisy,212.63949584960938,0.01876717247068882
4.0,0,29,noisy,206.90463256835938,0.010744956322014332
4.0,0,30,noisy,210.06875610351562,0.006756030023097992
4.0,0,31,noisy,205.817138671875,0.0338934101164341
4.0,0,32,noisy,206.7221221923828,0.024573996663093567
4.0,0,33,noisy,208.0133514404297,0.015880605205893517
4.0,0,34,noisy,206.64244079589844,0.014533767476677895
4.0,0,35,noisy,211.1226348876953,0.010019931942224503
4.0,0,36,noisy,203.93972778320312,0.0009109059465117753
4.0,0,37,noisy,206.70693969726562,0.006395603995770216
4.0,0,38,noisy,209.43203735351562,0.014233898371458054
4.0,0,39,noisy,205.70864868164062,0.020486727356910706
4.0,0,40,noisy,208.4480743408203,0.02337072230875492
4.0,0,41,noisy,209.72186279296875,0.008406347595155239
4.0,0,42,noisy,208.58660888671875,0.023517202585935593
4.0,0,43,noisy,207.09201049804688,-0.00021664879750460386
4.0,0,44,noisy,210.18028259277344,0.017938116565346718
4.0,0,45,noisy,205.1959991455078,0.015157167799770832
4.0,0,46,noisy,212.47930908203125,0.010778071358799934
4.0,0,47,noisy,205.44781494140625,0.007373762782663107
4.0,0,48,noisy,207.2846221923828,0.01647369936108589
4.0,0,49,noisy,203.78399658203125,0.007330062333494425
4.0,0,50,noisy,205.12364196777344,0.016551941633224487
4.0,0,51,noisy,205.2940673828125,0.02765287458896637
4.0,0,52,noisy,212.10491943359375,0.01710962876677513
4.0,0,53,noisy,206.5204620361328,0.029119295999407768
4.0,0,54,noisy,205.9533233642578,0.023253951221704483
4.0,0,55,noisy,204.44903564453125,0.017364701256155968
4.0,0,56,noisy,205.7310791015625,0.01521812379360199
4.0,0,57,noisy,210.84921264648438,0.024239927530288696
4.0,0,58,noisy,212.93431091308594,0.01912299543619156
4.0,0,59,noisy,204.95298767089844,0.012068748474121094
4.0,0,60,noisy,209.12440490722656,0.025788238272070885
4.0,0,61,noisy,205.54563903808594,0.023060474544763565
4.0,0,62,noisy,206.19696044921875,0.014718033373355865
4.0,0,63,noisy,209.16860961914062,0.016797354444861412
4.0,0,64,noisy,205.627685546875,0.023257846012711525
4.0,0,1,zero,0.07546552270650864,0.0
4.0,0,2,zero,0.07684040069580078,0.0
4.0,0,3,zero,0.0514252595603466,0.0
4.0,0,4,zero,0.020319528877735138,0.0
4.0,0,5,zero,0.053139667958021164,0.0
4.0,0,6,zero,0.05889037996530533,0.0
4.0,0,7,zero,0.031110038980841637,0.0
4.0,0,8,zero,0.06316276639699936,0.0
4.0,0,9,zero,0.08135263621807098,0.0
4.0,0,10,zero,0.042035896331071854,0.0
4.0,0,11,zero,0.0684666708111763,0.0
4.0,0,12,zero,0.053958822041749954,0.0
4.0,0,13,zero,0.039073824882507324,0.0
4.0,0,14,zero,0.030875390395522118,0.0
4.0,0,15,zero,0.06558234989643097,0.0
4.0,0,16,zero,0.0514102429151535,0.0
4.0,0,17,zero,0.06218067184090614,0.0
4.0,0,18,zero,0.048350706696510315,0.0
4.0,0,19,zero,0.02985246852040291,0.0
4.0,0,20,zero,0.022548453882336617,0.0
4.0,0,21,zero,0.03763003647327423,0.0
4.0,0,22,zero,0.026702573522925377,0.0
4.0,0,23,zero,0.031550075858831406,0.0
4.0,0,24,zero,0.03248487412929535,0.0
4.0,0,25,zero,0.060448650270700455,0.0
4.0,0,26,zero,0.03362107276916504,0.0
4.0,0,27,zero,0.057788949459791183,0.0
4.0,0,28,zero,0.04334303364157677,0.0
4.0,0,29,zero,0.03460105136036873,0.0
4.0,0,30,zero,0.06445123255252838,0.0
4.0,0,31,zero,0.09082292020320892,0.0
4.0,0,32,zero,0.11554393172264099,0.0
4.0,0,33,zero,0.0399327427148819,0.0
4.0,0,34,zero,0.06828255951404572,0.0
4.0,0,35,zero,0.037344492971897125,0.0
4.0,0,36,zero,0.028757305815815926,0.0
4.0,0,37,zero,0.054816074669361115,0.0
4.0,0,38,zero,0.026656221598386765,0.0
4.0,0,39,zero,0.03893920034170151,0.0
4.0,0,40,zero,0.05830937996506691,0.0
4.0,0,41,zero,0.04034850001335144,0.0
4.0,0,42,zero,0.033260151743888855,0.0
4.0,0,43,zero,0.012405915185809135,0.0
4.0,0,44,zero,0.03327656909823418,0.0
4.0,0,45,zero,0.04996202886104584,0.0
4.0,0,46,zero,0.045163173228502274,0.0
4.0,0,47,zero,0.03622336685657501,0.0
4.0,0,48,zero,0.04585982486605644,0.0
4.0,0,49,zero,0.038370758295059204,0.0
4.0,0,50,zero,0.0453222393989563,0.0
4.0,0,51,zero,0.09588649123907089,0.0
4.0,0,52,zero,0.021859770640730858,0.0
4.0,0,53,zero,0.04143345355987549,0.0
4.0,0,54,zero,0.06614887714385986,0.0
4.0,0,55,zero,0.037487078458070755,0.0
4.0,0,56,zero,0.05249562859535217,0.0
4.0,0,57,zero,0.04208605736494064,0.0
4.0,0,58,zero,0.033691681921482086,0.0
4.0,0,59,zero,0.03473273292183876,0.0
4.0,0,60,zero,0.041507918387651443,0.0
4.0,0,61,zero,0.03424562141299248,0.0
4.0,0,62,zero,0.04704555869102478,0.0
4.0,0,63,zero,0.03304199129343033,0.0
4.0,0,64,zero,0.04118429496884346,0.0
4.0,0,1,projection_oracle,0.010746004991233349,0.9283711314201355
4.0,0,2,projection_oracle,0.009471636265516281,0.938349187374115
4.0,0,3,projection_oracle,0.009545911103487015,0.9073610305786133
4.0,0,4,projection_oracle,0.007205730304121971,0.8377783298492432
4.0,0,5,projection_oracle,0.015447335317730904,0.8486136198043823
4.0,0,6,projection_oracle,0.010796907357871532,0.9083194732666016
4.0,0,7,projection_oracle,0.009183421730995178,0.8577520847320557
4.0,0,8,projection_oracle,0.010370125994086266,0.9160040616989136
4.0,0,9,projection_oracle,0.009473618119955063,0.9415075182914734
4.0,0,10,projection_oracle,0.010327164083719254,0.8770822882652283
4.0,0,11,projection_oracle,0.010646832175552845,0.9209471344947815
4.0,0,12,projection_oracle,0.009699695743620396,0.9089466333389282
4.0,0,13,projection_oracle,0.012517018243670464,0.839553713798523
4.0,0,14,projection_oracle,0.009575216099619865,0.8493726253509521
4.0,0,15,projection_oracle,0.012858245521783829,0.9011756777763367
4.0,0,16,projection_oracle,0.009323446080088615,0.9085575342178345
4.0,0,17,projection_oracle,0.00888464879244566,0.9292743802070618
4.0,0,18,projection_oracle,0.011406547389924526,0.8804998993873596
4.0,0,19,projection_oracle,0.010439177043735981,0.8280364871025085
4.0,0,20,projection_oracle,0.01055796630680561,0.790347158908844
4.0,0,21,projection_oracle,0.010253367945551872,0.8608996868133545
4.0,0,22,projection_oracle,0.008833934552967548,0.8373609781265259
4.0,0,23,projection_oracle,0.009394128806889057,0.8528083562850952
4.0,0,24,projection_oracle,0.00907138828188181,0.862117350101471
4.0,0,25,projection_oracle,0.013033478520810604,0.8917710185050964
4.0,0,26,projection_oracle,0.010196669958531857,0.8471698760986328
4.0,0,27,projection_oracle,0.01379397138953209,0.8792353868484497
4.0,0,28,projection_oracle,0.014532447792589664,0.8267033100128174
4.0,0,29,projection_oracle,0.010920844040811062,0.847213864326477
4.0,0,30,projection_oracle,0.011181676760315895,0.9132607579231262
4.0,0,31,projection_oracle,0.01601252518594265,0.909838855266571
4.0,0,32,projection_oracle,0.01877453736960888,0.9165348410606384
4.0,0,33,projection_oracle,0.010979128070175648,0.8592982292175293
4.0,0,34,projection_oracle,0.01783696934580803,0.8653681874275208
4.0,0,35,projection_oracle,0.012383775785565376,0.8363050222396851
4.0,0,36,projection_oracle,0.010001069866120815,0.8316779732704163
4.0,0,37,projection_oracle,0.011769994162023067,0.8916633725166321
4.0,0,38,projection_oracle,0.011467822827398777,0.7947021722793579
4.0,0,39,projection_oracle,0.012999377213418484,0.8303762674331665
4.0,0,40,projection_oracle,0.015442214906215668,0.8631734848022461
4.0,0,41,projection_oracle,0.013277404941618443,0.8331088423728943
4.0,0,42,projection_oracle,0.012828683480620384,0.8139059543609619
4.0,0,43,projection_oracle,0.010973644442856312,0.6443476676940918
4.0,0,44,projection_oracle,0.0124136321246624,0.8126314282417297
4.0,0,45,projection_oracle,0.015421105548739433,0.8453356027603149
4.0,0,46,projection_oracle,0.014877592213451862,0.8382638096809387
4.0,0,47,projection_oracle,0.01319096703082323,0.8166090846061707
4.0,0,48,projection_oracle,0.011363285593688488,0.8779877424240112
4.0,0,49,projection_oracle,0.01117619313299656,0.8575818538665771
4.0,0,50,projection_oracle,0.011948472820222378,0.8684582710266113
4.0,0,51,projection_oracle,0.01765451580286026,0.9042907953262329
4.0,0,52,projection_oracle,0.012966901995241642,0.7403748631477356
4.0,0,53,projection_oracle,0.013435913249850273,0.8354621529579163
4.0,0,54,projection_oracle,0.0183268915861845,0.8548455834388733
4.0,0,55,projection_oracle,0.015643106773495674,0.7904258966445923
4.0,0,56,projection_oracle,0.012910161167383194,0.8757961988449097
4.0,0,57,projection_oracle,0.01443671714514494,0.8284330368041992
4.0,0,58,projection_oracle,0.010772943496704102,0.8429856896400452
4.0,0,59,projection_oracle,0.01377997174859047,0.8042923808097839
4.0,0,60,projection_oracle,0.013331488706171513,0.8343693017959595
4.0,0,61,projection_oracle,0.01236385852098465,0.8184559345245361
4.0,0,62,projection_oracle,0.011676945723593235,0.8734322190284729
4.0,0,63,projection_oracle,0.016326984390616417,0.7526836395263672
4.0,0,64,projection_oracle,0.016136985272169113,0.8019786477088928
4.0,1,1,gaussian_current,0.020550082736944336,0.4773448180597561
4.0,1,2,gaussian_current,0.02876366660885642,0.6355965881519576
4.0,1,3,gaussian_current,0.05099521726352077,0.4817810617224776
4.0,1,4,gaussian_current,0.0227674338589218,0.6524922742391099
4.0,1,5,gaussian_current,0.04479208018197246,0.3820180579195411
4.0,1,6,gaussian_current,0.02182725551727338,0.746851512224513
4.0,1,7,gaussian_current,0.0524340246296795,0.3899246961609435
4.0,1,8,gaussian_current,0.02411658441053852,0.6902297639420752
4.0,1,9,gaussian_current,0.04040078528170433,0.5713655292458564
4.0,1,10,gaussian_current,0.02703378038936653,0.476748979870308
4.0,1,11,gaussian_current,0.024365857448437642,0.512356740430953
4.0,1,12,gaussian_current,0.023065885857881024,0.6204340539942685
4.0,1,13,gaussian_current,0.0402573732303016,0.43203346738318177
4.0,1,14,gaussian_current,0.02262577119513591,0.5255675228978711
4.0,1,15,gaussian_current,0.040007574960941684,0.36954125280215777
4.0,1,16,gaussian_current,0.036201706364645155,0.3600604253298331
4.0,1,17,gaussian_current,0.027663029818294275,0.46718773501518907
4.0,1,18,gaussian_current,0.019800314583628346,0.5411915151879515
4.0,1,19,gaussian_current,0.041798455413348236,0.3992895628749276
4.0,1,20,gaussian_current,0.02431829984712131,0.572935123630745
4.0,1,21,gaussian_current,0.021238755470150975,0.6896908788028644
4.0,1,22,gaussian_current,0.021337703506149816,0.45794194428862334
4.0,1,23,gaussian_current,0.039792043364806615,0.37031475221384286
4.0,1,24,gaussian_current,0.046108083865526346,0.6405643976934281
4.0,1,25,gaussian_current,0.028235307049807493,0.4751879599295751
4.0,1,26,gaussian_current,0.05142761039414216,0.4951206351085468
4.0,1,27,gaussian_current,0.04867178313935076,0.42615344406440786
4.0,1,28,gaussian_current,0.04222031609441132,0.2769884993361441
4.0,1,29,gaussian_current,0.03837226467777718,0.1838116543732105
4.0,1,30,gaussian_current,0.037795858820670596,0.47777963619106595
4.0,1,31,gaussian_current,0.03175832325340347,0.5525568662102299
4.0,1,32,gaussian_current,0.040142618332932804,0.10968782910436391
4.0,1,33,gaussian_current,0.03722019531226088,0.38213161775775345
4.0,1,34,gaussian_current,0.04917919804887565,0.40170346613559443
4.0,1,35,gaussian_current,0.049542892948849435,0.39987498994517806
4.0,1,36,gaussian_current,0.02945227518274856,0.40448346373620475
4.0,1,37,gaussian_current,0.03765333979934918,0.3517562143787825
4.0,1,38,gaussian_current,0.04451244647589083,0.4530941454845499
4.0,1,39,gaussian_current,0.042208513918526015,0.4770475321040862
4.0,1,40,gaussian_current,0.03624371406557965,0.5656142997812427
4.0,1,41,gaussian_current,0.05524107043080896,0.4535104268462986
4.0,1,42,gaussian_current,0.05073740363406061,0.5473986406271699
4.0,1,43,gaussian_current,0.03155650704161544,0.5228212896548662
4.0,1,44,gaussian_current,0.023051346675165594,0.6595746118674299
4.0,1,45,gaussian_current,0.04554799257820996,0.5350473308392673
4.0,1,46,gaussian_current,0.03248591325578595,0.4655177539077692
4.0,1,47,gaussian_current,0.04701485745948683,0.471048089222786
4.0,1,48,gaussian_current,0.03406560257489412,0.3949340120541172
4.0,1,49,gaussian_current,0.032073507003771415,0.6258296123640195
4.0,1,50,gaussian_current,0.05117553050941905,0.2492067793099966
4.0,1,51,gaussian_current,0.03744984728115497,0.6033194183884116
4.0,1,52,gaussian_current,0.025531994452903897,0.5497293479571779
4.0,1,53,gaussian_current,0.04802938705700649,0.37043684730504334
4.0,1,54,gaussian_current,0.05012780946418012,0.22483750670682695
4.0,1,55,gaussian_current,0.04191185495449459,0.384354370236786
4.0,1,56,gaussian_current,0.033758455975700735,0.5362253231895677
4.0,1,57,gaussian_current,0.030203092322130757,0.595631574590333
4.0,1,58,gaussian_current,0.05010336048077119,0.4325101293930734
4.0,1,59,gaussian_current,0.03582801317723266,0.5053815304463476
4.0,1,60,gaussian_current,0.041484340619373075,0.5521802336823362
4.0,1,61,gaussian_current,0.05496819356734047,0.3847541491208485
4.0,1,62,gaussian_current,0.04721332789695166,0.5157024635770086
4.0,1,63,gaussian_current,0.02999758013184943,0.5047494657094205
4.0,1,64,gaussian_current,0.03521153537613681,0.4822075532894192
4.0,1,1,diffusion_temporal,0.03160843253135681,0.36917784810066223
4.0,1,2,diffusion_temporal,0.04378214851021767,0.4093005061149597
4.0,1,3,diffusion_temporal,0.06657867133617401,0.30519717931747437
4.0,1,4,diffusion_temporal,0.02688070945441723,0.649937093257904
4.0,1,5,diffusion_temporal,0.04858433082699776,0.3147415220737457
4.0,1,6,diffusion_temporal,0.03925883769989014,0.5428056120872498
4.0,1,7,diffusion_temporal,0.0716233178973198,0.2571891248226166
4.0,1,8,diffusion_temporal,0.03368193283677101,0.6113982200622559
4.0,1,9,diffusion_temporal,0.04627647623419762,0.5352758169174194
4.0,1,10,diffusion_temporal,0.04161452129483223,0.1824427992105484
4.0,1,11,diffusion_temporal,0.035001471638679504,0.3728145360946655
4.0,1,12,diffusion_temporal,0.03690779209136963,0.4175465703010559
4.0,1,13,diffusion_temporal,0.07018183171749115,0.05067478120326996
4.0,1,14,diffusion_temporal,0.03900941088795662,0.29397037625312805
4.0,1,15,diffusion_temporal,0.042754288762807846,0.33302944898605347
4.0,1,16,diffusion_temporal,0.049357011914253235,0.28151431679725647
4.0,1,17,diffusion_temporal,0.03065243922173977,0.43662121891975403
4.0,1,18,diffusion_temporal,0.02343437820672989,0.528619110584259
4.0,1,19,diffusion_temporal,0.044427353888750076,0.40864378213882446
4.0,1,20,diffusion_temporal,0.03328971192240715,0.5249409079551697
4.0,1,21,diffusion_temporal,0.03290889039635658,0.5106506943702698
4.0,1,22,diffusion_temporal,0.03434792906045914,0.14848732948303223
4.0,1,23,diffusion_temporal,0.06103889271616936,0.223570317029953
4.0,1,24,diffusion_temporal,0.07452987134456635,0.3252394497394562
4.0,1,25,diffusion_temporal,0.052239444106817245,0.20463331043720245
4.0,1,26,diffusion_temporal,0.07020735740661621,0.3219548165798187
4.0,1,27,diffusion_temporal,0.07461605221033096,0.1336688995361328
4.0,1,28,diffusion_temporal,0.06930335611104965,0.07994043827056885
4.0,1,29,diffusion_temporal,0.04853460192680359,0.011435220018029213
4.0,1,30,diffusion_temporal,0.047965146601200104,0.4069623649120331
4.0,1,31,diffusion_temporal,0.039293721318244934,0.4456189274787903
4.0,1,32,diffusion_temporal,0.04260038956999779,0.10507782548666
4.0,1,33,diffusion_temporal,0.07593519240617752,-0.15299192070960999
4.0,1,34,diffusion_temporal,0.05323326587677002,0.4356932044029236
4.0,1,35,diffusion_temporal,0.06451986730098724,0.2644153833389282
4.0,1,36,diffusion_temporal,0.03517616540193558,0.403600811958313
4.0,1,37,diffusion_temporal,0.04160704463720322,0.3590809106826782
4.0,1,38,diffusion_temporal,0.0530381016433239,0.4603408873081207
4.0,1,39,diffusion_temporal,0.061367105692625046,0.2815955579280853
4.0,1,40,diffusion_temporal,0.05088604614138603,0.4209741950035095
4.0,1,41,diffusion_temporal,0.06666730344295502,0.3114180564880371
4.0,1,42,diffusion_temporal,0.06965609639883041,0.3538820743560791
4.0,1,43,diffusion_temporal,0.04250350967049599,0.4228804409503937
4.0,1,44,diffusion_temporal,0.03691669926047325,0.474962443113327
4.0,1,45,diffusion_temporal,0.05064314603805542,0.4706538915634155
4.0,1,46,diffusion_temporal,0.02712252363562584,0.6098751425743103
4.0,1,47,diffusion_temporal,0.06701231747865677,0.29225143790245056
4.0,1,48,diffusion_temporal,0.038018930703401566,0.3741869032382965
4.0,1,49,diffusion_temporal,0.044494811445474625,0.5064756870269775
4.0,1,50,diffusion_temporal,0.06931980699300766,0.18182742595672607
4.0,1,51,diffusion_temporal,0.08079179376363754,0.18631865084171295
4.0,1,52,diffusion_temporal,0.03706913813948631,0.4063076674938202
4.0,1,53,diffusion_temporal,0.052084531635046005,0.37875574827194214
4.0,1,54,diffusion_temporal,0.05210869759321213,0.2091687172651291
4.0,1,55,diffusion_temporal,0.04475339874625206,0.49556854367256165
4.0,1,56,diffusion_temporal,0.04504847526550293,0.4438583254814148
4.0,1,57,diffusion_temporal,0.046957723796367645,0.43877390027046204
4.0,1,58,diffusion_temporal,0.04931986331939697,0.47757384181022644
4.0,1,59,diffusion_temporal,0.04810774326324463,0.38605770468711853
4.0,1,60,diffusion_temporal,0.06755666434764862,0.2679573595523834
4.0,1,61,diffusion_temporal,0.06469692289829254,0.2801794707775116
4.0,1,62,diffusion_temporal,0.06878302246332169,0.3367217481136322
4.0,1,63,diffusion_temporal,0.04615510627627373,0.2702643573284149
4.0,1,64,diffusion_temporal,0.06571176648139954,0.12610138952732086
4.0,1,1,diffusion_context_only,0.028796259313821793,0.31316709518432617
4.0,1,2,diffusion_context_only,0.03519342467188835,0.5396071672439575
4.0,1,3,diffusion_context_only,0.0686216726899147,0.3058418035507202
4.0,1,4,diffusion_context_only,0.02623199298977852,0.6634502410888672
4.0,1,5,diffusion_context_only,0.05155474320054054,0.28733494877815247
4.0,1,6,diffusion_context_only,0.04732149466872215,0.44099077582359314
4.0,1,7,diffusion_context_only,0.0815410315990448,0.19544492661952972
4.0,1,8,diffusion_context_only,0.0327996127307415,0.6148757338523865
4.0,1,9,diffusion_context_only,0.04517209157347679,0.5389807820320129
4.0,1,10,diffusion_context_only,0.042664870619773865,0.14733633399009705
4.0,1,11,diffusion_context_only,0.0359070710837841,0.3435840606689453
4.0,1,12,diffusion_context_only,0.038830485194921494,0.37898778915405273
4.0,1,13,diffusion_context_only,0.06684255599975586,0.04819590970873833
4.0,1,14,diffusion_context_only,0.03944758325815201,0.2771252691745758
4.0,1,15,diffusion_context_only,0.0430811271071434,0.3140771985054016
4.0,1,16,diffusion_context_only,0.04860042780637741,0.29768845438957214
4.0,1,17,diffusion_context_only,0.03303496912121773,0.3843511641025543
4.0,1,18,diffusion_context_only,0.023354651406407356,0.5100045204162598
4.0,1,19,diffusion_context_only,0.04211565852165222,0.43512287735939026
4.0,1,20,diffusion_context_only,0.03734466806054115,0.45920172333717346
4.0,1,21,diffusion_context_only,0.037208035588264465,0.45195621252059937
4.0,1,22,diffusion_context_only,0.034158747643232346,0.15643593668937683
4.0,1,23,diffusion_context_only,0.06208140403032303,0.21623699367046356
4.0,1,24,diffusion_context_only,0.08897565305233002,0.1496863216161728
4.0,1,25,diffusion_context_only,0.04941413924098015,0.219178706407547
4.0,1,26,diffusion_context_only,0.07581249624490738,0.266641765832901
4.0,1,27,diffusion_context_only,0.08062661439180374,0.08753103017807007
4.0,1,28,diffusion_context_only,0.0689178928732872,0.09859630465507507
4.0,1,29,diffusion_context_only,0.04745514690876007,0.015672244131565094
4.0,1,30,diffusion_context_only,0.04985334351658821,0.37610992789268494
4.0,1,31,diffusion_context_only,0.04075077548623085,0.4246227443218231
4.0,1,32,diffusion_context_only,0.044832561165094376,0.026985645294189453
4.0,1,33,diffusion_context_only,0.07905493676662445,-0.1694096326828003
4.0,1,34,diffusion_context_only,0.05211223289370537,0.43522143363952637
4.0,1,35,diffusion_context_only,0.062305621802806854,0.2939210534095764
4.0,1,36,diffusion_context_only,0.03436209633946419,0.40849605202674866
4.0,1,37,diffusion_context_only,0.03819688782095909,0.40085452795028687
4.0,1,38,diffusion_context_only,0.05329371243715286,0.46491703391075134
4.0,1,39,diffusion_context_only,0.06006129831075668,0.29615312814712524
4.0,1,40,diffusion_context_only,0.054651662707328796,0.38083332777023315
4.0,1,41,diffusion_context_only,0.06968977302312851,0.2706223130226135
4.0,1,42,diffusion_context_only,0.07700683176517487,0.26930925250053406
4.0,1,43,diffusion_context_only,0.04852372407913208,0.34820428490638733
4.0,1,44,diffusion_context_only,0.038897350430488586,0.4422903060913086
4.0,1,45,diffusion_context_only,0.04892459511756897,0.489200621843338
4.0,1,46,diffusion_context_only,0.028668943792581558,0.5821682810783386
4.0,1,47,diffusion_context_only,0.06586271524429321,0.2848479747772217
4.0,1,48,diffusion_context_only,0.039124179631471634,0.36689966917037964
4.0,1,49,diffusion_context_only,0.045327480882406235,0.48652175068855286
4.0,1,50,diffusion_context_only,0.06949826329946518,0.1691708266735077
4.0,1,51,diffusion_context_only,0.08717966079711914,0.12572573125362396
4.0,1,52,diffusion_context_only,0.03985873982310295,0.3471248745918274
4.0,1,53,diffusion_context_only,0.05539071559906006,0.31776610016822815
4.0,1,54,diffusion_context_only,0.05023694783449173,0.21055588126182556
4.0,1,55,diffusion_context_only,0.0484328418970108,0.43938156962394714
4.0,1,56,diffusion_context_only,0.04551510140299797,0.4445653557777405
4.0,1,57,diffusion_context_only,0.04945039376616478,0.42058902978897095
4.0,1,58,diffusion_context_only,0.05093885958194733,0.4576030969619751
4.0,1,59,diffusion_context_only,0.046797242015600204,0.3968230187892914
4.0,1,60,diffusion_context_only,0.07251507043838501,0.22275583446025848
4.0,1,61,diffusion_context_only,0.06826503574848175,0.23691271245479584
4.0,1,62,diffusion_context_only,0.07176164537668228,0.29708948731422424
4.0,1,63,diffusion_context_only,0.04595615342259407,0.2674781084060669
4.0,1,64,diffusion_context_only,0.0692463144659996,0.07250744104385376
4.0,1,1,gaussian_context_only,0.027041549436714513,0.32412242835804184
4.0,1,2,gaussian_context_only,0.026675351198283553,0.668192478704909
4.0,1,3,gaussian_context_only,0.04243825273606343,0.5956881270515182
4.0,1,4,gaussian_context_only,0.024124000475247327,0.6342308750201796
4.0,1,5,gaussian_context_only,0.046099929833533816,0.3798819459194295
4.0,1,6,gaussian_context_only,0.025538261641665245,0.6811294025495466
4.0,1,7,gaussian_context_only,0.06973754671106683,0.18407647825383955
4.0,1,8,gaussian_context_only,0.021912684405948176,0.7215721686913608
4.0,1,9,gaussian_context_only,0.037244383603760416,0.6077327342591384
4.0,1,10,gaussian_context_only,0.02877275224998757,0.362019091520262
4.0,1,11,gaussian_context_only,0.02963224578837104,0.3352992315434392
4.0,1,12,gaussian_context_only,0.02587895795884278,0.5666525805037782
4.0,1,13,gaussian_context_only,0.044719160176732206,0.33708799749771906
4.0,1,14,gaussian_context_only,0.025239828236128612,0.4427046290966188
4.0,1,15,gaussian_context_only,0.03665784954239754,0.4032837019473507
4.0,1,16,gaussian_context_only,0.03758207930559264,0.3069925335875627
4.0,1,17,gaussian_context_only,0.028947729045778366,0.3961593884367173
4.0,1,18,gaussian_context_only,0.02045288457320343,0.5129716959921438
4.0,1,19,gaussian_context_only,0.040859459029936734,0.4119686918317547
4.0,1,20,gaussian_context_only,0.029739274021921405,0.443603848437872
4.0,1,21,gaussian_context_only,0.028210172162297306,0.5631409329091595
4.0,1,22,gaussian_context_only,0.021412354018350604,0.4056034755710224
4.0,1,23,gaussian_context_only,0.04661488959213497,0.24198946200569865
4.0,1,24,gaussian_context_only,0.05823039245080713,0.5017638495692478
4.0,1,25,gaussian_context_only,0.024911921209630605,0.5271547719916111
4.0,1,26,gaussian_context_only,0.07061018058996776,0.22123379603514826
4.0,1,27,gaussian_context_only,0.05314408784810788,0.35871104366707035
4.0,1,28,gaussian_context_only,0.04113015239407097,0.28072062643285833
4.0,1,29,gaussian_context_only,0.03084319401464647,0.2689988964841484
4.0,1,30,gaussian_context_only,0.04251638072549609,0.399985642244027
4.0,1,31,gaussian_context_only,0.039148001238949307,0.43675641456737924
4.0,1,32,gaussian_context_only,0.034583219088871145,0.17867535506900514
4.0,1,33,gaussian_context_only,0.045417931810276556,0.24276100261681952
4.0,1,34,gaussian_context_only,0.048762880288348784,0.42109033455385547
4.0,1,35,gaussian_context_only,0.04864609939840942,0.4144468361461727
4.0,1,36,gaussian_context_only,0.03120258351416507,0.3777874458410791
4.0,1,37,gaussian_context_only,0.033586080542970846,0.4164666025268283
4.0,1,38,gaussian_context_only,0.04530254554900548,0.4375848708937074
4.0,1,39,gaussian_context_only,0.04144778643819999,0.48377288191939644
4.0,1,40,gaussian_context_only,0.048140307512042006,0.40007971264593545
4.0,1,41,gaussian_context_only,0.05535333370084415,0.45602218265809535
4.0,1,42,gaussian_context_only,0.07046651003642146,0.288767470196508
4.0,1,43,gaussian_context_only,0.03996337946310902,0.3337374323673384
4.0,1,44,gaussian_context_only,0.027207947657730505,0.5829160833709548
4.0,1,45,gaussian_context_only,0.0445465194076181,0.5424786193586841
4.0,1,46,gaussian_context_only,0.033176958380463376,0.45641274266925913
4.0,1,47,gaussian_context_only,0.049654942275174724,0.42859057651416493
4.0,1,48,gaussian_context_only,0.03480819302432998,0.3807257273635945
4.0,1,49,gaussian_context_only,0.034117768843379574,0.5918323037589607
4.0,1,50,gaussian_context_only,0.04797474632704086,0.30463603675566053
4.0,1,51,gaussian_context_only,0.058846689272535474,0.30083930236243517
4.0,1,52,gaussian_context_only,0.024499258915231737,0.5566761426966121
4.0,1,53,gaussian_context_only,0.05253091393216123,0.28612403951482085
4.0,1,54,gaussian_context_only,0.04374903259528768,0.24340788077745731
4.0,1,55,gaussian_context_only,0.03838005226036888,0.4216927990272295
4.0,1,56,gaussian_context_only,0.03820517441937154,0.47311816187860495
4.0,1,57,gaussian_context_only,0.034164122027523516,0.5427096066127862
4.0,1,58,gaussian_context_only,0.05290196945477054,0.37214198256356984
4.0,1,59,gaussian_context_only,0.03357832021096767,0.5401338335189559
4.0,1,60,gaussian_context_only,0.06107137029464931,0.2854396029543645
4.0,1,61,gaussian_context_only,0.052129397759129226,0.4162478479325504
4.0,1,62,gaussian_context_only,0.055450810578760286,0.4174868577098055
4.0,1,63,gaussian_context_only,0.034726366695051795,0.4361820633573892
4.0,1,64,gaussian_context_only,0.03262582012708246,0.522679856987277
4.0,1,1,gaussian_temporal,0.024261198494404525,0.3835698363518921
4.0,1,2,gaussian_temporal,0.028544333982268764,0.6385528922223738
4.0,1,3,gaussian_temporal,0.041971792362236464,0.6017981562186245
4.0,1,4,gaussian_temporal,0.024767315873825243,0.6235415953055546
4.0,1,5,gaussian_temporal,0.04246478506856456,0.4244095117404502
4.0,1,6,gaussian_temporal,0.02475059046060285,0.6971010950925941
4.0,1,7,gaussian_temporal,0.06674593315756333,0.22113659474587002
4.0,1,8,gaussian_temporal,0.021984621658996596,0.7201306857885807
4.0,1,9,gaussian_temporal,0.03660060958010798,0.6185209074763145
4.0,1,10,gaussian_temporal,0.028215986165618552,0.3856737375773895
4.0,1,11,gaussian_temporal,0.029804666479503476,0.3389810946401315
4.0,1,12,gaussian_temporal,0.024542478079028665,0.5942600315356958
4.0,1,13,gaussian_temporal,0.04546770106706436,0.3349014859048722
4.0,1,14,gaussian_temporal,0.024896124209660683,0.45925870490015563
4.0,1,15,gaussian_temporal,0.03715236309935337,0.3981704191217595
4.0,1,16,gaussian_temporal,0.036405675217721443,0.3308859734113386
4.0,1,17,gaussian_temporal,0.029676194682517195,0.38296968657671565
4.0,1,18,gaussian_temporal,0.020126751933471264,0.5204526295823159
4.0,1,19,gaussian_temporal,0.04071377990494307,0.4185950217951607
4.0,1,20,gaussian_temporal,0.028942732955871714,0.4638315942608288
4.0,1,21,gaussian_temporal,0.02527725940086071,0.6181032832953979
4.0,1,22,gaussian_temporal,0.021564884153237318,0.39770127089761004
4.0,1,23,gaussian_temporal,0.04497494483258473,0.26292858665775026
4.0,1,24,gaussian_temporal,0.05270576777421152,0.5680757414913079
4.0,1,25,gaussian_temporal,0.0256720472685681,0.5116844573390057
4.0,1,26,gaussian_temporal,0.06215413662190734,0.334342399282193
4.0,1,27,gaussian_temporal,0.05201153042786593,0.3714328863073475
4.0,1,28,gaussian_temporal,0.040234829246094846,0.2916519087863339
4.0,1,29,gaussian_temporal,0.03167402972564905,0.26625851385525545
4.0,1,30,gaussian_temporal,0.04064092700465329,0.42950412002596944
4.0,1,31,gaussian_temporal,0.03895393328656269,0.43355720198527725
4.0,1,32,gaussian_temporal,0.03469480123046105,0.1686342171313325
4.0,1,33,gaussian_temporal,0.04439206650911342,0.2671470793044945
4.0,1,34,gaussian_temporal,0.04639135591960847,0.4520937861280824
4.0,1,35,gaussian_temporal,0.04843469834914216,0.4194375512127826
4.0,1,36,gaussian_temporal,0.03309461829934987,0.34402337801014593
4.0,1,37,gaussian_temporal,0.03461681898922823,0.4026246764118953
4.0,1,38,gaussian_temporal,0.046566096915711765,0.4168320463903537
4.0,1,39,gaussian_temporal,0.040517096459842805,0.499364170855512
4.0,1,40,gaussian_temporal,0.045511985663661166,0.4323007317546107
4.0,1,41,gaussian_temporal,0.05407930764660799,0.4700323594333435
4.0,1,42,gaussian_temporal,0.06743332287351292,0.33097080193404066
4.0,1,43,gaussian_temporal,0.03601489457448259,0.40837617524175623
4.0,1,44,gaussian_temporal,0.026570425683452345,0.5906348125018105
4.0,1,45,gaussian_temporal,0.0432682458645772,0.5608859381745978
4.0,1,46,gaussian_temporal,0.03576604714628239,0.4220025020668878
4.0,1,47,gaussian_temporal,0.0485219870013481,0.4441309074602151
4.0,1,48,gaussian_temporal,0.034517318091022466,0.38401257780157705
4.0,1,49,gaussian_temporal,0.03326998422126167,0.6046078495787337
4.0,1,50,gaussian_temporal,0.05091924012911941,0.2601964482150824
4.0,1,51,gaussian_temporal,0.051710654364304574,0.39740310609963675
4.0,1,52,gaussian_temporal,0.023076500483351713,0.5841621703880479
4.0,1,53,gaussian_temporal,0.0508396317365551,0.32594371258852883
4.0,1,54,gaussian_temporal,0.04415634704085286,0.23533892133137854
4.0,1,55,gaussian_temporal,0.036890882544324405,0.4379020182020374
4.0,1,56,gaussian_temporal,0.037799200660737796,0.477003211288427
4.0,1,57,gaussian_temporal,0.03360411935534751,0.5503390964076398
4.0,1,58,gaussian_temporal,0.05158292041929084,0.3864021468101559
4.0,1,59,gaussian_temporal,0.035572051305081044,0.5135514199673268
4.0,1,60,gaussian_temporal,0.055209008661587615,0.35601100891115345
4.0,1,61,gaussian_temporal,0.05120934368657435,0.4236843409312223
4.0,1,62,gaussian_temporal,0.05143879976016259,0.46153407984658174
4.0,1,63,gaussian_temporal,0.03377761444676638,0.4535927877874665
4.0,1,64,gaussian_temporal,0.03065956697669653,0.5510045532790749
4.0,1,1,public_fingerprint,0.036651648581027985,0.09255046397447586
4.0,1,2,public_fingerprint,0.04423738270998001,0.4074942469596863
4.0,1,3,public_fingerprint,0.07023386657238007,0.24056658148765564
4.0,1,4,public_fingerprint,0.041553255170583725,0.3582696318626404
4.0,1,5,public_fingerprint,0.04739714786410332,0.34640178084373474
4.0,1,6,public_fingerprint,0.05682199448347092,0.2218407243490219
4.0,1,7,public_fingerprint,0.06115090847015381,0.30214014649391174
4.0,1,8,public_fingerprint,0.04348082095384598,0.39265456795692444
4.0,1,9,public_fingerprint,0.06264229118824005,0.266854465007782
4.0,1,10,public_fingerprint,0.03810061141848564,0.20644205808639526
4.0,1,11,public_fingerprint,0.025883648544549942,0.449293851852417
4.0,1,12,public_fingerprint,0.034067146480083466,0.42058756947517395
4.0,1,13,public_fingerprint,0.06932918727397919,-0.0022992880549281836
4.0,1,14,public_fingerprint,0.03715774789452553,0.24101880192756653
4.0,1,15,public_fingerprint,0.05623282864689827,0.12886305153369904
4.0,1,16,public_fingerprint,0.04109461233019829,0.3178756833076477
4.0,1,17,public_fingerprint,0.050532639026641846,0.0719950795173645
4.0,1,18,public_fingerprint,0.035620953887701035,0.24816550314426422
4.0,1,19,public_fingerprint,0.0551033653318882,0.25512465834617615
4.0,1,20,public_fingerprint,0.03552761301398277,0.41471660137176514
4.0,1,21,public_fingerprint,0.053653378039598465,0.18193280696868896
4.0,1,22,public_fingerprint,0.025677872821688652,0.41000011563301086
4.0,1,23,public_fingerprint,0.0546998456120491,0.18670357763767242
4.0,1,24,public_fingerprint,0.06632523983716965,0.4094415605068207
4.0,1,25,public_fingerprint,0.03705490007996559,0.3584941625595093
4.0,1,26,public_fingerprint,0.07017850130796432,0.2691894471645355
4.0,1,27,public_fingerprint,0.05573739856481552,0.345326691865921
4.0,1,28,public_fingerprint,0.03568214550614357,0.3962382376194
4.0,1,29,public_fingerprint,0.05281089246273041,-0.027507517486810684
4.0,1,30,public_fingerprint,0.03982413560152054,0.46230167150497437
4.0,1,31,public_fingerprint,0.043719902634620667,0.39080432057380676
4.0,1,32,public_fingerprint,0.03137413412332535,0.3537364900112152
4.0,1,33,public_fingerprint,0.056769538670778275,0.12125214189291
4.0,1,34,public_fingerprint,0.050973135977983475,0.39856788516044617
4.0,1,35,public_fingerprint,0.04759616777300835,0.45348429679870605
4.0,1,36,public_fingerprint,0.052845411002635956,0.009107142686843872
4.0,1,37,public_fingerprint,0.056589070707559586,0.08541256189346313
4.0,1,38,public_fingerprint,0.06744382530450821,0.1752844750881195
4.0,1,39,public_fingerprint,0.052395354956388474,0.35797929763793945
4.0,1,40,public_fingerprint,0.0427107959985733,0.4908660650253296
4.0,1,41,public_fingerprint,0.06706468015909195,0.3214447796344757
4.0,1,42,public_fingerprint,0.09561963379383087,0.009643664583563805
4.0,1,43,public_fingerprint,0.0624358244240284,0.019081974402070045
4.0,1,44,public_fingerprint,0.031586918979883194,0.5265101194381714
4.0,1,45,public_fingerprint,0.05694746598601341,0.38929325342178345
4.0,1,46,public_fingerprint,0.049582961946725845,0.21577951312065125
4.0,1,47,public_fingerprint,0.04476797580718994,0.5131879448890686
4.0,1,48,public_fingerprint,0.05458870530128479,0.1149420291185379
4.0,1,49,public_fingerprint,0.05044153705239296,0.379109263420105
4.0,1,50,public_fingerprint,0.07587766647338867,-0.08421403169631958
4.0,1,51,public_fingerprint,0.08244096487760544,0.026192665100097656
4.0,1,52,public_fingerprint,0.03329926356673241,0.45683589577674866
4.0,1,53,public_fingerprint,0.05583104491233826,0.26789185404777527
4.0,1,54,public_fingerprint,0.059122052043676376,0.06589823216199875
4.0,1,55,public_fingerprint,0.059611015021800995,0.09739433228969574
4.0,1,56,public_fingerprint,0.04314984753727913,0.4323405921459198
4.0,1,57,public_fingerprint,0.04692775383591652,0.3830932378768921
4.0,1,58,public_fingerprint,0.044788509607315063,0.5032615661621094
4.0,1,59,public_fingerprint,0.05060623213648796,0.32832032442092896
4.0,1,60,public_fingerprint,0.07174861431121826,0.21635249257087708
4.0,1,61,public_fingerprint,0.061967633664608,0.34249991178512573
4.0,1,62,public_fingerprint,0.07088914513587952,0.2905369699001312
4.0,1,63,public_fingerprint,0.04210330545902252,0.3793106973171234
4.0,1,64,public_fingerprint,0.036700647324323654,0.5059452652931213
4.0,1,1,noisy,209.15792846679688,0.012244570069015026
4.0,1,2,noisy,208.77874755859375,-0.010304300114512444
4.0,1,3,noisy,208.93472290039062,-0.003804979380220175
4.0,1,4,noisy,206.66990661621094,0.008154136128723621
4.0,1,5,noisy,208.25167846679688,-0.00026873662136495113
4.0,1,6,noisy,210.0538330078125,0.03100454807281494
4.0,1,7,noisy,208.10546875,0.017690615728497505
4.0,1,8,noisy,205.0600128173828,0.014021402224898338
4.0,1,9,noisy,207.2834014892578,0.008504228666424751
4.0,1,10,noisy,206.05197143554688,0.022358601912856102
4.0,1,11,noisy,205.4536590576172,0.011198477819561958
4.0,1,12,noisy,201.5587158203125,0.024654755368828773
4.0,1,13,noisy,209.41954040527344,0.01722082681953907
4.0,1,14,noisy,208.2483367919922,0.003617753740400076
4.0,1,15,noisy,205.60879516601562,0.00671535125002265
4.0,1,16,noisy,206.64613342285156,0.0073749045841395855
4.0,1,17,noisy,204.2130584716797,0.018418118357658386
4.0,1,18,noisy,207.56402587890625,0.016579588875174522
4.0,1,19,noisy,205.99322509765625,0.017540380358695984
4.0,1,20,noisy,207.79232788085938,0.02989015355706215
4.0,1,21,noisy,204.2776641845703,0.014250598847866058
4.0,1,22,noisy,202.9436798095703,0.004772226791828871
4.0,1,23,noisy,205.98779296875,0.001663163653574884
4.0,1,24,noisy,205.96133422851562,0.046492259949445724
4.0,1,25,noisy,208.0638427734375,0.0009064024779945612
4.0,1,26,noisy,202.81033325195312,0.019794244319200516
4.0,1,27,noisy,206.5235137939453,0.01438368670642376
4.0,1,28,noisy,205.0447235107422,0.004006888717412949
4.0,1,29,noisy,205.62496948242188,0.004048526752740145
4.0,1,30,noisy,211.39944458007812,0.015200874768197536
4.0,1,31,noisy,212.0547332763672,0.009653150103986263
4.0,1,32,noisy,207.9664306640625,0.023273469880223274
4.0,1,33,noisy,205.34268188476562,0.002144593745470047
4.0,1,34,noisy,209.06787109375,0.004204913973808289
4.0,1,35,noisy,203.55104064941406,-0.0057935831137001514
4.0,1,36,noisy,206.44580078125,0.003032730659469962
4.0,1,37,noisy,206.19564819335938,0.01132875680923462
4.0,1,38,noisy,205.8483123779297,0.01064710970968008
4.0,1,39,noisy,205.55909729003906,0.01675453968346119
4.0,1,40,noisy,212.57894897460938,0.018548646941781044
4.0,1,41,noisy,204.32131958007812,0.010872782208025455
4.0,1,42,noisy,212.48977661132812,0.032539065927267075
4.0,1,43,noisy,203.56626892089844,0.03536636009812355
4.0,1,44,noisy,204.55233764648438,0.017026381567120552
4.0,1,45,noisy,204.26177978515625,0.015241798013448715
4.0,1,46,noisy,206.24974060058594,0.019270846620202065
4.0,1,47,noisy,211.4307861328125,0.011670280247926712
4.0,1,48,noisy,203.05662536621094,-4.518487548921257e-05
4.0,1,49,noisy,204.72169494628906,0.01573934033513069
4.0,1,50,noisy,207.03375244140625,-0.0011711076367646456
4.0,1,51,noisy,203.49781799316406,0.02790726162493229
4.0,1,52,noisy,203.96078491210938,0.011492776684463024
4.0,1,53,noisy,211.2139434814453,0.033825602382421494
4.0,1,54,noisy,208.73089599609375,0.007294671144336462
4.0,1,55,noisy,205.29454040527344,0.022465510293841362
4.0,1,56,noisy,205.3865966796875,0.015161728486418724
4.0,1,57,noisy,206.35264587402344,0.010001156479120255
4.0,1,58,noisy,205.03131103515625,0.013203036971390247
4.0,1,59,noisy,205.31785583496094,0.0017686355859041214
4.0,1,60,noisy,202.9404754638672,0.02793443575501442
4.0,1,61,noisy,209.51910400390625,0.008691571652889252
4.0,1,62,noisy,209.05564880371094,0.02367008477449417
4.0,1,63,noisy,205.3939666748047,0.00020750051771756262
4.0,1,64,noisy,206.4335174560547,0.018926182761788368
4.0,1,1,zero,0.01809166744351387,0.0
4.0,1,2,zero,0.0481860376894474,0.0
4.0,1,3,zero,0.0657796710729599,0.0
4.0,1,4,zero,0.03903061896562576,0.0
4.0,1,5,zero,0.0456499420106411,0.0
4.0,1,6,zero,0.04734821245074272,0.0
4.0,1,7,zero,0.06023096665740013,0.0
4.0,1,8,zero,0.04553413391113281,0.0
4.0,1,9,zero,0.05876372009515762,0.0
4.0,1,10,zero,0.024576278403401375,0.0
4.0,1,11,zero,0.02357935905456543,0.0
4.0,1,12,zero,0.03484583646059036,0.0
4.0,1,13,zero,0.04580625519156456,0.0
4.0,1,14,zero,0.02586052007973194,0.0
4.0,1,15,zero,0.04013144597411156,0.0
4.0,1,16,zero,0.035704027861356735,0.0
4.0,1,17,zero,0.03019479103386402,0.0
4.0,1,18,zero,0.021348273381590843,0.0
4.0,1,19,zero,0.047347865998744965,0.0
4.0,1,20,zero,0.035165175795555115,0.0
4.0,1,21,zero,0.04033467918634415,0.0
4.0,1,22,zero,0.018151456490159035,0.0
4.0,1,23,zero,0.04230283200740814,0.0
4.0,1,24,zero,0.07781632989645004,0.0
4.0,1,25,zero,0.0323750302195549,0.0
4.0,1,26,zero,0.06794747710227966,0.0
4.0,1,27,zero,0.05817466974258423,0.0
4.0,1,28,zero,0.03507758304476738,0.0
4.0,1,29,zero,0.026536690071225166,0.0
4.0,1,30,zero,0.047152407467365265,0.0
4.0,1,31,zero,0.04528022184967995,0.0
4.0,1,32,zero,0.02462981641292572,0.0
4.0,1,33,zero,0.03998231515288353,0.0
4.0,1,34,zero,0.05607829615473747,0.0
4.0,1,35,zero,0.0568145327270031,0.0
4.0,1,36,zero,0.029052766039967537,0.0
4.0,1,37,zero,0.03669263795018196,0.0
4.0,1,38,zero,0.05459520220756531,0.0
4.0,1,39,zero,0.05298956483602524,0.0
4.0,1,40,zero,0.053226228803396225,0.0
4.0,1,41,zero,0.06801745295524597,0.0
4.0,1,42,zero,0.07182766497135162,0.0
4.0,1,43,zero,0.0382341705262661,0.0
4.0,1,44,zero,0.03944413736462593,0.0
4.0,1,45,zero,0.06311966478824615,0.0
4.0,1,46,zero,0.037355877459049225,0.0
4.0,1,47,zero,0.059158552438020706,0.0
4.0,1,48,zero,0.0354183129966259,0.0
4.0,1,49,zero,0.052296750247478485,0.0
4.0,1,50,zero,0.045022524893283844,0.0
4.0,1,51,zero,0.05825934559106827,0.0
4.0,1,52,zero,0.03289847448468208,0.0
4.0,1,53,zero,0.04665272682905197,0.0
4.0,1,54,zero,0.03457846865057945,0.0
4.0,1,55,zero,0.03976276516914368,0.0
4.0,1,56,zero,0.04587560519576073,0.0
4.0,1,57,zero,0.04541764780879021,0.0
4.0,1,58,zero,0.05611373484134674,0.0
4.0,1,59,zero,0.044411737471818924,0.0
4.0,1,60,zero,0.05816738307476044,0.0
4.0,1,61,zero,0.0581955648958683,0.0
4.0,1,62,zero,0.06312671303749084,0.0
4.0,1,63,zero,0.03287440538406372,0.0
4.0,1,64,zero,0.03898109868168831,0.0
4.0,1,1,projection_oracle,0.008077964186668396,0.7928057312965393
4.0,1,2,projection_oracle,0.010890137404203415,0.8843500018119812
4.0,1,3,projection_oracle,0.011261130683124065,0.9130226373672485
4.0,1,4,projection_oracle,0.01079049613326788,0.8607868552207947
4.0,1,5,projection_oracle,0.009599671699106693,0.8945832252502441
4.0,1,6,projection_oracle,0.008365697227418423,0.9132508635520935
4.0,1,7,projection_oracle,0.009869758039712906,0.9171817898750305
4.0,1,8,projection_oracle,0.011088610626757145,0.8767682909965515
4.0,1,9,projection_oracle,0.01009382028132677,0.9143157005310059
4.0,1,10,projection_oracle,0.009681443683803082,0.8075286149978638
4.0,1,11,projection_oracle,0.008984744548797607,0.8165714144706726
4.0,1,12,projection_oracle,0.007607126608490944,0.8916078209877014
4.0,1,13,projection_oracle,0.010568239726126194,0.8835126757621765
4.0,1,14,projection_oracle,0.008771669119596481,0.8391610383987427
4.0,1,15,projection_oracle,0.010758484713733196,0.8669328093528748
4.0,1,16,projection_oracle,0.009674951434135437,0.8692377805709839
4.0,1,17,projection_oracle,0.00951449479907751,0.8478675484657288
4.0,1,18,projection_oracle,0.009025733917951584,0.7945671677589417
4.0,1,19,projection_oracle,0.011985109187662601,0.8713652491569519
4.0,1,20,projection_oracle,0.0098960530012846,0.8612730503082275
4.0,1,21,projection_oracle,0.011345280334353447,0.8584680557250977
4.0,1,22,projection_oracle,0.008997377939522266,0.7642589211463928
4.0,1,23,projection_oracle,0.011185772716999054,0.8670365810394287
4.0,1,24,projection_oracle,0.015299364924430847,0.898659348487854
4.0,1,25,projection_oracle,0.011273108422756195,0.8264858722686768
4.0,1,26,projection_oracle,0.009824642911553383,0.927420437335968
4.0,1,27,projection_oracle,0.013720963150262833,0.8804267644882202
4.0,1,28,projection_oracle,0.011566543020308018,0.8293587565422058
4.0,1,29,projection_oracle,0.011365354992449284,0.7832608222961426
4.0,1,30,projection_oracle,0.010707066394388676,0.8847670555114746
4.0,1,31,projection_oracle,0.011477204971015453,0.8725264072418213
4.0,1,32,projection_oracle,0.012546229176223278,0.7533117532730103
4.0,1,33,projection_oracle,0.011966092512011528,0.8492917418479919
4.0,1,34,projection_oracle,0.012744678184390068,0.8825070261955261
4.0,1,35,projection_oracle,0.015364357270300388,0.8586118221282959
4.0,1,36,projection_oracle,0.01125540304929018,0.8081139326095581
4.0,1,37,projection_oracle,0.013838687911629677,0.8108946681022644
4.0,1,38,projection_oracle,0.01604137383401394,0.8468619585037231
4.0,1,39,projection_oracle,0.013103405945003033,0.8734601736068726
4.0,1,40,projection_oracle,0.014114824123680592,0.8606545925140381
4.0,1,41,projection_oracle,0.013933852314949036,0.8945809006690979
4.0,1,42,projection_oracle,0.0164469126611948,0.8834608197212219
4.0,1,43,projection_oracle,0.014813151210546494,0.8065037131309509
4.0,1,44,projection_oracle,0.011308529414236546,0.852483332157135
4.0,1,45,projection_oracle,0.012863232754170895,0.8950865864753723
4.0,1,46,projection_oracle,0.012095628306269646,0.8393058776855469
4.0,1,47,projection_oracle,0.013534266501665115,0.8819164633750916
4.0,1,48,projection_oracle,0.015143418684601784,0.7854766249656677
4.0,1,49,projection_oracle,0.016355887055397034,0.834941029548645
4.0,1,50,projection_oracle,0.01686638407409191,0.8099102973937988
4.0,1,51,projection_oracle,0.016398638486862183,0.8579886555671692
4.0,1,52,projection_oracle,0.011626449413597584,0.8175390958786011
4.0,1,53,projection_oracle,0.015912147238850594,0.8222669363021851
4.0,1,54,projection_oracle,0.014444318599998951,0.7950959801673889
4.0,1,55,projection_oracle,0.013052712194621563,0.8399354815483093
4.0,1,56,projection_oracle,0.012922435998916626,0.8546995520591736
4.0,1,57,projection_oracle,0.015335125848650932,0.8241512179374695
4.0,1,58,projection_oracle,0.012603355571627617,0.8857153058052063
4.0,1,59,projection_oracle,0.015234416350722313,0.818016767501831
4.0,1,60,projection_oracle,0.020463991910219193,0.8135280013084412
4.0,1,61,projection_oracle,0.016546037048101425,0.8560400009155273
4.0,1,62,projection_oracle,0.019492661580443382,0.8370094299316406
4.0,1,63,projection_oracle,0.012688880786299706,0.8134005665779114
4.0,1,64,projection_oracle,0.013240573927760124,0.8310065865516663
4.0,2,1,gaussian_current,0.06312105246086508,0.6170316957973567
4.0,2,2,gaussian_current,0.02943222190627475,0.27494727285463455
4.0,2,3,gaussian_current,0.031582868093558744,0.49464960101824135
4.0,2,4,gaussian_current,0.029174618383758042,0.6148379462202297
4.0,2,5,gaussian_current,0.028475093588379484,0.588617831793404
4.0,2,6,gaussian_current,0.025760935390320542,0.4148994876342634
4.0,2,7,gaussian_current,0.035253794689375506,0.5034706169426012
4.0,2,8,gaussian_current,0.03233783747823604,0.22753102367673636
4.0,2,9,gaussian_current,0.049307353139735235,0.40356714700610724
4.0,2,10,gaussian_current,0.037678458485135395,0.6997678853811697
4.0,2,11,gaussian_current,0.023592649783289545,0.5609241908162441
4.0,2,12,gaussian_current,0.05067559037858753,0.3388009573591699
4.0,2,13,gaussian_current,0.022273355462704595,0.4096230677906302
4.0,2,14,gaussian_current,0.03923578689788558,0.39417394756052687
4.0,2,15,gaussian_current,0.030207761942242572,0.5980217550261
4.0,2,16,gaussian_current,0.04342743694987417,0.6680043978317577
4.0,2,17,gaussian_current,0.02823285229567094,0.266408659198789
4.0,2,18,gaussian_current,0.03219171870151483,0.6071385307881305
4.0,2,19,gaussian_current,0.03318340316579393,0.6445382051724815
4.0,2,20,gaussian_current,0.02660705465100593,0.5581712083131803
4.0,2,21,gaussian_current,0.05352004365450736,0.2058871512794385
4.0,2,22,gaussian_current,0.03211845282231873,0.4904770037878076
4.0,2,23,gaussian_current,0.03413838301369269,0.5191751647829225
4.0,2,24,gaussian_current,0.03071803942757616,0.5111090284667804
4.0,2,25,gaussian_current,0.027913046670110245,0.35726325870669146
4.0,2,26,gaussian_current,0.026571714263253735,0.4364235971314068
4.0,2,27,gaussian_current,0.03519804407989579,0.6039159989172925
4.0,2,28,gaussian_current,0.03355299935643522,0.4711341564512107
4.0,2,29,gaussian_current,0.036190287132424344,0.5641292912698063
4.0,2,30,gaussian_current,0.035219718124587726,0.6411338754206874
4.0,2,31,gaussian_current,0.0420515542772981,0.413797086496568
4.0,2,32,gaussian_current,0.03504738457996784,0.6511110068049781
4.0,2,33,gaussian_current,0.025580396723291054,0.5066344255984986
4.0,2,34,gaussian_current,0.03621393381287499,0.5011377204960741
4.0,2,35,gaussian_current,0.03938898650768449,0.46954466901012826
4.0,2,36,gaussian_current,0.03641061970434163,0.5083981124021105
4.0,2,37,gaussian_current,0.04217045420838948,0.44560467962331557
4.0,2,38,gaussian_current,0.042576921329386404,0.49531684709093815
4.0,2,39,gaussian_current,0.04581141525177232,0.2954743357406829
4.0,2,40,gaussian_current,0.025585374032584183,0.45628598394085196
4.0,2,41,gaussian_current,0.0441702384976556,0.4007545216406641
4.0,2,42,gaussian_current,0.03211594911206779,0.3891960001682394
4.0,2,43,gaussian_current,0.03111766294545673,0.5906278784561942
4.0,2,44,gaussian_current,0.03530018492055844,0.4792480026165916
4.0,2,45,gaussian_current,0.04548293820507403,0.4091188044377054
4.0,2,46,gaussian_current,0.03875728987240342,0.28387760069054235
4.0,2,47,gaussian_current,0.04040792827997945,0.5700521013134974
4.0,2,48,gaussian_current,0.02586324476371177,0.5778643443330569
4.0,2,49,gaussian_current,0.034103584691679116,0.3969380506221789
4.0,2,50,gaussian_current,0.035892030751924646,0.2620639049322903
4.0,2,51,gaussian_current,0.032429919370876394,0.3465154729867005
4.0,2,52,gaussian_current,0.03146518097377951,0.45221863023372816
4.0,2,53,gaussian_current,0.03654188213769433,0.37808963396678336
4.0,2,54,gaussian_current,0.029103553545207897,0.5025319259154387
4.0,2,55,gaussian_current,0.04271171251695135,0.2525702583435415
4.0,2,56,gaussian_current,0.026504911115269415,0.6006472372886194
4.0,2,57,gaussian_current,0.03717390238122538,0.29336245532642524
4.0,2,58,gaussian_current,0.03737902374405797,0.37552821368346145
4.0,2,59,gaussian_current,0.031953107266357944,0.5108019594631201
4.0,2,60,gaussian_current,0.03801790816187711,0.4098523279264718
4.0,2,61,gaussian_current,0.03277220046547506,0.336900081592767
4.0,2,62,gaussian_current,0.02716979943934587,0.5510964437010762
4.0,2,63,gaussian_current,0.04914715434171235,0.4566906546705636
4.0,2,64,gaussian_current,0.03594346799297489,0.5738618350842629
4.0,2,1,diffusion_temporal,0.05345282331109047,0.684518039226532
4.0,2,2,diffusion_temporal,0.042455028742551804,0.3965423107147217
4.0,2,3,diffusion_temporal,0.05410149693489075,0.2592443525791168
4.0,2,4,diffusion_temporal,0.05171816423535347,0.29251018166542053
4.0,2,5,diffusion_temporal,0.037941738963127136,0.4681132435798645
4.0,2,6,diffusion_temporal,0.04661182314157486,0.3554266095161438
4.0,2,7,diffusion_temporal,0.04775000363588333,0.37169063091278076
4.0,2,8,diffusion_temporal,0.03714439272880554,0.3085513710975647
4.0,2,9,diffusion_temporal,0.06240139529109001,0.22250084578990936
4.0,2,10,diffusion_temporal,0.07129497081041336,0.30635783076286316
4.0,2,11,diffusion_temporal,0.02390725165605545,0.5523566007614136
4.0,2,12,diffusion_temporal,0.057021062821149826,0.3509717881679535
4.0,2,13,diffusion_temporal,0.037417612969875336,0.2828744649887085
4.0,2,14,diffusion_temporal,0.07149512320756912,0.0361943393945694
4.0,2,15,diffusion_temporal,0.04353943467140198,0.4576210379600525
4.0,2,16,diffusion_temporal,0.05383014306426048,0.5474764108657837
4.0,2,17,diffusion_temporal,0.04079880937933922,0.18949666619300842
4.0,2,18,diffusion_temporal,0.04778062552213669,0.4287267327308655
4.0,2,19,diffusion_temporal,0.03306525945663452,0.6598098874092102
4.0,2,20,diffusion_temporal,0.04858282208442688,0.2581755518913269
4.0,2,21,diffusion_temporal,0.056448277086019516,0.25667858123779297
4.0,2,22,diffusion_temporal,0.03910434991121292,0.46460825204849243
4.0,2,23,diffusion_temporal,0.05999038740992546,0.22537672519683838
4.0,2,24,diffusion_temporal,0.0465555302798748,0.3090396821498871
4.0,2,25,diffusion_temporal,0.03881528601050377,0.3369154930114746
4.0,2,26,diffusion_temporal,0.03338504582643509,0.46530041098594666
4.0,2,27,diffusion_temporal,0.042478181421756744,0.5260253548622131
4.0,2,28,diffusion_temporal,0.04147455841302872,0.4884229004383087
4.0,2,29,diffusion_temporal,0.034640345722436905,0.5756646990776062
4.0,2,30,diffusion_temporal,0.04063013568520546,0.5843241214752197
4.0,2,31,diffusion_temporal,0.05003799498081207,0.47678104043006897
4.0,2,32,diffusion_temporal,0.04646033048629761,0.5106145143508911
4.0,2,33,diffusion_temporal,0.030926136299967766,0.4631384611129761
4.0,2,34,diffusion_temporal,0.05412698909640312,0.398808091878891
4.0,2,35,diffusion_temporal,0.0490068644285202,0.34315016865730286
4.0,2,36,diffusion_temporal,0.03322777897119522,0.5609031915664673
4.0,2,37,diffusion_temporal,0.05517630651593208,0.33317774534225464
4.0,2,38,diffusion_temporal,0.051575712859630585,0.3971652090549469
4.0,2,39,diffusion_temporal,0.05249583721160889,0.3309251666069031
4.0,2,40,diffusion_temporal,0.043980758637189865,0.24182091653347015
4.0,2,41,diffusion_temporal,0.0633845254778862,0.27044790983200073
4.0,2,42,diffusion_temporal,0.034262098371982574,0.40224310755729675
4.0,2,43,diffusion_temporal,0.041122909635305405,0.44201645255088806
4.0,2,44,diffusion_temporal,0.04799162968993187,0.32768118381500244
4.0,2,45,diffusion_temporal,0.047088030725717545,0.4361666440963745
4.0,2,46,diffusion_temporal,0.056348767131567,0.07873034477233887
4.0,2,47,diffusion_temporal,0.047393668442964554,0.48573899269104004
4.0,2,48,diffusion_temporal,0.038070302456617355,0.3462608754634857
4.0,2,49,diffusion_temporal,0.03830496221780777,0.3163937032222748
4.0,2,50,diffusion_temporal,0.05395835265517235,0.07290267944335938
4.0,2,51,diffusion_temporal,0.0365060456097126,0.35432788729667664
4.0,2,52,diffusion_temporal,0.03434968739748001,0.457245796918869
4.0,2,53,diffusion_temporal,0.04411885887384415,0.3905741274356842
4.0,2,54,diffusion_temporal,0.036744873970746994,0.42438945174217224
4.0,2,55,diffusion_temporal,0.06073889136314392,0.0451088547706604
4.0,2,56,diffusion_temporal,0.03887760639190674,0.46195417642593384
4.0,2,57,diffusion_temporal,0.06511252373456955,0.053342968225479126
4.0,2,58,diffusion_temporal,0.04906400665640831,0.2478853017091751
4.0,2,59,diffusion_temporal,0.0647183209657669,0.08198229968547821
4.0,2,60,diffusion_temporal,0.04460563510656357,0.40180128812789917
4.0,2,61,diffusion_temporal,0.03784918785095215,0.3472563922405243
4.0,2,62,diffusion_temporal,0.03360223397612572,0.5215052962303162
4.0,2,63,diffusion_temporal,0.05221015587449074,0.476511150598526
4.0,2,64,diffusion_temporal,0.053135450929403305,0.35587331652641296
4.0,2,1,diffusion_context_only,0.07646343857049942,0.48821768164634705
4.0,2,2,diffusion_context_only,0.04402545467019081,0.3280177116394043
4.0,2,3,diffusion_context_only,0.05849013850092888,0.2167268693447113
4.0,2,4,diffusion_context_only,0.04811381921172142,0.3262512683868408
4.0,2,5,diffusion_context_only,0.03762176260352135,0.45832327008247375
4.0,2,6,diffusion_context_only,0.04455680772662163,0.37596237659454346
4.0,2,7,diffusion_context_only,0.052005041390657425,0.32731518149375916
4.0,2,8,diffusion_context_only,0.03758325055241585,0.2721717059612274
4.0,2,9,diffusion_context_only,0.0617012120783329,0.23511187732219696
4.0,2,10,diffusion_context_only,0.0794987678527832,0.1973772495985031
4.0,2,11,diffusion_context_only,0.025921065360307693,0.5064958333969116
4.0,2,12,diffusion_context_only,0.05725047364830971,0.3515302538871765
4.0,2,13,diffusion_context_only,0.042117953300476074,0.21497352421283722
4.0,2,14,diffusion_context_only,0.07186457514762878,0.009981473907828331
4.0,2,15,diffusion_context_only,0.046783771365880966,0.41945189237594604
4.0,2,16,diffusion_context_only,0.06031261384487152,0.4681987464427948
4.0,2,17,diffusion_context_only,0.041061121970415115,0.17186498641967773
4.0,2,18,diffusion_context_only,0.04837149754166603,0.41690847277641296
4.0,2,19,diffusion_context_only,0.034998372197151184,0.6299730539321899
4.0,2,20,diffusion_context_only,0.05114669352769852,0.23576954007148743
4.0,2,21,diffusion_context_only,0.05356169119477272,0.2519706189632416
4.0,2,22,diffusion_context_only,0.038048941642045975,0.4738210439682007
4.0,2,23,diffusion_context_only,0.06275638937950134,0.17769703269004822
4.0,2,24,diffusion_context_only,0.04624902084469795,0.2906378209590912
4.0,2,25,diffusion_context_only,0.04286789894104004,0.28614625334739685
4.0,2,26,diffusion_context_only,0.03401290625333786,0.45034462213516235
4.0,2,27,diffusion_context_only,0.043015025556087494,0.5345614552497864
4.0,2,28,diffusion_context_only,0.04275241494178772,0.4577578604221344
4.0,2,29,diffusion_context_only,0.036364439874887466,0.5554236173629761
4.0,2,30,diffusion_context_only,0.04383410885930061,0.5367518663406372
4.0,2,31,diffusion_context_only,0.04907771944999695,0.5082170963287354
4.0,2,32,diffusion_context_only,0.04899432137608528,0.4814395010471344
4.0,2,33,diffusion_context_only,0.032470207661390305,0.4381626546382904
4.0,2,34,diffusion_context_only,0.056305814534425735,0.37301474809646606
4.0,2,35,diffusion_context_only,0.05061052739620209,0.31816521286964417
4.0,2,36,diffusion_context_only,0.03349118307232857,0.5566270351409912
4.0,2,37,diffusion_context_only,0.05617096275091171,0.3205397427082062
4.0,2,38,diffusion_context_only,0.053259942680597305,0.36613762378692627
4.0,2,39,diffusion_context_only,0.04885141924023628,0.3816046118736267
4.0,2,40,diffusion_context_only,0.04814337193965912,0.1706194281578064
4.0,2,41,diffusion_context_only,0.06372509896755219,0.2682030200958252
4.0,2,42,diffusion_context_only,0.03296361118555069,0.4336621165275574
4.0,2,43,diffusion_context_only,0.04199402406811714,0.41978123784065247
4.0,2,44,diffusion_context_only,0.04724891856312752,0.314557820558548
4.0,2,45,diffusion_context_only,0.043808333575725555,0.4840966761112213
4.0,2,46,diffusion_context_only,0.05742717906832695,0.04978880286216736
4.0,2,47,diffusion_context_only,0.0505952350795269,0.4466553330421448
4.0,2,48,diffusion_context_only,0.04019765555858612,0.31795597076416016
4.0,2,49,diffusion_context_only,0.04056277126073837,0.26659518480300903
4.0,2,50,diffusion_context_only,0.053449466824531555,0.06383228302001953
4.0,2,51,diffusion_context_only,0.03525640442967415,0.3681858479976654
4.0,2,52,diffusion_context_only,0.03572873771190643,0.4163789451122284
4.0,2,53,diffusion_context_only,0.04475592076778412,0.36775916814804077
4.0,2,54,diffusion_context_only,0.04101121053099632,0.3604552447795868
4.0,2,55,diffusion_context_only,0.06661393493413925,-0.05850009247660637
4.0,2,56,diffusion_context_only,0.04213135316967964,0.4168436527252197
4.0,2,57,diffusion_context_only,0.06590171158313751,0.03576003015041351
4.0,2,58,diffusion_context_only,0.05194831266999245,0.19731616973876953
4.0,2,59,diffusion_context_only,0.07020195573568344,0.05937056615948677
4.0,2,60,diffusion_context_only,0.048314742743968964,0.3571227788925171
4.0,2,61,diffusion_context_only,0.03773436322808266,0.34122616052627563
4.0,2,62,diffusion_context_only,0.033042751252651215,0.5031440854072571
4.0,2,63,diffusion_context_only,0.05801329389214516,0.4202740788459778
4.0,2,64,diffusion_context_only,0.05446254089474678,0.33168211579322815
4.0,2,1,gaussian_context_only,0.06233019245510805,0.6396609038492616
4.0,2,2,gaussian_context_only,0.028560045976910413,0.2512944976993928
4.0,2,3,gaussian_context_only,0.035920612067231975,0.4045236607557504
4.0,2,4,gaussian_context_only,0.029064948831629096,0.6150852993299925
4.0,2,5,gaussian_context_only,0.029183110454613536,0.5466177219987745
4.0,2,6,gaussian_context_only,0.023325039330821765,0.436867333598794
4.0,2,7,gaussian_context_only,0.03572306805363345,0.48942603666627527
4.0,2,8,gaussian_context_only,0.031739679777925855,0.18448312576846987
4.0,2,9,gaussian_context_only,0.04694198409444814,0.4455105272745903
4.0,2,10,gaussian_context_only,0.06636280611780643,0.33453725942595225
4.0,2,11,gaussian_context_only,0.03317156560271924,0.33603779604458134
4.0,2,12,gaussian_context_only,0.04388252453184339,0.4447053598625663
4.0,2,13,gaussian_context_only,0.024257365311267293,0.36583969194323523
4.0,2,14,gaussian_context_only,0.04791289187460866,0.2590559381967351
4.0,2,15,gaussian_context_only,0.04029924283371042,0.43525822351231586
4.0,2,16,gaussian_context_only,0.052182167804917856,0.567106669722243
4.0,2,17,gaussian_context_only,0.03914405263724684,-0.04177673553928729
4.0,2,18,gaussian_context_only,0.04419846687173532,0.42329779382937627
4.0,2,19,gaussian_context_only,0.02718240095845729,0.7236526412538618
4.0,2,20,gaussian_context_only,0.033564208967982116,0.4472316957827848
4.0,2,21,gaussian_context_only,0.0522350743188745,0.2184155113038367
4.0,2,22,gaussian_context_only,0.03488519008615213,0.4715914704095693
4.0,2,23,gaussian_context_only,0.040679627332977725,0.4126817432886936
4.0,2,24,gaussian_context_only,0.04038101959567124,0.34188276921293953
4.0,2,25,gaussian_context_only,0.033443614630011866,0.2665941021052411
4.0,2,26,gaussian_context_only,0.030340871652540718,0.3110859421333716
4.0,2,27,gaussian_context_only,0.03184156134849492,0.6522858798618948
4.0,2,28,gaussian_context_only,0.03795953534381594,0.38752099473397134
4.0,2,29,gaussian_context_only,0.03791148432010768,0.5345945527084056
4.0,2,30,gaussian_context_only,0.03873374634746622,0.5919764360300648
4.0,2,31,gaussian_context_only,0.04230398607991999,0.4181875565606054
4.0,2,32,gaussian_context_only,0.03963514322548211,0.5880009078633824
4.0,2,33,gaussian_context_only,0.027461013961459918,0.43376309139737157
4.0,2,34,gaussian_context_only,0.03803083708303296,0.42556681296168786
4.0,2,35,gaussian_context_only,0.0463578181967428,0.36256351073834564
4.0,2,36,gaussian_context_only,0.03983892167987188,0.43520694987729874
4.0,2,37,gaussian_context_only,0.0439897954712797,0.4085554466088929
4.0,2,38,gaussian_context_only,0.040765909962056104,0.5138611084057385
4.0,2,39,gaussian_context_only,0.038781723330284866,0.41646005355761595
4.0,2,40,gaussian_context_only,0.026026680533312238,0.3814876498007824
4.0,2,41,gaussian_context_only,0.04388209065053591,0.3970403008139791
4.0,2,42,gaussian_context_only,0.03188989836155888,0.3800509991503361
4.0,2,43,gaussian_context_only,0.03434009665515784,0.49633883737234114
4.0,2,44,gaussian_context_only,0.03900219205664525,0.41215555633455536
4.0,2,45,gaussian_context_only,0.05423951033544356,0.27441057083462234
4.0,2,46,gaussian_context_only,0.04101710351253075,0.21650840764500623
4.0,2,47,gaussian_context_only,0.050795440558285596,0.4014136782287699
4.0,2,48,gaussian_context_only,0.02514927745704205,0.593357838889218
4.0,2,49,gaussian_context_only,0.03398903086215319,0.42691215615090566
4.0,2,50,gaussian_context_only,0.04557640378101715,0.0599281408168797
4.0,2,51,gaussian_context_only,0.030647427897290764,0.3891338855654574
4.0,2,52,gaussian_context_only,0.03268105538091297,0.3947494513255692
4.0,2,53,gaussian_context_only,0.04390808605728665,0.23018687405789984
4.0,2,54,gaussian_context_only,0.032276145811262605,0.45224073693934574
4.0,2,55,gaussian_context_only,0.05257113486533254,0.06104118906981423
4.0,2,56,gaussian_context_only,0.034058352046322744,0.4524858460887371
4.0,2,57,gaussian_context_only,0.04437840075797695,0.12161017280571612
4.0,2,58,gaussian_context_only,0.039077623242499936,0.3117773383805639
4.0,2,59,gaussian_context_only,0.03385536193005488,0.47664303477010483
4.0,2,60,gaussian_context_only,0.047180157477467406,0.2250448103619392
4.0,2,61,gaussian_context_only,0.036630562519316,0.21954134614441734
4.0,2,62,gaussian_context_only,0.02831463355061125,0.49693322894296416
4.0,2,63,gaussian_context_only,0.06006028498010924,0.2865819833502423
4.0,2,64,gaussian_context_only,0.03389211013082451,0.6007686013769351
4.0,2,1,gaussian_temporal,0.06082085225284408,0.6538245275239406
4.0,2,2,gaussian_temporal,0.027197406693315263,0.29547454915441607
4.0,2,3,gaussian_temporal,0.03575409173555759,0.402458628613419
4.0,2,4,gaussian_temporal,0.028965467410993706,0.6168218685120341
4.0,2,5,gaussian_temporal,0.029545749179037878,0.5476767206929941
4.0,2,6,gaussian_temporal,0.023862167901500003,0.4450706388740743
4.0,2,7,gaussian_temporal,0.035113381256295845,0.49993168003965355
4.0,2,8,gaussian_temporal,0.03094484814336368,0.20088233749707665
4.0,2,9,gaussian_temporal,0.046571297485833205,0.4504338439579556
4.0,2,10,gaussian_temporal,0.059966600969040676,0.42463531856205833
4.0,2,11,gaussian_temporal,0.029440812696145575,0.41401116984597924
4.0,2,12,gaussian_temporal,0.04306787582931244,0.4558247164133084
4.0,2,13,gaussian_temporal,0.023821629328177097,0.38129889089381647
4.0,2,14,gaussian_temporal,0.04874025308746309,0.2395406556297115
4.0,2,15,gaussian_temporal,0.03951217062219866,0.44686952605455044
4.0,2,16,gaussian_temporal,0.049617071029245854,0.5974659503352596
4.0,2,17,gaussian_temporal,0.035494602893152975,0.03811690964272739
4.0,2,18,gaussian_temporal,0.04370037511532705,0.4296112652300488
4.0,2,19,gaussian_temporal,0.02867759863464377,0.7032818292464632
4.0,2,20,gaussian_temporal,0.03333198943203127,0.45724252333452753
4.0,2,21,gaussian_temporal,0.051867808981253094,0.21580155715695815
4.0,2,22,gaussian_temporal,0.03466811852196041,0.47093602543311364
4.0,2,23,gaussian_temporal,0.038594724005506904,0.44634175782746716
4.0,2,24,gaussian_temporal,0.038420863259845034,0.37853523722897975
4.0,2,25,gaussian_temporal,0.03158707372672864,0.3038038298163018
4.0,2,26,gaussian_temporal,0.027654945461857854,0.36888386502157394
4.0,2,27,gaussian_temporal,0.03221153502650708,0.6482605795197013
4.0,2,28,gaussian_temporal,0.03634078159663881,0.41965809966885254
4.0,2,29,gaussian_temporal,0.0385597295816692,0.5303020640206202
4.0,2,30,gaussian_temporal,0.03923672784895584,0.5874092537699784
4.0,2,31,gaussian_temporal,0.04347555911311546,0.39825697036749813
4.0,2,32,gaussian_temporal,0.039313418409612166,0.5924414375172617
4.0,2,33,gaussian_temporal,0.027960383714643405,0.4333740742878105
4.0,2,34,gaussian_temporal,0.0379815710855681,0.43130320664405986
4.0,2,35,gaussian_temporal,0.0455040849781971,0.374325793553027
4.0,2,36,gaussian_temporal,0.03864182913509355,0.45974179463551346
4.0,2,37,gaussian_temporal,0.043421008633058,0.41904992738808344
4.0,2,38,gaussian_temporal,0.040637290599498825,0.5153030120546098
4.0,2,39,gaussian_temporal,0.03931729059755673,0.4021171345252873
4.0,2,40,gaussian_temporal,0.025066303510204394,0.41292395437934515
4.0,2,41,gaussian_temporal,0.043462931504872356,0.4060872903354752
4.0,2,42,gaussian_temporal,0.034328596472847556,0.33741216838536686
4.0,2,43,gaussian_temporal,0.03208422180459488,0.539197552551157
4.0,2,44,gaussian_temporal,0.03854640563930557,0.4257880533990541
4.0,2,45,gaussian_temporal,0.054727973308028595,0.26585696299281764
4.0,2,46,gaussian_temporal,0.039737206128741265,0.2444358798182482
4.0,2,47,gaussian_temporal,0.048676763250330796,0.4337908969866425
4.0,2,48,gaussian_temporal,0.02441997437855429,0.6088955756702817
4.0,2,49,gaussian_temporal,0.033591628767620674,0.4381734142848541
4.0,2,50,gaussian_temporal,0.0439333595222825,0.09983286254625545
4.0,2,51,gaussian_temporal,0.03167848285780746,0.35911484462187976
4.0,2,52,gaussian_temporal,0.03268483305440864,0.4092693772651804
4.0,2,53,gaussian_temporal,0.0433083683106603,0.24314063567376867
4.0,2,54,gaussian_temporal,0.03147829070513872,0.46387075841272113
4.0,2,55,gaussian_temporal,0.049891078867818274,0.1156155646561881
4.0,2,56,gaussian_temporal,0.03067088352749514,0.5145260612942708
4.0,2,57,gaussian_temporal,0.04278480185112899,0.1358695932354776
4.0,2,58,gaussian_temporal,0.037202355473845816,0.35558342762105405
4.0,2,59,gaussian_temporal,0.03292888394545238,0.4868582347736094
4.0,2,60,gaussian_temporal,0.044678726729576915,0.2614520405125491
4.0,2,61,gaussian_temporal,0.03695916859745282,0.21269904310561757
4.0,2,62,gaussian_temporal,0.027326597137573762,0.5309444027263692
4.0,2,63,gaussian_temporal,0.05537794394692984,0.35605812994251895
4.0,2,64,gaussian_temporal,0.03540938934124165,0.5794772396511949
4.0,2,1,public_fingerprint,0.10702686756849289,0.16537153720855713
4.0,2,2,public_fingerprint,0.02816891483962536,0.2728258967399597
4.0,2,3,public_fingerprint,0.04626697301864624,0.2443682700395584
4.0,2,4,public_fingerprint,0.05986680090427399,0.12783800065517426
4.0,2,5,public_fingerprint,0.049955036491155624,0.21507708728313446
4.0,2,6,public_fingerprint,0.02940511703491211,0.37384241819381714
4.0,2,7,public_fingerprint,0.050197165459394455,0.29461348056793213
4.0,2,8,public_fingerprint,0.047124579548835754,-0.03006238304078579
4.0,2,9,public_fingerprint,0.052038565278053284,0.39494359493255615
4.0,2,10,public_fingerprint,0.0811624601483345,0.1723528802394867
4.0,2,11,public_fingerprint,0.04893708974123001,0.1259964406490326
4.0,2,12,public_fingerprint,0.04142264276742935,0.5042274594306946
4.0,2,13,public_fingerprint,0.027860864996910095,0.35787835717201233
4.0,2,14,public_fingerprint,0.06112294644117355,0.09399526566267014
4.0,2,15,public_fingerprint,0.03304175287485123,0.5532127618789673
4.0,2,16,public_fingerprint,0.0792323425412178,0.24839918315410614
4.0,2,17,public_fingerprint,0.02957156114280224,0.29169827699661255
4.0,2,18,public_fingerprint,0.05257748067378998,0.30146047472953796
4.0,2,19,public_fingerprint,0.05850702524185181,0.29694661498069763
4.0,2,20,public_fingerprint,0.03888664394617081,0.3671063482761383
4.0,2,21,public_fingerprint,0.060726214200258255,0.06847093999385834
4.0,2,22,public_fingerprint,0.045845117419958115,0.30211377143859863
4.0,2,23,public_fingerprint,0.05260748416185379,0.25027066469192505
4.0,2,24,public_fingerprint,0.044913195073604584,0.2952946126461029
4.0,2,25,public_fingerprint,0.0424601249396801,0.140397310256958
4.0,2,26,public_fingerprint,0.03220845386385918,0.3057071566581726
4.0,2,27,public_fingerprint,0.05249911546707153,0.3962225615978241
4.0,2,28,public_fingerprint,0.0453881174325943,0.30746230483055115
4.0,2,29,public_fingerprint,0.03966269642114639,0.5134216547012329
4.0,2,30,public_fingerprint,0.059209708124399185,0.3379625678062439
4.0,2,31,public_fingerprint,0.05269981920719147,0.29671093821525574
4.0,2,32,public_fingerprint,0.056012384593486786,0.3848002552986145
4.0,2,33,public_fingerprint,0.04247860610485077,0.2224530428647995
4.0,2,34,public_fingerprint,0.0557299368083477,0.1924700289964676
4.0,2,35,public_fingerprint,0.05168352648615837,0.3405607342720032
4.0,2,36,public_fingerprint,0.04650149121880531,0.38994234800338745
4.0,2,37,public_fingerprint,0.052180591970682144,0.3536528944969177
4.0,2,38,public_fingerprint,0.057053253054618835,0.3377115726470947
4.0,2,39,public_fingerprint,0.05068112537264824,0.3078101873397827
4.0,2,40,public_fingerprint,0.034597232937812805,0.355077862739563
4.0,2,41,public_fingerprint,0.050720248371362686,0.37194278836250305
4.0,2,42,public_fingerprint,0.043500740081071854,0.29290884733200073
4.0,2,43,public_fingerprint,0.058338746428489685,0.1811792552471161
4.0,2,44,public_fingerprint,0.0516635999083519,0.2625410556793213
4.0,2,45,public_fingerprint,0.06921950727701187,0.13566656410694122
4.0,2,46,public_fingerprint,0.05348328500986099,0.11522388458251953
4.0,2,47,public_fingerprint,0.05514885112643242,0.38745149970054626
4.0,2,48,public_fingerprint,0.059175439178943634,0.05184808000922203
4.0,2,49,public_fingerprint,0.03979429230093956,0.33464598655700684
4.0,2,50,public_fingerprint,0.04709427431225777,0.10353242605924606
4.0,2,51,public_fingerprint,0.03733820468187332,0.31991931796073914
4.0,2,52,public_fingerprint,0.051903776824474335,0.07438919693231583
4.0,2,53,public_fingerprint,0.04438791051506996,0.2964966595172882
4.0,2,54,public_fingerprint,0.04241529479622841,0.30708521604537964
4.0,2,55,public_fingerprint,0.06256582587957382,-0.0014475741190835834
4.0,2,56,public_fingerprint,0.035556867718696594,0.46482032537460327
4.0,2,57,public_fingerprint,0.05292394384741783,0.026046548038721085
4.0,2,58,public_fingerprint,0.04710465297102928,0.22327403724193573
4.0,2,59,public_fingerprint,0.05490182712674141,0.1781315952539444
4.0,2,60,public_fingerprint,0.06735765188932419,-0.054659973829984665
4.0,2,61,public_fingerprint,0.045862894505262375,0.1375897079706192
4.0,2,62,public_fingerprint,0.04268573969602585,0.2475728541612625
4.0,2,63,public_fingerprint,0.06148212403059006,0.30887335538864136
4.0,2,64,public_fingerprint,0.05674118921160698,0.28718698024749756
4.0,2,1,noisy,204.52142333984375,0.013299633748829365
4.0,2,2,noisy,205.23426818847656,-0.005948137026280165
4.0,2,3,noisy,207.41734313964844,0.009499635547399521
4.0,2,4,noisy,206.7292022705078,0.019124772399663925
4.0,2,5,noisy,209.62896728515625,0.011688003316521645
4.0,2,6,noisy,202.02516174316406,-0.003361777402460575
4.0,2,7,noisy,204.1431427001953,0.0029547500889748335
4.0,2,8,noisy,206.2461395263672,0.01568949595093727
4.0,2,9,noisy,209.0679168701172,0.009043729864060879
4.0,2,10,noisy,201.08676147460938,0.02586223930120468
4.0,2,11,noisy,206.31590270996094,0.01889183558523655
4.0,2,12,noisy,211.53460693359375,0.012303031049668789
4.0,2,13,noisy,205.9530792236328,0.005769733805209398
4.0,2,14,noisy,204.92701721191406,0.013206223025918007
4.0,2,15,noisy,207.8107452392578,0.02669539488852024
4.0,2,16,noisy,206.47731018066406,0.025445610284805298
4.0,2,17,noisy,205.79440307617188,0.019271474331617355
4.0,2,18,noisy,208.1643829345703,0.027679549530148506
4.0,2,19,noisy,203.3704376220703,0.005124693736433983
4.0,2,20,noisy,204.9725341796875,0.016241570934653282
4.0,2,21,noisy,206.1165313720703,0.009619436226785183
4.0,2,22,noisy,205.7843017578125,0.017543908208608627
4.0,2,23,noisy,210.80218505859375,0.009508287534117699
4.0,2,24,noisy,201.00100708007812,0.010933857411146164
4.0,2,25,noisy,204.84829711914062,0.022177621722221375
4.0,2,26,noisy,210.433349609375,0.01440894603729248
4.0,2,27,noisy,206.79824829101562,0.003579264972358942
4.0,2,28,noisy,210.4628143310547,0.025170238688588142
4.0,2,29,noisy,205.3576202392578,0.016535962000489235
4.0,2,30,noisy,206.2388153076172,0.012794189155101776
4.0,2,31,noisy,206.19178771972656,0.008744563907384872
4.0,2,32,noisy,208.11314392089844,0.020574986934661865
4.0,2,33,noisy,205.50454711914062,0.015175387263298035
4.0,2,34,noisy,210.6547393798828,0.016298377886414528
4.0,2,35,noisy,204.7049560546875,0.012100381776690483
4.0,2,36,noisy,205.541259765625,0.015696076676249504
4.0,2,37,noisy,208.1034698486328,0.012974598444998264
4.0,2,38,noisy,209.0550537109375,0.013240563683211803
4.0,2,39,noisy,208.42398071289062,0.009350907988846302
4.0,2,40,noisy,211.74349975585938,0.023117031902074814
4.0,2,41,noisy,211.37181091308594,0.007907098159193993
4.0,2,42,noisy,207.31288146972656,0.0071421656757593155
4.0,2,43,noisy,206.584716796875,0.02671893499791622
4.0,2,44,noisy,208.38038635253906,0.006628144066780806
4.0,2,45,noisy,209.58877563476562,0.010965555906295776
4.0,2,46,noisy,202.37933349609375,0.018656805157661438
4.0,2,47,noisy,204.7732696533203,0.008929112926125526
4.0,2,48,noisy,208.6715087890625,0.021364541724324226
4.0,2,49,noisy,202.7752685546875,0.009889153763651848
4.0,2,50,noisy,207.92056274414062,0.006754161324352026
4.0,2,51,noisy,209.5400390625,0.00143936718814075
4.0,2,52,noisy,205.45726013183594,0.027488334104418755
4.0,2,53,noisy,205.87506103515625,0.016978660598397255
4.0,2,54,noisy,209.6988525390625,0.005258404184132814
4.0,2,55,noisy,204.60882568359375,0.025839708745479584
4.0,2,56,noisy,205.98655700683594,0.014089727774262428
4.0,2,57,noisy,205.40638732910156,0.00814810674637556
4.0,2,58,noisy,207.90252685546875,0.010299297980964184
4.0,2,59,noisy,211.7685089111328,0.013558881357312202
4.0,2,60,noisy,204.79119873046875,0.020281799137592316
4.0,2,61,noisy,205.46710205078125,0.006890897639095783
4.0,2,62,noisy,203.70957946777344,0.022936584427952766
4.0,2,63,noisy,205.35060119628906,0.04192769154906273
4.0,2,64,noisy,209.52249145507812,0.014299053698778152
4.0,2,1,zero,0.10039170831441879,0.0
4.0,2,2,zero,0.01640067808330059,0.0
4.0,2,3,zero,0.03848185017704964,0.0
4.0,2,4,zero,0.046752285212278366,0.0
4.0,2,5,zero,0.04085616394877434,0.0
4.0,2,6,zero,0.02387048490345478,0.0
4.0,2,7,zero,0.04603863134980202,0.0
4.0,2,8,zero,0.021907934918999672,0.0
4.0,2,9,zero,0.05773606523871422,0.0
4.0,2,10,zero,0.07238706946372986,0.0
4.0,2,11,zero,0.032177794724702835,0.0
4.0,2,12,zero,0.0532282292842865,0.0
4.0,2,13,zero,0.019107474014163017,0.0
4.0,2,14,zero,0.04309752210974693,0.0
4.0,2,15,zero,0.045501481741666794,0.0
4.0,2,16,zero,0.07687055319547653,0.0
4.0,2,17,zero,0.019193565472960472,0.0
4.0,2,18,zero,0.050539884716272354,0.0
4.0,2,19,zero,0.05655184015631676,0.0
4.0,2,20,zero,0.03699320927262306,0.0
4.0,2,21,zero,0.04062100127339363,0.0
4.0,2,22,zero,0.04052667319774628,0.0
4.0,2,23,zero,0.04456741362810135,0.0
4.0,2,24,zero,0.038134489208459854,0.0
4.0,2,25,zero,0.022472072392702103,0.0
4.0,2,26,zero,0.017686855047941208,0.0
4.0,2,27,zero,0.05454734340310097,0.0
4.0,2,28,zero,0.035999298095703125,0.0
4.0,2,29,zero,0.04973820224404335,0.0
4.0,2,30,zero,0.059334009885787964,0.0
4.0,2,31,zero,0.047163914889097214,0.0
4.0,2,32,zero,0.06055561825633049,0.0
4.0,2,33,zero,0.028499096632003784,0.0
4.0,2,34,zero,0.04186598211526871,0.0
4.0,2,35,zero,0.04930482432246208,0.0
4.0,2,36,zero,0.04672669991850853,0.0
4.0,2,37,zero,0.04997101053595543,0.0
4.0,2,38,zero,0.05508742481470108,0.0
4.0,2,39,zero,0.04315318167209625,0.0
4.0,2,40,zero,0.02334614284336567,0.0
4.0,2,41,zero,0.04947531968355179,0.0
4.0,2,42,zero,0.03284994885325432,0.0
4.0,2,43,zero,0.04367774724960327,0.0
4.0,2,44,zero,0.043255314230918884,0.0
4.0,2,45,zero,0.05364774540066719,0.0
4.0,2,46,zero,0.035537444055080414,0.0
4.0,2,47,zero,0.05959700793027878,0.0
4.0,2,48,zero,0.03634941205382347,0.0
4.0,2,49,zero,0.03464185819029808,0.0
4.0,2,50,zero,0.02823047712445259,0.0
4.0,2,51,zero,0.03059791959822178,0.0
4.0,2,52,zero,0.03205988556146622,0.0
4.0,2,53,zero,0.03733568266034126,0.0
4.0,2,54,zero,0.036486051976680756,0.0
4.0,2,55,zero,0.03719151020050049,0.0
4.0,2,56,zero,0.039187271147966385,0.0
4.0,2,57,zero,0.02976919338107109,0.0
4.0,2,58,zero,0.03564770892262459,0.0
4.0,2,59,zero,0.04046866297721863,0.0
4.0,2,60,zero,0.038236893713474274,0.0
4.0,2,61,zero,0.02652020752429962,0.0
4.0,2,62,zero,0.029404310509562492,0.0
4.0,2,63,zero,0.05985413119196892,0.0
4.0,2,64,zero,0.05224107578396797,0.0
4.0,2,1,projection_oracle,0.009385685436427593,0.9529664516448975
4.0,2,2,projection_oracle,0.008152869530022144,0.7721065282821655
4.0,2,3,projection_oracle,0.010421209037303925,0.863922655582428
4.0,2,4,projection_oracle,0.00860632210969925,0.9093798995018005
4.0,2,5,projection_oracle,0.008708551526069641,0.8954580426216125
4.0,2,6,projection_oracle,0.010414063930511475,0.7805537581443787
4.0,2,7,projection_oracle,0.012232593260705471,0.8629854917526245
4.0,2,8,projection_oracle,0.009566491469740868,0.7887344360351562
4.0,2,9,projection_oracle,0.012860925868153572,0.8849573135375977
4.0,2,10,projection_oracle,0.010729939676821232,0.9252877235412598
4.0,2,11,projection_oracle,0.01098314393311739,0.8301947712898254
4.0,2,12,projection_oracle,0.010239758528769016,0.902336835861206
4.0,2,13,projection_oracle,0.008289238438010216,0.7967731952667236
4.0,2,14,projection_oracle,0.010096782818436623,0.8824074268341064
4.0,2,15,projection_oracle,0.01011497713625431,0.8880828619003296
4.0,2,16,projection_oracle,0.014445845037698746,0.9037417769432068
4.0,2,17,projection_oracle,0.009386838413774967,0.7746595144271851
4.0,2,18,projection_oracle,0.0123587129637599,0.8747296929359436
4.0,2,19,projection_oracle,0.010269561782479286,0.9097058176994324
4.0,2,20,projection_oracle,0.012077569961547852,0.8315345644950867
4.0,2,21,projection_oracle,0.013740497641265392,0.8278433680534363
4.0,2,22,projection_oracle,0.0116606829687953,0.8521517515182495
4.0,2,23,projection_oracle,0.011397483758628368,0.8700952529907227
4.0,2,24,projection_oracle,0.010966462083160877,0.8549677133560181
4.0,2,25,projection_oracle,0.010980946943163872,0.7730653285980225
4.0,2,26,projection_oracle,0.01048156339675188,0.7287870645523071
4.0,2,27,projection_oracle,0.010876432061195374,0.9005850553512573
4.0,2,28,projection_oracle,0.011313646100461483,0.8469322323799133
4.0,2,29,projection_oracle,0.01363576203584671,0.8594713807106018
4.0,2,30,projection_oracle,0.012263587675988674,0.8958321809768677
4.0,2,31,projection_oracle,0.010431908071041107,0.8887425065040588
4.0,2,32,projection_oracle,0.011350682005286217,0.9054007530212402
4.0,2,33,projection_oracle,0.011491685174405575,0.8056433200836182
4.0,2,34,projection_oracle,0.015438553877174854,0.811211884021759
4.0,2,35,projection_oracle,0.013359286822378635,0.8636190295219421
4.0,2,36,projection_oracle,0.013071546331048012,0.8593140840530396
4.0,2,37,projection_oracle,0.01587844081223011,0.8374814987182617
4.0,2,38,projection_oracle,0.013431311585009098,0.8767234683036804
4.0,2,39,projection_oracle,0.01432464923709631,0.8335986137390137
4.0,2,40,projection_oracle,0.008877143263816833,0.8214747309684753
4.0,2,41,projection_oracle,0.014607969671487808,0.8512923121452332
4.0,2,42,projection_oracle,0.011542154476046562,0.8265469074249268
4.0,2,43,projection_oracle,0.011458559893071651,0.8693963885307312
4.0,2,44,projection_oracle,0.010972017422318459,0.8751956820487976
4.0,2,45,projection_oracle,0.013490929268300533,0.8710750341415405
4.0,2,46,projection_oracle,0.01589377596974373,0.7687138915061951
4.0,2,47,projection_oracle,0.015664709731936455,0.862217903137207
4.0,2,48,projection_oracle,0.011479582637548447,0.8436030745506287
4.0,2,49,projection_oracle,0.012589380145072937,0.8136498332023621
4.0,2,50,projection_oracle,0.0119937714189291,0.7912247776985168
4.0,2,51,projection_oracle,0.012388532981276512,0.7938712239265442
4.0,2,52,projection_oracle,0.011982066556811333,0.8132003545761108
4.0,2,53,projection_oracle,0.012304491363465786,0.8332564234733582
4.0,2,54,projection_oracle,0.012331015430390835,0.8304545283317566
4.0,2,55,projection_oracle,0.01390279270708561,0.8178941011428833
4.0,2,56,projection_oracle,0.01239935215562582,0.8394841551780701
4.0,2,57,projection_oracle,0.012658155523240566,0.7940735220909119
4.0,2,58,projection_oracle,0.014846262522041798,0.7895641922950745
4.0,2,59,projection_oracle,0.012792359106242657,0.8464697003364563
4.0,2,60,projection_oracle,0.01610524207353592,0.7912998795509338
4.0,2,61,projection_oracle,0.012962007895112038,0.7667987942695618
4.0,2,62,projection_oracle,0.012833072803914547,0.7922186255455017
4.0,2,63,projection_oracle,0.015853645280003548,0.8637598752975464
4.0,2,64,projection_oracle,0.01580837555229664,0.8478540182113647
16.0,0,1,gaussian_current,0.04397139032010886,0.6515282547880686
16.0,0,2,gaussian_current,0.059235166275169004,0.3956058662779735
16.0,0,3,gaussian_current,0.045518861461321655,0.48362936538806667
16.0,0,4,gaussian_current,0.023164024121567647,0.49489915938175516
16.0,0,5,gaussian_current,0.056962306195677805,0.41122822940854403
16.0,0,6,gaussian_current,0.06445112530565167,0.2962398541361413
16.0,0,7,gaussian_current,0.030965315486959487,0.488251088697052
16.0,0,8,gaussian_current,0.05101308084568156,0.6653005287703733
16.0,0,9,gaussian_current,0.051939786537115853,0.6166314822035142
16.0,0,10,gaussian_current,0.04580503881753498,0.6234794850863431
16.0,0,11,gaussian_current,0.07143945166582318,0.6619273675126096
16.0,0,12,gaussian_current,0.04383931223186774,0.6511483274443188
16.0,0,13,gaussian_current,0.042204024896759076,0.5847605295774162
16.0,0,14,gaussian_current,0.03912952791466668,0.5301496879856148
16.0,0,15,gaussian_current,0.05771678649897678,0.5986537373600221
16.0,0,16,gaussian_current,0.048595809947987276,0.6006449996850998
16.0,0,17,gaussian_current,0.047727241070321204,0.5721583251742504
16.0,0,18,gaussian_current,0.04212171991855416,0.6101327618305082
16.0,0,19,gaussian_current,0.0392228467088959,0.5437452436628886
16.0,0,20,gaussian_current,0.038139242054329926,0.36228494967458325
16.0,0,21,gaussian_current,0.029676565350679057,0.6425729566329603
16.0,0,22,gaussian_current,0.02756813654664839,0.6819202315084786
16.0,0,23,gaussian_current,0.025861071742300158,0.6263674886233263
16.0,0,24,gaussian_current,0.04576948291807271,0.48935606148873373
16.0,0,25,gaussian_current,0.05944294234581479,0.39958061000852524
16.0,0,26,gaussian_current,0.03855432557057256,0.5403544292413206
16.0,0,27,gaussian_current,0.04555088776585331,0.5109621685955429
16.0,0,28,gaussian_current,0.04558677233432985,0.5612502501027569
16.0,0,29,gaussian_current,0.04543086993040738,0.46910436244254194
16.0,0,30,gaussian_current,0.05652559740665751,0.5163862498716738
16.0,0,31,gaussian_current,0.07827962805714385,0.4847432088464893
16.0,0,32,gaussian_current,0.09926856068119522,0.45988198019696835
16.0,0,33,gaussian_current,0.03964808758018648,0.5653330857280999
16.0,0,34,gaussian_current,0.09303522409061063,0.2965655588009455
16.0,0,35,gaussian_current,0.06081036179322363,0.388233738684703
16.0,0,36,gaussian_current,0.028040955942751133,0.6629532923185094
16.0,0,37,gaussian_current,0.03817329939165587,0.640877958026172
16.0,0,38,gaussian_current,0.035306960089293904,0.5061903219422464
16.0,0,39,gaussian_current,0.03754193993877093,0.5078576317155774
16.0,0,40,gaussian_current,0.05688638205964256,0.5888477756814181
16.0,0,41,gaussian_current,0.04775689873416383,0.5016961766203744
16.0,0,42,gaussian_current,0.039054888184363486,0.6318303515424051
16.0,0,43,gaussian_current,0.038733407030527314,0.502776192506701
16.0,0,44,gaussian_current,0.043860309138009985,0.5916445658206374
16.0,0,45,gaussian_current,0.05737344422119211,0.5057276199016855
16.0,0,46,gaussian_current,0.06029308374324989,0.39961931833330183
16.0,0,47,gaussian_current,0.03596479386494148,0.6059368662023253
16.0,0,48,gaussian_current,0.04272013396748044,0.6180797704246235
16.0,0,49,gaussian_current,0.044366156613740465,0.4859050432681627
16.0,0,50,gaussian_current,0.03984585711333424,0.4271642625593614
16.0,0,51,gaussian_current,0.0775406899577925,0.6500058630947316
16.0,0,52,gaussian_current,0.07005083135842048,-0.06361477467598184
16.0,0,53,gaussian_current,0.03863678190578271,0.5235788784932917
16.0,0,54,gaussian_current,0.06625004965991264,0.411683502067259
16.0,0,55,gaussian_current,0.04050333997419762,0.5216725733409877
16.0,0,56,gaussian_current,0.052372498292112095,0.4787618519684044
16.0,0,57,gaussian_current,0.05515480966369564,0.3645531468101825
16.0,0,58,gaussian_current,0.03375664700814663,0.5553892174177028
16.0,0,59,gaussian_current,0.047892825566475145,0.4158289472505291
16.0,0,60,gaussian_current,0.038293449126198496,0.5895050542190133
16.0,0,61,gaussian_current,0.03324890519743488,0.5934543741783763
16.0,0,62,gaussian_current,0.03897273588813528,0.6071110306175416
16.0,0,63,gaussian_current,0.036024457473960964,0.47394326432548445
16.0,0,64,gaussian_current,0.04658484387846755,0.38492489843868233
16.0,0,1,diffusion_temporal,0.04457800090312958,0.6413522362709045
16.0,0,2,diffusion_temporal,0.05598684772849083,0.44983920454978943
16.0,0,3,diffusion_temporal,0.055170658975839615,0.3842034637928009
16.0,0,4,diffusion_temporal,0.028223631903529167,0.42196524143218994
16.0,0,5,diffusion_temporal,0.05840068310499191,0.42281317710876465
16.0,0,6,diffusion_temporal,0.06615547835826874,0.3229212462902069
16.0,0,7,diffusion_temporal,0.037035126239061356,0.46251383423805237
16.0,0,8,diffusion_temporal,0.054152026772499084,0.6348278522491455
16.0,0,9,diffusion_temporal,0.05333933234214783,0.6093094944953918
16.0,0,10,diffusion_temporal,0.04525446519255638,0.6563166975975037
16.0,0,11,diffusion_temporal,0.0798993781208992,0.6029223799705505
16.0,0,12,diffusion_temporal,0.048241641372442245,0.6237747073173523
16.0,0,13,diffusion_temporal,0.04884784668684006,0.5194244980812073
16.0,0,14,diffusion_temporal,0.049874864518642426,0.4696960747241974
16.0,0,15,diffusion_temporal,0.06676850467920303,0.5374568104743958
16.0,0,16,diffusion_temporal,0.046025894582271576,0.6488243341445923
16.0,0,17,diffusion_temporal,0.06304583698511124,0.46138128638267517
16.0,0,18,diffusion_temporal,0.04792201519012451,0.5561899542808533
16.0,0,19,diffusion_temporal,0.05183384194970131,0.41921356320381165
16.0,0,20,diffusion_temporal,0.04300349950790405,0.386966347694397
16.0,0,21,diffusion_temporal,0.039621587842702866,0.5783106684684753
16.0,0,22,diffusion_temporal,0.03328343480825424,0.6364253163337708
16.0,0,23,diffusion_temporal,0.03374791890382767,0.5592259764671326
16.0,0,24,diffusion_temporal,0.05513841286301613,0.41754084825515747
16.0,0,25,diffusion_temporal,0.06565941870212555,0.35895437002182007
16.0,0,26,diffusion_temporal,0.041532132774591446,0.4985978901386261
16.0,0,27,diffusion_temporal,0.05295516550540924,0.44589608907699585
16.0,0,28,diffusion_temporal,0.05086050555109978,0.532110869884491
16.0,0,29,diffusion_temporal,0.06133105605840683,0.3561539351940155
16.0,0,30,diffusion_temporal,0.057443127036094666,0.5340309739112854
16.0,0,31,diffusion_temporal,0.08535800129175186,0.4550683796405792
16.0,0,32,diffusion_temporal,0.11320748925209045,0.3773873448371887
16.0,0,33,diffusion_temporal,0.042818401008844376,0.5417531728744507
16.0,0,34,diffusion_temporal,0.10013508051633835,0.27109310030937195
16.0,0,35,diffusion_temporal,0.07852397114038467,0.24570880830287933
16.0,0,36,diffusion_temporal,0.03710734844207764,0.572855532169342
16.0,0,37,diffusion_temporal,0.04553785175085068,0.5834141969680786
16.0,0,38,diffusion_temporal,0.048922061920166016,0.46102434396743774
16.0,0,39,diffusion_temporal,0.042854949831962585,0.4690924286842346
16.0,0,40,diffusion_temporal,0.06264280527830124,0.57032710313797
16.0,0,41,diffusion_temporal,0.04905778542160988,0.49887195229530334
16.0,0,42,diffusion_temporal,0.042655620723962784,0.6036981344223022
16.0,0,43,diffusion_temporal,0.04079049080610275,0.49750691652297974
16.0,0,44,diffusion_temporal,0.052070502191782,0.5251770615577698
16.0,0,45,diffusion_temporal,0.06525277346372604,0.491704523563385
16.0,0,46,diffusion_temporal,0.0642041563987732,0.38208967447280884
16.0,0,47,diffusion_temporal,0.04787478223443031,0.5010911822319031
16.0,0,48,diffusion_temporal,0.04996974766254425,0.5702851414680481
16.0,0,49,diffusion_temporal,0.04567551240324974,0.5024303793907166
16.0,0,50,diffusion_temporal,0.04328521713614464,0.41698887944221497
16.0,0,51,diffusion_temporal,0.08346617966890335,0.6091043949127197
16.0,0,52,diffusion_temporal,0.07772904634475708,-0.09674787521362305
16.0,0,53,diffusion_temporal,0.04153294116258621,0.5238875150680542
16.0,0,54,diffusion_temporal,0.07414910942316055,0.37904295325279236
16.0,0,55,diffusion_temporal,0.04525453597307205,0.4760022759437561
16.0,0,56,diffusion_temporal,0.0653158649802208,0.40132224559783936
16.0,0,57,diffusion_temporal,0.06327540427446365,0.32885098457336426
16.0,0,58,diffusion_temporal,0.05056719481945038,0.4482974112033844
16.0,0,59,diffusion_temporal,0.054594527930021286,0.3899248540401459
16.0,0,60,diffusion_temporal,0.0425945483148098,0.5681304931640625
16.0,0,61,diffusion_temporal,0.040927667170763016,0.558671236038208
16.0,0,62,diffusion_temporal,0.04910610243678093,0.5243690013885498
16.0,0,63,diffusion_temporal,0.0395301878452301,0.4627017378807068
16.0,0,64,diffusion_temporal,0.05003032460808754,0.3461003601551056
16.0,0,1,diffusion_context_only,0.04451846703886986,0.6507478356361389
16.0,0,2,diffusion_context_only,0.057324569672346115,0.44151589274406433
16.0,0,3,diffusion_context_only,0.05622625723481178,0.3694160282611847
16.0,0,4,diffusion_context_only,0.028255058452486992,0.4172249138355255
16.0,0,5,diffusion_context_only,0.057531051337718964,0.42951729893684387
16.0,0,6,diffusion_context_only,0.06521766632795334,0.33535438776016235
16.0,0,7,diffusion_context_only,0.0376775749027729,0.4569859504699707
16.0,0,8,diffusion_context_only,0.05458838492631912,0.63136887550354
16.0,0,9,diffusion_context_only,0.053378626704216,0.6093605756759644
16.0,0,10,diffusion_context_only,0.0452926866710186,0.6563823223114014
16.0,0,11,diffusion_context_only,0.07954072207212448,0.6051685214042664
16.0,0,12,diffusion_context_only,0.048201125115156174,0.6243671774864197
16.0,0,13,diffusion_context_only,0.04851102828979492,0.5226556062698364
16.0,0,14,diffusion_context_only,0.04962489753961563,0.46971577405929565
16.0,0,15,diffusion_context_only,0.06641630828380585,0.5389232635498047
16.0,0,16,diffusion_context_only,0.04595947265625,0.6489551663398743
16.0,0,17,diffusion_context_only,0.06292321532964706,0.46113622188568115
16.0,0,18,diffusion_context_only,0.048480913043022156,0.5503309965133667
16.0,0,19,diffusion_context_only,0.052256468683481216,0.41627237200737
16.0,0,20,diffusion_context_only,0.042306844145059586,0.39219534397125244
16.0,0,21,diffusion_context_only,0.03936680406332016,0.5790972709655762
16.0,0,22,diffusion_context_only,0.0332951657474041,0.6346240043640137
16.0,0,23,diffusion_context_only,0.033810440450906754,0.5584015250205994
16.0,0,24,diffusion_context_only,0.05553435906767845,0.41682979464530945
16.0,0,25,diffusion_context_only,0.06565666198730469,0.36020129919052124
16.0,0,26,diffusion_context_only,0.041300639510154724,0.5008767247200012
16.0,0,27,diffusion_context_only,0.05282525718212128,0.44591450691223145
16.0,0,28,diffusion_context_only,0.051017940044403076,0.5312049984931946
16.0,0,29,diffusion_context_only,0.06160271540284157,0.3546164631843567
16.0,0,30,diffusion_context_only,0.05766519531607628,0.5347804427146912
16.0,0,31,diffusion_context_only,0.08521033823490143,0.45415198802948
16.0,0,32,diffusion_context_only,0.11397998780012131,0.3718069791793823
16.0,0,33,diffusion_context_only,0.04263915494084358,0.5435220003128052
16.0,0,34,diffusion_context_only,0.09945682436227798,0.27556630969047546
16.0,0,35,diffusion_context_only,0.07875807583332062,0.24399957060813904
16.0,0,36,diffusion_context_only,0.03625499829649925,0.5802168250083923
16.0,0,37,diffusion_context_only,0.045808691531419754,0.581133246421814
16.0,0,38,diffusion_context_only,0.04848488047719002,0.4609239101409912
16.0,0,39,diffusion_context_only,0.0424979105591774,0.470060259103775
16.0,0,40,diffusion_context_only,0.06296497583389282,0.5671363472938538
16.0,0,41,diffusion_context_only,0.04881003499031067,0.4995902180671692
16.0,0,42,diffusion_context_only,0.04261269047856331,0.603335440158844
16.0,0,43,diffusion_context_only,0.04085211083292961,0.4978397786617279
16.0,0,44,diffusion_context_only,0.05184301361441612,0.5257476568222046
16.0,0,45,diffusion_context_only,0.0653475970029831,0.4910010099411011
16.0,0,46,diffusion_context_only,0.06411831080913544,0.38190847635269165
16.0,0,47,diffusion_context_only,0.04722661152482033,0.5044559240341187
16.0,0,48,diffusion_context_only,0.0502413734793663,0.5691831707954407
16.0,0,49,diffusion_context_only,0.04624484106898308,0.49741941690444946
16.0,0,50,diffusion_context_only,0.0433771014213562,0.4174315333366394
16.0,0,51,diffusion_context_only,0.08385193347930908,0.6067801713943481
16.0,0,52,diffusion_context_only,0.07784300297498703,-0.09991424530744553
16.0,0,53,diffusion_context_only,0.0414622537791729,0.5222984552383423
16.0,0,54,diffusion_context_only,0.07508827745914459,0.3742932081222534
16.0,0,55,diffusion_context_only,0.04502497613430023,0.47661563754081726
16.0,0,56,diffusion_context_only,0.0642876848578453,0.40581563115119934
16.0,0,57,diffusion_context_only,0.06353972852230072,0.3301842212677002
16.0,0,58,diffusion_context_only,0.051058247685432434,0.44557541608810425
16.0,0,59,diffusion_context_only,0.054476313292980194,0.3899663984775543
16.0,0,60,diffusion_context_only,0.04193141311407089,0.5723539590835571
16.0,0,61,diffusion_context_only,0.04065341874957085,0.559701144695282
16.0,0,62,diffusion_context_only,0.049823734909296036,0.518153965473175
16.0,0,63,diffusion_context_only,0.03929886221885681,0.46441179513931274
16.0,0,64,diffusion_context_only,0.05002900958061218,0.34527745842933655
16.0,0,1,gaussian_context_only,0.04370644595205148,0.6601196050480548
16.0,0,2,gaussian_context_only,0.06585727548060881,0.3228413963597385
16.0,0,3,gaussian_context_only,0.053165171028731556,0.4160264773136071
16.0,0,4,gaussian_context_only,0.02779134274644906,0.49931781156382954
16.0,0,5,gaussian_context_only,0.05949260741107779,0.39632580894770314
16.0,0,6,gaussian_context_only,0.06056783015674108,0.40298326980197824
16.0,0,7,gaussian_context_only,0.03602936677613592,0.42930925194302544
16.0,0,8,gaussian_context_only,0.07586649569783023,0.4962898451381467
16.0,0,9,gaussian_context_only,0.055785962776959616,0.6225334064567402
16.0,0,10,gaussian_context_only,0.0754232660032341,0.45401294098631345
16.0,0,11,gaussian_context_only,0.08832354499766489,0.5486041336921036
16.0,0,12,gaussian_context_only,0.06632447972721013,0.4827228616066349
16.0,0,13,gaussian_context_only,0.057760097913567614,0.4947288326927056
16.0,0,14,gaussian_context_only,0.06037219608138603,0.45672431849894135
16.0,0,15,gaussian_context_only,0.06834795512761513,0.5646100654110838
16.0,0,16,gaussian_context_only,0.06054774895176416,0.573605580688244
16.0,0,17,gaussian_context_only,0.05420616565028838,0.5731412228608436
16.0,0,18,gaussian_context_only,0.07587674181948618,0.4651119824495562
16.0,0,19,gaussian_context_only,0.06646557932693684,0.4619174189222505
16.0,0,20,gaussian_context_only,0.05863920992845873,0.34787894253913776
16.0,0,21,gaussian_context_only,0.05325999660007396,0.5144532780211605
16.0,0,22,gaussian_context_only,0.05563661123759591,0.5380112237589287
16.0,0,23,gaussian_context_only,0.03621768424451647,0.5210575163888068
16.0,0,24,gaussian_context_only,0.06242260799907768,0.40828324966315765
16.0,0,25,gaussian_context_only,0.06476333986988903,0.47885218769819465
16.0,0,26,gaussian_context_only,0.05550636436433043,0.4467872760963293
16.0,0,27,gaussian_context_only,0.057758058679971254,0.48974903685260035
16.0,0,28,gaussian_context_only,0.07127423548867068,0.43992138145501436
16.0,0,29,gaussian_context_only,0.07881397651454389,0.3064551833322754
16.0,0,30,gaussian_context_only,0.07024095813164748,0.463621518446996
16.0,0,31,gaussian_context_only,0.0957110943805582,0.4412964143597509
16.0,0,32,gaussian_context_only,0.1145841326556885,0.41363447718231827
16.0,0,33,gaussian_context_only,0.06106525791146181,0.36851955825374844
16.0,0,34,gaussian_context_only,0.11904214778792228,0.18143119129236632
16.0,0,35,gaussian_context_only,0.09716609713305759,0.23305295263678313
16.0,0,36,gaussian_context_only,0.046069075570314574,0.5059857397118291
16.0,0,37,gaussian_context_only,0.05781600033180121,0.5420949783046419
16.0,0,38,gaussian_context_only,0.058453569860214084,0.3814563900278395
16.0,0,39,gaussian_context_only,0.07089681619930777,0.2980185419444677
16.0,0,40,gaussian_context_only,0.07287114158066879,0.5123819535521278
16.0,0,41,gaussian_context_only,0.07925797607080932,0.3540565382315994
16.0,0,42,gaussian_context_only,0.0666757727397891,0.5191401341014032
16.0,0,43,gaussian_context_only,0.0645661324552072,0.39182715141186597
16.0,0,44,gaussian_context_only,0.058852864078964874,0.5048145034276867
16.0,0,45,gaussian_context_only,0.08149657000676484,0.4104945628899064
16.0,0,46,gaussian_context_only,0.08707546697054921,0.33399889956909784
16.0,0,47,gaussian_context_only,0.05721498251438224,0.4703515156175114
16.0,0,48,gaussian_context_only,0.05314857874690887,0.5539797297649047
16.0,0,49,gaussian_context_only,0.06493198526059712,0.4212554880944665
16.0,0,50,gaussian_context_only,0.05351976573246777,0.43185292122932295
16.0,0,51,gaussian_context_only,0.09337564349908697,0.5602862610984565
16.0,0,52,gaussian_context_only,0.08434706501645074,0.03907509194813712
16.0,0,53,gaussian_context_only,0.05369633068716392,0.4731964917170396
16.0,0,54,gaussian_context_only,0.07668692102753143,0.3962687512032113
16.0,0,55,gaussian_context_only,0.06807531117497255,0.37665419809991624
16.0,0,56,gaussian_context_only,0.09904892268123754,0.26571626540754956
16.0,0,57,gaussian_context_only,0.06808709210129266,0.30646823633376485
16.0,0,58,gaussian_context_only,0.040305205135054686,0.5212029929732517
16.0,0,59,gaussian_context_only,0.0674836881499855,0.36992989301636003
16.0,0,60,gaussian_context_only,0.05959101626057931,0.4791307478656968
16.0,0,61,gaussian_context_only,0.06350295031813105,0.5212999700354978
16.0,0,62,gaussian_context_only,0.05660125177551677,0.5430938343124733
16.0,0,63,gaussian_context_only,0.0701780906505534,0.3673115271360207
16.0,0,64,gaussian_context_only,0.07775435906108832,0.27632107899025593
16.0,0,1,gaussian_temporal,0.04828357821005131,0.6003745224876776
16.0,0,2,gaussian_temporal,0.06431660091029665,0.3485410597871244
16.0,0,3,gaussian_temporal,0.04693456333571128,0.4905836504284917
16.0,0,4,gaussian_temporal,0.027030036298646275,0.48152320748483135
16.0,0,5,gaussian_temporal,0.06083046361414558,0.3844577471714073
16.0,0,6,gaussian_temporal,0.06704686105550435,0.35826140882785945
16.0,0,7,gaussian_temporal,0.04407376245962479,0.3494069162247995
16.0,0,8,gaussian_temporal,0.07833769662668903,0.49698448184751665
16.0,0,9,gaussian_temporal,0.05996824177373381,0.5796649674247017
16.0,0,10,gaussian_temporal,0.07462746853883975,0.43868642628545185
16.0,0,11,gaussian_temporal,0.0890858602137351,0.5458253327233357
16.0,0,12,gaussian_temporal,0.06548164078026064,0.5178364306950082
16.0,0,13,gaussian_temporal,0.06298880521535889,0.44980475765305333
16.0,0,14,gaussian_temporal,0.05459570457709427,0.4336059320793422
16.0,0,15,gaussian_temporal,0.069706755639707,0.5464549112461541
16.0,0,16,gaussian_temporal,0.06005476728075995,0.5874675192173542
16.0,0,17,gaussian_temporal,0.056940080346674686,0.564725456200183
16.0,0,18,gaussian_temporal,0.07971109009828148,0.44059318577171963
16.0,0,19,gaussian_temporal,0.06946071030087264,0.48734221790284127
16.0,0,20,gaussian_temporal,0.05662561234949919,0.31155172624142496
16.0,0,21,gaussian_temporal,0.04619416616034314,0.546399261147565
16.0,0,22,gaussian_temporal,0.051946847576867385,0.5449656713991372
16.0,0,23,gaussian_temporal,0.03987995964229002,0.5382507134465317
16.0,0,24,gaussian_temporal,0.06408353722400863,0.3938108990451081
16.0,0,25,gaussian_temporal,0.07187285080453347,0.42949826490664444
16.0,0,26,gaussian_temporal,0.049789303663884496,0.4725027591653426
16.0,0,27,gaussian_temporal,0.060448761073816644,0.4723252838383533
16.0,0,28,gaussian_temporal,0.07034970900876311,0.42764106097247384
16.0,0,29,gaussian_temporal,0.0740567838912369,0.3204560774256759
16.0,0,30,gaussian_temporal,0.06724798139173513,0.4900760747917785
16.0,0,31,gaussian_temporal,0.09519952489054702,0.4427756058022414
16.0,0,32,gaussian_temporal,0.11794014769672338,0.37697362961152336
16.0,0,33,gaussian_temporal,0.05877344114423238,0.37694796915402173
16.0,0,34,gaussian_temporal,0.10882325104784489,0.23346034714453756
16.0,0,35,gaussian_temporal,0.0977156278076506,0.28466353103849107
16.0,0,36,gaussian_temporal,0.04327794471771578,0.5293193765969575
16.0,0,37,gaussian_temporal,0.05888385652324722,0.551021620976315
16.0,0,38,gaussian_temporal,0.05787675419903335,0.3806540638083958
16.0,0,39,gaussian_temporal,0.06650440034360396,0.31436534151997175
16.0,0,40,gaussian_temporal,0.07826554041324509,0.48948690547615986
16.0,0,41,gaussian_temporal,0.07503984510601225,0.35499789524171854
16.0,0,42,gaussian_temporal,0.05881552995566111,0.5673897212620873
16.0,0,43,gaussian_temporal,0.06046034424437486,0.4232816159945678
16.0,0,44,gaussian_temporal,0.06256452102747674,0.48187241265651676
16.0,0,45,gaussian_temporal,0.07996089418611439,0.41824729044105435
16.0,0,46,gaussian_temporal,0.08852681348590986,0.3018089350553125
16.0,0,47,gaussian_temporal,0.048232575255754154,0.5156054164626596
16.0,0,48,gaussian_temporal,0.0559413729053319,0.5281623095091871
16.0,0,49,gaussian_temporal,0.06893714541792605,0.42319820775819733
16.0,0,50,gaussian_temporal,0.051100442891914295,0.4271672625903215
16.0,0,51,gaussian_temporal,0.08988236152591614,0.5747473112957806
16.0,0,52,gaussian_temporal,0.07848069637182292,0.016246126263660364
16.0,0,53,gaussian_temporal,0.059839717675777754,0.43161372666368525
16.0,0,54,gaussian_temporal,0.0747216616939316,0.4260531541122648
16.0,0,55,gaussian_temporal,0.06470849283616366,0.39607620379265884
16.0,0,56,gaussian_temporal,0.11112619500902644,0.2394257300702047
16.0,0,57,gaussian_temporal,0.07363470552560779,0.28315575565081624
16.0,0,58,gaussian_temporal,0.04234263311877102,0.48168464813443723
16.0,0,59,gaussian_temporal,0.06961325551178198,0.3590230878085692
16.0,0,60,gaussian_temporal,0.057053333192581435,0.502796088313168
16.0,0,61,gaussian_temporal,0.05658305506670265,0.541171584984133
16.0,0,62,gaussian_temporal,0.057824112691279815,0.5353403249071808
16.0,0,63,gaussian_temporal,0.07045964318294798,0.3589053325200765
16.0,0,64,gaussian_temporal,0.07894342793226526,0.2755321544501776
16.0,0,1,public_fingerprint,0.06324687600135803,0.42065736651420593
16.0,0,2,public_fingerprint,0.08653569966554642,0.11812710762023926
16.0,0,3,public_fingerprint,0.068263478577137,0.25624293088912964
16.0,0,4,public_fingerprint,0.031404126435518265,0.42244139313697815
16.0,0,5,public_fingerprint,0.05673692375421524,0.4444478452205658
16.0,0,6,public_fingerprint,0.07842698693275452,0.15717853605747223
16.0,0,7,public_fingerprint,0.03610805794596672,0.398271769285202
16.0,0,8,public_fingerprint,0.06697417050600052,0.5088552832603455
16.0,0,9,public_fingerprint,0.07227901369333267,0.39587920904159546
16.0,0,10,public_fingerprint,0.0566803514957428,0.5093694925308228
16.0,0,11,public_fingerprint,0.09201114624738693,0.5163807272911072
16.0,0,12,public_fingerprint,0.05207023024559021,0.5668182373046875
16.0,0,13,public_fingerprint,0.05431691184639931,0.43476396799087524
16.0,0,14,public_fingerprint,0.043683912605047226,0.4531027376651764
16.0,0,15,public_fingerprint,0.07275772839784622,0.4598940312862396
16.0,0,16,public_fingerprint,0.06435725092887878,0.4326992928981781
16.0,0,17,public_fingerprint,0.06033375486731529,0.4293421506881714
16.0,0,18,public_fingerprint,0.04920436441898346,0.5286128520965576
16.0,0,19,public_fingerprint,0.045884937047958374,0.4491199851036072
16.0,0,20,public_fingerprint,0.041266463696956635,0.3008321523666382
16.0,0,21,public_fingerprint,0.026052318513393402,0.6759414076805115
16.0,0,22,public_fingerprint,0.028763379901647568,0.6654892563819885
16.0,0,23,public_fingerprint,0.026629595085978508,0.6083452105522156
16.0,0,24,public_fingerprint,0.04756411910057068,0.4519280195236206
16.0,0,25,public_fingerprint,0.06442157179117203,0.3260822892189026
16.0,0,26,public_fingerprint,0.03585182875394821,0.561588704586029
16.0,0,27,public_fingerprint,0.05567186698317528,0.37811827659606934
16.0,0,28,public_fingerprint,0.055140119045972824,0.45379287004470825
16.0,0,29,public_fingerprint,0.05059179663658142,0.3826560974121094
16.0,0,30,public_fingerprint,0.06372934579849243,0.4405999779701233
16.0,0,31,public_fingerprint,0.0950058326125145,0.3309517800807953
16.0,0,32,public_fingerprint,0.10414130985736847,0.4183638393878937
16.0,0,33,public_fingerprint,0.04515865817666054,0.4854391813278198
16.0,0,34,public_fingerprint,0.1004321500658989,0.2080165594816208
16.0,0,35,public_fingerprint,0.06620199978351593,0.31678688526153564
16.0,0,36,public_fingerprint,0.020765477791428566,0.74088454246521
16.0,0,37,public_fingerprint,0.04061533510684967,0.6124238967895508
16.0,0,38,public_fingerprint,0.0377180278301239,0.46586939692497253
16.0,0,39,public_fingerprint,0.03399538993835449,0.5405905246734619
16.0,0,40,public_fingerprint,0.05843038111925125,0.5742723941802979
16.0,0,41,public_fingerprint,0.05432261526584625,0.4193301796913147
16.0,0,42,public_fingerprint,0.0330389142036438,0.6872457265853882
16.0,0,43,public_fingerprint,0.0355282798409462,0.5277141332626343
16.0,0,44,public_fingerprint,0.04326716437935829,0.5888873338699341
16.0,0,45,public_fingerprint,0.06896236538887024,0.3946572542190552
16.0,0,46,public_fingerprint,0.0681477040052414,0.31902021169662476
16.0,0,47,public_fingerprint,0.03422555699944496,0.6262384057044983
16.0,0,48,public_fingerprint,0.040205471217632294,0.6433337926864624
16.0,0,49,public_fingerprint,0.04709368199110031,0.45017391443252563
16.0,0,50,public_fingerprint,0.038363948464393616,0.4608144760131836
16.0,0,51,public_fingerprint,0.0772075429558754,0.6502488255500793
16.0,0,52,public_fingerprint,0.08194202184677124,-0.21804048120975494
16.0,0,53,public_fingerprint,0.04182569310069084,0.5005661845207214
16.0,0,54,public_fingerprint,0.07744038105010986,0.31064373254776
16.0,0,55,public_fingerprint,0.036331906914711,0.5665643811225891
16.0,0,56,public_fingerprint,0.041667815297842026,0.5868102312088013
16.0,0,57,public_fingerprint,0.06034081056714058,0.28724145889282227
16.0,0,58,public_fingerprint,0.03077339567244053,0.5761827230453491
16.0,0,59,public_fingerprint,0.051753293722867966,0.34454071521759033
16.0,0,60,public_fingerprint,0.03500394523143768,0.6150019764900208
16.0,0,61,public_fingerprint,0.03093908168375492,0.6030240058898926
16.0,0,62,public_fingerprint,0.03983917459845543,0.5917564630508423
16.0,0,63,public_fingerprint,0.03127798065543175,0.521993100643158
16.0,0,64,public_fingerprint,0.04876210168004036,0.32653874158859253
16.0,0,1,noisy,3325.04052734375,0.01311538740992546
16.0,0,2,noisy,3282.117919921875,-0.0026238260325044394
16.0,0,3,noisy,3283.48779296875,0.0015655297320336103
16.0,0,4,noisy,3307.323974609375,0.02343505620956421
16.0,0,5,noisy,3234.201171875,0.016010213643312454
16.0,0,6,noisy,3301.69921875,-0.010278484784066677
16.0,0,7,noisy,3294.32080078125,-0.011534317396581173
16.0,0,8,noisy,3263.7314453125,0.008394772186875343
16.0,0,9,noisy,3288.713623046875,0.0013504175003618002
16.0,0,10,noisy,3287.984619140625,-0.005598711781203747
16.0,0,11,noisy,3264.685791015625,0.008798794820904732
16.0,0,12,noisy,3232.8671875,0.008153741247951984
16.0,0,13,noisy,3309.949462890625,-0.0013455027947202325
16.0,0,14,noisy,3331.57763671875,0.010936867445707321
16.0,0,15,noisy,3366.809814453125,0.014720145612955093
16.0,0,16,noisy,3316.798828125,-0.00784164946526289
16.0,0,17,noisy,3330.646240234375,-0.004799452610313892
16.0,0,18,noisy,3327.287841796875,-0.0028386865742504597
16.0,0,19,noisy,3297.8515625,0.003278532298281789
16.0,0,20,noisy,3343.23193359375,-0.0064560845494270325
16.0,0,21,noisy,3278.697265625,0.014412577264010906
16.0,0,22,noisy,3277.609375,0.00722535140812397
16.0,0,23,noisy,3289.328369140625,-0.00264546275138855
16.0,0,24,noisy,3319.603759765625,-0.005864034406840801
16.0,0,25,noisy,3302.611328125,0.023352408781647682
16.0,0,26,noisy,3269.7373046875,-0.014237876050174236
16.0,0,27,noisy,3316.214111328125,0.012775260023772717
16.0,0,28,noisy,3402.23193359375,-0.0046232170425355434
16.0,0,29,noisy,3310.47412109375,0.006860440596938133
16.0,0,30,noisy,3361.10009765625,0.005878758616745472
16.0,0,31,noisy,3293.07421875,0.010030681267380714
16.0,0,32,noisy,3307.553955078125,0.011302423663437366
16.0,0,33,noisy,3328.213623046875,0.004322112537920475
16.0,0,34,noisy,3306.279052734375,-0.00037294431240297854
16.0,0,35,noisy,3377.962158203125,0.005813814699649811
16.0,0,36,noisy,3263.03564453125,0.003278350457549095
16.0,0,37,noisy,3307.31103515625,0.010793727822601795
16.0,0,38,noisy,3350.91259765625,0.006575567182153463
16.0,0,39,noisy,3291.33837890625,-0.0019145015394315124
16.0,0,40,noisy,3335.169189453125,0.004621600732207298
16.0,0,41,noisy,3355.5498046875,0.006588176358491182
16.0,0,42,noisy,3337.3857421875,0.010557382367551327
16.0,0,43,noisy,3313.47216796875,0.0023551126942038536
16.0,0,44,noisy,3362.884521484375,0.005524493753910065
16.0,0,45,noisy,3283.135986328125,0.018372859805822372
16.0,0,46,noisy,3399.6689453125,-0.005508250556886196
16.0,0,47,noisy,3287.1650390625,0.00039220150210894644
16.0,0,48,noisy,3316.553955078125,0.011252638883888721
16.0,0,49,noisy,3260.5439453125,0.011564941145479679
16.0,0,50,noisy,3281.978271484375,0.008581392467021942
16.0,0,51,noisy,3284.705078125,0.004145955201238394
16.0,0,52,noisy,3393.6787109375,0.014252419583499432
16.0,0,53,noisy,3304.327392578125,0.007871126756072044
16.0,0,54,noisy,3295.253173828125,0.015468648634850979
16.0,0,55,noisy,3271.1845703125,0.008867126889526844
16.0,0,56,noisy,3291.697265625,0.0052979132160544395
16.0,0,57,noisy,3373.58740234375,0.0012167120585218072
16.0,0,58,noisy,3406.948974609375,0.006752567831426859
16.0,0,59,noisy,3279.247802734375,0.0018994016572833061
16.0,0,60,noisy,3345.990478515625,0.010475962422788143
16.0,0,61,noisy,3288.730224609375,0.02249721623957157
16.0,0,62,noisy,3299.1513671875,0.003938515670597553
16.0,0,63,noisy,3346.69775390625,0.00873251911252737
16.0,0,64,noisy,3290.04296875,0.012116708792746067
16.0,0,1,zero,0.07546552270650864,0.0
16.0,0,2,zero,0.06836606562137604,0.0
16.0,0,3,zero,0.05726896971464157,0.0
16.0,0,4,zero,0.023413630202412605,0.0
16.0,0,5,zero,0.06592069566249847,0.0
16.0,0,6,zero,0.06569454073905945,0.0
16.0,0,7,zero,0.03353768214583397,0.0
16.0,0,8,zero,0.0903124213218689,0.0
16.0,0,9,zero,0.08377812802791595,0.0
16.0,0,10,zero,0.07404863089323044,0.0
16.0,0,11,zero,0.12540559470653534,0.0
16.0,0,12,zero,0.07596871256828308,0.0
16.0,0,13,zero,0.061833977699279785,0.0
16.0,0,14,zero,0.04745716229081154,0.0
16.0,0,15,zero,0.08953757584095001,0.0
16.0,0,16,zero,0.07533936202526093,0.0
16.0,0,17,zero,0.06947384774684906,0.0
16.0,0,18,zero,0.06545364856719971,0.0
16.0,0,19,zero,0.04811875894665718,0.0
16.0,0,20,zero,0.02304888889193535,0.0
16.0,0,21,zero,0.04269689694046974,0.0
16.0,0,22,zero,0.04662312567234039,0.0
16.0,0,23,zero,0.03332925960421562,0.0
16.0,0,24,zero,0.052216727286577225,0.0
16.0,0,25,zero,0.05951530858874321,0.0
16.0,0,26,zero,0.045874208211898804,0.0
16.0,0,27,zero,0.05528934672474861,0.0
16.0,0,28,zero,0.06345996260643005,0.0
16.0,0,29,zero,0.04680201783776283,0.0
16.0,0,30,zero,0.07388988137245178,0.0
16.0,0,31,zero,0.10003524273633957,0.0
16.0,0,32,zero,0.12472525984048843,0.0
16.0,0,33,zero,0.05239768698811531,0.0
16.0,0,34,zero,0.08834925293922424,0.0
16.0,0,35,zero,0.05989910662174225,0.0
16.0,0,36,zero,0.03972049057483673,0.0
16.0,0,37,zero,0.06114143878221512,0.0
16.0,0,38,zero,0.029650555923581123,0.0
16.0,0,39,zero,0.03653184324502945,0.0
16.0,0,40,zero,0.0853831097483635,0.0
16.0,0,41,zero,0.05272355675697327,0.0
16.0,0,42,zero,0.05645589530467987,0.0
16.0,0,43,zero,0.03277316689491272,0.0
16.0,0,44,zero,0.05567656084895134,0.0
16.0,0,45,zero,0.06712089478969574,0.0
16.0,0,46,zero,0.05911102890968323,0.0
16.0,0,47,zero,0.04914723336696625,0.0
16.0,0,48,zero,0.06735152751207352,0.0
16.0,0,49,zero,0.04873824492096901,0.0
16.0,0,50,zero,0.03280608355998993,0.0
16.0,0,51,zero,0.13256050646305084,0.0
16.0,0,52,zero,0.026004767045378685,0.0
16.0,0,53,zero,0.043009985238313675,0.0
16.0,0,54,zero,0.07220417261123657,0.0
16.0,0,55,zero,0.04774853214621544,0.0
16.0,0,56,zero,0.06186660751700401,0.0
16.0,0,57,zero,0.050109103322029114,0.0
16.0,0,58,zero,0.03653877228498459,0.0
16.0,0,59,zero,0.043554700911045074,0.0
16.0,0,60,zero,0.052695535123348236,0.0
16.0,0,61,zero,0.043422579765319824,0.0
16.0,0,62,zero,0.058646757155656815,0.0
16.0,0,63,zero,0.03209197148680687,0.0
16.0,0,64,zero,0.03977475315332413,0.0
16.0,0,1,projection_oracle,0.014706641435623169,0.8976080417633057
16.0,0,2,projection_oracle,0.01795484870672226,0.8605504035949707
16.0,0,3,projection_oracle,0.016197385266423225,0.8510528206825256
16.0,0,4,projection_oracle,0.011376969516277313,0.7586435079574585
16.0,0,5,projection_oracle,0.023231610655784607,0.8082923889160156
16.0,0,6,projection_oracle,0.023159490898251534,0.8090971112251282
16.0,0,7,projection_oracle,0.014271571300923824,0.7791430354118347
16.0,0,8,projection_oracle,0.02512713521718979,0.8499126434326172
16.0,0,9,projection_oracle,0.024303702637553215,0.8444382548332214
16.0,0,10,projection_oracle,0.022721195593476295,0.8374137282371521
16.0,0,11,projection_oracle,0.03375853970646858,0.8553403615951538
16.0,0,12,projection_oracle,0.02240309678018093,0.8407248258590698
16.0,0,13,projection_oracle,0.025201361626386642,0.7775713801383972
16.0,0,14,projection_oracle,0.022981734946370125,0.7430171966552734
16.0,0,15,projection_oracle,0.03100496344268322,0.8136543035507202
16.0,0,16,projection_oracle,0.026158029213547707,0.8129618167877197
16.0,0,17,projection_oracle,0.025804108008742332,0.8023951053619385
16.0,0,18,projection_oracle,0.02437519282102585,0.7977640628814697
16.0,0,19,projection_oracle,0.024890486150979996,0.7289866805076599
16.0,0,20,projection_oracle,0.024342568591237068,0.5720240473747253
16.0,0,21,projection_oracle,0.018980350345373154,0.7705774903297424
16.0,0,22,projection_oracle,0.018434222787618637,0.7978363633155823
16.0,0,23,projection_oracle,0.01803307980298996,0.7424303293228149
16.0,0,24,projection_oracle,0.029399875551462173,0.6955739855766296
16.0,0,25,projection_oracle,0.0384126752614975,0.6429492831230164
16.0,0,26,projection_oracle,0.022885242477059364,0.7304359674453735
16.0,0,27,projection_oracle,0.03169941529631615,0.6846727728843689
16.0,0,28,projection_oracle,0.03146490454673767,0.7264456748962402
16.0,0,29,projection_oracle,0.029571866616606712,0.6722483038902283
16.0,0,30,projection_oracle,0.03604215383529663,0.7288829684257507
16.0,0,31,projection_oracle,0.048632267862558365,0.7250909805297852
16.0,0,32,projection_oracle,0.05363086238503456,0.7573545575141907
16.0,0,33,projection_oracle,0.028146207332611084,0.7066774964332581
16.0,0,34,projection_oracle,0.05648559331893921,0.6366099119186401
16.0,0,35,projection_oracle,0.03696297109127045,0.6649278402328491
16.0,0,36,projection_oracle,0.015358315780758858,0.8070873022079468
16.0,0,37,projection_oracle,0.025997968390583992,0.7685574293136597
16.0,0,38,projection_oracle,0.025166181847453117,0.6143171191215515
16.0,0,39,projection_oracle,0.024385696277022362,0.6636602282524109
16.0,0,40,projection_oracle,0.04077659547328949,0.7291927933692932
16.0,0,41,projection_oracle,0.03367094323039055,0.660009503364563
16.0,0,42,projection_oracle,0.024440500885248184,0.7779955267906189
16.0,0,43,projection_oracle,0.023318972438573837,0.6843297481536865
16.0,0,44,projection_oracle,0.030075334012508392,0.7190694808959961
16.0,0,45,projection_oracle,0.040057260543107986,0.6789866089820862
16.0,0,46,projection_oracle,0.04125087335705757,0.6188544034957886
16.0,0,47,projection_oracle,0.023884620517492294,0.7403568029403687
16.0,0,48,projection_oracle,0.02654438279569149,0.7810540795326233
16.0,0,49,projection_oracle,0.027629369869828224,0.6977149844169617
16.0,0,50,projection_oracle,0.02617483399808407,0.6038334965705872
16.0,0,51,projection_oracle,0.05046886205673218,0.7874193787574768
16.0,0,52,projection_oracle,0.0508081428706646,0.20425298810005188
16.0,0,53,projection_oracle,0.02942759357392788,0.6464536190032959
16.0,0,54,projection_oracle,0.04894573986530304,0.6070950627326965
16.0,0,55,projection_oracle,0.026982849463820457,0.6985350847244263
16.0,0,56,projection_oracle,0.029944082722067833,0.7277261018753052
16.0,0,57,projection_oracle,0.03840170055627823,0.5806636214256287
16.0,0,58,projection_oracle,0.02176554873585701,0.7042911648750305
16.0,0,59,projection_oracle,0.037182342261075974,0.5409936308860779
16.0,0,60,projection_oracle,0.02752951718866825,0.7093884348869324
16.0,0,61,projection_oracle,0.024154014885425568,0.7055250406265259
16.0,0,62,projection_oracle,0.02971678599715233,0.7165429592132568
16.0,0,63,projection_oracle,0.025706052780151367,0.5960151553153992
16.0,0,64,projection_oracle,0.03810848295688629,0.48128095269203186
16.0,1,1,gaussian_current,0.031491833730902044,0.23094439728783958
16.0,1,2,gaussian_current,0.03332235187946861,0.7028080069423474
16.0,1,3,gaussian_current,0.05308819608091591,0.5639041929029291
16.0,1,4,gaussian_current,0.030139424991739976,0.7016243715235143
16.0,1,5,gaussian_current,0.04742864159214495,0.5943341693186699
16.0,1,6,gaussian_current,0.03718508892923964,0.6284867691504273
16.0,1,7,gaussian_current,0.05572448742393888,0.40153270093471694
16.0,1,8,gaussian_current,0.038364402097038224,0.6958880562998148
16.0,1,9,gaussian_current,0.04917718049891438,0.629384737334815
16.0,1,10,gaussian_current,0.0335244840281341,0.6035624688137021
16.0,1,11,gaussian_current,0.02611671669687132,0.6378362078001588
16.0,1,12,gaussian_current,0.03137884072084502,0.7101263551439001
16.0,1,13,gaussian_current,0.06229307407727024,0.44307627021203905
16.0,1,14,gaussian_current,0.02932577806581261,0.5850937916481372
16.0,1,15,gaussian_current,0.051563504027967756,0.36214841196752556
16.0,1,16,gaussian_current,0.048515017110695356,0.33124933258967937
16.0,1,17,gaussian_current,0.047252073020545605,0.2649495927838564
16.0,1,18,gaussian_current,0.03961350853241796,0.3947411879209026
16.0,1,19,gaussian_current,0.05193612676055992,0.400429541086187
16.0,1,20,gaussian_current,0.04030375761988235,0.6270046903877068
16.0,1,21,gaussian_current,0.04749238386138466,0.5204971847446823
16.0,1,22,gaussian_current,0.02375543188048087,0.6578813336098558
16.0,1,23,gaussian_current,0.04504060708902165,0.4723644654213844
16.0,1,24,gaussian_current,0.05089330106231744,0.6738746922318484
16.0,1,25,gaussian_current,0.03537513251912087,0.5244737113539552
16.0,1,26,gaussian_current,0.06328113437638944,0.4842052106539375
16.0,1,27,gaussian_current,0.05592417529749419,0.4948001443895634
16.0,1,28,gaussian_current,0.03354053680832504,0.6272848252444494
16.0,1,29,gaussian_current,0.05116725246031438,0.29618219651475713
16.0,1,30,gaussian_current,0.048564642869165044,0.47229457818816994
16.0,1,31,gaussian_current,0.04043932711581796,0.5771115027439568
16.0,1,32,gaussian_current,0.042256258882634096,0.43644791904852204
16.0,1,33,gaussian_current,0.060573002156615346,0.15616571818085156
16.0,1,34,gaussian_current,0.049010435311179545,0.624143773143782
16.0,1,35,gaussian_current,0.06623317541538745,0.4804966545863275
16.0,1,36,gaussian_current,0.04135787090889755,0.4176153279626262
16.0,1,37,gaussian_current,0.05086787753819049,0.47334442645054425
16.0,1,38,gaussian_current,0.06166475707354272,0.577492507941364
16.0,1,39,gaussian_current,0.06426708169083821,0.5972779536172373
16.0,1,40,gaussian_current,0.05417129222946979,0.67959672085022
16.0,1,41,gaussian_current,0.06987254951477447,0.5826295716880124
16.0,1,42,gaussian_current,0.08010744252069286,0.211555947705708
16.0,1,43,gaussian_current,0.04646854695353921,0.4951848253788925
16.0,1,44,gaussian_current,0.04532308497197242,0.6058521805069715
16.0,1,45,gaussian_current,0.04672203223072051,0.5017142858095706
16.0,1,46,gaussian_current,0.03578199809917365,0.6029479603441744
16.0,1,47,gaussian_current,0.05831609010669797,0.5363483491384178
16.0,1,48,gaussian_current,0.05512890727295023,0.43563008936241215
16.0,1,49,gaussian_current,0.06505558420074833,0.4198217357726203
16.0,1,50,gaussian_current,0.06783622711588319,0.14249461958357051
16.0,1,51,gaussian_current,0.0654237308480098,0.1816604440711263
16.0,1,52,gaussian_current,0.03687346779421734,0.5680499642993039
16.0,1,53,gaussian_current,0.04759549054167297,0.46611485274215925
16.0,1,54,gaussian_current,0.05937236887490812,0.36980674457707846
16.0,1,55,gaussian_current,0.0563705767528247,0.2651758064886625
16.0,1,56,gaussian_current,0.03256262761151559,0.7120704183718106
16.0,1,57,gaussian_current,0.05171036574367849,0.4778973370743717
16.0,1,58,gaussian_current,0.05698224254980039,0.5003189321098905
16.0,1,59,gaussian_current,0.05530251423342399,0.5469779621025704
16.0,1,60,gaussian_current,0.07814677514086338,0.245268965730181
16.0,1,61,gaussian_current,0.05649391217157402,0.5090106430340743
16.0,1,62,gaussian_current,0.053445254694446026,0.4801984432288501
16.0,1,63,gaussian_current,0.039743676365093177,0.6418554496025671
16.0,1,64,gaussian_current,0.04566668914962417,0.6379657592792544
16.0,1,1,diffusion_temporal,0.030849065631628036,0.22492524981498718
16.0,1,2,diffusion_temporal,0.046725984662771225,0.5656936168670654
16.0,1,3,diffusion_temporal,0.070431187748909,0.4090330898761749
16.0,1,4,diffusion_temporal,0.036946218460798264,0.6977867484092712
16.0,1,5,diffusion_temporal,0.05659274756908417,0.5196662545204163
16.0,1,6,diffusion_temporal,0.04401552677154541,0.5642444491386414
16.0,1,7,diffusion_temporal,0.074526846408844,0.32303762435913086
16.0,1,8,diffusion_temporal,0.04266845062375069,0.6564964652061462
16.0,1,9,diffusion_temporal,0.05247607082128525,0.613158106803894
16.0,1,10,diffusion_temporal,0.03925960510969162,0.5498667359352112
16.0,1,11,diffusion_temporal,0.03275848552584648,0.5889850854873657
16.0,1,12,diffusion_temporal,0.03631715849041939,0.665578305721283
16.0,1,13,diffusion_temporal,0.07282289862632751,0.37119245529174805
16.0,1,14,diffusion_temporal,0.03475753962993622,0.5378496646881104
16.0,1,15,diffusion_temporal,0.060818448662757874,0.29423975944519043
16.0,1,16,diffusion_temporal,0.05303946137428284,0.33071765303611755
16.0,1,17,diffusion_temporal,0.04883740469813347,0.3378460109233856
16.0,1,18,diffusion_temporal,0.04632706940174103,0.33802303671836853
16.0,1,19,diffusion_temporal,0.05707189068198204,0.3655354976654053
16.0,1,20,diffusion_temporal,0.052860695868730545,0.5366469621658325
16.0,1,21,diffusion_temporal,0.05526905879378319,0.4715709090232849
16.0,1,22,diffusion_temporal,0.026997700333595276,0.6133148670196533
16.0,1,23,diffusion_temporal,0.05181945860385895,0.4444817304611206
16.0,1,24,diffusion_temporal,0.05744859203696251,0.6196731925010681
16.0,1,25,diffusion_temporal,0.041124772280454636,0.4697198271751404
16.0,1,26,diffusion_temporal,0.0759618729352951,0.40285807847976685
16.0,1,27,diffusion_temporal,0.06112915277481079,0.4559711515903473
16.0,1,28,diffusion_temporal,0.03867108002305031,0.5856494307518005
16.0,1,29,diffusion_temporal,0.05028283968567848,0.33507290482521057
16.0,1,30,diffusion_temporal,0.05528924614191055,0.45940160751342773
16.0,1,31,diffusion_temporal,0.053698569536209106,0.46981215476989746
16.0,1,32,diffusion_temporal,0.0551493838429451,0.3489686846733093
16.0,1,33,diffusion_temporal,0.06491272151470184,0.1537928283214569
16.0,1,34,diffusion_temporal,0.051906462758779526,0.6037888526916504
16.0,1,35,diffusion_temporal,0.07318498194217682,0.4438709616661072
16.0,1,36,diffusion_temporal,0.04498286917805672,0.402769535779953
16.0,1,37,diffusion_temporal,0.06161590665578842,0.4361461102962494
16.0,1,38,diffusion_temporal,0.06558023393154144,0.55672687292099
16.0,1,39,diffusion_temporal,0.06448002904653549,0.6016596555709839
16.0,1,40,diffusion_temporal,0.06044219061732292,0.6432024240493774
16.0,1,41,diffusion_temporal,0.07080423086881638,0.5866789817810059
16.0,1,42,diffusion_temporal,0.08389919996261597,0.17812053859233856
16.0,1,43,diffusion_temporal,0.055382467806339264,0.44679051637649536
16.0,1,44,diffusion_temporal,0.05174487829208374,0.5544881224632263
16.0,1,45,diffusion_temporal,0.052035555243492126,0.4941712021827698
16.0,1,46,diffusion_temporal,0.041491348296403885,0.5781661868095398
16.0,1,47,diffusion_temporal,0.0546276681125164,0.5805806517601013
16.0,1,48,diffusion_temporal,0.06034954637289047,0.43260690569877625
16.0,1,49,diffusion_temporal,0.06770290434360504,0.42154258489608765
16.0,1,50,diffusion_temporal,0.07784760743379593,0.08638295531272888
16.0,1,51,diffusion_temporal,0.07443331927061081,0.11658293008804321
16.0,1,52,diffusion_temporal,0.04538191854953766,0.49071624875068665
16.0,1,53,diffusion_temporal,0.044641345739364624,0.5127744674682617
16.0,1,54,diffusion_temporal,0.06770221889019012,0.30930545926094055
16.0,1,55,diffusion_temporal,0.0649663433432579,0.2126568704843521
16.0,1,56,diffusion_temporal,0.03606260195374489,0.6941521763801575
16.0,1,57,diffusion_temporal,0.057437773793935776,0.4506624937057495
16.0,1,58,diffusion_temporal,0.05852503329515457,0.46951183676719666
16.0,1,59,diffusion_temporal,0.06247933208942413,0.4833030104637146
16.0,1,60,diffusion_temporal,0.0855272188782692,0.18608760833740234
16.0,1,61,diffusion_temporal,0.06815322488546371,0.4618166387081146
16.0,1,62,diffusion_temporal,0.05944295600056648,0.4446748197078705
16.0,1,63,diffusion_temporal,0.04129168763756752,0.6386668086051941
16.0,1,64,diffusion_temporal,0.05066780373454094,0.6176372170448303
16.0,1,1,diffusion_context_only,0.030702311545610428,0.22741957008838654
16.0,1,2,diffusion_context_only,0.048573087900877,0.5510855913162231
16.0,1,3,diffusion_context_only,0.07075057178735733,0.413779079914093
16.0,1,4,diffusion_context_only,0.03699040412902832,0.6972237825393677
16.0,1,5,diffusion_context_only,0.0566122941672802,0.5214255452156067
16.0,1,6,diffusion_context_only,0.04518752917647362,0.552013099193573
16.0,1,7,diffusion_context_only,0.07532807439565659,0.3212062120437622
16.0,1,8,diffusion_context_only,0.042638249695301056,0.6569797396659851
16.0,1,9,diffusion_context_only,0.05210401862859726,0.6157566905021667
16.0,1,10,diffusion_context_only,0.039412204176187515,0.5492787957191467
16.0,1,11,diffusion_context_only,0.03293588012456894,0.5866873264312744
16.0,1,12,diffusion_context_only,0.03630433231592178,0.6650297045707703
16.0,1,13,diffusion_context_only,0.07282499969005585,0.37201863527297974
16.0,1,14,diffusion_context_only,0.03471168130636215,0.5370387434959412
16.0,1,15,diffusion_context_only,0.06092114746570587,0.2940042316913605
16.0,1,16,diffusion_context_only,0.05317458510398865,0.33148670196533203
16.0,1,17,diffusion_context_only,0.04867072403430939,0.3388208746910095
16.0,1,18,diffusion_context_only,0.046196453273296356,0.3380904495716095
16.0,1,19,diffusion_context_only,0.056830525398254395,0.36676448583602905
16.0,1,20,diffusion_context_only,0.05341532081365585,0.5334801077842712
16.0,1,21,diffusion_context_only,0.05520862713456154,0.47190767526626587
16.0,1,22,diffusion_context_only,0.02702452801167965,0.6121765971183777
16.0,1,23,diffusion_context_only,0.05118943005800247,0.45099055767059326
16.0,1,24,diffusion_context_only,0.058071210980415344,0.6146502494812012
16.0,1,25,diffusion_context_only,0.04087625816464424,0.47197243571281433
16.0,1,26,diffusion_context_only,0.07653699070215225,0.39862340688705444
16.0,1,27,diffusion_context_only,0.06062787398695946,0.46018746495246887
16.0,1,28,diffusion_context_only,0.03890217840671539,0.583030104637146
16.0,1,29,diffusion_context_only,0.050415582954883575,0.3335643708705902
16.0,1,30,diffusion_context_only,0.05512452498078346,0.4622085392475128
16.0,1,31,diffusion_context_only,0.05376693978905678,0.46862009167671204
16.0,1,32,diffusion_context_only,0.0555831715464592,0.34270623326301575
16.0,1,33,diffusion_context_only,0.0647730752825737,0.15479187667369843
16.0,1,34,diffusion_context_only,0.05140009522438049,0.6077180504798889
16.0,1,35,diffusion_context_only,0.07379939407110214,0.44000983238220215
16.0,1,36,diffusion_context_only,0.04464440420269966,0.4081169366836548
16.0,1,37,diffusion_context_only,0.06144794821739197,0.43642348051071167
16.0,1,38,diffusion_context_only,0.0660003200173378,0.5534549951553345
16.0,1,39,diffusion_context_only,0.06481251120567322,0.5989893674850464
16.0,1,40,diffusion_context_only,0.06093580275774002,0.6394764184951782
16.0,1,41,diffusion_context_only,0.0714174136519432,0.5827937126159668
16.0,1,42,diffusion_context_only,0.08398666232824326,0.1789955347776413
16.0,1,43,diffusion_context_only,0.05542973801493645,0.44447240233421326
16.0,1,44,diffusion_context_only,0.052355069667100906,0.5490877628326416
16.0,1,45,diffusion_context_only,0.05136769264936447,0.4981067180633545
16.0,1,46,diffusion_context_only,0.04157469421625137,0.5780203938484192
16.0,1,47,diffusion_context_only,0.054096683859825134,0.5846448540687561
16.0,1,48,diffusion_context_only,0.060421764850616455,0.4322578012943268
16.0,1,49,diffusion_context_only,0.06797992438077927,0.4204264283180237
16.0,1,50,diffusion_context_only,0.07679052650928497,0.09852571040391922
16.0,1,51,diffusion_context_only,0.07503282278776169,0.1111656129360199
16.0,1,52,diffusion_context_only,0.045327115803956985,0.4931015968322754
16.0,1,53,diffusion_context_only,0.044705234467983246,0.513432502746582
16.0,1,54,diffusion_context_only,0.0675029456615448,0.31019970774650574
16.0,1,55,diffusion_context_only,0.06552886962890625,0.2095949500799179
16.0,1,56,diffusion_context_only,0.03598439320921898,0.6948105692863464
16.0,1,57,diffusion_context_only,0.05728869140148163,0.45402491092681885
16.0,1,58,diffusion_context_only,0.05915587767958641,0.463266521692276
16.0,1,59,diffusion_context_only,0.06271852552890778,0.48203277587890625
16.0,1,60,diffusion_context_only,0.08650894463062286,0.17896457016468048
16.0,1,61,diffusion_context_only,0.06880049407482147,0.4591735601425171
16.0,1,62,diffusion_context_only,0.059809304773807526,0.4447379410266876
16.0,1,63,diffusion_context_only,0.04173814877867699,0.6363487243652344
16.0,1,64,diffusion_context_only,0.050233468413352966,0.6215304136276245
16.0,1,1,gaussian_context_only,0.030597588840046847,0.23483197124411687
16.0,1,2,gaussian_context_only,0.035077388493704176,0.6839154348976261
16.0,1,3,gaussian_context_only,0.05746706366935012,0.5349032554649761
16.0,1,4,gaussian_context_only,0.039003341493217096,0.6286176304573736
16.0,1,5,gaussian_context_only,0.057735693874291276,0.5049409079889156
16.0,1,6,gaussian_context_only,0.041222437344453654,0.6159483759638213
16.0,1,7,gaussian_context_only,0.08057841584862352,0.24244988424422664
16.0,1,8,gaussian_context_only,0.049632679853299035,0.6302581736395902
16.0,1,9,gaussian_context_only,0.060124382245227564,0.5588106922070697
16.0,1,10,gaussian_context_only,0.06166027319775373,0.44831388800985006
16.0,1,11,gaussian_context_only,0.06787410586259691,0.3864147579159258
16.0,1,12,gaussian_context_only,0.05358179765581065,0.565890797833637
16.0,1,13,gaussian_context_only,0.07829339299405756,0.43334390203495055
16.0,1,14,gaussian_context_only,0.047439066192370725,0.5053173885807254
16.0,1,15,gaussian_context_only,0.06834661048878864,0.31248456602401503
16.0,1,16,gaussian_context_only,0.06298655392103876,0.3191526387702709
16.0,1,17,gaussian_context_only,0.06421902333603939,0.21636771525980217
16.0,1,18,gaussian_context_only,0.054776232339916346,0.372458330678878
16.0,1,19,gaussian_context_only,0.08022385011738874,0.2743146775254653
16.0,1,20,gaussian_context_only,0.05635355012748415,0.5407522071116798
16.0,1,21,gaussian_context_only,0.06825698802067182,0.44013426173893294
16.0,1,22,gaussian_context_only,0.046385015456729115,0.415568369512431
16.0,1,23,gaussian_context_only,0.07485519401889087,0.2846604253745288
16.0,1,24,gaussian_context_only,0.065726541079209,0.5669924749186291
16.0,1,25,gaussian_context_only,0.05520709284612232,0.4746041276520489
16.0,1,26,gaussian_context_only,0.06724980480364622,0.49973464944629925
16.0,1,27,gaussian_context_only,0.07330695660117004,0.4056897059719024
16.0,1,28,gaussian_context_only,0.055030846702881116,0.5259971499356045
16.0,1,29,gaussian_context_only,0.06583792443934433,0.2718536808868045
16.0,1,30,gaussian_context_only,0.06913678036167026,0.34237318553506874
16.0,1,31,gaussian_context_only,0.06971507281065407,0.41526209143656195
16.0,1,32,gaussian_context_only,0.06703389220300744,0.31532487168175544
16.0,1,33,gaussian_context_only,0.10260213192855375,0.032465807241215276
16.0,1,34,gaussian_context_only,0.07819986333155365,0.4472961647413455
16.0,1,35,gaussian_context_only,0.07595308109836134,0.4624238730561635
16.0,1,36,gaussian_context_only,0.07110611079068492,0.27592207431256266
16.0,1,37,gaussian_context_only,0.07971389943371705,0.3778212745318077
16.0,1,38,gaussian_context_only,0.09219975486080112,0.41155747944200155
16.0,1,39,gaussian_context_only,0.08773000400065645,0.46816009570202943
16.0,1,40,gaussian_context_only,0.07449148974433738,0.5776938716947306
16.0,1,41,gaussian_context_only,0.08448327445975738,0.529168025810866
16.0,1,42,gaussian_context_only,0.09856358822826904,0.24602301923757858
16.0,1,43,gaussian_context_only,0.07148152708150396,0.4037387530136448
16.0,1,44,gaussian_context_only,0.07729084800954852,0.4959391526071013
16.0,1,45,gaussian_context_only,0.061439939971437915,0.4486005863462412
16.0,1,46,gaussian_context_only,0.05296026270965217,0.5593371399546178
16.0,1,47,gaussian_context_only,0.08635563000869419,0.4285646150881441
16.0,1,48,gaussian_context_only,0.07601422832148336,0.3724084197387003
16.0,1,49,gaussian_context_only,0.08940114025227194,0.3248222234953104
16.0,1,50,gaussian_context_only,0.10773351424269162,0.059203723144113214
16.0,1,51,gaussian_context_only,0.09765910890930851,0.1006545976359488
16.0,1,52,gaussian_context_only,0.054113515914609465,0.48827030102230357
16.0,1,53,gaussian_context_only,0.060097845118374474,0.4483427364891663
16.0,1,54,gaussian_context_only,0.08613777279827206,0.2688697101860983
16.0,1,55,gaussian_context_only,0.08035369429503326,0.29134015410594843
16.0,1,56,gaussian_context_only,0.05382289278981588,0.5863273494167845
16.0,1,57,gaussian_context_only,0.07398324821960309,0.4167565411271561
16.0,1,58,gaussian_context_only,0.08344109420350707,0.3418000372235051
16.0,1,59,gaussian_context_only,0.0780315213735175,0.43855145168329523
16.0,1,60,gaussian_context_only,0.11671043805003031,0.15079872310996095
16.0,1,61,gaussian_context_only,0.07275484337992925,0.47665239741448373
16.0,1,62,gaussian_context_only,0.06707130575538592,0.388457494468712
16.0,1,63,gaussian_context_only,0.05502782701217654,0.5774808435881074
16.0,1,64,gaussian_context_only,0.0665345724721823,0.5578678896195315
16.0,1,1,gaussian_temporal,0.03389719551908871,0.2518243182534119
16.0,1,2,gaussian_temporal,0.03881823707593741,0.6533392005127282
16.0,1,3,gaussian_temporal,0.055682762333107476,0.5564417585649
16.0,1,4,gaussian_temporal,0.038234078420589804,0.6278602016764746
16.0,1,5,gaussian_temporal,0.0589885018139153,0.5206154815678665
16.0,1,6,gaussian_temporal,0.04735841886790811,0.5684117537753639
16.0,1,7,gaussian_temporal,0.07747628393105431,0.2912692617432717
16.0,1,8,gaussian_temporal,0.05290246384952203,0.6195806375504669
16.0,1,9,gaussian_temporal,0.06151886441214635,0.5573348604574297
16.0,1,10,gaussian_temporal,0.05644970371780589,0.49347049717741615
16.0,1,11,gaussian_temporal,0.060442362971118484,0.4269545911311741
16.0,1,12,gaussian_temporal,0.0560568650313854,0.5785606322277989
16.0,1,13,gaussian_temporal,0.07806644470669455,0.41795818373792837
16.0,1,14,gaussian_temporal,0.050377525772910166,0.501986081689465
16.0,1,15,gaussian_temporal,0.06541502670319232,0.3106649100146081
16.0,1,16,gaussian_temporal,0.06608134973943625,0.3221719933090982
16.0,1,17,gaussian_temporal,0.06870343162854865,0.1916273605366522
16.0,1,18,gaussian_temporal,0.05340708783313786,0.3853739664052821
16.0,1,19,gaussian_temporal,0.08006288574367751,0.25839598049638085
16.0,1,20,gaussian_temporal,0.060991541559489174,0.4883913637903149
16.0,1,21,gaussian_temporal,0.07134284688833595,0.4609651638738098
16.0,1,22,gaussian_temporal,0.047961388152101554,0.420397725807967
16.0,1,23,gaussian_temporal,0.07797017025311793,0.25151452650163714
16.0,1,24,gaussian_temporal,0.06210412546021081,0.5957092936753847
16.0,1,25,gaussian_temporal,0.05570330405425327,0.4808252432446131
16.0,1,26,gaussian_temporal,0.07816185612604967,0.4275376044220297
16.0,1,27,gaussian_temporal,0.0772233524948799,0.3728865063399521
16.0,1,28,gaussian_temporal,0.06304649502784383,0.4922875607575701
16.0,1,29,gaussian_temporal,0.06800512496118818,0.2526587892076477
16.0,1,30,gaussian_temporal,0.06992856402558482,0.3344255302887919
16.0,1,31,gaussian_temporal,0.08177101234862537,0.3624935832435346
16.0,1,32,gaussian_temporal,0.06725683598865859,0.3133549265537691
16.0,1,33,gaussian_temporal,0.10660314017715602,0.04159659170456969
16.0,1,34,gaussian_temporal,0.0718155372179962,0.4837090154399248
16.0,1,35,gaussian_temporal,0.0778791383663972,0.4495708415383524
16.0,1,36,gaussian_temporal,0.07944413612485479,0.263039066003838
16.0,1,37,gaussian_temporal,0.07864527556458312,0.3873284258749619
16.0,1,38,gaussian_temporal,0.0948763967757295,0.40781686248255294
16.0,1,39,gaussian_temporal,0.08940992675852621,0.4629413859515496
16.0,1,40,gaussian_temporal,0.07161743423133553,0.5939795669958595
16.0,1,41,gaussian_temporal,0.08162982620333256,0.536452774572624
16.0,1,42,gaussian_temporal,0.10557317548111987,0.23250268664746074
16.0,1,43,gaussian_temporal,0.07005330969499217,0.4045241241729601
16.0,1,44,gaussian_temporal,0.07511649417963999,0.4874653514871289
16.0,1,45,gaussian_temporal,0.06304012463722568,0.4580891397213402
16.0,1,46,gaussian_temporal,0.05298504272844988,0.551611973615148
16.0,1,47,gaussian_temporal,0.08877745071795543,0.42140472818454977
16.0,1,48,gaussian_temporal,0.08194374876807857,0.34831787951637677
16.0,1,49,gaussian_temporal,0.09069311438015973,0.3039923344882798
16.0,1,50,gaussian_temporal,0.10236068114911226,0.07126004065283151
16.0,1,51,gaussian_temporal,0.09220540955736263,0.11752525692042075
16.0,1,52,gaussian_temporal,0.06121471578180091,0.4608902142292662
16.0,1,53,gaussian_temporal,0.057081180584986964,0.4387573218087208
16.0,1,54,gaussian_temporal,0.0824328794169274,0.26147208620769696
16.0,1,55,gaussian_temporal,0.07203133093918675,0.27329214729897694
16.0,1,56,gaussian_temporal,0.04732544851521071,0.6368530123824065
16.0,1,57,gaussian_temporal,0.07970752661259466,0.3956887035474288
16.0,1,58,gaussian_temporal,0.08699717316642432,0.32931079746818703
16.0,1,59,gaussian_temporal,0.0791290256815797,0.41974559731026173
16.0,1,60,gaussian_temporal,0.10990705969212086,0.188446222705514
16.0,1,61,gaussian_temporal,0.07282141683028985,0.47178326829058037
16.0,1,62,gaussian_temporal,0.06734086491595963,0.40900022450794926
16.0,1,63,gaussian_temporal,0.05623149738233277,0.5641749439202184
16.0,1,64,gaussian_temporal,0.0672029772984481,0.5773234709879823
16.0,1,1,public_fingerprint,0.036651648581027985,0.09255046397447586
16.0,1,2,public_fingerprint,0.046836890280246735,0.5537616014480591
16.0,1,3,public_fingerprint,0.07128284126520157,0.3834874927997589
16.0,1,4,public_fingerprint,0.039552781730890274,0.6014652848243713
16.0,1,5,public_fingerprint,0.0466463528573513,0.5837555527687073
16.0,1,6,public_fingerprint,0.058129407465457916,0.3763853907585144
16.0,1,7,public_fingerprint,0.053452618420124054,0.40551528334617615
16.0,1,8,public_fingerprint,0.052480656653642654,0.559267520904541
16.0,1,9,public_fingerprint,0.06545078009366989,0.47460779547691345
16.0,1,10,public_fingerprint,0.03845670446753502,0.5399007201194763
16.0,1,11,public_fingerprint,0.026498837396502495,0.6213822960853577
16.0,1,12,public_fingerprint,0.04267873615026474,0.5964730978012085
16.0,1,13,public_fingerprint,0.08196037262678146,0.25874269008636475
16.0,1,14,public_fingerprint,0.03901536762714386,0.4638601243495941
16.0,1,15,public_fingerprint,0.058537933975458145,0.28586357831954956
16.0,1,16,public_fingerprint,0.046211618930101395,0.3780535161495209
16.0,1,17,public_fingerprint,0.05791458114981651,0.1455746591091156
16.0,1,18,public_fingerprint,0.05066848173737526,0.30108389258384705
16.0,1,19,public_fingerprint,0.05870436131954193,0.3654825985431671
16.0,1,20,public_fingerprint,0.04151584580540657,0.6259846687316895
16.0,1,21,public_fingerprint,0.05960686504840851,0.40407222509384155
16.0,1,22,public_fingerprint,0.02767692506313324,0.619767963886261
16.0,1,23,public_fingerprint,0.053838443011045456,0.38500380516052246
16.0,1,24,public_fingerprint,0.054248783737421036,0.6450973153114319
16.0,1,25,public_fingerprint,0.039951976388692856,0.5203089714050293
16.0,1,26,public_fingerprint,0.06769578903913498,0.47232428193092346
16.0,1,27,public_fingerprint,0.05211269110441208,0.5481730103492737
16.0,1,28,public_fingerprint,0.03439762070775032,0.6390618681907654
16.0,1,29,public_fingerprint,0.061460573226213455,0.26836511492729187
16.0,1,30,public_fingerprint,0.04598340019583702,0.5316442847251892
16.0,1,31,public_fingerprint,0.04165836051106453,0.5866286754608154
16.0,1,32,public_fingerprint,0.03780558332800865,0.5379144549369812
16.0,1,33,public_fingerprint,0.06881797313690186,0.09762194752693176
16.0,1,34,public_fingerprint,0.047761525958776474,0.6432685852050781
16.0,1,35,public_fingerprint,0.06106232851743698,0.5340408682823181
16.0,1,36,public_fingerprint,0.049996159970760345,0.3503097891807556
16.0,1,37,public_fingerprint,0.06198921054601669,0.39648112654685974
16.0,1,38,public_fingerprint,0.06600315868854523,0.5600248575210571
16.0,1,39,public_fingerprint,0.06546031683683395,0.5966874957084656
16.0,1,40,public_fingerprint,0.05221380293369293,0.6944964528083801
16.0,1,41,public_fingerprint,0.07219066470861435,0.5781625509262085
16.0,1,42,public_fingerprint,0.09187887609004974,0.11269185692071915
16.0,1,43,public_fingerprint,0.051629871129989624,0.44434666633605957
16.0,1,44,public_fingerprint,0.045209553092718124,0.6091609001159668
16.0,1,45,public_fingerprint,0.04863860085606575,0.48506978154182434
16.0,1,46,public_fingerprint,0.036771710962057114,0.6037363409996033
16.0,1,47,public_fingerprint,0.05359385535120964,0.5853298306465149
16.0,1,48,public_fingerprint,0.05848393961787224,0.42745697498321533
16.0,1,49,public_fingerprint,0.06951287388801575,0.3902936279773712
16.0,1,50,public_fingerprint,0.07274478673934937,0.0966716855764389
16.0,1,51,public_fingerprint,0.07585853338241577,0.09811224043369293
16.0,1,52,public_fingerprint,0.039018865674734116,0.5716177821159363
16.0,1,53,public_fingerprint,0.04427796229720116,0.5137913823127747
16.0,1,54,public_fingerprint,0.06574692577123642,0.31196755170822144
16.0,1,55,public_fingerprint,0.06364231556653976,0.19235381484031677
16.0,1,56,public_fingerprint,0.03626285493373871,0.680957019329071
16.0,1,57,public_fingerprint,0.05470225214958191,0.4433651864528656
16.0,1,58,public_fingerprint,0.052535850554704666,0.540069580078125
16.0,1,59,public_fingerprint,0.05791734531521797,0.5337180495262146
16.0,1,60,public_fingerprint,0.07876574993133545,0.24564535915851593
16.0,1,61,public_fingerprint,0.06215979903936386,0.46605727076530457
16.0,1,62,public_fingerprint,0.05288486182689667,0.49178919196128845
16.0,1,63,public_fingerprint,0.0378546379506588,0.6580014824867249
16.0,1,64,public_fingerprint,0.042554136365652084,0.6608339548110962
16.0,1,1,noisy,3346.52685546875,0.005270075518637896
16.0,1,2,noisy,3340.4599609375,-0.011521084234118462
16.0,1,3,noisy,3342.95556640625,-0.01611921191215515
16.0,1,4,noisy,3306.718505859375,-0.0004022480279672891
16.0,1,5,noisy,3332.02685546875,-0.001037450390867889
16.0,1,6,noisy,3360.861328125,0.0174377653747797
16.0,1,7,noisy,3329.6875,0.003601780394092202
16.0,1,8,noisy,3280.960205078125,0.0036001866683363914
16.0,1,9,noisy,3316.534423828125,0.0029888683930039406
16.0,1,10,noisy,3296.83154296875,0.016262592747807503
16.0,1,11,noisy,3287.258544921875,-0.004742519464343786
16.0,1,12,noisy,3224.939453125,0.018889598548412323
16.0,1,13,noisy,3350.712646484375,0.006322941277176142
16.0,1,14,noisy,3331.973388671875,-0.010373791679739952
16.0,1,15,noisy,3289.74072265625,0.0045663462951779366
16.0,1,16,noisy,3306.338134765625,-0.00116362189874053
16.0,1,17,noisy,3267.408935546875,0.01290630642324686
16.0,1,18,noisy,3321.0244140625,0.005798177793622017
16.0,1,19,noisy,3295.8916015625,0.003636204870417714
16.0,1,20,noisy,3324.67724609375,0.01945953443646431
16.0,1,21,noisy,3268.442626953125,0.012247724458575249
16.0,1,22,noisy,3247.098876953125,0.0019982922822237015
16.0,1,23,noisy,3295.8046875,-0.01177880447357893
16.0,1,24,noisy,3295.38134765625,0.022437656298279762
16.0,1,25,noisy,3329.021484375,0.00022358006390277296
16.0,1,26,noisy,3244.96533203125,0.011545946821570396
16.0,1,27,noisy,3304.376220703125,-0.004714805167168379
16.0,1,28,noisy,3280.715576171875,0.005144457332789898
16.0,1,29,noisy,3289.99951171875,0.00261951657012105
16.0,1,30,noisy,3382.390625,0.00437538605183363
16.0,1,31,noisy,3392.875732421875,-0.0052474187687039375
16.0,1,32,noisy,3327.462890625,0.00974283181130886
16.0,1,33,noisy,3285.48291015625,0.0018722660606727004
16.0,1,34,noisy,3345.0859375,-0.005779774859547615
16.0,1,35,noisy,3256.81689453125,-0.015717526897788048
16.0,1,36,noisy,3303.1328125,-0.010491634719073772
16.0,1,37,noisy,3299.13037109375,-0.0021870890632271767
16.0,1,38,noisy,3293.572998046875,-0.0008845573174767196
16.0,1,39,noisy,3288.945556640625,0.01792590506374836
16.0,1,40,noisy,3401.26318359375,0.0033080419525504112
16.0,1,41,noisy,3269.14111328125,0.010664250701665878
16.0,1,42,noisy,3399.83642578125,0.0056541538797318935
16.0,1,43,noisy,3257.060302734375,0.01875799521803856
16.0,1,44,noisy,3272.83740234375,0.014016393572092056
16.0,1,45,noisy,3268.1884765625,0.008471125736832619
16.0,1,46,noisy,3299.995849609375,0.005927190650254488
16.0,1,47,noisy,3382.892578125,-0.007605504244565964
16.0,1,48,noisy,3248.906005859375,0.005347116384655237
16.0,1,49,noisy,3275.547119140625,0.012855802662670612
16.0,1,50,noisy,3312.5400390625,-0.0017023622058331966
16.0,1,51,noisy,3255.965087890625,0.015251430682837963
16.0,1,52,noisy,3263.37255859375,0.0034201652742922306
16.0,1,53,noisy,3379.423095703125,0.021883711218833923
16.0,1,54,noisy,3339.6943359375,-0.008088302798569202
16.0,1,55,noisy,3284.712646484375,0.0017978956457227468
16.0,1,56,noisy,3286.185546875,0.006636698730289936
16.0,1,57,noisy,3301.642333984375,-0.002911021700128913
16.0,1,58,noisy,3280.5009765625,0.01054883748292923
16.0,1,59,noisy,3285.085693359375,0.0071370783261954784
16.0,1,60,noisy,3247.047607421875,0.009817254729568958
16.0,1,61,noisy,3352.3056640625,0.004061118233948946
16.0,1,62,noisy,3344.890380859375,0.009179112501442432
16.0,1,63,noisy,3286.303466796875,0.006437738426029682
16.0,1,64,noisy,3302.936279296875,0.009800160303711891
16.0,1,1,zero,0.01809166744351387,0.0
16.0,1,2,zero,0.06582050770521164,0.0
16.0,1,3,zero,0.07686375826597214,0.0
16.0,1,4,zero,0.05500030890107155,0.0
16.0,1,5,zero,0.06261755526065826,0.0
16.0,1,6,zero,0.055449970066547394,0.0
16.0,1,7,zero,0.05473434552550316,0.0
16.0,1,8,zero,0.07431245595216751,0.0
16.0,1,9,zero,0.08108264207839966,0.0
16.0,1,10,zero,0.04599077254533768,0.0
16.0,1,11,zero,0.03151332214474678,0.0
16.0,1,12,zero,0.061840444803237915,0.0
16.0,1,13,zero,0.0719638243317604,0.0
16.0,1,14,zero,0.03798350691795349,0.0
16.0,1,15,zero,0.044733431190252304,0.0
16.0,1,16,zero,0.0379721000790596,0.0
16.0,1,17,zero,0.03033011220395565,0.0
16.0,1,18,zero,0.028059398755431175,0.0
16.0,1,19,zero,0.05089326575398445,0.0
16.0,1,20,zero,0.06215260550379753,0.0
16.0,1,21,zero,0.05368361249566078,0.0
16.0,1,22,zero,0.03037078119814396,0.0
16.0,1,23,zero,0.049511902034282684,0.0
16.0,1,24,zero,0.09291477501392365,0.0
16.0,1,25,zero,0.03528767451643944,0.0
16.0,1,26,zero,0.07651460915803909,0.0
16.0,1,27,zero,0.07123713195323944,0.0
16.0,1,28,zero,0.052277762442827225,0.0
16.0,1,29,zero,0.031607795506715775,0.0
16.0,1,30,zero,0.05469183623790741,0.0
16.0,1,31,zero,0.05536170303821564,0.0
16.0,1,32,zero,0.03496624901890755,0.0
16.0,1,33,zero,0.03208870440721512,0.0
16.0,1,34,zero,0.07838387042284012,0.0
16.0,1,35,zero,0.07897431403398514,0.0
16.0,1,36,zero,0.030264858156442642,0.0
16.0,1,37,zero,0.05274197459220886,0.0
16.0,1,38,zero,0.08901434391736984,0.0
16.0,1,39,zero,0.0978541448712349,0.0
16.0,1,40,zero,0.10065816342830658,0.0
16.0,1,41,zero,0.10321899503469467,0.0
16.0,1,42,zero,0.06028970330953598,0.0
16.0,1,43,zero,0.04766353219747543,0.0
16.0,1,44,zero,0.06793566048145294,0.0
16.0,1,45,zero,0.054471127688884735,0.0
16.0,1,46,zero,0.04926126077771187,0.0
16.0,1,47,zero,0.07744754105806351,0.0
16.0,1,48,zero,0.05570530891418457,0.0
16.0,1,49,zero,0.0701182559132576,0.0
16.0,1,50,zero,0.047120001167058945,0.0
16.0,1,51,zero,0.04556058347225189,0.0
16.0,1,52,zero,0.04223572462797165,0.0
16.0,1,53,zero,0.045109573751688004,0.0
16.0,1,54,zero,0.04712265729904175,0.0
16.0,1,55,zero,0.032419636845588684,0.0
16.0,1,56,zero,0.06222277879714966,0.0
16.0,1,57,zero,0.047988492995500565,0.0
16.0,1,58,zero,0.0649787113070488,0.0
16.0,1,59,zero,0.07327310740947723,0.0
16.0,1,60,zero,0.05943668261170387,0.0
16.0,1,61,zero,0.06497929990291595,0.0
16.0,1,62,zero,0.056152570992708206,0.0
16.0,1,63,zero,0.057113610208034515,0.0
16.0,1,64,zero,0.0686013251543045,0.0
16.0,1,1,projection_oracle,0.009905559942126274,0.7266188859939575
16.0,1,2,projection_oracle,0.015790456905961037,0.8721240758895874
16.0,1,3,projection_oracle,0.020428543910384178,0.8593614101409912
16.0,1,4,projection_oracle,0.01612827554345131,0.8470312356948853
16.0,1,5,projection_oracle,0.019370723515748978,0.8393199443817139
16.0,1,6,projection_oracle,0.01698797009885311,0.8454709649085999
16.0,1,7,projection_oracle,0.022588567808270454,0.7746433615684509
16.0,1,8,projection_oracle,0.023834679275751114,0.8260179162025452
16.0,1,9,projection_oracle,0.025981130078434944,0.8266829252243042
16.0,1,10,projection_oracle,0.018667368218302727,0.7869351506233215
16.0,1,11,projection_oracle,0.013680174015462399,0.7896074652671814
16.0,1,12,projection_oracle,0.01860380545258522,0.841857373714447
16.0,1,13,projection_oracle,0.033840470016002655,0.7420071363449097
16.0,1,14,projection_oracle,0.018958544358611107,0.7498853206634521
16.0,1,15,projection_oracle,0.029798027127981186,0.6419122815132141
16.0,1,16,projection_oracle,0.023254811763763428,0.6906071901321411
16.0,1,17,projection_oracle,0.02757297456264496,0.5639033317565918
16.0,1,18,projection_oracle,0.023644158616662025,0.6038557291030884
16.0,1,19,projection_oracle,0.0325905978679657,0.6406428217887878
16.0,1,20,projection_oracle,0.021867426112294197,0.8134134411811829
16.0,1,21,projection_oracle,0.02878006175160408,0.7112788558006287
16.0,1,22,projection_oracle,0.015849731862545013,0.748248279094696
16.0,1,23,projection_oracle,0.02682783640921116,0.7063177824020386
16.0,1,24,projection_oracle,0.03259771689772606,0.8057182431221008
16.0,1,25,projection_oracle,0.022171180695295334,0.6869426965713501
16.0,1,26,projection_oracle,0.03182842954993248,0.7773149013519287
16.0,1,27,projection_oracle,0.033404864370822906,0.7375403046607971
16.0,1,28,projection_oracle,0.02141185663640499,0.7757865190505981
16.0,1,29,projection_oracle,0.02875109761953354,0.5680242776870728
16.0,1,30,projection_oracle,0.02602945640683174,0.7531651258468628
16.0,1,31,projection_oracle,0.02418041229248047,0.7676618695259094
16.0,1,32,projection_oracle,0.023251691833138466,0.6816679835319519
16.0,1,33,projection_oracle,0.034022435545921326,0.49329933524131775
16.0,1,34,projection_oracle,0.030775122344493866,0.7846461534500122
16.0,1,35,projection_oracle,0.04299912974238396,0.687428891658783
16.0,1,36,projection_oracle,0.030514732003211975,0.5187911987304688
16.0,1,37,projection_oracle,0.03562718257308006,0.6509076356887817
16.0,1,38,projection_oracle,0.042937982827425,0.7319941520690918
16.0,1,39,projection_oracle,0.04261218011379242,0.7570121884346008
16.0,1,40,projection_oracle,0.03308450058102608,0.820216178894043
16.0,1,41,projection_oracle,0.044997166842222214,0.7575933337211609
16.0,1,42,projection_oracle,0.052879005670547485,0.5215342044830322
16.0,1,43,projection_oracle,0.03511498123407364,0.620132565498352
16.0,1,44,projection_oracle,0.02567904442548752,0.7969542741775513
16.0,1,45,projection_oracle,0.030988501384854317,0.6919137239456177
16.0,1,46,projection_oracle,0.025925857946276665,0.7245330810546875
16.0,1,47,projection_oracle,0.030176056548953056,0.7870417833328247
16.0,1,48,projection_oracle,0.036609914153814316,0.6476571559906006
16.0,1,49,projection_oracle,0.04211054742336273,0.6558744311332703
16.0,1,50,projection_oracle,0.04249538481235504,0.5030452609062195
16.0,1,51,projection_oracle,0.04103601351380348,0.522435188293457
16.0,1,52,projection_oracle,0.024370497092604637,0.7123262286186218
16.0,1,53,projection_oracle,0.028716599568724632,0.6793585419654846
16.0,1,54,projection_oracle,0.03657318279147148,0.6094936728477478
16.0,1,55,projection_oracle,0.03610401228070259,0.48121434450149536
16.0,1,56,projection_oracle,0.021934829652309418,0.8165467977523804
16.0,1,57,projection_oracle,0.03323836624622345,0.6256746649742126
16.0,1,58,projection_oracle,0.03206438198685646,0.7312148213386536
16.0,1,59,projection_oracle,0.0353555828332901,0.7412887215614319
16.0,1,60,projection_oracle,0.04613568261265755,0.5730477571487427
16.0,1,61,projection_oracle,0.04097979888319969,0.6572020053863525
16.0,1,62,projection_oracle,0.040450576692819595,0.6084690690040588
16.0,1,63,projection_oracle,0.025487184524536133,0.7753821015357971
16.0,1,64,projection_oracle,0.030515046790242195,0.7656683325767517
16.0,2,1,gaussian_current,0.07532937020060938,0.49991169162232957
16.0,2,2,gaussian_current,0.030261677406868616,0.30302425137571837
16.0,2,3,gaussian_current,0.048420862039051306,0.2804268316442892
16.0,2,4,gaussian_current,0.039950762424647505,0.3889314032760137
16.0,2,5,gaussian_current,0.040652856228765556,0.40947099897338474
16.0,2,6,gaussian_current,0.027652700658455896,0.5284742577900798
16.0,2,7,gaussian_current,0.04046463288788383,0.5033217434505399
16.0,2,8,gaussian_current,0.03847732726362987,0.24593308328383215
16.0,2,9,gaussian_current,0.05809090987566393,0.6205786876521575
16.0,2,10,gaussian_current,0.06512804733798315,0.4053110953507848
16.0,2,11,gaussian_current,0.03903955662580653,0.5334143637967003
16.0,2,12,gaussian_current,0.048488266512681885,0.6786984143310923
16.0,2,13,gaussian_current,0.0276172284919287,0.5774170515409168
16.0,2,14,gaussian_current,0.0581802754799061,0.3290585930707062
16.0,2,15,gaussian_current,0.03980606281949672,0.601620836363286
16.0,2,16,gaussian_current,0.0813705356124232,0.5882075275543253
16.0,2,17,gaussian_current,0.03601804273236072,0.3970608233327359
16.0,2,18,gaussian_current,0.048608255885103945,0.5857678927613296
16.0,2,19,gaussian_current,0.046815512221826436,0.6180119499649399
16.0,2,20,gaussian_current,0.04598277930390854,0.5798249783849977
16.0,2,21,gaussian_current,0.056921321006469607,0.5004349450252306
16.0,2,22,gaussian_current,0.04859294927950938,0.5680500018175153
16.0,2,23,gaussian_current,0.05101805474342342,0.49331120942623075
16.0,2,24,gaussian_current,0.05890872198855271,0.4598678242631039
16.0,2,25,gaussian_current,0.049436347045675226,0.34111999260281006
16.0,2,26,gaussian_current,0.04199459852202678,0.4641462808550125
16.0,2,27,gaussian_current,0.04257844020931997,0.6666339305715192
16.0,2,28,gaussian_current,0.061053774126211456,0.4440773827500689
16.0,2,29,gaussian_current,0.04421649866784109,0.6882398001204569
16.0,2,30,gaussian_current,0.05351497127273397,0.6275693068868633
16.0,2,31,gaussian_current,0.046272869697924615,0.5579233539893586
16.0,2,32,gaussian_current,0.04578946222860739,0.6450993249945343
16.0,2,33,gaussian_current,0.04506850750135145,0.4847209567930334
16.0,2,34,gaussian_current,0.058026683453135997,0.4631700086717197
16.0,2,35,gaussian_current,0.04935787123170854,0.5432565722084866
16.0,2,36,gaussian_current,0.061181551433405076,0.436889586203918
16.0,2,37,gaussian_current,0.0639968834524835,0.4801696214992297
16.0,2,38,gaussian_current,0.056349962820350374,0.5245159371369418
16.0,2,39,gaussian_current,0.06089470060906221,0.3886197015358866
16.0,2,40,gaussian_current,0.04428382459330432,0.4801056142834012
16.0,2,41,gaussian_current,0.06565551126275124,0.38638626697401957
16.0,2,42,gaussian_current,0.03754528949237099,0.5627238174973496
16.0,2,43,gaussian_current,0.06455210089869513,0.3561384486318684
16.0,2,44,gaussian_current,0.05662555833135782,0.4008722840359876
16.0,2,45,gaussian_current,0.06518703854129235,0.38770368717064696
16.0,2,46,gaussian_current,0.05997198528699085,0.4088737477740292
16.0,2,47,gaussian_current,0.05472334352556433,0.5756523700354906
16.0,2,48,gaussian_current,0.050154359623810284,0.4852399436834071
16.0,2,49,gaussian_current,0.05721716627677195,0.3927642738456042
16.0,2,50,gaussian_current,0.048635592907784096,0.42759398199862453
16.0,2,51,gaussian_current,0.05264842224576024,0.40140957277772293
16.0,2,52,gaussian_current,0.058644729747513176,0.2063531541452446
16.0,2,53,gaussian_current,0.04358300791099682,0.5009224231667387
16.0,2,54,gaussian_current,0.04132986262319193,0.5739474005727154
16.0,2,55,gaussian_current,0.05640190560574389,0.27349625570631675
16.0,2,56,gaussian_current,0.03584500524936667,0.5892814857476545
16.0,2,57,gaussian_current,0.040618679142590285,0.4409142807083919
16.0,2,58,gaussian_current,0.04837590872620132,0.596836509526609
16.0,2,59,gaussian_current,0.04999345770849702,0.42046539488954054
16.0,2,60,gaussian_current,0.07207593772440785,0.2025482406004929
16.0,2,61,gaussian_current,0.04414554811557789,0.4671245161769088
16.0,2,62,gaussian_current,0.048180439797518,0.541625804029415
16.0,2,63,gaussian_current,0.06467425396783236,0.3278567429468083
16.0,2,64,gaussian_current,0.059016225037602725,0.425357075368516
16.0,2,1,diffusion_temporal,0.07518798112869263,0.5025539398193359
16.0,2,2,diffusion_temporal,0.029219839721918106,0.30353018641471863
16.0,2,3,diffusion_temporal,0.06656406074762344,0.22953446209430695
16.0,2,4,diffusion_temporal,0.05034518241882324,0.36274510622024536
16.0,2,5,diffusion_temporal,0.04758808761835098,0.414010614156723
16.0,2,6,diffusion_temporal,0.04803704842925072,0.39550530910491943
16.0,2,7,diffusion_temporal,0.04055846855044365,0.5165883302688599
16.0,2,8,diffusion_temporal,0.04001709818840027,0.24880069494247437
16.0,2,9,diffusion_temporal,0.0660703182220459,0.5475506782531738
16.0,2,10,diffusion_temporal,0.07493247836828232,0.33690255880355835
16.0,2,11,diffusion_temporal,0.045341841876506805,0.4620124101638794
16.0,2,12,diffusion_temporal,0.056853972375392914,0.607994019985199
16.0,2,13,diffusion_temporal,0.031230581924319267,0.49310919642448425
16.0,2,14,diffusion_temporal,0.06741909682750702,0.28104957938194275
16.0,2,15,diffusion_temporal,0.05638940632343292,0.4927036464214325
16.0,2,16,diffusion_temporal,0.08800195157527924,0.5401256084442139
16.0,2,17,diffusion_temporal,0.0497184656560421,0.299228698015213
16.0,2,18,diffusion_temporal,0.058228231966495514,0.50220787525177
16.0,2,19,diffusion_temporal,0.05373085290193558,0.6155104041099548
16.0,2,20,diffusion_temporal,0.04994456097483635,0.5720323920249939
16.0,2,21,diffusion_temporal,0.06247725337743759,0.49207425117492676
16.0,2,22,diffusion_temporal,0.050257984548807144,0.5957026481628418
16.0,2,23,diffusion_temporal,0.07086463272571564,0.3612540364265442
16.0,2,24,diffusion_temporal,0.06543800234794617,0.4270252287387848
16.0,2,25,diffusion_temporal,0.05875478684902191,0.32940930128097534
16.0,2,26,diffusion_temporal,0.04516235366463661,0.4297509491443634
16.0,2,27,diffusion_temporal,0.048314377665519714,0.6179377436637878
16.0,2,28,diffusion_temporal,0.07374073565006256,0.435580849647522
16.0,2,29,diffusion_temporal,0.05190081521868706,0.641048789024353
16.0,2,30,diffusion_temporal,0.06016361340880394,0.5862938165664673
16.0,2,31,diffusion_temporal,0.05313938111066818,0.5622395277023315
16.0,2,32,diffusion_temporal,0.049550190567970276,0.6233476400375366
16.0,2,33,diffusion_temporal,0.05269666388630867,0.4493626654148102
16.0,2,34,diffusion_temporal,0.06218467652797699,0.46158456802368164
16.0,2,35,diffusion_temporal,0.05082529038190842,0.5501311421394348
16.0,2,36,diffusion_temporal,0.06617135554552078,0.43131422996520996
16.0,2,37,diffusion_temporal,0.07579749077558517,0.4294354319572449
16.0,2,38,diffusion_temporal,0.06630787253379822,0.4740300476551056
16.0,2,39,diffusion_temporal,0.06860458850860596,0.3826451897621155
16.0,2,40,diffusion_temporal,0.05762919411063194,0.41115352511405945
16.0,2,41,diffusion_temporal,0.07076025009155273,0.34224027395248413
16.0,2,42,diffusion_temporal,0.04847036302089691,0.502960205078125
16.0,2,43,diffusion_temporal,0.06672462075948715,0.3703024387359619
16.0,2,44,diffusion_temporal,0.060145303606987,0.3658757209777832
16.0,2,45,diffusion_temporal,0.07083596289157867,0.3516746163368225
16.0,2,46,diffusion_temporal,0.06732314825057983,0.3776012063026428
16.0,2,47,diffusion_temporal,0.05867251008749008,0.5554634928703308
16.0,2,48,diffusion_temporal,0.056393276900053024,0.46220728754997253
16.0,2,49,diffusion_temporal,0.05996423959732056,0.4256994128227234
16.0,2,50,diffusion_temporal,0.051466189324855804,0.44966620206832886
16.0,2,51,diffusion_temporal,0.058208249509334564,0.4086209833621979
16.0,2,52,diffusion_temporal,0.07394672185182571,0.19666175544261932
16.0,2,53,diffusion_temporal,0.051553875207901,0.44685861468315125
16.0,2,54,diffusion_temporal,0.0493437759578228,0.48571935296058655
16.0,2,55,diffusion_temporal,0.06517045944929123,0.24198764562606812
16.0,2,56,diffusion_temporal,0.039831649512052536,0.5596418976783752
16.0,2,57,diffusion_temporal,0.05285986140370369,0.39837363362312317
16.0,2,58,diffusion_temporal,0.055473800748586655,0.5527397394180298
16.0,2,59,diffusion_temporal,0.05404376983642578,0.3941501975059509
16.0,2,60,diffusion_temporal,0.07732164114713669,0.19803163409233093
16.0,2,61,diffusion_temporal,0.04767270013689995,0.4689335823059082
16.0,2,62,diffusion_temporal,0.0558963306248188,0.47715064883232117
16.0,2,63,diffusion_temporal,0.06610948592424393,0.31414657831192017
16.0,2,64,diffusion_temporal,0.07027547061443329,0.3454967737197876
16.0,2,1,diffusion_context_only,0.07462982833385468,0.5085351467132568
16.0,2,2,diffusion_context_only,0.031375471502542496,0.28635403513908386
16.0,2,3,diffusion_context_only,0.06504404544830322,0.23181617259979248
16.0,2,4,diffusion_context_only,0.05062396079301834,0.35972169041633606
16.0,2,5,diffusion_context_only,0.04757534712553024,0.4180389642715454
16.0,2,6,diffusion_context_only,0.048195675015449524,0.39366722106933594
16.0,2,7,diffusion_context_only,0.04099930450320244,0.5121373534202576
16.0,2,8,diffusion_context_only,0.040241632610559464,0.24638624489307404
16.0,2,9,diffusion_context_only,0.0655958503484726,0.5516778230667114
16.0,2,10,diffusion_context_only,0.0750759169459343,0.3386913239955902
16.0,2,11,diffusion_context_only,0.045449789613485336,0.464124858379364
16.0,2,12,diffusion_context_only,0.05675872042775154,0.6089156866073608
16.0,2,13,diffusion_context_only,0.031253330409526825,0.49144041538238525
16.0,2,14,diffusion_context_only,0.06731511652469635,0.2823035717010498
16.0,2,15,diffusion_context_only,0.057169318199157715,0.48750951886177063
16.0,2,16,diffusion_context_only,0.08874615281820297,0.5347601771354675
16.0,2,17,diffusion_context_only,0.05035354942083359,0.29056796431541443
16.0,2,18,diffusion_context_only,0.05875745788216591,0.49902358651161194
16.0,2,19,diffusion_context_only,0.05367054417729378,0.6183900833129883
16.0,2,20,diffusion_context_only,0.049552347511053085,0.5753790736198425
16.0,2,21,diffusion_context_only,0.06259484589099884,0.4909796118736267
16.0,2,22,diffusion_context_only,0.05071652680635452,0.5927067995071411
16.0,2,23,diffusion_context_only,0.0722745731472969,0.35597920417785645
16.0,2,24,diffusion_context_only,0.0653766319155693,0.4281211793422699
16.0,2,25,diffusion_context_only,0.05966198071837425,0.3289724290370941
16.0,2,26,diffusion_context_only,0.045963406562805176,0.42672643065452576
16.0,2,27,diffusion_context_only,0.04843824356794357,0.6185197234153748
16.0,2,28,diffusion_context_only,0.07364306598901749,0.4363044798374176
16.0,2,29,diffusion_context_only,0.0520220510661602,0.6401413679122925
16.0,2,30,diffusion_context_only,0.06056598201394081,0.5825679302215576
16.0,2,31,diffusion_context_only,0.05370982736349106,0.560261070728302
16.0,2,32,diffusion_context_only,0.0498138889670372,0.6225106120109558
16.0,2,33,diffusion_context_only,0.05241444706916809,0.45174795389175415
16.0,2,34,diffusion_context_only,0.06242558732628822,0.45702898502349854
16.0,2,35,diffusion_context_only,0.05064840242266655,0.551486074924469
16.0,2,36,diffusion_context_only,0.06615165621042252,0.43062955141067505
16.0,2,37,diffusion_context_only,0.07598722726106644,0.43120020627975464
16.0,2,38,diffusion_context_only,0.06626585870981216,0.47291749715805054
16.0,2,39,diffusion_context_only,0.0680239275097847,0.3872397541999817
16.0,2,40,diffusion_context_only,0.058271389454603195,0.4043355882167816
16.0,2,41,diffusion_context_only,0.07099530100822449,0.3426475524902344
16.0,2,42,diffusion_context_only,0.048297081142663956,0.5057858228683472
16.0,2,43,diffusion_context_only,0.06736939400434494,0.3619233965873718
16.0,2,44,diffusion_context_only,0.060687292367219925,0.362591028213501
16.0,2,45,diffusion_context_only,0.07115082442760468,0.34975549578666687
16.0,2,46,diffusion_context_only,0.06777339428663254,0.3758362829685211
16.0,2,47,diffusion_context_only,0.059160999953746796,0.5541526675224304
16.0,2,48,diffusion_context_only,0.05643472820520401,0.4622308313846588
16.0,2,49,diffusion_context_only,0.06015989929437637,0.4264468252658844
16.0,2,50,diffusion_context_only,0.05165467411279678,0.4521563649177551
16.0,2,51,diffusion_context_only,0.0578116737306118,0.40969187021255493
16.0,2,52,diffusion_context_only,0.07393275946378708,0.19177208840847015
16.0,2,53,diffusion_context_only,0.05169951170682907,0.4472346603870392
16.0,2,54,diffusion_context_only,0.04981335997581482,0.4811502993106842
16.0,2,55,diffusion_context_only,0.06531336158514023,0.24336570501327515
16.0,2,56,diffusion_context_only,0.039851799607276917,0.5599830150604248
16.0,2,57,diffusion_context_only,0.053139545023441315,0.40080565214157104
16.0,2,58,diffusion_context_only,0.05586890131235123,0.5506319999694824
16.0,2,59,diffusion_context_only,0.0537223294377327,0.40073370933532715
16.0,2,60,diffusion_context_only,0.07721636444330215,0.19767247140407562
16.0,2,61,diffusion_context_only,0.047356978058815,0.47361114621162415
16.0,2,62,diffusion_context_only,0.05621479079127312,0.47477811574935913
16.0,2,63,diffusion_context_only,0.06571482121944427,0.3184812068939209
16.0,2,64,diffusion_context_only,0.07029186189174652,0.3434125483036041
16.0,2,1,gaussian_context_only,0.07380784387195956,0.517073181530234
16.0,2,2,gaussian_context_only,0.032281843341175044,0.30519388164246636
16.0,2,3,gaussian_context_only,0.05105689197081577,0.2877748303129972
16.0,2,4,gaussian_context_only,0.041609021226667056,0.39462228408221495
16.0,2,5,gaussian_context_only,0.05233009320296271,0.3283828595105259
16.0,2,6,gaussian_context_only,0.043051727106676894,0.38694170368732345
16.0,2,7,gaussian_context_only,0.05743035856538391,0.39906418231995233
16.0,2,8,gaussian_context_only,0.06353105157675605,0.13473195969927873
16.0,2,9,gaussian_context_only,0.0839573064667177,0.40250883884325955
16.0,2,10,gaussian_context_only,0.0946705024146743,0.23062654112524636
16.0,2,11,gaussian_context_only,0.06681006416407109,0.3537173234511814
16.0,2,12,gaussian_context_only,0.06023257887415541,0.6189671269028879
16.0,2,13,gaussian_context_only,0.04181792052642869,0.5180150203856616
16.0,2,14,gaussian_context_only,0.0845759658074484,0.23148662981060716
16.0,2,15,gaussian_context_only,0.06598491346320054,0.4088711169928337
16.0,2,16,gaussian_context_only,0.10413710184676213,0.46696794747056886
16.0,2,17,gaussian_context_only,0.08355372582462574,0.038183269937438064
16.0,2,18,gaussian_context_only,0.06722711740534029,0.4790817442693012
16.0,2,19,gaussian_context_only,0.05939477920152116,0.5634846437998167
16.0,2,20,gaussian_context_only,0.08238576329176484,0.47187905057887364
16.0,2,21,gaussian_context_only,0.07030624165898855,0.4860900798138209
16.0,2,22,gaussian_context_only,0.06086131989191036,0.5897965346243554
16.0,2,23,gaussian_context_only,0.06985566535221586,0.42631454161777005
16.0,2,24,gaussian_context_only,0.0831087746908099,0.3962168305238867
16.0,2,25,gaussian_context_only,0.06452835626016262,0.34268603436838324
16.0,2,26,gaussian_context_only,0.06006362430116464,0.31247635976258975
16.0,2,27,gaussian_context_only,0.056743771807561176,0.5946050469285002
16.0,2,28,gaussian_context_only,0.0761167637172441,0.3279086914561963
16.0,2,29,gaussian_context_only,0.059434834782777175,0.6160907266199414
16.0,2,30,gaussian_context_only,0.07246116795760288,0.5728401810779934
16.0,2,31,gaussian_context_only,0.05844883918449401,0.46219758228060975
16.0,2,32,gaussian_context_only,0.07844476595460445,0.5442565121015909
16.0,2,33,gaussian_context_only,0.0774566652244126,0.29333363835503584
16.0,2,34,gaussian_context_only,0.08672697874532334,0.3354352179303471
16.0,2,35,gaussian_context_only,0.07096607281302765,0.4646547490554051
16.0,2,36,gaussian_context_only,0.09038130333433204,0.3089260371485712
16.0,2,37,gaussian_context_only,0.08932058286320459,0.42255405124543904
16.0,2,38,gaussian_context_only,0.09348825614233819,0.3652662563251085
16.0,2,39,gaussian_context_only,0.0972299032647761,0.2739402447420731
16.0,2,40,gaussian_context_only,0.06489730226757158,0.40471509116292487
16.0,2,41,gaussian_context_only,0.07663839037953206,0.3499909427483532
16.0,2,42,gaussian_context_only,0.05240749692834945,0.5211072844881568
16.0,2,43,gaussian_context_only,0.08336483660359864,0.3278030977544599
16.0,2,44,gaussian_context_only,0.09316051909385702,0.28785895093066244
16.0,2,45,gaussian_context_only,0.07799906986256161,0.3870924058423819
16.0,2,46,gaussian_context_only,0.07541929030257587,0.37549151381213963
16.0,2,47,gaussian_context_only,0.0814436574567728,0.4699549613934241
16.0,2,48,gaussian_context_only,0.06793373264578896,0.4380464051100962
16.0,2,49,gaussian_context_only,0.09160303264864529,0.33735675775594126
16.0,2,50,gaussian_context_only,0.08438115276006941,0.3113886813022467
16.0,2,51,gaussian_context_only,0.07385440372438733,0.3249931949972213
16.0,2,52,gaussian_context_only,0.07526661353175439,0.18133375979037417
16.0,2,53,gaussian_context_only,0.07036801186740957,0.37288771342651716
16.0,2,54,gaussian_context_only,0.05647581932090865,0.502564956996412
16.0,2,55,gaussian_context_only,0.0658395529801317,0.25348840390480865
16.0,2,56,gaussian_context_only,0.060077618498697326,0.4357792605058113
16.0,2,57,gaussian_context_only,0.06524467761069636,0.36008919089363
16.0,2,58,gaussian_context_only,0.07204951207774513,0.42393594688311903
16.0,2,59,gaussian_context_only,0.07885728484517823,0.2379088141944146
16.0,2,60,gaussian_context_only,0.09233346363546574,0.07087426149422216
16.0,2,61,gaussian_context_only,0.05225078876711665,0.4398804254681408
16.0,2,62,gaussian_context_only,0.06795959460765616,0.4536448566099566
16.0,2,63,gaussian_context_only,0.07260294739158532,0.32875289490632775
16.0,2,64,gaussian_context_only,0.0798397280526629,0.3669885959140857
16.0,2,1,gaussian_temporal,0.06919157148340734,0.5605223286352924
16.0,2,2,gaussian_temporal,0.03312470817453952,0.30615987652223786
16.0,2,3,gaussian_temporal,0.05984178739351261,0.19473531441729763
16.0,2,4,gaussian_temporal,0.04567675371400992,0.3543224300045484
16.0,2,5,gaussian_temporal,0.055487301312572686,0.3014388021300932
16.0,2,6,gaussian_temporal,0.045033122920827506,0.38710935363340443
16.0,2,7,gaussian_temporal,0.05038324381035734,0.47417194396461854
16.0,2,8,gaussian_temporal,0.06373600965854936,0.12124778257586527
16.0,2,9,gaussian_temporal,0.08437983979008559,0.40975047780860463
16.0,2,10,gaussian_temporal,0.09102336351206076,0.2756531464644847
16.0,2,11,gaussian_temporal,0.06055694857135333,0.41300864962598327
16.0,2,12,gaussian_temporal,0.055186848905693996,0.6371449929311713
16.0,2,13,gaussian_temporal,0.04965268543835608,0.4840651655751677
16.0,2,14,gaussian_temporal,0.08739063944518984,0.21634114041774802
16.0,2,15,gaussian_temporal,0.07709535798240484,0.37823605130487475
16.0,2,16,gaussian_temporal,0.11026043814168492,0.4312269766869329
16.0,2,17,gaussian_temporal,0.0726208183577297,0.08162922995145021
16.0,2,18,gaussian_temporal,0.06357342807161649,0.4963543782792737
16.0,2,19,gaussian_temporal,0.0649234523498668,0.5127720297369368
16.0,2,20,gaussian_temporal,0.07161368859286489,0.5046696756422716
16.0,2,21,gaussian_temporal,0.06979756379906027,0.4827169534897301
16.0,2,22,gaussian_temporal,0.06546703950119531,0.5603398106477572
16.0,2,23,gaussian_temporal,0.07120337249931719,0.42510543173151344
16.0,2,24,gaussian_temporal,0.08138209023299045,0.37811725194181806
16.0,2,25,gaussian_temporal,0.060389910753529716,0.32696632586661495
16.0,2,26,gaussian_temporal,0.0665370294473646,0.3424290282414235
16.0,2,27,gaussian_temporal,0.0562010623271693,0.5950729963664677
16.0,2,28,gaussian_temporal,0.07447857277867777,0.3389810326660333
16.0,2,29,gaussian_temporal,0.061181493791703886,0.6093990513249513
16.0,2,30,gaussian_temporal,0.07874299852635334,0.5403868568509789
16.0,2,31,gaussian_temporal,0.061207761830598346,0.4623806285537657
16.0,2,32,gaussian_temporal,0.08291666472804869,0.5155310747595422
16.0,2,33,gaussian_temporal,0.06753329039258799,0.3285778266449838
16.0,2,34,gaussian_temporal,0.08423505674954322,0.338268962388718
16.0,2,35,gaussian_temporal,0.06421012082311758,0.49268479021387057
16.0,2,36,gaussian_temporal,0.08981693812731874,0.3024466608232382
16.0,2,37,gaussian_temporal,0.08903119361834436,0.4171504776546217
16.0,2,38,gaussian_temporal,0.08823091533729413,0.3861373951386316
16.0,2,39,gaussian_temporal,0.09120124703867703,0.2980405109223131
16.0,2,40,gaussian_temporal,0.06013597588123235,0.45545323022772843
16.0,2,41,gaussian_temporal,0.08027173882187874,0.34953775779306395
16.0,2,42,gaussian_temporal,0.05715700021566556,0.5095735624097497
16.0,2,43,gaussian_temporal,0.086376549152979,0.32393885132009853
16.0,2,44,gaussian_temporal,0.09109669447291732,0.3263776942276037
16.0,2,45,gaussian_temporal,0.07407347680277569,0.39534887017973763
16.0,2,46,gaussian_temporal,0.07218268542103105,0.37611262918940863
16.0,2,47,gaussian_temporal,0.0775377680838188,0.4748066703713377
16.0,2,48,gaussian_temporal,0.06256774514777574,0.4471636210840299
16.0,2,49,gaussian_temporal,0.09935854150164658,0.2859218139013807
16.0,2,50,gaussian_temporal,0.07977533090299507,0.2971592530022171
16.0,2,51,gaussian_temporal,0.07785835529624567,0.30872975797514735
16.0,2,52,gaussian_temporal,0.08705802743599546,0.21414721815327614
16.0,2,53,gaussian_temporal,0.08168374613761929,0.3244862272821184
16.0,2,54,gaussian_temporal,0.05417950687440189,0.5152368240723585
16.0,2,55,gaussian_temporal,0.06735910650761238,0.24285296672732193
16.0,2,56,gaussian_temporal,0.06007422378483377,0.4215451219255421
16.0,2,57,gaussian_temporal,0.05831951933188766,0.3487699535071994
16.0,2,58,gaussian_temporal,0.06814066875086333,0.45163174761374875
16.0,2,59,gaussian_temporal,0.08769773334897175,0.18615712064409465
16.0,2,60,gaussian_temporal,0.08889946934697472,0.06424598451929545
16.0,2,61,gaussian_temporal,0.05616057009503278,0.41523198763872754
16.0,2,62,gaussian_temporal,0.06735174810697557,0.45328680743526967
16.0,2,63,gaussian_temporal,0.07802538032355077,0.30028746523417366
16.0,2,64,gaussian_temporal,0.08141093012214495,0.36285728021162333
16.0,2,1,public_fingerprint,0.10702686756849289,0.16537153720855713
16.0,2,2,public_fingerprint,0.02855287306010723,0.36560481786727905
16.0,2,3,public_fingerprint,0.053369611501693726,0.24710141122341156
16.0,2,4,public_fingerprint,0.06127909943461418,0.11201594769954681
16.0,2,5,public_fingerprint,0.05339374765753746,0.2638758718967438
16.0,2,6,public_fingerprint,0.030914805829524994,0.5363820195198059
16.0,2,7,public_fingerprint,0.048468686640262604,0.46667158603668213
16.0,2,8,public_fingerprint,0.05132250487804413,0.19872114062309265
16.0,2,9,public_fingerprint,0.05164188891649246,0.6702244281768799
16.0,2,10,public_fingerprint,0.07768978178501129,0.3195381462574005
16.0,2,11,public_fingerprint,0.04504264146089554,0.5235739946365356
16.0,2,12,public_fingerprint,0.04332748427987099,0.7211336493492126
16.0,2,13,public_fingerprint,0.030612457543611526,0.5973643064498901
16.0,2,14,public_fingerprint,0.06753955781459808,0.2648983597755432
16.0,2,15,public_fingerprint,0.03779904916882515,0.6305299401283264
16.0,2,16,public_fingerprint,0.10060098767280579,0.44856157898902893
16.0,2,17,public_fingerprint,0.030779825523495674,0.5011929273605347
16.0,2,18,public_fingerprint,0.05527498573064804,0.520653247833252
16.0,2,19,public_fingerprint,0.06397590041160583,0.47389933466911316
16.0,2,20,public_fingerprint,0.0543794147670269,0.4956899881362915
16.0,2,21,public_fingerprint,0.06046396121382713,0.4539514482021332
16.0,2,22,public_fingerprint,0.0544462725520134,0.5116249322891235
16.0,2,23,public_fingerprint,0.050416018813848495,0.5051300525665283
16.0,2,24,public_fingerprint,0.06785993278026581,0.3751817047595978
16.0,2,25,public_fingerprint,0.05176627263426781,0.31303489208221436
16.0,2,26,public_fingerprint,0.04470444098114967,0.39772510528564453
16.0,2,27,public_fingerprint,0.051988743245601654,0.5897490978240967
16.0,2,28,public_fingerprint,0.05988539755344391,0.436979204416275
16.0,2,29,public_fingerprint,0.04965873807668686,0.6440992951393127
16.0,2,30,public_fingerprint,0.06758676469326019,0.5227989554405212
16.0,2,31,public_fingerprint,0.05261148512363434,0.5023784041404724
16.0,2,32,public_fingerprint,0.053597591817379,0.5820220708847046
16.0,2,33,public_fingerprint,0.05119442567229271,0.406556636095047
16.0,2,34,public_fingerprint,0.06780779361724854,0.3497503101825714
16.0,2,35,public_fingerprint,0.05408794432878494,0.5086748600006104
16.0,2,36,public_fingerprint,0.05835753679275513,0.4640653133392334
16.0,2,37,public_fingerprint,0.05926209315657616,0.5221158862113953
16.0,2,38,public_fingerprint,0.05677517130970955,0.516334056854248
16.0,2,39,public_fingerprint,0.06051148474216461,0.40004268288612366
16.0,2,40,public_fingerprint,0.04215420037508011,0.5139352083206177
16.0,2,41,public_fingerprint,0.06565538793802261,0.40059515833854675
16.0,2,42,public_fingerprint,0.041549596935510635,0.5310064554214478
16.0,2,43,public_fingerprint,0.07497158646583557,0.25842469930648804
16.0,2,44,public_fingerprint,0.060896169394254684,0.36402663588523865
16.0,2,45,public_fingerprint,0.06952524930238724,0.35696619749069214
16.0,2,46,public_fingerprint,0.059259507805109024,0.3972891867160797
16.0,2,47,public_fingerprint,0.05587301030755043,0.5739620923995972
16.0,2,48,public_fingerprint,0.05824941024184227,0.3931182026863098
16.0,2,49,public_fingerprint,0.05820589140057564,0.3560885787010193
16.0,2,50,public_fingerprint,0.04788421839475632,0.3987288475036621
16.0,2,51,public_fingerprint,0.04860728234052658,0.399609237909317
16.0,2,52,public_fingerprint,0.06361762434244156,0.07888802886009216
16.0,2,53,public_fingerprint,0.041223399341106415,0.5148131847381592
16.0,2,54,public_fingerprint,0.042511872947216034,0.5488463640213013
16.0,2,55,public_fingerprint,0.059073321521282196,0.2305319756269455
16.0,2,56,public_fingerprint,0.03475044295191765,0.590607762336731
16.0,2,57,public_fingerprint,0.04118822142481804,0.3744232952594757
16.0,2,58,public_fingerprint,0.05129208043217659,0.558122456073761
16.0,2,59,public_fingerprint,0.05456019565463066,0.3464709520339966
16.0,2,60,public_fingerprint,0.07771202176809311,0.1025739312171936
16.0,2,61,public_fingerprint,0.044860173016786575,0.4371882677078247
16.0,2,62,public_fingerprint,0.05510110780596733,0.4599144756793976
16.0,2,63,public_fingerprint,0.06561422348022461,0.30678901076316833
16.0,2,64,public_fingerprint,0.062122952193021774,0.3748442828655243
16.0,2,1,noisy,3272.3427734375,-0.003316368442028761
16.0,2,2,noisy,3283.748291015625,-0.008774290792644024
16.0,2,3,noisy,3318.677490234375,0.005249186418950558
16.0,2,4,noisy,3307.667236328125,0.00148333131801337
16.0,2,5,noisy,3354.0634765625,-0.007979783229529858
16.0,2,6,noisy,3232.402587890625,-0.003988971002399921
16.0,2,7,noisy,3266.290283203125,0.004000701010227203
16.0,2,8,noisy,3299.938232421875,0.007322750985622406
16.0,2,9,noisy,3345.086669921875,0.002886187518015504
16.0,2,10,noisy,3217.38818359375,0.006188337691128254
16.0,2,11,noisy,3301.054443359375,-0.0007843548664823174
16.0,2,12,noisy,3384.5537109375,0.010574840009212494
16.0,2,13,noisy,3295.249267578125,0.0005844726110808551
16.0,2,14,noisy,3278.832275390625,0.004320973064750433
16.0,2,15,noisy,3324.971923828125,0.009308365173637867
16.0,2,16,noisy,3303.636962890625,0.013810887932777405
16.0,2,17,noisy,3292.71044921875,0.010465055704116821
16.0,2,18,noisy,3330.630126953125,0.01591435633599758
16.0,2,19,noisy,3253.927001953125,-0.008793139830231667
16.0,2,20,noisy,3279.560546875,0.00046335902879945934
16.0,2,21,noisy,3297.864501953125,0.013475934974849224
16.0,2,22,noisy,3292.548828125,-0.0024717531632632017
16.0,2,23,noisy,3372.8349609375,-0.011110308580100536
16.0,2,24,noisy,3216.01611328125,0.00603755097836256
16.0,2,25,noisy,3277.57275390625,0.01122735533863306
16.0,2,26,noisy,3366.93359375,0.0132694561034441
16.0,2,27,noisy,3308.77197265625,-0.010855155065655708
16.0,2,28,noisy,3367.405029296875,0.010452518239617348
16.0,2,29,noisy,3285.721923828125,0.012291585095226765
16.0,2,30,noisy,3299.821044921875,0.012926527298986912
16.0,2,31,noisy,3299.068603515625,-0.00244314968585968
16.0,2,32,noisy,3329.810302734375,0.004133503418415785
16.0,2,33,noisy,3288.07275390625,0.009978702291846275
16.0,2,34,noisy,3370.475830078125,0.017336513847112656
16.0,2,35,noisy,3275.279296875,0.00552039360627532
16.0,2,36,noisy,3288.66015625,0.004990117624402046
16.0,2,37,noisy,3329.655517578125,0.005734456703066826
16.0,2,38,noisy,3344.880859375,0.006087372545152903
16.0,2,39,noisy,3334.78369140625,0.00878086406737566
16.0,2,40,noisy,3387.89599609375,0.010865540243685246
16.0,2,41,noisy,3381.948974609375,-0.0007633263012394309
16.0,2,42,noisy,3317.006103515625,-0.0042786062695086
16.0,2,43,noisy,3305.35546875,0.016366057097911835
16.0,2,44,noisy,3334.086181640625,0.0035064660478383303
16.0,2,45,noisy,3353.42041015625,0.014136744663119316
16.0,2,46,noisy,3238.0693359375,-0.0012460917932912707
16.0,2,47,noisy,3276.371826171875,-0.0099100386723876
16.0,2,48,noisy,3338.744140625,0.010990869253873825
16.0,2,49,noisy,3244.404296875,-0.003561501856893301
16.0,2,50,noisy,3326.72900390625,-0.0039537809789180756
16.0,2,51,noisy,3352.640625,-0.0027363665867596865
16.0,2,52,noisy,3287.316162109375,0.004802425857633352
16.0,2,53,noisy,3294.0009765625,0.00804851297289133
16.0,2,54,noisy,3355.181640625,-0.010991208255290985
16.0,2,55,noisy,3273.7412109375,-4.328909142259363e-07
16.0,2,56,noisy,3295.784912109375,-0.007951740175485611
16.0,2,57,noisy,3286.502197265625,-0.004109091125428677
16.0,2,58,noisy,3326.4404296875,0.006056934129446745
16.0,2,59,noisy,3388.296142578125,-0.011608012020587921
16.0,2,60,noisy,3276.6591796875,0.0034971428103744984
16.0,2,61,noisy,3287.4736328125,-0.014929812401533127
16.0,2,62,noisy,3259.353271484375,0.01007157750427723
16.0,2,63,noisy,3285.609130859375,0.014185496605932713
16.0,2,64,noisy,3352.35986328125,0.0018375756917521358
16.0,2,1,zero,0.10039170831441879,0.0
16.0,2,2,zero,0.01904747448861599,0.0
16.0,2,3,zero,0.04212464764714241,0.0
16.0,2,4,zero,0.04186572879552841,0.0
16.0,2,5,zero,0.03939488157629967,0.0
16.0,2,6,zero,0.032199837267398834,0.0
16.0,2,7,zero,0.05055150389671326,0.0
16.0,2,8,zero,0.02182697504758835,0.0
16.0,2,9,zero,0.09375027567148209,0.0
16.0,2,10,zero,0.07162921875715256,0.0
16.0,2,11,zero,0.046170253306627274,0.0
16.0,2,12,zero,0.08987026661634445,0.0
16.0,2,13,zero,0.02570989355444908,0.0
16.0,2,14,zero,0.048821039497852325,0.0
16.0,2,15,zero,0.059742145240306854,0.0
16.0,2,16,zero,0.12415327876806259,0.0
16.0,2,17,zero,0.022837860509753227,0.0
16.0,2,18,zero,0.07264306396245956,0.0
16.0,2,19,zero,0.0715017095208168,0.0
16.0,2,20,zero,0.0610036626458168,0.0
16.0,2,21,zero,0.05992807075381279,0.0
16.0,2,22,zero,0.06451641023159027,0.0
16.0,2,23,zero,0.05434047803282738,0.0
16.0,2,24,zero,0.05942755565047264,0.0
16.0,2,25,zero,0.02453545480966568,0.0
16.0,2,26,zero,0.022050462663173676,0.0
16.0,2,27,zero,0.06927163153886795,0.0
16.0,2,28,zero,0.04935017228126526,0.0
16.0,2,29,zero,0.07907197624444962,0.0
16.0,2,30,zero,0.08325634896755219,0.0
16.0,2,31,zero,0.05717398598790169,0.0
16.0,2,32,zero,0.07381587475538254,0.0
16.0,2,33,zero,0.034663740545511246,0.0
16.0,2,34,zero,0.05258563533425331,0.0
16.0,2,35,zero,0.059602294117212296,0.0
16.0,2,36,zero,0.05980401858687401,0.0
16.0,2,37,zero,0.07310575246810913,0.0
16.0,2,38,zero,0.06583086401224136,0.0
16.0,2,39,zero,0.05176912620663643,0.0
16.0,2,40,zero,0.03503062576055527,0.0
16.0,2,41,zero,0.059800222516059875,0.0
16.0,2,42,zero,0.04311442747712135,0.0
16.0,2,43,zero,0.055109500885009766,0.0
16.0,2,44,zero,0.04758462682366371,0.0
16.0,2,45,zero,0.05651814863085747,0.0
16.0,2,46,zero,0.047277722507715225,0.0
16.0,2,47,zero,0.07125993072986603,0.0
16.0,2,48,zero,0.045868005603551865,0.0
16.0,2,49,zero,0.04221309348940849,0.0
16.0,2,50,zero,0.03235287219285965,0.0
16.0,2,51,zero,0.04154953360557556,0.0
16.0,2,52,zero,0.034635044634342194,0.0
16.0,2,53,zero,0.04403890296816826,0.0
16.0,2,54,zero,0.05570196360349655,0.0
16.0,2,55,zero,0.038024064153432846,0.0
16.0,2,56,zero,0.043460339307785034,0.0
16.0,2,57,zero,0.02762049250304699,0.0
16.0,2,58,zero,0.07041774690151215,0.0
16.0,2,59,zero,0.045959215611219406,0.0
16.0,2,60,zero,0.04267862066626549,0.0
16.0,2,61,zero,0.03497742488980293,0.0
16.0,2,62,zero,0.05577091500163078,0.0
16.0,2,63,zero,0.05683452636003494,0.0
16.0,2,64,zero,0.05852104723453522,0.0
16.0,2,1,projection_oracle,0.016923200339078903,0.9119313955307007
16.0,2,2,projection_oracle,0.010989121161401272,0.7202133536338806
16.0,2,3,projection_oracle,0.016817929223179817,0.783210039138794
16.0,2,4,projection_oracle,0.01386590301990509,0.8321108818054199
16.0,2,5,projection_oracle,0.020778996869921684,0.7207475304603577
16.0,2,6,projection_oracle,0.014502471312880516,0.7665170431137085
16.0,2,7,projection_oracle,0.019155390560626984,0.7978256940841675
16.0,2,8,projection_oracle,0.01700623147189617,0.6407405734062195
16.0,2,9,projection_oracle,0.025607557967305183,0.8526754379272461
16.0,2,10,projection_oracle,0.030123336240649223,0.7696034908294678
16.0,2,11,projection_oracle,0.02079123631119728,0.7613379955291748
16.0,2,12,projection_oracle,0.020349564030766487,0.8802375197410583
16.0,2,13,projection_oracle,0.014537382870912552,0.7415257692337036
16.0,2,14,projection_oracle,0.024932652711868286,0.7351203560829163
16.0,2,15,projection_oracle,0.01825140044093132,0.8413028120994568
16.0,2,16,projection_oracle,0.03949199989438057,0.8269140124320984
16.0,2,17,projection_oracle,0.01594148762524128,0.7035626173019409
16.0,2,18,projection_oracle,0.027064014226198196,0.7989960312843323
16.0,2,19,projection_oracle,0.025487570092082024,0.8140241503715515
16.0,2,20,projection_oracle,0.026767725124955177,0.7661397457122803
16.0,2,21,projection_oracle,0.026098039001226425,0.7743069529533386
16.0,2,22,projection_oracle,0.0256411861628294,0.787566065788269
16.0,2,23,projection_oracle,0.024002980440855026,0.7630082368850708
16.0,2,24,projection_oracle,0.030637778341770172,0.7248530387878418
16.0,2,25,projection_oracle,0.027239032089710236,0.5206235647201538
16.0,2,26,projection_oracle,0.023344390094280243,0.5756006240844727
16.0,2,27,projection_oracle,0.02802378498017788,0.7954354882240295
16.0,2,28,projection_oracle,0.03142981976270676,0.685845673084259
16.0,2,29,projection_oracle,0.02951706200838089,0.8015388250350952
16.0,2,30,projection_oracle,0.03386180102825165,0.7801886200904846
16.0,2,31,projection_oracle,0.02834870107471943,0.7344014644622803
16.0,2,32,projection_oracle,0.02927873097360134,0.7904704809188843
16.0,2,33,projection_oracle,0.026602204889059067,0.6475517749786377
16.0,2,34,projection_oracle,0.038045819848775864,0.6282598376274109
16.0,2,35,projection_oracle,0.028666434809565544,0.7470694780349731
16.0,2,36,projection_oracle,0.02947276085615158,0.7469150424003601
16.0,2,37,projection_oracle,0.03439665213227272,0.748884379863739
16.0,2,38,projection_oracle,0.0353098101913929,0.7155287861824036
16.0,2,39,projection_oracle,0.035669103264808655,0.6393112540245056
16.0,2,40,projection_oracle,0.02203778177499771,0.7156898379325867
16.0,2,41,projection_oracle,0.03671487793326378,0.6758341789245605
16.0,2,42,projection_oracle,0.026773307472467422,0.6866358518600464
16.0,2,43,projection_oracle,0.03752307593822479,0.6489993929862976
16.0,2,44,projection_oracle,0.03133394569158554,0.681904137134552
16.0,2,45,projection_oracle,0.040029823780059814,0.6217436790466309
16.0,2,46,projection_oracle,0.036970723420381546,0.6140991449356079
16.0,2,47,projection_oracle,0.03641952946782112,0.7217340469360352
16.0,2,48,projection_oracle,0.03471038118004799,0.6358160972595215
16.0,2,49,projection_oracle,0.03383887931704521,0.6102309823036194
16.0,2,50,projection_oracle,0.030246680602431297,0.5885774493217468
16.0,2,51,projection_oracle,0.02852814272046089,0.653020441532135
16.0,2,52,projection_oracle,0.03797034174203873,0.45524972677230835
16.0,2,53,projection_oracle,0.02599669061601162,0.7021704316139221
16.0,2,54,projection_oracle,0.026206422597169876,0.7472760081291199
16.0,2,55,projection_oracle,0.03244045004248619,0.5872778296470642
16.0,2,56,projection_oracle,0.02468656562268734,0.7072608470916748
16.0,2,57,projection_oracle,0.028701644390821457,0.5245653986930847
16.0,2,58,projection_oracle,0.03334741294384003,0.7376593351364136
16.0,2,59,projection_oracle,0.033740896731615067,0.6167868375778198
16.0,2,60,projection_oracle,0.04982398822903633,0.4032038450241089
16.0,2,61,projection_oracle,0.03010697104036808,0.5822964906692505
16.0,2,62,projection_oracle,0.035129364579916,0.6731089949607849
16.0,2,63,projection_oracle,0.03816460818052292,0.6317998766899109
16.0,2,64,projection_oracle,0.040397025644779205,0.6212873458862305
