seed,template_index,sigma,repeats_per_checkpoint,total_releases,template_energy,mu,epsilon_upper_bound,matched_tpr,matched_fpr,optimal_tpr,wrong_same_label_tpr,wrong_same_label_fpr,reversed_checkpoints_tpr,reversed_checkpoints_fpr,orthogonal_tpr,orthogonal_fpr,energy_only_tpr,amplitude_mse,amplitude_mse_lower_bound,prior_only_amplitude_mse,trajectory_mse_per_checkpoint,prior_only_trajectory_mse_per_checkpoint,raw_mean_expected_mse_per_checkpoint
17,0,0.5,16,32,2.0000018969114848,11.313713864259386,364.5782467906418,1.0,0.0106,1.0,0.088,0.0088,1.0,0.00995,0.0101,0.01,0.038509232778102434,2.806777985843906e-23,3.85425425697322e-09,0.25,2.8067806479486044e-23,0.2500002371139356,206.90625
17,0,1.0,16,32,2.0000018969114848,5.656856932129693,118.2891233953209,0.99955,0.0106,0.9995665632843597,0.03145,0.0088,0.98755,0.00995,0.0101,0.01,0.014390109963154417,0.0021718204877488687,0.001169428844842039,0.25,0.0021718225476244817,0.2500002371139356,827.625
17,0,2.0,16,32,2.0000018969114848,2.8284284660648464,43.14456169766045,0.69235,0.0106,0.6921945841781655,0.0184,0.0088,0.48975,0.00995,0.0101,0.01,0.010971287351944125,0.058389623077341954,0.039324752548720074,0.25,0.058389678457315256,0.2500002371139356,3310.5
17,0,4.0,16,32,2.0000018969114848,1.4142142330324232,17.572280848830225,0.18005,0.0106,0.18084918553563456,0.01335,0.0088,0.1172,0.00995,0.0101,0.01,0.010235543871370477,0.16233115097628067,0.11987497845385792,0.25,0.162331304940193,0.2500002371139356,13242.0
17,0,8.0,16,32,2.0000018969114848,0.7071071165162116,7.786140424415112,0.05255,0.0106,0.05269773587176953,0.01115,0.0088,0.04125,0.00995,0.0101,0.01,0.010058440279516957,0.2218168782056335,0.18091837103993388,0.25,0.2218170885891254,0.2500002371139356,52968.0
17,0,16.0,16,32,2.0000018969114848,0.3535535582581058,3.643070212207556,0.0254,0.0106,0.024259500526255095,0.0102,0.0088,0.0217,0.00995,0.0101,0.01,0.01001458235637711,0.24226362959563075,0.21492093233677192,0.25,0.2422638593719614,0.2500002371139356,211872.0
17,0,32.0,16,32,2.0000018969114848,0.1767767791290529,1.759035106103778,0.01565,0.0106,0.01579457842833091,0.00975,0.0088,0.01535,0.00995,0.0101,0.01,0.010003643859213561,0.24796831511638745,0.23239199724092618,0.25,0.24796855030335985,0.2500002371139356,847488.0
17,0,64.0,16,32,2.0000018969114848,0.08838838956452645,0.863892553051889,0.0128,0.0106,0.012611848670183562,0.00965,0.0088,0.01275,0.00995,0.0101,0.01,0.010000910856720368,0.24946159014516936,0.24118740235671296,0.25,0.24946182674844705,0.2500002371139356,3389952.0
17,0,128.0,16,32,2.0000018969114848,0.044194194782263226,0.4280400265259445,0.01135,0.0106,0.011240134371676407,0.00955,0.0088,0.0119,0.00995,0.0101,0.01,0.010000227707425409,0.24985134451793334,0.2455926254645813,0.25,0.2498515814908758,0.2500002371139356,13559808.0
17,1,0.5,16,32,0.6362559180374229,6.381252130608464,364.5782467906418,0.99995,0.01035,0.9999749225791877,0.99945,0.00935,0.54035,0.01055,0.01,0.00945,0.015840636791313745,0.0005463818729880346,0.000354912226632325,0.25,0.00017381935009850427,0.07953198975467786,206.90625
17,1,1.0,16,32,0.6362559180374229,3.190626065304232,118.2891233953209,0.80725,0.01035,0.8062824562099078,0.69045,0.00935,0.133,0.01055,0.01,0.00945,0.011249733952225605,0.041602250333771705,0.027660563167439953,0.25,0.0132348389892683,0.07953198975467786,827.625
17,1,2.0,16,32,0.6362559180374229,1.595313032652116,43.14456169766045,0.232,0.01035,0.23237893589662628,0.1823,0.00935,0.04545,0.01055,0.01,0.00945,0.01030056095849549,0.14694514585451807,0.10626746108400967,0.25,0.046747359338404695,0.07953198975467786,3310.5
17,1,4.0,16,32,0.6362559180374229,0.797656516326058,17.572280848830225,0.0597,0.01035,0.0631704878868691,0.05535,0.00935,0.0225,0.01055,0.01,0.00945,0.010074417203198386,0.21582174421366662,0.17250493848141368,0.25,0.06865893099855215,0.07953198975467786,13242.0
17,1,8.0,16,32,0.6362559180374229,0.398828258163029,7.786140424415112,0.02495,0.01035,0.026957452926900875,0.0257,0.00935,0.01555,0.01055,0.01,0.00945,0.010018559403938762,0.24073671786928277,0.2104847022564674,0.25,0.07658508071661829,0.07953198975467786,52968.0
17,1,16.0,16,32,0.6362559180374229,0.1994141290815145,3.643070212207556,0.0156,0.01035,0.016712794287640647,0.01695,0.00935,0.01295,0.01055,0.01,0.00945,0.01000463704949237,0.24770669128663458,0.23014422295063286,0.25,0.0788024241342951,0.07953198975467786,211872.0
17,1,32.0,16,32,0.6362559180374229,0.09970706454075726,1.759035106103778,0.01195,0.01035,0.012985644615948628,0.01365,0.00935,0.01185,0.01055,0.01,0.00945,0.010001159087351,0.2494664905728467,0.24005977677529586,0.25,0.07936226548950034,0.07953198975467786,847488.0
17,1,64.0,16,32,0.6362559180374229,0.04985353227037863,0.863892553051889,0.0102,0.01035,0.011408219439236079,0.01215,0.00935,0.0115,0.01055,0.01,0.00945,0.010000289760899944,0.24988830319062644,0.24502834439395133,0.25,0.07949645587668294,0.07953198975467786,3389952.0
17,1,128.0,16,32,0.6362559180374229,0.024926766135189314,0.4280400265259445,0.0099,0.01035,0.010683919975268326,0.0114,0.00935,0.011,0.01055,0.01,0.00945,0.010000072439541352,0.24998301291629652,0.24751397913030398,0.25,0.07952658568840959,0.07953198975467786,13559808.0
17,2,0.5,16,32,2.0000018222424774,11.313713653063637,364.5782467906418,1.0,0.0099,1.0,0.44535,0.0106,1.0,0.00975,0.0094,0.01065,0.03850923104285692,2.346119418933153e-22,3.854256627348317e-09,0.25,2.346121556532384e-22,0.25000022778030967,206.90625
17,2,1.0,16,32,2.0000018222424774,5.656856826531818,118.2891233953209,0.99965,0.0099,0.9995665631199585,0.10575,0.0106,0.87295,0.00975,0.0094,0.01065,0.014390109772497342,0.00160691184050419,0.0011694290377391432,0.25,0.0016069133045956967,0.25000022778030967,827.625
17,2,2.0,16,32,2.0000018222424774,2.828428413265909,43.14456169766045,0.6945,0.0099,0.6921945656088581,0.0372,0.0106,0.27055,0.00975,0.0094,0.01065,0.010971287314208817,0.05765560027094464,0.03932475448594644,0.25,0.057655652802186576,0.25000022778030967,3310.5
17,2,4.0,16,32,2.0000018222424774,1.4142142066329546,17.572280848830225,0.18255,0.0099,0.18084917858792915,0.01935,0.0106,0.07135,0.00975,0.0094,0.01065,0.010235543862487463,0.1625754929535431,0.11987498050441348,0.25,0.1625756410795276,0.25000022778030967,13242.0
17,2,8.0,16,32,2.0000018222424774,0.7071071033164773,7.786140424415112,0.05585,0.0099,0.05269773445229348,0.014,0.0106,0.0285,0.00975,0.0094,0.01065,0.010058440277329595,0.22209474415606145,0.18091837227665516,0.25,0.22209494651129985,0.25000022778030967,52968.0
17,2,16.0,16,32,2.0000018222424774,0.35355355165823865,3.643070212207556,0.02585,0.0099,0.024259500150135355,0.0123,0.0106,0.01705,0.00975,0.0094,0.01065,0.01001458235583234,0.24241362264567107,0.21492093298480835,0.25,0.2424138435138712,0.25000022778030967,211872.0
17,2,32.0,16,32,2.0000018222424774,0.17677677582911933,1.759035106103778,0.0183,0.0099,0.01579457829769801,0.01125,0.0106,0.0123,0.00975,0.0094,0.01065,0.010003643859077496,0.24804498992032542,0.23239199756876383,0.25,0.2480452159193839,0.25000022778030967,847488.0
17,2,64.0,16,32,2.0000018222424774,0.08838838791455966,0.863892553051889,0.01525,0.0099,0.012611848616379947,0.01085,0.0106,0.0109,0.00975,0.0094,0.01065,0.01000091085668636,0.24950110376231194,0.2411874025211127,0.25,0.24950133108806666,0.25000022778030967,3389952.0
17,2,128.0,16,32,2.0000018222424774,0.04419419395727983,0.4280400265259445,0.0135,0.0099,0.011240134347331765,0.01055,0.0106,0.01005,0.00975,0.0094,0.01065,0.010000227707416907,0.24987154211908008,0.24559262554684141,0.25,0.24987176978234904,0.25000022778030967,13559808.0
17,3,0.5,16,32,1.890592442534607,10.99990528696565,364.5782467906418,1.0,0.00985,1.0,0.98355,0.00865,1.0,0.0086,0.01095,0.00925,0.03603379876439983,1.8698560482266835e-14,9.497331656703372e-09,0.25,1.7675678567024966e-14,0.23632405531682588,206.90625
17,3,1.0,16,32,1.890592442534607,5.499952643482825,118.2891233953209,0.99935,0.00985,0.9992472072352925,0.4626,0.00865,0.97205,0.0086,0.01095,0.00925,0.014113060264579596,0.0023388146665716046,0.0014899892808946885,0.25,0.002210872666554686,0.23632405531682588,827.625
17,3,2.0,16,32,1.890592442534607,2.7499763217414124,43.14456169766045,0.66975,0.00985,0.6640815973923313,0.1135,0.00865,0.41445,0.0086,0.01095,0.00925,0.0109161158078346,0.06214655720197919,0.04228377878826309,0.25,0.058746905687803254,0.23632405531682588,3310.5
17,3,4.0,16,32,1.890592442534607,1.3749881608707062,17.572280848830225,0.17165,0.00985,0.17071090198569933,0.0386,0.00865,0.10065,0.0086,0.01095,0.00925,0.010222535134659372,0.16612901864796586,0.12294285744513023,0.25,0.15704113357076754,0.23632405531682588,13242.0
17,3,8.0,16,32,1.890592442534607,0.6874940804353531,7.786140424415112,0.04985,0.00985,0.050621856388453394,0.02015,0.00865,0.03715,0.0086,0.01095,0.00925,0.010055235672432978,0.2237489603182647,0.1827591328653886,0.25,0.21150904670134346,0.23632405531682588,52968.0
17,3,16.0,16,32,1.890592442534607,0.34374704021767655,3.643070212207556,0.0232,0.00985,0.02370601708611417,0.0142,0.00865,0.02035,0.0086,0.01095,0.00925,0.010013784156096063,0.24310999422964238,0.21588424116589205,0.25,0.2298109588975969,0.23632405531682588,211872.0
17,3,32.0,16,32,1.890592442534607,0.17187352010883827,1.759035106103778,0.01545,0.00985,0.015601495539927129,0.01175,0.00865,0.0142,0.0086,0.01095,0.00925,0.010003444493267623,0.2483410955884267,0.23287917232259966,0.25,0.234755899245122,0.23632405531682588,847488.0
17,3,64.0,16,32,1.890592442534607,0.08593676005441914,0.863892553051889,0.01235,0.00985,0.012532122709841253,0.01055,0.00865,0.01165,0.0086,0.01095,0.00925,0.010000861026736288,0.2496328747128933,0.24143168491168607,0.25,0.23597701317019223,0.23632405531682588,3389952.0
17,3,128.0,16,32,1.890592442534607,0.04296838002720957,0.4280400265259445,0.01095,0.00985,0.011204012046722455,0.0099,0.00865,0.0107,0.0086,0.01095,0.00925,0.010000215250648203,0.24993293378916975,0.24571485377369068,0.25,0.23626065788115333,0.23632405531682588,13559808.0
17,4,0.5,16,32,1.1965341933616584,8.750896432660264,364.5782467906418,1.0,0.00935,0.9999999999338692,0.23545,0.01005,0.99675,0.00975,0.00985,0.0108,0.023184231067828413,5.044033532513261e-10,3.029580233570113e-06,0.25,3.0176792970574556e-10,0.1495667741702073,206.90625
17,4,1.0,16,32,1.1965341933616584,4.375448216330132,118.2891233953209,0.98005,0.00935,0.979773847980827,0.05925,0.01005,0.5805,0.00975,0.00985,0.0108,0.012459874109847589,0.010474884692826762,0.007172426220513161,0.25,0.006266778853243927,0.1495667741702073,827.625
17,4,2.0,16,32,1.1965341933616584,2.187724108165066,43.14456169766045,0.4463,0.00935,0.4448737310889023,0.02565,0.01005,0.1434,0.00975,0.00985,0.0108,0.01057168920335657,0.0984288086417453,0.06850387082996737,0.25,0.05888671757584987,0.1495667741702073,3310.5
17,4,4.0,16,32,1.1965341933616584,1.093862054082533,17.572280848830225,0.11075,0.00935,0.1088838301850506,0.01615,0.01005,0.0457,0.00975,0.00985,0.0108,0.010140345632834304,0.19156002237970632,0.14610652965753002,0.25,0.11460405842922157,0.1495667741702073,13242.0
17,4,8.0,16,32,1.1965341933616584,0.5469310270412665,7.786140424415112,0.038,0.00935,0.037585723233464596,0.01295,0.01005,0.02265,0.00975,0.00985,0.0108,0.010034927322245079,0.2328907336190237,0.19612384964093316,0.25,0.1393308630461217,0.1495667741702073,52968.0
17,4,16.0,16,32,1.1965341933616584,0.27346551352063325,3.643070212207556,0.0212,0.00935,0.020041994092661306,0.0113,0.01005,0.01525,0.00975,0.00985,0.0108,0.010008721918056547,0.24557790765706028,0.22281050913527167,0.25,0.14692118182294223,0.1495667741702073,211872.0
17,4,32.0,16,32,1.1965341933616584,0.13673275676031663,1.759035106103778,0.01525,0.00935,0.014276080860641714,0.01095,0.01005,0.0122,0.00975,0.00985,0.0108,0.010002179860456307,0.24892054598382013,0.23637349633835625,0.25,0.14892097234994692,0.1495667741702073,847488.0
17,4,64.0,16,32,1.1965341933616584,0.06836637838015831,0.863892553051889,0.01285,0.00935,0.011973406555038972,0.01035,0.01005,0.01085,0.00975,0.00985,0.0108,0.010000544926430325,0.24975016067099515,0.2431827679474669,0.25,0.14941730352020688,0.1495667741702073,3389952.0
17,4,128.0,16,32,1.1965341933616584,0.034183189190079157,0.4280400265259445,0.01185,0.00935,0.01094807097254149,0.0101,0.01005,0.0103,0.00975,0.00985,0.0108,0.01000013622918993,0.24994801121757645,0.24659088611895882,0.25,0.1495356709922868,0.1495667741702073,13559808.0
17,5,0.5,16,32,2.000001402793581,11.313712466683478,364.5782467906418,1.0,0.0103,1.0,0.99575,0.00955,1.0,0.00915,0.0089,0.01185,0.03850922129521458,1.2705529745188325e-19,3.854269942822477e-09,0.25,1.270553865680611e-19,0.2500001753491976,206.90625
17,5,1.0,16,32,2.000001402793581,5.656856233341739,118.2891233953209,0.9998,0.0103,0.9995665621964429,0.56575,0.00955,0.98245,0.00915,0.0089,0.01185,0.014390108701492186,0.0020950912441155697,0.001169430121328237,0.25,0.002095092713605844,0.2500001753491976,827.625
17,5,2.0,16,32,2.000001402793581,2.8284281166708696,43.14456169766045,0.6942,0.0103,0.6921944612968158,0.143,0.00955,0.45945,0.00915,0.0089,0.01185,0.01097128710223289,0.05731216710839887,0.03932476536820713,0.25,0.05731220730696893,0.2500001753491976,3310.5
17,5,4.0,16,32,2.000001402793581,1.4142140583354348,17.572280848830225,0.1792,0.0103,0.1808491395595907,0.04565,0.00955,0.10855,0.00915,0.0089,0.01185,0.01023554381258765,0.16191854106178794,0.11987499202329349,0.25,0.16191865463093294,0.2500001753491976,13242.0
17,5,8.0,16,32,2.000001402793581,0.7071070291677174,7.786140424415112,0.0527,0.0103,0.05269772647846759,0.02295,0.00955,0.03635,0.00915,0.0089,0.01185,0.01005844026504222,0.2217599693914794,0.18091837922386697,0.25,0.22176012493321018,0.2500001753491976,52968.0
17,5,16.0,16,32,2.000001402793581,0.3535535145838587,3.643070212207556,0.0247,0.0103,0.02425949803730411,0.0164,0.00955,0.0187,0.00915,0.0089,0.01185,0.010014582352772129,0.24227643476187655,0.21492093662511622,0.25,0.24227660469379028,0.2500001753491976,211872.0
17,5,32.0,16,32,2.000001402793581,0.17677675729192935,1.759035106103778,0.01635,0.0103,0.015794577563875072,0.01415,0.00955,0.01335,0.00915,0.0089,0.01185,0.010003643858313172,0.2479860457483111,0.23239199941037317,0.25,0.24798621968492765,0.2500001753491976,847488.0
17,5,64.0,16,32,2.000001402793581,0.08838837864596467,0.863892553051889,0.0132,0.0103,0.01261184831414121,0.01285,0.00955,0.01175,0.00915,0.0089,0.01185,0.010000910856495324,0.24947359953576456,0.241187403444619,0.25,0.24947377451574657,0.2500001753491976,3389952.0
17,5,128.0,16,32,2.000001402793581,0.04419418932298234,0.4280400265259445,0.01205,0.0103,0.011240134210577088,0.01205,0.00955,0.0111,0.00915,0.0089,0.01185,0.010000227707369148,0.24985819515968558,0.2455926260089329,0.25,0.24985837040942172,0.2500001753491976,13559808.0
17,6,0.5,16,32,0.003185919704207397,0.4515516150666205,364.5782467906418,0.03085,0.0084,0.03041037902878885,0.0172,0.0097,0.01735,0.01025,0.01005,0.00975,0.010023796087792183,0.23749116061473202,0.20534394851504356,0.25,0.0003783138840887792,0.0003982399630259246,206.90625
17,6,1.0,16,32,0.003185919704207397,0.22577580753331025,118.2891233953209,0.0175,0.0084,0.01783927412977542,0.01345,0.0097,0.01285,0.01025,0.01005,0.00975,0.010005944417879928,0.24664668130864398,0.22752985660532105,0.25,0.0003928982609792856,0.0003982399630259246,827.625
17,6,2.0,16,32,0.003185919704207397,0.11288790376665513,43.14456169766045,0.0128,0.0084,0.013432975037134854,0.01165,0.0097,0.0113,0.01025,0.01005,0.00975,0.0100014858168657,0.2490979956637337,0.23874703605067008,0.25,0.00039680310633182896,0.0003982399630259246,3310.5
17,6,4.0,16,32,0.003185919704207397,0.05644395188332756,17.572280848830225,0.0113,0.0084,0.011606706549356909,0.01065,0.0097,0.01065,0.01025,0.01005,0.00975,0.010000371436243466,0.24974615866552352,0.244371277484198,0.25,0.00039783560397129916,0.0003982399630259246,13242.0
17,6,8.0,16,32,0.003185919704207397,0.02822197594166378,7.786140424415112,0.0105,0.0084,0.010777312325988627,0.01015,0.0097,0.01015,0.01025,0.01005,0.00975,0.010000092857937556,0.24992261282744976,0.2471853585489685,0.25,0.0003981166883669843,0.0003982399630259246,52968.0
17,6,16.0,16,32,0.003185919704207397,0.01411098797083189,3.643070212207556,0.01015,0.0084,0.01038231630429431,0.0099,0.0097,0.01,0.01025,0.01005,0.00975,0.010000023214414145,0.24997370756608922,0.24859264424641997,0.25,0.00039819808023429067,0.0003982399630259246,211872.0
17,6,32.0,16,32,0.003185919704207397,0.007055493985415945,1.759035106103778,0.01,0.0084,0.010189594161099581,0.00975,0.0097,0.0098,0.01025,0.01005,0.00975,0.01000000580359911,0.24998995549401398,0.24929631774457933,0.25,0.0003982239625311547,0.0003982399630259246,847488.0
17,6,64.0,16,32,0.003185919704207397,0.0035277469927079727,0.863892553051889,0.00995,0.0084,0.010094408684237926,0.00965,0.0097,0.00975,0.01025,0.01005,0.00975,0.010000001450899465,0.24999575330243623,0.24964815832495701,0.25,0.0003982331982072015,0.0003982399630259246,3389952.0
17,6,128.0,16,32,0.003185919704207397,0.0017638734963539863,0.4280400265259445,0.00985,0.0084,0.010047107566955942,0.0096,0.0097,0.00975,0.01025,0.01005,0.00975,0.010000000362724809,0.24999807055289566,0.2498240790940618,0.25,0.00039823688949415064,0.0003982399630259246,13559808.0
17,7,0.5,16,32,0.25780583367541354,4.061966685637201,364.5782467906418,0.9592,0.0097,0.9586843712503467,0.23265,0.0094,0.682,0.0092,0.01,0.0096,0.012091671003642373,0.01557734181964015,0.010564171090501319,0.25,0.0020079647971296063,0.03222572920942669,206.90625
17,7,1.0,16,32,0.25780583367541354,2.0309833428186006,118.2891233953209,0.3838,0.0097,0.38385771261856505,0.062,0.0094,0.17985,0.0092,0.01,0.0096,0.010491056396541599,0.1099627421315171,0.07746787866184598,0.25,0.014174518204225144,0.03222572920942669,827.625
17,7,2.0,16,32,0.25780583367541354,1.0154916714093003,43.14456169766045,0.0913,0.0097,0.0949531750998478,0.0251,0.0094,0.05375,0.0092,0.01,0.0096,0.010120854522681577,0.197631945594884,0.152907899864118,0.25,0.025475334247491523,0.03222572920942669,3310.5
17,7,4.0,16,32,0.25780583367541354,0.5077458357046502,17.572280848830225,0.03125,0.0097,0.03448608331762129,0.0157,0.0094,0.025,0.0092,0.01,0.0096,0.010030095532700302,0.23481383632769423,0.19989843447492076,0.25,0.03026818841649166,0.03222572920942669,13242.0
17,7,8.0,16,32,0.25780583367541354,0.2538729178523251,7.786140424415112,0.0175,0.0097,0.01911058471416763,0.0118,0.0094,0.01625,0.0092,0.01,0.0096,0.010007516521486416,0.2460417339661835,0.2247476724952502,0.25,0.03171549717204813,0.03222572920942669,52968.0
17,7,16.0,16,32,0.25780583367541354,0.12693645892616254,3.643070212207556,0.01315,0.0097,0.013924340845785053,0.01025,0.0094,0.0136,0.0092,0.01,0.0096,0.010001878670569278,0.24900540300356389,0.2373484143590666,0.25,0.032097522755508055,0.03222572920942669,211872.0
17,7,32.0,16,32,0.25780583367541354,0.06346822946308127,1.759035106103778,0.01095,0.0097,0.011821554756671387,0.00965,0.0094,0.01245,0.0092,0.01,0.0096,0.010000469638909376,0.24975407495607188,0.24367102223949874,0.25,0.032194028753940916,0.03222572920942669,847488.0
17,7,64.0,16,32,0.25780583367541354,0.031734114731540634,0.863892553051889,0.0101,0.0097,0.010877634519396563,0.0092,0.0094,0.0116,0.0092,0.01,0.0096,0.010000117407931573,0.249940216762582,0.24683511277669587,0.25,0.03221802297574551,0.03222572920942669,3389952.0
17,7,128.0,16,32,0.25780583367541354,0.015867057365770317,0.4280400265259445,0.00965,0.0097,0.010430774692135707,0.0091,0.0094,0.01135,0.0092,0.01,0.0096,0.010000029351870623,0.2499859242231674,0.24841750658841452,0.25,0.03222391480073621,0.03222572920942669,13559808.0
17,8,0.5,16,32,1.037023876605681,8.146749542164875,364.5782467906418,1.0,0.0106,0.9999999970646813,0.4253,0.0101,0.41215,0.01015,0.01055,0.00945,0.02084921632363995,4.3295217365601136e-07,1.1584192822657951e-05,0.25,2.2449087075480644e-07,0.12962798457571012,206.90625
17,8,1.0,16,32,1.037023876605681,4.073374771082437,118.2891233953209,0.9613,0.0106,0.9596836636995645,0.1047,0.0101,0.1016,0.01015,0.01055,0.00945,0.012104430121670996,0.015592934820429637,0.010420344858889562,0.25,0.008085122857570825,0.12962798457571012,827.625
17,8,2.0,16,32,1.037023876605681,2.0366873855412186,43.14456169766045,0.38425,0.0106,0.38603799328793775,0.0379,0.0101,0.03675,0.01015,0.01055,0.00945,0.010493876643909505,0.10967656537662476,0.07712866276003008,0.25,0.056868608499831906,0.12962798457571012,3310.5
17,8,4.0,16,32,1.037023876605681,1.0183436927706093,17.572280848830225,0.09545,0.0106,0.09543594554248847,0.02095,0.0101,0.0204,0.01015,0.01055,0.00945,0.010121537889283607,0.19797169676992055,0.1526579438102759,0.25,0.10265068822127368,0.12962798457571012,13242.0
17,8,8.0,16,32,1.037023876605681,0.5091718463853047,7.786140424415112,0.03625,0.0106,0.03459508218430914,0.01475,0.0101,0.01545,0.01015,0.01055,0.00945,0.010030265039671539,0.23506638606643623,0.19976073317063614,0.25,0.12188472746915166,0.12962798457571012,52968.0
17,8,16.0,16,32,1.037023876605681,0.25458592319265233,3.643070212207556,0.02085,0.0106,0.0191438233524922,0.0122,0.0101,0.01285,0.01015,0.01055,0.00945,0.010007558815141772,0.24615997859681238,0.22467713270607975,0.25,0.12763688763481892,0.12962798457571012,211872.0
17,8,32.0,16,32,1.037023876605681,0.12729296159632617,1.759035106103778,0.01535,0.0106,0.01393700898302924,0.01165,0.0101,0.0121,0.01015,0.01055,0.00945,0.010001889238795298,0.24906073789229727,0.23731293010447616,0.25,0.12914096595967076,0.12962798457571012,847488.0
17,8,64.0,16,32,1.037023876605681,0.06364648079816308,0.863892553051889,0.0131,0.0106,0.011827051443715979,0.0113,0.0101,0.0116,0.01015,0.01055,0.00945,0.010000472280641725,0.24978082721271228,0.2436532532155743,0.25,0.12951434086895033,0.12962798457571012,3389952.0
17,8,128.0,16,32,1.037023876605681,0.03182324039908154,0.4280400265259445,0.012,0.0106,0.010880190880844694,0.0109,0.0101,0.01115,0.01015,0.01055,0.00945,0.0100001180683444,0.24995338369820302,0.24682622489947068,0.25,0.12960381346670885,0.12962798457571012,13559808.0
17,9,0.5,16,32,2.000001101081666,11.313711613313583,364.5782467906418,1.0,0.01015,1.0,0.99995,0.0102,1.0,0.01,0.0097,0.01075,0.03850921428368246,4.764466291628638e-21,3.854279520745288e-09,0.25,4.7644689146618784e-21,0.25000013763520823,206.90625
17,9,1.0,16,32,2.000001101081666,5.656855806656791,118.2891233953209,0.99955,0.01015,0.9995665615321518,0.76455,0.0102,0.99075,0.01,0.0097,0.01075,0.014390107931112278,0.001698669052757006,0.0011694309007605065,0.25,0.0016986699879436812,0.25000013763520823,827.625
17,9,2.0,16,32,2.000001101081666,2.8284279033283957,43.14456169766045,0.69865,0.01015,0.6921943862645697,0.20945,0.0102,0.50475,0.01,0.0097,0.01075,0.010971286949757438,0.05734143951867495,0.039324773195879646,0.25,0.05734147108747883,0.25000013763520823,3310.5
17,9,4.0,16,32,2.000001101081666,1.4142139516641978,17.572280848830225,0.1828,0.01015,0.18084911148629135,0.05925,0.0102,0.12445,0.01,0.0097,0.01075,0.01023554377669444,0.16222059731689203,0.11987500030888878,0.25,0.1622206866259548,0.25000013763520823,13242.0
17,9,8.0,16,32,2.000001101081666,0.7071069758320989,7.786140424415112,0.0538,0.01015,0.052697720742850535,0.02675,0.0102,0.0419,0.01,0.0097,0.01075,0.010058440256203841,0.2217931264676631,0.1809183842210354,0.25,0.2217932485738357,0.25000013763520823,52968.0
17,9,16.0,16,32,2.000001101081666,0.35355348791604946,3.643070212207556,0.0249,0.01015,0.02425949651753285,0.01615,0.0102,0.02065,0.01,0.0097,0.01075,0.010014582350570907,0.24225332310674821,0.21492093924361005,0.25,0.2422534564770945,0.25000013763520823,211872.0
17,9,32.0,16,32,2.000001101081666,0.17677674395802473,1.759035106103778,0.01585,0.01015,0.01579457703603214,0.01325,0.0102,0.01435,0.01,0.0097,0.01075,0.01000364385776339,0.2479714626084763,0.2323920007350531,0.25,0.24797159912689187,0.25000013763520823,847488.0
17,9,64.0,16,32,2.000001101081666,0.08838837197901236,0.863892553051889,0.0124,0.01015,0.012611848096739197,0.01175,0.0102,0.01175,0.01,0.0097,0.01075,0.01000091085635791,0.24946672994928124,0.24118740410890227,0.25,0.24946686729090253,0.25000013763520823,3389952.0
17,9,128.0,16,32,2.000001101081666,0.04419418598950618,0.4280400265259445,0.01115,0.01015,0.011240134112208682,0.0107,0.0102,0.01095,0.01,0.0097,0.01075,0.010000227707334797,0.24985498338860224,0.24559262634131787,0.25,0.2498551209439729,0.25000013763520823,13559808.0
17,10,0.5,16,32,0.011180384349991628,0.8458986927519537,364.5782467906418,0.0694,0.0104,0.06937670661170975,0.02895,0.0095,0.01285,0.0106,0.0103,0.01045,0.01008372450502005,0.21080344328560646,0.1680830546121575,0.25,0.0011784317591173711,0.0013975480437489534,206.90625
17,10,1.0,16,32,0.011180384349991628,0.42294934637597686,118.2891233953209,0.0282,0.0104,0.02849428150319129,0.01765,0.0095,0.01185,0.0106,0.0103,0.01045,0.010020874326939449,0.2388706470015204,0.208129223295403,0.25,0.0013353328217040866,0.0013975480437489534,827.625
17,10,2.0,16,32,0.011180384349991628,0.21147467318798843,43.14456169766045,0.01635,0.0104,0.01722037791658833,0.0141,0.0095,0.01145,0.0106,0.0103,0.01045,0.010005215038266709,0.2470310659998295,0.22894768901767087,0.25,0.0013809511321331213,0.0013975480437489534,3310.5
17,10,4.0,16,32,0.011180384349991628,0.10573733659399422,17.572280848830225,0.01285,0.0104,0.013188675738603028,0.0123,0.0095,0.0111,0.0106,0.0103,0.01045,0.010001303538201176,0.24920339723008056,0.23945913713658165,0.25,0.0013930948811779699,0.0013975480437489534,13242.0
17,10,8.0,16,32,0.011180384349991628,0.05286866829699711,7.786140424415112,0.0111,0.0104,0.011498658916082241,0.01155,0.0095,0.011,0.0106,0.0103,0.01045,0.010000325870716496,0.24977644410397737,0.24472772725530703,0.25,0.0013962983233283335,0.0013975480437489534,52968.0
17,10,16.0,16,32,0.011180384349991628,0.026434334148498554,3.643070212207556,0.01065,0.0104,0.010726559423939373,0.01115,0.0095,0.011,0.0106,0.0103,0.01045,0.010000081466814501,0.24993210564118556,0.24736363337305423,0.25,0.0013971685012355826,0.0013975480437489534,211872.0
17,10,32.0,16,32,0.011180384349991628,0.013217167074249277,1.759035106103778,0.01045,0.0104,0.010357726943633577,0.01115,0.0095,0.011,0.0106,0.0103,0.01045,0.010000020366649553,0.249977038565053,0.2486817879018739,0.25,0.001397419684914986,0.0013975480437489534,847488.0
17,10,64.0,16,32,0.011180384349991628,0.0066085835371246385,0.863892553051889,0.0102,0.0104,0.010177492498073388,0.0111,0.0095,0.01095,0.0106,0.0103,0.01045,0.010000005091658973,0.24999126695302654,0.2493408903527669,0.25,0.0013974992243380984,0.0013975480437489534,3389952.0
17,10,128.0,16,32,0.011180384349991628,0.0033042917685623193,0.4280400265259445,0.0101,0.0104,0.010088405642303431,0.01105,0.0095,0.01095,0.0106,0.0103,0.01045,0.010000001272914491,0.24999632050939555,0.24967044472660943,0.25,0.0013975274746893685,0.0013975480437489534,13559808.0
17,11,0.5,16,32,0.06898936888512357,2.1012661917634112,364.5782467906418,0.41755,0.00935,0.41095786540344476,0.0231,0.0099,0.02755,0.00915,0.01015,0.00935,0.010526405418073082,0.10505505977616844,0.07335678365570308,0.25,0.0036238411360733956,0.008623671110640446,206.90625
17,11,1.0,16,32,0.06898936888512357,1.0506330958817056,118.2891233953209,0.10145,0.00935,0.10102818130088087,0.0146,0.0099,0.01605,0.00915,0.01015,0.00935,0.010129411249687185,0.19501839811706062,0.149840788922993,0.25,0.006727098103541891,0.008623671110640446,827.625
17,11,2.0,16,32,0.06898936888512357,0.5253165479408528,43.14456169766045,0.0364,0.00935,0.03584897129837273,0.01185,0.0099,0.0125,0.00915,0.01015,0.00935,0.0100322174653882,0.23396030376466548,0.198203495082221,0.25,0.008070386850448035,0.008623671110640446,3310.5
17,11,4.0,16,32,0.06898936888512357,0.2626582739704264,17.572280848830225,0.02025,0.00935,0.01952357802138403,0.01025,0.0099,0.01075,0.00915,0.01015,0.00935,0.010008045930995814,0.24579304255420673,0.22387873585438794,0.25,0.008478553441084521,0.008623671110640446,13242.0
17,11,8.0,16,32,0.06898936888512357,0.1313291369852132,7.786140424415112,0.0146,0.00935,0.014081126851592888,0.0093,0.0099,0.00975,0.00915,0.01015,0.00935,0.0100020109559114,0.2489323869617321,0.236911220438037,0.25,0.00858684413577863,0.008623671110640446,52968.0
17,11,16.0,16,32,0.06898936888512357,0.0656645684926066,3.643070212207556,0.0122,0.00935,0.011889437492896933,0.0089,0.0099,0.00945,0.00915,0.01015,0.00935,0.010000502706056279,0.24973107574145337,0.24345208324463666,0.25,0.00861439465320293,0.008623671110640446,211872.0
17,11,32.0,16,32,0.06898936888512357,0.0328322842463033,1.759035106103778,0.01135,0.00935,0.010909169433323391,0.0088,0.0099,0.00925,0.00915,0.01015,0.00935,0.010000125674456526,0.24993216101187055,0.24672560048316114,0.25,0.008621331026152017,0.008623671110640446,847488.0
17,11,64.0,16,32,0.06898936888512357,0.01641614212315165,0.863892553051889,0.01085,0.00935,0.0104459669784695,0.00875,0.0099,0.0092,0.00915,0.01015,0.00935,0.010000031418485503,0.24998276424400473,0.24836274509082673,0.25,0.00862307656867626,0.008623671110640446,3389952.0
17,11,128.0,16,32,0.06898936888512357,0.008208071061575825,0.4280400265259445,0.01065,0.00935,0.010220862160853997,0.00875,0.0099,0.0091,0.00915,0.01015,0.00935,0.010000007854613302,0.24999555512572555,0.24918136565130786,0.25,0.008623517786104961,0.008623671110640446,13559808.0
17,12,0.5,16,32,0.48245502987536254,5.556718628113466,364.5782467906418,0.9996,0.00955,0.9993818510687239,0.0701,0.0103,0.0837,0.0119,0.00925,0.01005,0.014211863363243303,0.0022045200233330982,0.0013658541560818626,0.25,0.0005317908868590024,0.06030687873442032,206.90625
17,12,1.0,16,32,0.48245502987536254,2.778359314056733,118.2891233953209,0.67955,0.00955,0.6743696294846434,0.0279,0.0103,0.0326,0.0119,0.00925,0.01005,0.01093586933497289,0.059057850815835575,0.04119453151666505,0.25,0.014246378589864328,0.06030687873442032,827.625
17,12,2.0,16,32,0.48245502987536254,1.3891796570283665,43.14456169766045,0.17465,0.00955,0.17433601789435477,0.01735,0.0103,0.0177,0.0119,0.00925,0.01005,0.010227197637618,0.16241103521887146,0.12182809710383977,0.25,0.03917801042430459,0.06030687873442032,3310.5
17,12,4.0,16,32,0.48245502987536254,0.6945898285141833,17.572280848830225,0.0511,0.00955,0.05136523335641819,0.01375,0.0103,0.01385,0.0119,0.00925,0.01005,0.010056384550625016,0.22105909033963939,0.18209244278391862,0.25,0.05332553501701559,0.06030687873442032,13242.0
17,12,8.0,16,32,0.48245502987536254,0.34729491425709164,7.786140424415112,0.0247,0.00955,0.0239050219455263,0.012,0.0103,0.01205,0.0119,0.00925,0.01005,0.010014070336552943,0.24158404132257993,0.2155356332898437,0.25,0.05827671793684806,0.06030687873442032,52968.0
17,12,16.0,16,32,0.48245502987536254,0.17364745712854582,3.643070212207556,0.01545,0.00955,0.015671115359505258,0.01145,0.0103,0.01125,0.0119,0.00925,0.01005,0.010003515973557472,0.24755314920939314,0.23270290654425294,0.25,0.05971663099877893,0.06030687873442032,211872.0
17,12,32.0,16,32,0.48245502987536254,0.08682372856427291,1.759035106103778,0.0124,0.00955,0.012560916034776222,0.01115,0.0103,0.01085,0.0119,0.00925,0.01005,0.010000878892759085,0.2492368958958247,0.2413433050721583,0.25,0.060122797027731364,0.06030687873442032,847488.0
17,12,64.0,16,32,0.48245502987536254,0.043411864282136454,0.863892553051889,0.01105,0.00955,0.011217068978201567,0.011,0.0103,0.01075,0.0119,0.00925,0.01005,0.010000219716900828,0.2497350583925893,0.245670632931109,0.25,0.06024296752886104,0.06030687873442032,3389952.0
17,12,128.0,16,32,0.48245502987536254,0.021705932141068227,0.4280400265259445,0.0106,0.00955,0.010593317472759552,0.01075,0.0103,0.01055,0.0119,0.00925,0.01005,0.01000005492883212,0.24989680521281735,0.24783518898115423,0.25,0.06028198531235372,0.06030687873442032,13559808.0
17,13,0.5,16,32,2.0000008685115698,11.313710955506176,364.5782467906418,1.0,0.00875,1.0,0.88235,0.0101,0.99455,0.01045,0.0104,0.00945,0.03850920887894936,2.3270494488234233e-24,3.854286903759448e-09,0.25,2.327050459358108e-24,0.2500001085639462,206.90625
17,13,1.0,16,32,2.0000008685115698,5.656855477753088,118.2891233953209,0.99985,0.00875,0.9995665610200923,0.2863,0.0101,0.54875,0.01045,0.0104,0.00945,0.01439010733727653,0.0014862544527535055,0.0011694315015745211,0.25,0.0014862550981680994,0.2500001085639462,827.625
17,13,2.0,16,32,2.0000008685115698,2.828427738876544,43.14456169766045,0.6899,0.00875,0.6921943284270808,0.0737,0.0101,0.136,0.01045,0.0104,0.00945,0.01097128683222403,0.058070971475512254,0.03932477922972459,0.25,0.05807099669316755,0.2500001085639462,3310.5
17,13,4.0,16,32,2.0000008685115698,1.414213869438272,17.572280848830225,0.1812,0.00875,0.18084908984641074,0.03025,0.0101,0.0467,0.01045,0.0104,0.00945,0.010235543749026693,0.16357784566318678,0.11987500669571607,0.25,0.16357791669781255,0.2500001085639462,13242.0
17,13,8.0,16,32,2.0000008685115698,0.707106934719136,7.786140424415112,0.05225,0.00875,0.05269771632163633,0.01725,0.0101,0.0232,0.01045,0.0104,0.00945,0.010058440249390914,0.22265980931765844,0.1809183880730279,0.25,0.2226599060089687,0.2500001085639462,52968.0
17,13,16.0,16,32,2.0000008685115698,0.353553467359568,3.643070212207556,0.02425,0.00875,0.024259495346039966,0.0134,0.0101,0.01665,0.01045,0.0104,0.00945,0.010014582348874123,0.24275290907707053,0.21492094126203684,0.25,0.2427530144939256,0.2500001085639462,211872.0
17,13,32.0,16,32,2.0000008685115698,0.176776733679784,1.759035106103778,0.0161,0.00875,0.015794576629152336,0.01175,0.0101,0.01355,0.01045,0.0104,0.00945,0.010003643857339593,0.24823654364484643,0.23239200175616276,0.25,0.24823665144300153,0.2500001085639462,847488.0
17,13,64.0,16,32,2.0000008685115698,0.088388366839892,0.863892553051889,0.01265,0.00875,0.012611847929158121,0.0108,0.0101,0.01245,0.01045,0.0104,0.00945,0.01000091085625199,0.24960212316506714,0.24118740462095506,0.25,0.24960223155623304,0.2500001085639462,3389952.0
17,13,128.0,16,32,2.0000008685115698,0.044194183419946,0.4280400265259445,0.01115,0.00875,0.011240134036382864,0.01045,0.0101,0.01205,0.01045,0.0104,0.00945,0.010000227707308318,0.2499232158154165,0.24559262659753187,0.25,0.24992332434601874,0.2500001085639462,13559808.0
17,14,0.5,16,32,0.5793794543559314,6.089358347049352,364.5782467906418,0.9999,0.01085,0.9999160599157837,0.0553,0.00885,0.9606,0.00975,0.0091,0.01135,0.01522065052855839,0.0009483572811305619,0.000582321597743967,0.25,0.0002747293620379498,0.07242243179449143,206.90625
17,14,1.0,16,32,0.5793794543559314,3.044679173524676,118.2891233953209,0.76025,0.01085,0.7637234821754302,0.02495,0.00885,0.38305,0.00975,0.0091,0.01135,0.011132768809251632,0.047593058519067734,0.03198100345487543,0.25,0.013787220137953688,0.07242243179449143,827.625
17,14,2.0,16,32,0.5793794543559314,1.522339586762338,43.14456169766045,0.2065,0.01085,0.21069609444754628,0.0162,0.00885,0.09675,0.00975,0.0091,0.01135,0.010273377745991047,0.15398480920023294,0.11163891446114352,0.25,0.04460781736676658,0.07242243179449143,3310.5
17,14,4.0,16,32,0.5793794543559314,0.761169793381169,17.572280848830225,0.05995,0.01085,0.05877057978163155,0.0134,0.00885,0.0329,0.00975,0.0091,0.01135,0.010067745354537718,0.2192850979445899,0.17587782251780676,0.25,0.06352464019776173,0.07242243179449143,13242.0
17,14,8.0,16,32,0.5793794543559314,0.3805848966905845,7.786140424415112,0.0265,0.01085,0.025841608878646814,0.01165,0.00885,0.01805,0.00975,0.0091,0.01135,0.01001689911709912,0.24195878227039952,0.21226999272112201,0.25,0.07009297362422484,0.07242243179449143,52968.0
17,14,16.0,16,32,0.5793794543559314,0.19029244834529224,3.643070212207556,0.0173,0.01085,0.016337448191084313,0.01065,0.00885,0.0133,0.00975,0.0091,0.01135,0.010004222456372764,0.24811898957521644,0.2310496707515889,0.25,0.07187752239771697,0.07242243179449143,211872.0
17,14,32.0,16,32,0.5793794543559314,0.09514622417264612,1.759035106103778,0.01375,0.01085,0.01283388737293301,0.0102,0.00885,0.0107,0.00975,0.0091,0.01135,0.010001055468965552,0.2496171309217744,0.24051411530140893,0.25,0.07231151855567537,0.07242243179449143,847488.0
17,14,64.0,16,32,0.5793794543559314,0.04757311208632306,0.863892553051889,0.0122,0.01085,0.011340228952498577,0.0099,0.00885,0.00975,0.00975,0.0091,0.01135,0.010000263858171713,0.249949366219114,0.2452557159350243,0.25,0.07240776370832057,0.07242243179449143,3389952.0
17,14,128.0,16,32,0.5793794543559314,0.02378655604316153,0.4280400265259445,0.01135,0.01085,0.010651768840597473,0.0097,0.00885,0.00965,0.00975,0.0091,0.01135,0.010000065963976054,0.2500099573649986,0.2476276901996711,0.25,0.07242531634084128,0.07242243179449143,13559808.0
17,15,0.5,16,32,0.024058952760212575,1.2408758909148025,364.5782467906418,0.139,0.00975,0.13885633295769761,0.0181,0.0101,0.062,0.00965,0.0092,0.01085,0.010180919565036507,0.17717285482438494,0.1337423742118924,0.25,0.0021312966723059388,0.003007369095026572,206.90625
17,15,1.0,16,32,0.024058952760212575,0.6204379454574013,118.2891233953209,0.04225,0.00975,0.044012425456591925,0.0139,0.0101,0.0271,0.00965,0.0092,0.01085,0.01004496613489494,0.22741066408678712,0.18909861090101998,0.25,0.0027356312122162906,0.003007369095026572,827.625
17,15,2.0,16,32,0.024058952760212575,0.31021897272870064,43.14456169766045,0.02205,0.00975,0.021893249305637515,0.01195,0.0101,0.01765,0.00965,0.0092,0.01085,0.010011225113705861,0.2438384413391414,0.2191837509155934,0.25,0.002933248770651134,0.003007369095026572,3310.5
17,15,4.0,16,32,0.024058952760212575,0.15510948636435032,17.572280848830225,0.0152,0.00975,0.014956578482753525,0.01125,0.0101,0.0141,0.00965,0.0092,0.01085,0.010002805253185058,0.24836180680658798,0.23454556090091971,0.25,0.0029876624887003713,0.003007369095026572,13242.0
17,15,8.0,16,32,0.024058952760212575,0.07755474318217516,7.786140424415112,0.0119,0.00975,0.012262830307777684,0.01095,0.0101,0.01225,0.00965,0.0092,0.01085,0.01000070124923441,0.24955330095049244,0.24226697152919177,0.25,0.0030019955393615046,0.003007369095026572,52968.0
17,15,16.0,16,32,0.024058952760212575,0.03877737159108758,3.643070212207556,0.01095,0.00975,0.011081272668053567,0.0108,0.0101,0.0114,0.00965,0.0092,0.01085,0.010000175308304948,0.24987055925983898,0.24613275903515738,0.25,0.0030058119907001813,0.003007369095026572,211872.0
17,15,32.0,16,32,0.024058952760212575,0.01938868579554379,1.759035106103778,0.0105,0.00975,0.010528547691932129,0.01075,0.0101,0.01105,0.00965,0.0092,0.01085,0.010000043826825976,0.2499588136856357,0.2480662886571891,0.25,0.0030068736452307427,0.003007369095026572,847488.0
17,15,64.0,16,32,0.024058952760212575,0.009694342897771895,0.863892553051889,0.0104,0.00975,0.01026130640560585,0.0107,0.0101,0.01085,0.00965,0.0092,0.01085,0.010000010956690819,0.24998529463590796,0.24903313297044544,0.25,0.003007192197196566,0.003007369095026572,3389952.0
17,15,128.0,16,32,0.024058952760212575,0.0048471714488859475,0.4280400265259445,0.0103,0.00975,0.010129918110572258,0.01065,0.0101,0.01075,0.00965,0.0092,0.01085,0.010000002739171692,0.24999411962320423,0.24951656506543532,0.25,0.003007298357172801,0.003007369095026572,13559808.0
17,16,0.5,16,32,0.01931845860349102,1.1119268638824342,364.5782467906418,0.11225,0.0094,0.11229349819493833,0.03345,0.01055,0.01155,0.00905,0.01045,0.00965,0.010145048714769248,0.18941985600440558,0.14455896338146806,0.25,0.0018296498234501696,0.0024148073254363777,206.90625
17,16,1.0,16,32,0.01931845860349102,0.5559634319412171,118.2891233953209,0.0394,0.0094,0.03833155984854093,0.01925,0.01055,0.0105,0.00905,0.01045,0.00965,0.010036092297423,0.23197487882924028,0.19525659858891778,0.25,0.0022406985468562623,0.0024148073254363777,827.625
17,16,2.0,16,32,0.01931845860349102,0.27798171597060856,43.14456169766045,0.02135,0.0094,0.020262067468639462,0.0137,0.01055,0.01,0.00905,0.01045,0.00965,0.010009012490282874,0.2452162492115349,0.22236434329947796,0.25,0.0023685999796481875,0.0024148073254363777,3310.5
17,16,4.0,16,32,0.01931845860349102,0.13899085798530428,17.572280848830225,0.0148,0.0094,0.014358235737918158,0.01175,0.01055,0.0099,0.00905,0.01045,0.00965,0.010002252461588814,0.24877019435718056,0.23614881774853297,0.25,0.002402928350735804,0.0024148073254363777,13242.0
17,16,8.0,16,32,0.01931845860349102,0.06949542899265214,7.786140424415112,0.0125,0.0094,0.01200864819679935,0.01095,0.01055,0.0099,0.00905,0.01045,0.00965,0.01000056307409396,0.24968319102943282,0.24307022830339023,0.25,0.002411747194944819,0.0024148073254363777,52968.0
17,16,16.0,16,32,0.01931845860349102,0.03474771449632607,3.643070212207556,0.01115,0.0094,0.010964363135901618,0.0106,0.01055,0.00985,0.00905,0.01045,0.00965,0.01000014076594213,0.24991663400094344,0.24653459122537008,0.25,0.0024140020741355212,0.0024148073254363777,211872.0
17,16,32.0,16,32,0.01931845860349102,0.017373857248163035,1.759035106103778,0.0105,0.0094,0.010472511561886281,0.0102,0.01055,0.00975,0.00905,0.01045,0.00965,0.010000035191324164,0.24997711222590385,0.24826723023579547,0.25,0.0024145862471781766,0.0024148073254363777,847488.0
17,16,64.0,16,32,0.01931845860349102,0.008686928624081517,0.863892553051889,0.01045,0.0094,0.010233877565453344,0.0101,0.01055,0.00975,0.00905,0.01045,0.00965,0.01000000879782092,0.2499932575375351,0.24913360694543965,0.25,0.002414742198445371,0.0024148073254363777,3389952.0
17,16,128.0,16,32,0.01931845860349102,0.004343464312040759,0.4280400265259445,0.0103,0.0094,0.010116349093074743,0.01005,0.01055,0.00975,0.00905,0.01045,0.00965,0.01000000219945456,0.24999780433699306,0.24956680245115173,0.25,0.0024147861170239243,0.0024148073254363777,13559808.0
17,17,0.5,16,32,0.25885215141803597,4.070201185537922,364.5782467906418,0.95735,0.0096,0.9594076641976343,0.234,0.01075,0.0645,0.0117,0.01015,0.0102,0.012100875937268713,0.016721447081179147,0.010460188092022002,0.25,0.00216419127589303,0.032356518927254496,206.90625
17,17,1.0,16,32,0.25885215141803597,2.035100592768961,118.2891233953209,0.38375,0.0096,0.3854311019410675,0.06325,0.01075,0.0282,0.0117,0.01015,0.0102,0.010493091226500936,0.11079152570346726,0.07722292957310234,0.25,0.014339312393614566,0.032356518927254496,827.625
17,17,2.0,16,32,0.25885215141803597,1.0175502963844805,43.14456169766045,0.09455,0.0096,0.09530146385894567,0.02675,0.01075,0.01725,0.0117,0.01015,0.0102,0.010121347588865404,0.19849438509654924,0.15272746023443573,0.25,0.025690349313320954,0.032356518927254496,3310.5
17,17,4.0,16,32,0.25885215141803597,0.5087751481922402,17.572280848830225,0.03335,0.0096,0.0345647317010014,0.01735,0.01075,0.0133,0.0117,0.01015,0.0102,0.010030217836989827,0.2354040776856337,0.19979903743090283,0.25,0.030467425980752378,0.032356518927254496,13242.0
17,17,8.0,16,32,0.25885215141803597,0.2543875740961201,7.786140424415112,0.0183,0.0096,0.019134571851546513,0.01305,0.01075,0.0123,0.0117,0.01015,0.0102,0.010007547037655502,0.24635669479228894,0.22469675566509723,0.25,0.031884980231610224,0.032356518927254496,52968.0
17,17,16.0,16,32,0.25885215141803597,0.12719378704806006,3.643070212207556,0.01395,0.0096,0.013933483869722525,0.0119,0.01075,0.01135,0.0117,0.01015,0.0102,0.010001886295871305,0.24916187369607437,0.23732280133636913,0.25,0.0322480435287889,0.032356518927254496,211872.0
17,17,32.0,16,32,0.25885215141803597,0.06359689352403003,1.759035106103778,0.01185,0.0096,0.011825522112081521,0.0114,0.01075,0.0111,0.0117,0.01015,0.0102,0.010000471545001175,0.24983112863668872,0.2436581963289549,0.25,0.032334662569401484,0.032356518927254496,847488.0
17,17,64.0,16,32,0.25885215141803597,0.031798446762015015,0.863892553051889,0.01085,0.0096,0.010879479680830504,0.01105,0.01075,0.01095,0.0117,0.01015,0.0102,0.010000117884439918,0.24997833109912865,0.2468286973942297,0.25,0.03235371440644979,0.032356518927254496,3389952.0
17,17,128.0,16,32,0.25885215141803597,0.015899223381007507,0.4280400265259445,0.01065,0.0096,0.010431664142381912,0.0108,0.01075,0.01085,0.0117,0.01015,0.0102,0.010000029470996798,0.2500048641017039,0.24841429859371036,0.25,0.032357148468849885,0.032356518927254496,13559808.0
17,18,0.5,16,32,2.000001370969118,11.313712376670336,364.5782467906418,1.0,0.009,1.0,0.9765,0.01065,0.99995,0.0104,0.0102,0.0094,0.03850922055564068,2.4202000177704087e-15,3.854270953097155e-09,0.25,2.42020167678015e-15,0.2500001713711397,206.90625
17,18,1.0,16,32,2.000001370969118,5.656856188335168,118.2891233953209,0.99965,0.009,0.9995665621263737,0.43175,0.01065,0.81355,0.0104,0.0102,0.0094,0.01439010862023278,0.0015596619316940582,0.0011694302035424433,0.25,0.0015596630008182296,0.2500001713711397,827.625
17,18,2.0,16,32,2.000001370969118,2.828428094167584,43.14456169766045,0.6925,0.009,0.6921944533824426,0.1053,0.01065,0.23655,0.0104,0.0102,0.0094,0.010971287086149834,0.05812005303796479,0.039324766193867086,0.25,0.058120092878363706,0.2500001713711397,3310.5
17,18,4.0,16,32,2.000001370969118,1.414214047083792,17.572280848830225,0.17525,0.009,0.18084913659842927,0.03555,0.01065,0.0626,0.0104,0.0102,0.0094,0.01023554380880165,0.16307206359333287,0.119874992897255,0.25,0.16307217537671445,0.2500001713711397,13242.0
17,18,8.0,16,32,2.000001370969118,0.707107023541896,7.786140424415112,0.0499,0.009,0.052697725873476806,0.0203,0.01065,0.0255,0.0104,0.0102,0.0094,0.010058440264109954,0.22249891035116448,0.18091837975096647,0.25,0.2224990628707319,0.2500001713711397,52968.0
17,18,16.0,16,32,2.000001370969118,0.353553511770948,3.643070212207556,0.023,0.009,0.024259497876999197,0.01435,0.01065,0.016,0.0104,0.0102,0.0094,0.010014582352539944,0.2426837159561318,0.21492093690131397,0.25,0.2426838823120718,0.2500001713711397,211872.0
17,18,32.0,16,32,2.000001370969118,0.176776755885474,1.759035106103778,0.0146,0.009,0.0157945775081984,0.0118,0.01065,0.01255,0.0104,0.0102,0.0094,0.01000364385825518,0.2481973163095852,0.23239199955009993,0.25,0.24819748644501308,0.2500001713711397,847488.0
17,18,64.0,16,32,2.000001370969118,0.088388377942737,0.863892553051889,0.01165,0.009,0.012611848291209723,0.01085,0.01065,0.01135,0.0104,0.0102,0.0094,0.01000091085648083,0.24958089085343318,0.24118740351468737,0.25,0.24958106193728005,0.2500001713711397,3389952.0
17,18,128.0,16,32,2.000001370969118,0.0441941889713685,0.4280400265259445,0.0103,0.009,0.011240134200201217,0.01025,0.01065,0.0103,0.0104,0.0102,0.0094,0.01000022770736553,0.2499122036114047,0.24559262604399273,0.25,0.24991237492236135,0.2500001713711397,13559808.0
17,19,0.5,16,32,1.7033601318879843,10.441027173646805,364.5782467906418,1.0,0.00905,0.9999999999999998,1.0,0.01005,1.0,0.00905,0.01065,0.0109,0.032098987237584815,4.1584569886947696e-16,4.460690387321008e-08,0.25,3.5416749223568165e-16,0.21292001648599804,206.90625
17,19,1.0,16,32,1.7033601318879843,5.220513586823403,118.2891233953209,0.99855,0.00905,0.998099162655697,0.84815,0.01005,0.96115,0.00905,0.01065,0.0109,0.01364954826614308,0.0031665987354558512,0.0022618569720681105,0.25,0.0026969290198312016,0.21292001648599804,827.625
17,19,2.0,16,32,1.7033601318879843,2.6102567934117014,43.14456169766045,0.6137,0.00905,0.6117599095139964,0.2581,0.01005,0.40045,0.00905,0.01065,0.0109,0.01082225794177073,0.06820146103932259,0.047962282696337954,0.25,0.05808582483544688,0.21292001648599804,3310.5
17,19,4.0,16,32,1.7033601318879843,1.3051283967058507,17.572280848830225,0.15205,0.00905,0.15357523317777805,0.07025,0.01005,0.1007,0.00905,0.01065,0.0109,0.010200306577824067,0.17022285819082908,0.12850931814986982,0.25,0.14497541508914014,0.21292001648599804,13242.0
17,19,8.0,16,32,1.7033601318879843,0.6525641983529253,7.786140424415112,0.04745,0.00905,0.04708656086434114,0.0298,0.01005,0.03685,0.00905,0.01065,0.0109,0.01004975368756421,0.22456744065762246,0.18605273264595046,0.25,0.19125961266815744,0.21292001648599804,52968.0
17,19,16.0,16,32,1.7033601318879843,0.32628209917646267,3.643070212207556,0.0238,0.00905,0.022746580933254358,0.0177,0.01005,0.02025,0.00905,0.01065,0.0109,0.010012418324774595,0.24287519083018477,0.21760184495681617,0.25,0.20685195854241145,0.21292001648599804,211872.0
17,19,32.0,16,32,1.7033601318879843,0.16314104958823133,1.759035106103778,0.0157,0.00905,0.015262637806555632,0.014,0.01005,0.0151,0.00905,0.01065,0.0109,0.01000310332649091,0.24803524193939913,0.2337470602422137,0.25,0.2112466712113815,0.21292001648599804,847488.0
17,19,64.0,16,32,1.7033601318879843,0.08157052479411567,0.863892553051889,0.01205,0.00905,0.012391214787531827,0.01205,0.01005,0.0128,0.00905,0.01065,0.0109,0.010000775753225121,0.24943243333709986,0.24186677212164243,0.25,0.21243663127311163,0.21292001648599804,3389952.0
17,19,128.0,16,32,1.7033601318879843,0.040785262397057834,0.4280400265259445,0.0107,0.00905,0.01113992978812255,0.01125,0.01005,0.0118,0.00905,0.01065,0.0109,0.01000019393340673,0.24982102016385305,0.24593254052030514,0.25,0.21276758292734577,0.21292001648599804,13559808.0
17,20,0.5,16,32,1.1895934926733196,8.725478985768772,364.5782467906418,1.0,0.00955,0.9999999999218682,0.11485,0.0101,0.9874,0.01065,0.0103,0.0107,0.02307825599808275,4.327265354344699e-08,3.2110963890680332e-06,0.25,2.57384335329958e-08,0.14869918658416495,206.90625
17,20,1.0,16,32,1.1895934926733196,4.362739492884386,118.2891233953209,0.9793,0.00955,0.9791444768158946,0.03845,0.0101,0.47595,0.01065,0.0103,0.0107,0.01244422276442016,0.011026150469539638,0.0072890198615039765,0.25,0.00655831842390061,0.14869918658416495,827.625
17,20,2.0,16,32,1.1895934926733196,2.181369746442193,43.14456169766045,0.4371,0.00955,0.442364070484671,0.02065,0.0101,0.11845,0.01065,0.0103,0.0107,0.010568293002317462,0.09853552543174926,0.0688528922405724,0.25,0.058608609925377655,0.14869918658416495,3310.5
17,20,4.0,16,32,1.1895934926733196,1.0906848732210965,17.572280848830225,0.10575,0.00955,0.10829192798265724,0.01465,0.0101,0.0394,0.01065,0.0103,0.0107,0.010139526629091171,0.19170633431298312,0.1463795056708378,0.25,0.11402630390149032,0.14869918658416495,13242.0
17,20,8.0,16,32,1.1895934926733196,0.5453424366105483,7.786140424415112,0.03515,0.00955,0.0374557812304944,0.01235,0.0101,0.01965,0.01065,0.0103,0.0107,0.010034724415286085,0.23319270086797336,0.19627649026490807,0.25,0.13870225974572853,0.14869918658416495,52968.0
17,20,16.0,16,32,1.1895934926733196,0.27267121830527413,3.643070212207556,0.0184,0.00955,0.020003498706968065,0.0111,0.0101,0.01335,0.01065,0.0103,0.0107,0.010008671306039574,0.24579272566579302,0.22288899366309492,0.25,0.1461967134992329,0.14869918658416495,211872.0
17,20,32.0,16,32,1.1895934926733196,0.13633560915263707,1.759035106103778,0.01375,0.00955,0.014261673668873634,0.0106,0.0101,0.01075,0.01065,0.0103,0.0107,0.010002167214614041,0.24904053107669322,0.23641301389027128,0.25,0.14812849759037094,0.14869918658416495,847488.0
17,20,64.0,16,32,1.1895934926733196,0.06816780457631853,0.863892553051889,0.01145,0.00955,0.011967217651714945,0.0104,0.0101,0.0097,0.01065,0.0103,0.0107,0.010000541765417257,0.24981253451597002,0.24320256128503415,0.25,0.1485876827242135,0.14869918658416495,3389952.0
17,20,128.0,16,32,1.1895934926733196,0.03408390228815927,0.4280400265259445,0.0099,0.00955,0.010945207738231958,0.0103,0.0101,0.00925,0.01065,0.0103,0.0107,0.010000135438964624,0.24997968335715254,0.24660078711266462,0.25,0.1486871023111028,0.14869918658416495,13559808.0
17,21,0.5,16,32,2.000002153982855,11.313714591366654,364.5782467906418,1.0,0.00925,1.0,0.23125,0.0099,1.0,0.0111,0.01015,0.01025,0.03850923875222783,1.3870315635330146e-22,3.854246096228101e-09,0.25,1.3870330573541184e-22,0.2500002692478569,206.90625
17,21,1.0,16,32,2.000002153982855,5.656857295683327,118.2891233953209,0.9996,0.00925,0.9995665638503618,0.0624,0.0099,0.98755,0.0111,0.01015,0.01025,0.014390110619550906,0.0017298074446687936,0.001169428180733783,0.25,0.0017298093076565828,0.2500002692478569,827.625
17,21,2.0,16,32,2.000002153982855,2.8284286478416636,43.14456169766045,0.6913,0.00925,0.6921946481087973,0.0266,0.0099,0.47905,0.0111,0.01015,0.01025,0.01097128748185969,0.05645436777489331,0.039324745879214376,0.25,0.05645442857576345,0.2500002692478569,3310.5
17,21,4.0,16,32,2.000002153982855,1.4142143239208318,17.572280848830225,0.18105,0.00925,0.1808492094552797,0.0165,0.0099,0.12015,0.0111,0.01015,0.01025,0.010235543901953024,0.1617935844418792,0.11987497139418071,0.25,0.16179375869218268,0.2500002692478569,13242.0
17,21,8.0,16,32,2.000002153982855,0.7071071619604159,7.786140424415112,0.05375,0.00925,0.05269774075875911,0.0136,0.0099,0.0384,0.0111,0.01015,0.01025,0.010058440287047627,0.221741708812494,0.180918366782135,0.25,0.22174194762641353,0.2500002692478569,52968.0
17,21,16.0,16,32,2.000002153982855,0.35355358098020795,3.643070212207556,0.02365,0.00925,0.02425950182116471,0.0117,0.0099,0.0195,0.0111,0.01015,0.01025,0.010014582358252644,0.24230448249293746,0.21492093010570434,0.25,0.24230474345278796,0.2500002692478569,211872.0
17,21,32.0,16,32,2.000002153982855,0.17677679049010397,1.759035106103778,0.01565,0.00925,0.015794578878075453,0.0111,0.0099,0.0136,0.0111,0.01015,0.01025,0.010003643859682002,0.24801695723090855,0.23239199611224282,0.25,0.24801722434304538,0.2500002692478569,847488.0
17,21,64.0,16,32,2.000002153982855,0.08838839524505199,0.863892553051889,0.0124,0.00925,0.012611848855419276,0.01085,0.0099,0.01175,0.0111,0.01015,0.01025,0.010000910856837453,0.24949418648531885,0.24118740179071552,0.25,0.24949445518841892,0.2500002692478569,3389952.0
17,21,128.0,16,32,2.000002153982855,0.044194197622525994,0.4280400265259445,0.01105,0.00925,0.011240134455490451,0.0107,0.0099,0.01025,0.0111,0.01015,0.01025,0.010000227707454677,0.24986984647060928,0.24559262518137523,0.25,0.24987011557829195,0.2500002692478569,13559808.0
17,22,0.5,16,32,2.000000594831491,11.31371018142216,364.5782467906418,1.0,0.0102,1.0,0.06525,0.00995,1.0,0.0097,0.0101,0.01175,0.03850920251885542,1.3643083744754019e-19,3.854295591841661e-09,0.25,1.3643087802421942e-19,0.2500000743539364,206.90625
17,22,1.0,16,32,2.000000594831491,5.65685509071108,118.2891233953209,0.99975,0.0102,0.9995665604175186,0.0286,0.00995,0.9892,0.0097,0.0101,0.01175,0.014390106638472087,0.0017116167860670387,0.0011694322085911292,0.25,0.0017116172951288213,0.2500000743539364,827.625
17,22,2.0,16,32,2.000000594831491,2.82842754535554,43.14456169766045,0.69565,0.0102,0.6921942603660051,0.0183,0.00995,0.4918,0.0097,0.0101,0.01175,0.01097128669391496,0.05794285133821751,0.03932478633013648,0.25,0.05794286857133384,0.2500000743539364,3310.5
17,22,4.0,16,32,2.000000594831491,1.41421377267777,17.572280848830225,0.17925,0.0102,0.18084906438138237,0.0148,0.00995,0.12345,0.0097,0.0101,0.01175,0.01023554371646829,0.16212026191040943,0.11987501421150418,0.25,0.162120310127528,0.2500000743539364,13242.0
17,22,8.0,16,32,2.000000594831491,0.707106886338885,7.786140424415112,0.05205,0.0102,0.05269771111891142,0.01295,0.00995,0.03975,0.0097,0.0101,0.01175,0.010058440241373708,0.22187609328980734,0.1809183926059137,0.25,0.22187615927925106,0.2500000743539364,52968.0
17,22,16.0,16,32,2.000000594831491,0.3535534431694425,3.643070212207556,0.02535,0.0102,0.024259493967469497,0.0123,0.00995,0.021,0.0097,0.0101,0.01175,0.010014582346877412,0.24237959651878194,0.21492094363724865,0.25,0.24237966860629034,0.2500000743539364,211872.0
17,22,32.0,16,32,2.000000594831491,0.17677672158472124,1.759035106103778,0.01695,0.0102,0.015794576150350875,0.0121,0.00995,0.0145,0.0097,0.0101,0.01175,0.01000364385684089,0.24805088021331456,0.2323920029577678,0.25,0.24805095398755203,0.2500000743539364,847488.0
17,22,64.0,16,32,2.000000594831491,0.08838836079236062,0.863892553051889,0.0142,0.0102,0.012611847731954753,0.01195,0.00995,0.012,0.0097,0.0101,0.01175,0.010000910856127343,0.24950915477318208,0.24118740522352033,0.25,0.24950922898113337,0.2500000743539364,3389952.0
17,22,128.0,16,32,2.000000594831491,0.04419418039618031,0.4280400265259445,0.0125,0.0102,0.01124013394715378,0.0119,0.00995,0.0111,0.0097,0.0101,0.01175,0.010000227707277157,0.2498767050806045,0.24559262689903524,0.25,0.24987677939787103,0.2500000743539364,13559808.0
17,23,0.5,16,32,1.0073297358551074,8.029265414390464,364.5782467906418,1.0,0.0098,0.9999999941113018,0.47625,0.011,0.09915,0.00945,0.0099,0.01145,0.020437153984964603,5.2274179277306984e-05,1.4884609328643975e-05,0.25,2.6328667601726087e-05,0.12591621698188843,206.90625
17,23,1.0,16,32,1.0073297358551074,4.014632707195232,118.2891233953209,0.9566,0.0098,0.954321717378358,0.1149,0.011,0.03405,0.00945,0.0099,0.01145,0.01203923585262826,0.01679859415034944,0.011178997235328229,0.25,0.008460861704104327,0.12591621698188843,827.625
17,23,2.0,16,32,1.0073297358551074,2.007316353597616,43.14456169766045,0.37355,0.0098,0.37485130542316136,0.0394,0.011,0.01975,0.00945,0.0099,0.01145,0.010479446157797138,0.1112491730239683,0.07888585064734618,0.25,0.05603230003816657,0.12591621698188843,3310.5
17,23,4.0,16,32,1.0073297358551074,1.003658176798808,17.572280848830225,0.0919,0.0098,0.09296929557298489,0.0223,0.011,0.0133,0.00945,0.0099,0.01145,0.010118040020472232,0.19838894253567546,0.1539469374271741,0.25,0.09992154054051802,0.12591621698188843,13242.0
17,23,8.0,16,32,1.0073297358551074,0.501829088399404,7.786140424415112,0.03075,0.0098,0.0340368394766359,0.015,0.011,0.0114,0.00945,0.0099,0.01145,0.01002939732561768,0.23507115319023258,0.20047004485278563,0.25,0.11839708132513624,0.12591621698188843,52968.0
17,23,16.0,16,32,1.0073297358551074,0.250914544199702,3.643070212207556,0.018,0.0098,0.018973195932166065,0.0125,0.011,0.01025,0.00945,0.0099,0.01145,0.010007342307049515,0.24611052191733201,0.22504038740941779,0.25,0.12395722351707435,0.12591621698188843,211872.0
17,23,32.0,16,32,1.0073297358551074,0.125457272099851,1.759035106103778,0.0128,0.0098,0.013871884707411767,0.01105,0.011,0.00985,0.00945,0.0099,0.01145,0.010001835138022814,0.24902074069927488,0.23749564850527893,0.25,0.12542299847552188,0.12591621698188843,847488.0
17,23,64.0,16,32,1.0073297358551074,0.0627286360499255,0.863892553051889,0.0105,0.0098,0.011798771790989083,0.01075,0.011,0.0098,0.00945,0.0099,0.01145,0.01000045875708886,0.24975649651451964,0.24374474930841886,0.25,0.12579357283103407,0.12591621698188843,3389952.0
17,23,128.0,16,32,1.0073297358551074,0.03136431802496275,0.4280400265259445,0.0094,0.0098,0.010867033348420506,0.0105,0.011,0.0097,0.00945,0.0099,0.01145,0.010000114687558693,0.24994006462261875,0.24687199007346844,0.25,0.1258860296379555,0.12591621698188843,13559808.0
17,24,0.5,16,32,2.000001517448597,11.313712790976718,364.5782467906418,1.0,0.01045,1.0,1.0,0.00955,1.0,0.00935,0.0115,0.01115,0.038509223959701175,4.514578136884298e-22,3.854266303075568e-09,0.25,4.514581562204428e-22,0.2500001896810746,206.90625
17,24,1.0,16,32,2.000001517448597,5.656856395488359,118.2891233953209,0.9997,0.01045,0.9995665624488831,0.9339,0.00955,0.97425,0.00935,0.0115,0.01115,0.014390108994247986,0.001746636449044175,0.0011694298251325175,0.25,0.0017466377742596897,0.2500001896810746,827.625
17,24,2.0,16,32,2.000001517448597,2.8284281977441794,43.14456169766045,0.68945,0.01045,0.692194489810182,0.3457,0.00955,0.43265,0.00935,0.0115,0.01115,0.010971287160175834,0.05840470504394017,0.039324762393575595,0.25,0.05840474935700903,0.2500001896810746,3310.5
17,24,4.0,16,32,2.000001517448597,1.4142140988720897,17.572280848830225,0.17965,0.01045,0.1808491502278622,0.0895,0.00955,0.1078,0.00935,0.0115,0.01115,0.010235543826227607,0.1637568076485446,0.11987498887464426,0.25,0.1637569318948136,0.2500001896810746,13242.0
17,24,8.0,16,32,2.000001517448597,0.7071070494360449,7.786140424415112,0.05425,0.01045,0.05269772865808739,0.03375,0.00955,0.0375,0.00935,0.0115,0.01115,0.010058440268400937,0.22307071706643233,0.18091837732486873,0.25,0.22307088631560565,0.2500001896810746,52968.0
17,24,16.0,16,32,2.000001517448597,0.3535535247180224,3.643070212207556,0.0254,0.01045,0.02425949861483978,0.0189,0.00955,0.02125,0.00935,0.0115,0.01115,0.010014582353608626,0.24300083273429668,0.21492093563004963,0.25,0.24300101710493302,0.2500001896810746,211872.0
17,24,32.0,16,32,2.000001517448597,0.1767767623590112,1.759035106103778,0.01655,0.01045,0.01579457776446323,0.0133,0.00955,0.01515,0.00935,0.0115,0.01115,0.010003643858522097,0.24835578108664724,0.2323919989069751,0.25,0.24835596952021302,0.2500001896810746,847488.0
17,24,64.0,16,32,2.000001517448597,0.0883883811795056,0.863892553051889,0.01325,0.01045,0.012611848396757209,0.01165,0.00955,0.0128,0.00935,0.0115,0.01115,0.010000910856547543,0.2496589938576309,0.24118740319218152,0.25,0.24965918327997588,0.2500001896810746,3389952.0
17,24,128.0,16,32,2.000001517448597,0.0441941905897528,0.4280400265259445,0.01135,0.01045,0.011240134247958545,0.0107,0.00955,0.0119,0.00935,0.0115,0.01115,0.010000227707382204,0.2499508461393149,0.24559262588262165,0.25,0.2499510357830953,0.2500001896810746,13559808.0
17,25,0.5,16,32,2.0000033110604236,11.313717864073999,364.5782467906418,1.0,0.0109,1.0,0.0563,0.0098,1.0,0.0086,0.01105,0.0109,0.03850926564175972,4.0948162955685125e-22,3.8542093649499254e-09,0.25,4.0948230746606014e-22,0.25000041388255295,206.90625
17,25,1.0,16,32,2.0000033110604236,5.656858932036999,118.2891233953209,0.9998,0.0109,0.9995665663979265,0.0241,0.0098,0.96305,0.0086,0.01105,0.0109,0.014390113573990093,0.0016312497645391616,0.0011694251915890174,0.25,0.0016312524651224299,0.25000041388255295,827.625
17,25,2.0,16,32,2.0000033110604236,2.8284294660184996,43.14456169766045,0.6942,0.0109,0.6921949358602809,0.01435,0.0098,0.39895,0.0086,0.01105,0.0109,0.010971288066609347,0.05829311716554099,0.03932471585980255,0.25,0.0582932136715576,0.25000041388255295,3310.5
17,25,4.0,16,32,2.0000033110604236,1.4142147330092498,17.572280848830225,0.17845,0.0109,0.18084931711754565,0.01095,0.0098,0.09925,0.0086,0.01105,0.0109,0.010235544039604968,0.16268064866974027,0.11987493961860049,0.25,0.16268091799246903,0.25000041388255295,13242.0
17,25,8.0,16,32,2.0000033110604236,0.7071073665046249,7.786140424415112,0.05075,0.0109,0.05269776275508698,0.00945,0.0098,0.0375,0.0086,0.01105,0.0109,0.010058440320943164,0.22224407130602825,0.18091834761779704,0.25,0.22224443923780268,0.25000041388255295,52968.0
17,25,16.0,16,32,2.0000033110604236,0.35355368325231246,3.643070212207556,0.02235,0.0109,0.024259507649549206,0.009,0.0098,0.0208,0.0086,0.01105,0.0109,0.010014582366694435,0.24260029325870253,0.21492092006367686,0.25,0.2426006948908174,0.25000041388255295,211872.0
17,25,32.0,16,32,2.0000033110604236,0.17677684162615623,1.759035106103778,0.01485,0.0109,0.01579458090237425,0.00875,0.0098,0.01585,0.0086,0.01105,0.0109,0.010003643861790448,0.24817284829086755,0.23239199103204286,0.25,0.24817325914851565,0.25000041388255295,847488.0
17,25,64.0,16,32,2.0000033110604236,0.08838842081307811,0.863892553051889,0.012,0.0109,0.012611849689164666,0.0086,0.0098,0.01345,0.0086,0.01105,0.0109,0.01000091085736444,0.24957283038471895,0.2411873992431629,0.25,0.2495732435600797,0.25000041388255295,3389952.0
17,25,128.0,16,32,2.0000033110604236,0.04419421040653906,0.4280400265259445,0.0106,0.0109,0.0112401348327372,0.00845,0.0098,0.0121,0.0086,0.01105,0.0109,0.010000227707586413,0.24990913157216021,0.24559262390666564,0.25,0.24990954530427775,0.25000041388255295,13559808.0
17,26,0.5,16,32,0.9648759795802206,7.858248067676034,364.5782467906418,1.0,0.0093,0.9999999841609927,0.17215,0.0092,0.30685,0.0111,0.00985,0.00965,0.019859962122370275,2.973384099084405e-05,2.1313964675996407e-05,0.25,1.4344734476361585e-05,0.12060949744752758,206.90625
17,26,1.0,16,32,0.9648759795802206,3.929124033838017,118.2891233953209,0.9474,0.0093,0.9455079589804819,0.0527,0.0092,0.077,0.0111,0.00985,0.00965,0.011946553697290006,0.01773998776704442,0.012366237946345284,0.25,0.008558444037234058,0.12060949744752758,827.625
17,26,2.0,16,32,0.9648759795802206,1.9645620169190086,43.14456169766045,0.3611,0.0093,0.3587560308246434,0.02415,0.0092,0.0303,0.0111,0.00985,0.00965,0.010458844755522148,0.11359588556258382,0.08149035702197088,0.25,0.05480297067924035,0.12060949744752758,3310.5
17,26,4.0,16,32,0.9648759795802206,0.9822810084595043,17.572280848830225,0.0901,0.0093,0.0894633827892396,0.0152,0.0092,0.0177,0.0111,0.00985,0.00965,0.010113040935012826,0.19912962707516285,0.15583176886649314,0.25,0.09606769699379589,0.12060949744752758,13242.0
17,26,8.0,16,32,0.9648759795802206,0.49114050422975214,7.786140424415112,0.03475,0.0093,0.03323748479443524,0.01265,0.0092,0.01325,0.0111,0.00985,0.00965,0.010028156866790325,0.2349221494574189,0.20150372988298546,0.25,0.11333536954140903,0.12060949744752758,52968.0
17,26,16.0,16,32,0.9648759795802206,0.24557025211487607,3.643070212207556,0.0196,0.0093,0.01872713268581039,0.0117,0.0092,0.0113,0.0111,0.00985,0.00965,0.01000703277218002,0.24585255934266853,0.22556931320394763,0.25,0.11860861451403082,0.12060949744752758,211872.0
17,26,32.0,16,32,0.9648759795802206,0.12278512605743803,1.759035106103778,0.0151,0.0093,0.013777554767282575,0.011,0.0092,0.0105,0.0111,0.00985,0.00965,0.01000175779051102,0.24884513487308696,0.23776164375816516,0.25,0.12005234663722095,0.12060949744752758,847488.0
17,26,64.0,16,32,0.9648759795802206,0.06139256302871902,0.863892553051889,0.01255,0.0093,0.011757711013279626,0.0108,0.0092,0.01025,0.0111,0.00985,0.00965,0.010000439422473223,0.24965753471375032,0.24387793917207612,0.25,0.1204442791832564,0.12060949744752758,3389952.0
17,26,128.0,16,32,0.9648759795802206,0.03069628151435951,0.4280400265259445,0.01165,0.0093,0.010847905161706103,0.0104,0.0092,0.0102,0.0111,0.00985,0.00965,0.010000109854046172,0.2498878898629862,0.2469386090566524,0.25,0.12055541125839156,0.12060949744752758,13559808.0
17,27,0.5,16,32,0.2632839528700661,4.104896220817797,364.5782467906418,0.9624,0.01,0.9623430805387251,0.12415,0.0093,0.54735,0.0081,0.0098,0.00995,0.012139931551948384,0.015146677287184274,0.010031533254145256,0.25,0.0019939385345085626,0.032910494108758265,206.90625
17,27,1.0,16,32,0.2632839528700661,2.0524481104088985,118.2891233953209,0.39315,0.01,0.39208082661835214,0.03995,0.0093,0.13235,0.0081,0.0098,0.00995,0.01050171378186403,0.10923027293613377,0.07619649628569689,0.25,0.014379289015850751,0.032910494108758265,827.625
17,27,2.0,16,32,0.2632839528700661,1.0262240552044493,43.14456169766045,0.096,0.01,0.09677926763363692,0.02045,0.0093,0.0428,0.0081,0.0098,0.00995,0.01012343625970929,0.1978300572528478,0.1519682396421107,0.25,0.02604273973502063,0.032910494108758265,3310.5
17,27,4.0,16,32,0.2632839528700661,0.5131120276022246,17.572280848830225,0.0355,0.01,0.034897726623907874,0.0138,0.0093,0.0208,0.0081,0.0098,0.00995,0.010030735885504724,0.23527375668171185,0.19938038362382926,0.25,0.030971902332875615,0.032910494108758265,13242.0
17,27,8.0,16,32,0.2632839528700661,0.2565560138011123,7.786140424415112,0.0192,0.01,0.01923591997928414,0.0116,0.0093,0.01375,0.0081,0.0098,0.00995,0.010007676293362936,0.24636835143672586,0.2244822423126167,0.25,0.03243241671417141,0.032910494108758265,52968.0
17,27,16.0,16,32,0.2632839528700661,0.12827800690055616,3.643070212207556,0.01445,0.01,0.01397206372742603,0.0109,0.0093,0.01125,0.0081,0.0098,0.00995,0.010001918593787872,0.2491907538531551,0.2372148863759482,0.25,0.032803963346565164,0.032910494108758265,211872.0
17,27,32.0,16,32,0.2632839528700661,0.06413900345027808,1.759035106103778,0.0114,0.01,0.011842250758550412,0.01025,0.0093,0.0102,0.0081,0.0098,0.00995,0.010000479618479923,0.2498518130012813,0.24360415624805692,0.25,0.032890986479364955,0.032910494108758265,847488.0
17,27,64.0,16,32,0.2632839528700661,0.03206950172513904,0.863892553051889,0.0102,0.01,0.010887257029750444,0.01005,0.0093,0.00925,0.0081,0.0098,0.00995,0.010000119902747084,0.24999028638310217,0.24680166701881948,0.25,0.0329092153890315,0.032910494108758265,3389952.0
17,27,128.0,16,32,0.2632839528700661,0.01603475086256952,0.4280400265259445,0.00985,0.01,0.010435412455803254,0.0099,0.0093,0.00905,0.0081,0.0098,0.00995,0.010000029975569681,0.25001125061366064,0.2484007821138263,0.25,0.03291197516177666,0.032910494108758265,13559808.0
17,28,0.5,16,32,1.2704311103955785,9.01707220029412,364.5782467906418,1.0,0.01095,0.9999999999888965,0.84615,0.0093,0.99755,0.0101,0.00925,0.01025,0.02433800156748744,3.364560539985013e-07,1.6319115806246062e-06,0.25,2.1372211914031537e-07,0.15880388879944732,206.90625
17,28,1.0,16,32,1.2704311103955785,4.50853610014706,118.2891233953209,0.98565,0.01095,0.985452178052686,0.2592,0.0093,0.6133,0.0101,0.00925,0.01025,0.012627566479740523,0.009374576172857405,0.006044827506280838,0.25,0.005954876608385583,0.15880388879944732,827.625
17,28,2.0,16,32,1.2704311103955785,2.25426805007353,43.14456169766045,0.47415,0.01095,0.4712691912978879,0.06845,0.0093,0.1555,0.0101,0.00925,0.01025,0.010607906893930975,0.09307286911005197,0.06492145486725298,0.25,0.059121334225592834,0.15880388879944732,3310.5
17,28,4.0,16,32,1.2704311103955785,1.127134025036765,17.572280848830225,0.11835,0.01095,0.11522240179722032,0.029,0.0093,0.05005,0.0101,0.00925,0.01025,0.01014906904136391,0.18771174510701985,0.14326221051464627,0.25,0.11923742038530152,0.15880388879944732,13242.0
17,28,8.0,16,32,1.2704311103955785,0.5635670125183825,7.786140424415112,0.0394,0.01095,0.03896872824974947,0.01795,0.0093,0.02435,0.0101,0.00925,0.01025,0.010037087872403322,0.23130505574671728,0.19452737969239325,0.25,0.1469285694062066,0.15880388879944732,52968.0
17,28,16.0,16,32,1.2704311103955785,0.28178350625919124,3.643070212207556,0.0204,0.01095,0.020448912714854037,0.0138,0.0093,0.0167,0.0101,0.00925,0.01025,0.010009260792708587,0.24499268142731123,0.22198886430221898,0.25,0.15562316215224462,0.15880388879944732,211872.0
17,28,32.0,16,32,1.2704311103955785,0.14089175312959562,1.759035106103778,0.01445,0.01095,0.014427709932135293,0.01155,0.0093,0.01355,0.0101,0.00925,0.01025,0.010002314500282177,0.24869184868924635,0.23595969442554057,0.25,0.15797293073830423,0.15880388879944732,847488.0
17,28,64.0,16,32,1.2704311103955785,0.07044587656479781,0.863892553051889,0.0117,0.01095,0.012038384705518303,0.0107,0.0093,0.0123,0.0101,0.00925,0.01025,0.01000057858146093,0.24965262862038717,0.24297549286837708,0.25,0.15858323309568673,0.15880388879944732,3389952.0
17,28,128.0,16,32,1.2704311103955785,0.035222938282398905,0.4280400265259445,0.0109,0.01095,0.010978094412113408,0.01035,0.0093,0.0116,0.0101,0.00925,0.01025,0.010000144642639734,0.24990350482103607,0.24648720176123545,0.25,0.15874259356076784,0.15880388879944732,13559808.0
17,29,0.5,16,32,1.1521119478083246,8.586918228312925,364.5782467906418,1.0,0.0105,0.999999999808214,0.99925,0.0112,0.5942,0.0102,0.0106,0.0094,0.02251294814495664,8.88117124587401e-07,4.397768020416598e-06,0.25,5.116051751451596e-07,0.14401399347604057,206.90625
17,29,1.0,16,32,1.1521119478083246,4.293459114156462,118.2891233953209,0.9761,0.0105,0.9754148061461877,0.6504,0.0112,0.1483,0.0102,0.0106,0.0094,0.012359993908786417,0.01196951950621526,0.007953704563118382,0.25,0.0068951132163176995,0.14401399347604057,827.625
17,29,2.0,16,32,1.1521119478083246,2.146729557078231,43.14456169766045,0.42855,0.0105,0.4287261118509553,0.16645,0.0112,0.04615,0.0102,0.0106,0.0094,0.01054996899313052,0.10048568469407819,0.0707768702615392,0.25,0.057885378959873786,0.14401399347604057,3310.5
17,29,4.0,16,32,1.1521119478083246,1.0733647785391156,17.572280848830225,0.10475,0.0105,0.10510592940145641,0.05035,0.0112,0.02245,0.0102,0.0106,0.0094,0.010135104793291896,0.19179558288778187,0.14787175567330701,0.25,0.11048499129093767,0.14401399347604057,13242.0
17,29,8.0,16,32,1.1521119478083246,0.5366823892695578,7.786140424415112,0.0361,0.0105,0.03675385212053645,0.02325,0.0112,0.0145,0.0102,0.0106,0.0094,0.0100336287277894,0.23249230179775368,0.19710917495393124,0.25,0.1339285793373254,0.14401399347604057,52968.0
17,29,16.0,16,32,1.1521119478083246,0.2683411946347789,3.643070212207556,0.01955,0.0105,0.01979474611215188,0.0151,0.0112,0.0126,0.0102,0.0106,0.0094,0.010008397992146588,0.24519490378493947,0.22331691890016742,0.25,0.14124598909617067,0.14401399347604057,211872.0
17,29,32.0,16,32,1.1521119478083246,0.13417059731738945,1.759035106103778,0.01435,0.0105,0.014183354282068098,0.0124,0.0112,0.01155,0.0102,0.0106,0.0094,0.01000209892409698,0.24867930785656855,0.2366284493747773,0.25,0.1432532008771286,0.14401399347604057,847488.0
17,29,64.0,16,32,1.1521119478083246,0.06708529865869473,0.863892553051889,0.01165,0.0105,0.011933528206586178,0.01125,0.0112,0.0111,0.0102,0.0106,0.0094,0.010000524695159585,0.24961708255641146,0.24331046392633948,0.25,0.1437934115951493,0.14401399347604057,3389952.0
17,29,128.0,16,32,1.1521119478083246,0.03354264932934736,0.4280400265259445,0.01055,0.0105,0.010929610547408423,0.0105,0.0112,0.01095,0.0102,0.0106,0.0094,0.010000131171548418,0.24987839075152413,0.24665476157048577,0.25,0.14394393974197406,0.14401399347604057,13559808.0
29,0,0.5,16,32,2.000000805715123,11.313710777891039,364.5782467906418,1.0,0.0107,1.0,0.99995,0.0112,1.0,0.0092,0.00875,0.01065,0.038509207419612786,5.503124440724143e-20,3.854288897255721e-09,0.25,5.503126657699437e-20,0.2500001007143904,206.90625
29,0,1.0,16,32,2.000000805715123,5.6568553889455195,118.2891233953209,0.99935,0.0107,0.9995665608818307,0.7348,0.0112,0.97365,0.0092,0.00875,0.01065,0.014390107176934432,0.002128986261805156,0.0011694316638008713,0.25,0.00212898711948337,0.2500001007143904,827.625
29,0,2.0,16,32,2.000000805715123,2.8284276944727598,43.14456169766045,0.68885,0.0107,0.6921943128103305,0.20185,0.0112,0.4175,0.0092,0.00875,0.01065,0.010971286800488738,0.05794974913682392,0.03932478085892832,0.25,0.05794977248231855,0.2500001007143904,3310.5
29,0,4.0,16,32,2.000000805715123,1.4142138472363799,17.572280848830225,0.1831,0.0107,0.1808490840034085,0.0579,0.0112,0.1029,0.0092,0.00875,0.01065,0.010235543741556103,0.16256179037156115,0.1198750084202288,0.25,0.16256185586080762,0.2500001007143904,13242.0
29,0,8.0,16,32,2.000000805715123,0.7071069236181899,7.786140424415112,0.0534,0.0107,0.052697715127860596,0.02415,0.0112,0.03815,0.0092,0.00875,0.01065,0.010058440247551351,0.22215835114316773,0.18091838911310767,0.25,0.22215844064133936,0.2500001007143904,52968.0
29,0,16.0,16,32,2.000000805715123,0.35355346180909497,3.643070212207556,0.02495,0.0107,0.02425949502972419,0.0148,0.0112,0.02065,0.0092,0.00875,0.01065,0.010014582348415974,0.24249161104990147,0.21492094180703397,0.25,0.2424917087394806,0.2500001007143904,211872.0
29,0,32.0,16,32,2.000000805715123,0.17677673090454749,1.759035106103778,0.0162,0.0107,0.015794576519290362,0.0116,0.0112,0.01525,0.0092,0.00875,0.01065,0.010003643857225165,0.24809466099004485,0.23239200203187346,0.25,0.248094760936855,0.2500001007143904,847488.0
29,0,64.0,16,32,2.000000805715123,0.08838836545227374,0.863892553051889,0.01275,0.0107,0.012611847883909424,0.0104,0.0112,0.01255,0.0092,0.00875,0.01065,0.010000910856223387,0.24952749880106426,0.24118740475921488,0.25,0.24952759932510396,0.2500001007143904,3389952.0
29,0,128.0,16,32,2.000000805715123,0.04419418272613687,0.4280400265259445,0.01195,0.0107,0.011240134015909087,0.0098,0.0112,0.0112,0.0092,0.00875,0.01065,0.01000022770730117,0.24988494467563727,0.24559262666671242,0.25,0.24988504534367675,0.2500001007143904,13559808.0
29,1,0.5,16,32,0.35615434192626727,4.774293443356944,364.5782467906418,0.99265,0.01045,0.9928163320857954,0.31825,0.0096,0.12075,0.01025,0.00915,0.0106,0.012983723466895764,0.00657008883204662,0.004244928311741815,0.25,0.001169982832187341,0.04451929274078341,206.90625
29,1,1.0,16,32,0.35615434192626727,2.387146721678472,118.2891233953209,0.52795,0.01045,0.5242402959613371,0.07975,0.0096,0.0409,0.01025,0.00915,0.0106,0.010683821670521912,0.08307624320740156,0.0581612249042551,0.25,0.014793982364619318,0.04451929274078341,827.625
29,1,2.0,16,32,0.35615434192626727,1.193573360839236,43.14456169766045,0.12965,0.01045,0.12865447852697265,0.0313,0.0096,0.0224,0.01025,0.00915,0.0106,0.010167291450717545,0.18100147805593242,0.1376624529575122,0.25,0.03223223115234616,0.04451929274078341,3310.5
29,1,4.0,16,32,0.35615434192626727,0.596786680419618,17.572280848830225,0.04285,0.01045,0.04185435222006361,0.0175,0.0096,0.01555,0.01025,0.00915,0.0106,0.010041597170955412,0.22874617086980548,0.19135074285663284,0.25,0.04073447097714453,0.04451929274078341,13242.0
29,1,8.0,16,32,0.35615434192626727,0.298393340209809,7.786140424415112,0.02185,0.01045,0.02128244427347523,0.0134,0.0096,0.0128,0.01025,0.00915,0.0106,0.010010385238281549,0.24416873253526766,0.22034961186445873,0.25,0.04348087712753451,0.04451929274078341,52968.0
29,1,16.0,16,32,0.35615434192626727,0.1491966701049045,3.643070212207556,0.0152,0.01045,0.014734643845339965,0.01205,0.0096,0.01165,0.01025,0.00915,0.0106,0.010002595431966447,0.24842269851608745,0.2351335747174008,0.25,0.04423841135477231,0.04451929274078341,211872.0
29,1,32.0,16,32,0.35615434192626727,0.07459833505245225,1.759035106103778,0.0124,0.01045,0.012169052077065708,0.01105,0.0096,0.0112,0.01025,0.00915,0.0106,0.010000648803153817,0.24955619079508878,0.24256161731256884,0.25,0.04444026045312542,0.04451929274078341,847488.0
29,1,64.0,16,32,0.35615434192626727,0.037299167526226126,0.863892553051889,0.0116,0.01045,0.011038261294165892,0.0104,0.0096,0.01075,0.01025,0.00915,0.0106,0.010000162197361254,0.249865012195111,0.24628016189469246,0.25,0.044495254494374255,0.04451929274078341,3389952.0
29,1,128.0,16,32,0.35615434192626727,0.018649583763113063,0.4280400265259445,0.0112,0.01045,0.010507961622840171,0.0102,0.0096,0.01075,0.01025,0.00915,0.0106,0.010000040549126081,0.2499542850736322,0.24814000008632986,0.25,0.04451115195602504,0.04451929274078341,13559808.0
29,2,0.5,16,32,2.0000007864955553,11.313710723529905,364.5782467906418,1.0,0.0104,1.0,0.6834,0.00925,1.0,0.0097,0.00945,0.0091,0.038509206972966246,2.3036581140130286e-18,3.854289507388167e-09,0.25,2.3036590199214626e-18,0.2500000983119444,206.90625
29,2,1.0,16,32,2.0000007864955553,5.656855361764952,118.2891233953209,0.9996,0.0104,0.9995665608395141,0.1797,0.00925,0.9825,0.0097,0.00945,0.0091,0.014390107127859928,0.0018014526841388977,0.0011694317134520976,0.25,0.0018014533925561622,0.2500000983119444,827.625
29,2,2.0,16,32,2.0000007864955553,2.828427680882476,43.14456169766045,0.69245,0.0104,0.6921943080306463,0.05415,0.00925,0.4607,0.0097,0.00945,0.0091,0.010971286790775785,0.05739075233458436,0.039324781357564675,0.25,0.057390774903370176,0.2500000983119444,3310.5
29,2,4.0,16,32,2.0000007864955553,1.414213840441238,17.572280848830225,0.1817,0.0104,0.18084908221509116,0.0257,0.00925,0.1109,0.0097,0.00945,0.0091,0.01023554373926964,0.16151523623491915,0.11987500894803552,0.25,0.16151529975042686,0.2500000983119444,13242.0
29,2,8.0,16,32,2.0000007864955553,0.707106920220619,7.786140424415112,0.0529,0.0104,0.05269771476249193,0.0178,0.00925,0.037,0.0097,0.00945,0.0091,0.010058440246988333,0.22119583870973536,0.18091838943143593,0.25,0.22119592569450736,0.2500000983119444,52968.0
29,2,16.0,16,32,2.0000007864955553,0.3535534601103095,3.643070212207556,0.0226,0.0104,0.02425949493291214,0.01405,0.00925,0.0202,0.0097,0.00945,0.0091,0.010014582348275751,0.24197741731719585,0.21492094197383654,0.25,0.24197751247427746,0.2500000983119444,211872.0
29,2,32.0,16,32,2.0000007864955553,0.17677673005515476,1.759035106103778,0.01575,0.0104,0.015794576485665884,0.01275,0.00925,0.01375,0.0097,0.00945,0.0091,0.010003643857190143,0.2478441155770249,0.23239200211625788,0.25,0.24784421304117257,0.2500000983119444,847488.0
29,2,64.0,16,32,2.0000007864955553,0.08838836502757738,0.863892553051889,0.01225,0.0104,0.012611847870060526,0.01195,0.00925,0.011,0.0097,0.00945,0.0091,0.010000910856214634,0.24940543769393148,0.24118740480153086,0.25,0.2494055357720656,0.2500000983119444,3389952.0
29,2,128.0,16,32,2.0000007864955553,0.04419418251378869,0.4280400265259445,0.01105,0.0104,0.011240134009642836,0.01175,0.00925,0.0106,0.0097,0.00945,0.0091,0.010000227707298982,0.24982486488657574,0.24559262668788592,0.25,0.24982496312964866,0.2500000983119444,13559808.0
29,3,0.5,16,32,0.03334978424911374,1.460953863728516,364.5782467906418,0.1925,0.00975,0.1934112837025077,0.1201,0.00995,0.0195,0.0103,0.0111,0.01085,0.010251541761953267,0.1571054913629624,0.11627467711378192,0.25,0.002619717120652899,0.004168723031139217,206.90625
29,3,1.0,16,32,0.03334978424911374,0.730476931864258,118.2891233953209,0.05545,0.00975,0.055258805150986,0.03915,0.00995,0.01475,0.0103,0.0111,0.01085,0.01006237761414455,0.21960614081124197,0.1787333517606175,0.25,0.0036619087079177055,0.004168723031139217,827.625
29,3,2.0,16,32,0.03334978424911374,0.365238465932129,43.14456169766045,0.026,0.00975,0.02493313074266027,0.0204,0.00995,0.0124,0.0103,0.0111,0.01085,0.010015562837042634,0.2415751635139603,0.2137741980988815,0.25,0.004028239791567474,0.004168723031139217,3310.5
29,3,4.0,16,32,0.03334978424911374,0.1826192329660645,17.572280848830225,0.01575,0.00975,0.016027317959368105,0.01445,0.00995,0.0113,0.0103,0.0111,0.01085,0.010003888739044918,0.2477702368414571,0.23181164426567494,0.25,0.004131541971007203,0.004168723031139217,13242.0
29,3,8.0,16,32,0.03334978424911374,0.09130961648303225,7.786140424415112,0.01265,0.00975,0.012707418604337281,0.01215,0.00995,0.0108,0.0103,0.0111,0.01085,0.010000972061664715,0.24940272464552093,0.24089634600523102,0.25,0.004158763529034622,0.004168723031139217,52968.0
29,3,16.0,16,32,0.03334978424911374,0.045654808241516125,3.643070212207556,0.01155,0.00975,0.011283307891585215,0.01125,0.00995,0.01065,0.0103,0.0111,0.01085,0.010000243007723267,0.24983223629492418,0.2454469870975133,0.25,0.004165925589454662,0.004168723031139217,211872.0
29,3,32.0,16,32,0.03334978424911374,0.022827404120758062,1.759035106103778,0.01065,0.00975,0.010624788393232108,0.01055,0.00995,0.0105,0.0103,0.0111,0.01085,0.010000060751449984,0.2499489334154334,0.24772334526716547,0.25,0.0041678715013504,0.004168723031139217,847488.0
29,3,64.0,16,32,0.03334978424911374,0.011413702060379031,0.863892553051889,0.0103,0.00975,0.010308267446613142,0.0104,0.00995,0.0104,0.0103,0.0111,0.01085,0.010000015187832409,0.24998267703361973,0.2488616540970256,0.25,0.004168434172543548,0.004168723031139217,3389952.0
29,3,128.0,16,32,0.03334978424911374,0.005706851030189516,0.4280400265259445,0.0102,0.00975,0.010153113101956825,0.0104,0.00995,0.01035,0.0103,0.0111,0.01085,0.010000003796956187,0.2499933915605577,0.2494308247314007,0.25,0.004168612836124405,0.004168723031139217,13559808.0
29,4,0.5,16,32,0.16357186255011344,3.235521473148843,364.5782467906418,0.82045,0.00915,0.8183707511416367,0.19865,0.0111,0.0361,0.01025,0.0094,0.00945,0.011287036570989142,0.03928985205133176,0.026428542757560392,0.25,0.0032133571396773656,0.02044648281876418,206.90625
29,4,1.0,16,32,0.16357186255011344,1.6177607365744215,118.2891233953209,0.2429,0.00915,0.2392903602996017,0.0545,0.0111,0.0199,0.01025,0.0094,0.00945,0.010309191863376447,0.14383785792696926,0.1046459905376951,0.25,0.011763913163166481,0.02044648281876418,827.625
29,4,2.0,16,32,0.16357186255011344,0.8088803682872108,43.14456169766045,0.0623,0.00915,0.06457434575882177,0.02465,0.0111,0.01445,0.01025,0.0094,0.00945,0.010076533179118606,0.21357202236436454,0.17147226388258713,0.25,0.017467186743366794,0.02044648281876418,3310.5
29,4,4.0,16,32,0.16357186255011344,0.4044401841436054,17.572280848830225,0.026,0.00915,0.02730868702404983,0.01535,0.0111,0.0119,0.01025,0.0094,0.00945,0.01001908581418146,0.23953161341485812,0.20993616659906508,0.25,0.01959031607295104,0.02044648281876418,13242.0
29,4,8.0,16,32,0.16357186255011344,0.2022200920718027,7.786140424415112,0.017,0.00915,0.016829729983858868,0.01205,0.0111,0.011,0.01025,0.0094,0.00945,0.010004768490968532,0.24711546921958685,0.22986577583353648,0.25,0.020210568782596524,0.02044648281876418,52968.0
29,4,16.0,16,32,0.16357186255011344,0.10111004603590135,3.643070212207556,0.01275,0.00915,0.0130326383256348,0.011,0.0111,0.01075,0.01025,0.0094,0.00945,0.010001191937658489,0.2491788474611072,0.23992002584889482,0.25,0.020379324093651955,0.02044648281876418,211872.0
29,4,32.0,16,32,0.16357186255011344,0.05055502301795067,1.759035106103778,0.01095,0.00915,0.011429205415690598,0.01035,0.0111,0.01055,0.01025,0.0094,0.00945,0.010000297972848068,0.24974713479380556,0.2449584028538419,0.25,0.02042580200238851,0.02044648281876418,847488.0
29,4,64.0,16,32,0.16357186255011344,0.025277511508975337,0.863892553051889,0.0105,0.00915,0.010693827118656305,0.0101,0.0111,0.01045,0.01025,0.0094,0.00945,0.01000007449248909,0.2499131721348733,0.24747900009575488,0.25,0.020439381520954168,0.02044648281876418,3389952.0
29,4,128.0,16,32,0.16357186255011344,0.012638755754487668,0.4280400265259445,0.0103,0.00915,0.01034184169494969,0.0101,0.0111,0.01045,0.01025,0.0094,0.00945,0.010000018623077053,0.24996650111123325,0.24873947487922038,0.25,0.020443743080949713,0.02044648281876418,13559808.0
29,5,0.5,16,32,1.1186387634047594,8.461257640440019,364.5782467906418,1.0,0.00935,0.9999999995739622,0.13875,0.011,0.92695,0.0105,0.0106,0.0089,0.022017952816438764,8.007595922643261e-06,5.825973501606607e-06,0.25,4.478803600375326e-06,0.13982984542559493,206.90625
29,5,1.0,16,32,1.1186387634047594,4.2306288202200095,118.2891233953209,0.9716,0.00935,0.9715631978109772,0.04385,0.011,0.3318,0.0105,0.0106,0.0089,0.012285188405875577,0.01266920734456419,0.00860078977614262,0.25,0.00708613321862089,0.13982984542559493,827.625
29,5,2.0,16,32,1.1186387634047594,2.1153144101100048,43.14456169766045,0.4158,0.00935,0.4164305794450791,0.02105,0.011,0.086,0.0105,0.0106,0.0089,0.010533627880845177,0.10313438600896709,0.07255293806944646,0.25,0.05768506101479003,0.13982984542559493,3310.5
29,5,4.0,16,32,1.1186387634047594,1.0576572050550024,17.572280848830225,0.10105,0.00935,0.10227570588161883,0.01435,0.011,0.033,0.0105,0.0106,0.0089,0.010131157253607432,0.1942952552283196,0.14923108853893946,0.25,0.10867310202200979,0.13982984542559493,13242.0
29,5,8.0,16,32,1.1186387634047594,0.5288286025275012,7.786140424415112,0.036,0.00935,0.036126610744005735,0.0116,0.011,0.01885,0.0105,0.0106,0.0089,0.01003265030339041,0.23384279459104407,0.1978651731865972,0.25,0.13079280728621936,0.13982984542559493,52968.0
29,5,16.0,16,32,1.1186387634047594,0.2644143012637506,3.643070212207556,0.01835,0.00935,0.019607030335597863,0.01045,0.011,0.0145,0.0105,0.0106,0.0089,0.010008153912533263,0.24584478699207513,0.22370511134606796,0.25,0.1375057542551607,0.13982984542559493,211872.0
29,5,32.0,16,32,1.1186387634047594,0.1322071506318753,1.759035106103778,0.01325,0.00935,0.014112647209807806,0.01005,0.011,0.01185,0.0105,0.0106,0.0089,0.010002037937063241,0.2489899654543135,0.23682384109730778,0.25,0.13926491352800352,0.13982984542559493,847488.0
29,5,64.0,16,32,1.1186387634047594,0.06610357531593765,0.863892553051889,0.0112,0.00935,0.01190304644957525,0.0097,0.011,0.0112,0.0105,0.0106,0.0089,0.010000509450454942,0.2497678236251998,0.24340832239951177,0.25,0.13969998467919578,0.13982984542559493,3389952.0
29,5,128.0,16,32,1.1186387634047594,0.033051787657968824,0.4280400265259445,0.01015,0.00935,0.010915482200265395,0.0097,0.011,0.0108,0.0105,0.0106,0.0089,0.010000127360500615,0.2499524949780364,0.24670371115469858,0.25,0.1398032749460825,0.13982984542559493,13559808.0
29,6,0.5,16,32,1.0427434045677277,8.169184652848445,364.5782467906418,1.0,0.0095,0.9999999974340352,0.50515,0.0094,0.55635,0.01,0.00965,0.00945,0.020929383555974238,9.002980873701497e-06,1.1038567001923123e-05,0.25,4.693899463750817e-06,0.13034292557096597,206.90625
29,6,1.0,16,32,1.0427434045677277,4.0845923264242225,118.2891233953209,0.95835,0.0095,0.9606470376899817,0.12175,0.0094,0.13605,0.01,0.00965,0.00945,0.012117022405215406,0.0154363237375525,0.01028054061732811,0.25,0.008048062384052562,0.13034292557096597,827.625
29,6,2.0,16,32,1.0427434045677277,2.0422961632121113,43.14456169766045,0.3879,0.0095,0.38818537623062954,0.0384,0.0094,0.0423,0.01,0.00965,0.00945,0.010496658145543687,0.10923584574608697,0.07679607147218445,0.25,0.056952478847054934,0.13034292557096597,3310.5
29,6,4.0,16,32,1.0427434045677277,1.0211480816060556,17.572280848830225,0.09355,0.0095,0.09591241243149384,0.0201,0.0094,0.02045,0.01,0.00965,0.00945,0.01012221175078639,0.19723957116695778,0.1524123392544242,0.25,0.1028351309770561,0.13034292557096597,13242.0
29,6,8.0,16,32,1.0427434045677277,0.5105740408030278,7.786140424415112,0.0352,0.0095,0.034702536393778065,0.01385,0.0094,0.01405,0.01,0.00965,0.00945,0.010030432181639693,0.23456732414386353,0.19962535603053555,0.25,0.12229676508905701,0.13034292557096597,52968.0
29,6,16.0,16,32,1.0427434045677277,0.2552870204015139,3.643070212207556,0.0195,0.0095,0.019176554772878256,0.0114,0.0094,0.0114,0.01,0.00965,0.00945,0.010007600518249872,0.24589309260605452,0.22460777414586014,0.25,0.12820170027186242,0.13034292557096597,211872.0
29,6,32.0,16,32,1.0427434045677277,0.12764351020075695,1.759035106103778,0.0146,0.0095,0.013949475233412459,0.01035,0.0094,0.0102,0.01,0.00965,0.00945,0.010001899659428461,0.2489252901271902,0.2372780388763661,0.25,0.12978260225511784,0.13034292557096597,847488.0
29,6,64.0,16,32,1.0427434045677277,0.06382175510037848,0.863892553051889,0.0127,0.0095,0.011832458491000637,0.01,0.0094,0.0096,0.01,0.00965,0.00945,0.0100004748854786,0.24971290715357325,0.2436357810069736,0.25,0.13019324348491093,0.13034292557096597,3389952.0
29,6,128.0,16,32,1.0427434045677277,0.03191087755018924,0.4280400265259445,0.0121,0.0095,0.01088270505748474,0.00975,0.0094,0.00945,0.01,0.00965,0.00945,0.010000118719533534,0.249919411980432,0.24681748546768603,0.25,0.1303009092580201,0.13034292557096597,13559808.0
29,7,0.5,16,32,0.014312579581452278,0.9570815499281896,364.5782467906418,0.08415,0.009,0.08545802029012939,0.0562,0.00865,0.01615,0.0103,0.01,0.0104,0.010107288863955977,0.20333286632003075,0.1580663400164138,0.25,0.0014551089153651189,0.0017890724476815347,206.90625
29,7,1.0,16,32,0.014312579581452278,0.4785407749640948,118.2891233953209,0.0314,0.009,0.03231512678757459,0.026,0.00865,0.01225,0.0103,0.01,0.0104,0.010026729070418872,0.23682489562330156,0.20272398148705822,0.25,0.0016947875827388163,0.0017890724476815347,827.625
29,7,2.0,16,32,0.014312579581452278,0.2392703874820474,43.14456169766045,0.01835,0.009,0.018440565391064218,0.01655,0.00865,0.01055,0.0103,0.01,0.0104,0.010006676459624794,0.24665162132249144,0.22619303483964162,0.25,0.0017651104795361951,0.0017890724476815347,3310.5
29,7,4.0,16,32,0.014312579581452278,0.1196351937410237,17.572280848830225,0.0139,0.009,0.013667069394492663,0.0126,0.00865,0.01015,0.0103,0.01,0.0104,0.010001668752119944,0.2491932846983179,0.23807522759911917,0.25,0.0017832993592040844,0.0017890724476815347,13242.0
29,7,8.0,16,32,0.014312579581452278,0.05981759687051185,7.786140424415112,0.012,0.009,0.011709467771380414,0.01115,0.00865,0.00975,0.0103,0.01,0.0104,0.01000041716535913,0.2498174412407576,0.2440349472133077,0.25,0.0017877660042965608,0.0017890724476815347,52968.0
29,7,16.0,16,32,0.014312579581452278,0.029908798435255925,3.643070212207556,0.01095,0.009,0.01082539444772646,0.0106,0.00865,0.0095,0.0103,0.01,0.0104,0.010000104289922871,0.24996416982834044,0.24701714011563314,0.25,0.0017888160365898873,0.0017890724476815347,211872.0
29,7,32.0,16,32,0.014312579581452278,0.014954399217627963,1.759035106103778,0.0105,0.009,0.010405565523701426,0.01015,0.00865,0.0094,0.0103,0.01,0.0104,0.010000026072392122,0.2499959625558971,0.24850852836619491,0.25,0.0017890435545615205,0.0017890724476815347,847488.0
29,7,64.0,16,32,0.014312579581452278,0.007477199608813981,0.863892553051889,0.01035,0.009,0.010201024823511966,0.01,0.00865,0.0094,0.0103,0.01,0.0104,0.010000006518092458,0.2500014516018178,0.24925425897148087,0.25,0.0017890828357648037,0.0017890724476815347,3389952.0
29,7,128.0,16,32,0.014312579581452278,0.0037385998044069907,0.4280400265259445,0.0102,0.009,0.010100076024963104,0.00985,0.00865,0.0094,0.0103,0.01,0.0104,0.010000001629522729,0.25000159343303846,0.24962712883428323,0.25,0.00178908385075012,0.0017890724476815347,13559808.0
29,8,0.5,16,32,2.0000016909366205,11.313713281674753,364.5782467906418,1.0,0.01,1.0,0.25135,0.0107,1.0,0.00985,0.01055,0.0085,0.03850922799141815,1.676130859218326e-19,3.854260795669369e-09,0.25,1.6761322763338512e-19,0.25000021136707756,206.90625
29,8,1.0,16,32,2.0000016909366205,5.656856640837376,118.2891233953209,0.99935,0.01,0.9995665628308579,0.06535,0.0107,0.98255,0.00985,0.01055,0.0085,0.014390109437225839,0.0020571025209031872,0.0011694293769498301,0.25,0.0020571042601181797,0.25000021136707756,827.625
29,8,2.0,16,32,2.0000016909366205,2.828428320418688,43.14456169766045,0.6945,0.01,0.6921945329546277,0.02585,0.0107,0.4495,0.00985,0.01055,0.0085,0.010971287247851073,0.05803749436727135,0.039324757892569805,0.25,0.05803754343613364,0.25000021136707756,3310.5
29,8,4.0,16,32,2.0000016909366205,1.414214160209344,17.572280848830225,0.17985,0.01,0.18084916637035142,0.0168,0.0107,0.105,0.00985,0.01055,0.0085,0.01023554384686664,0.16320872932698655,0.11987498411032674,0.25,0.16320886731479514,0.25000021136707756,13242.0
29,8,8.0,16,32,2.0000016909366205,0.707107080104672,7.786140424415112,0.05145,0.01,0.05269773195613707,0.0133,0.0107,0.0373,0.00985,0.01055,0.0085,0.010058440273483111,0.22257365026634432,0.18091837445143633,0.25,0.2225738384453123,0.25000021136707756,52968.0
29,8,16.0,16,32,2.0000016909366205,0.353553540052336,3.643070212207556,0.02395,0.01,0.024259499488726747,0.01175,0.0107,0.02105,0.00985,0.01055,0.0085,0.010014582354874362,0.24274666007620943,0.21492093412438396,0.25,0.24274686531081793,0.25000021136707756,211872.0
29,8,32.0,16,32,2.0000016909366205,0.176776770026168,1.759035106103778,0.01485,0.01,0.015794578067979317,0.0109,0.0107,0.01455,0.00985,0.01055,0.0085,0.010003643858838233,0.24823556934542468,0.2323919981452681,0.25,0.24823577922073203,0.25000021136707756,847488.0
29,8,64.0,16,32,2.0000016909366205,0.088388385013084,0.863892553051889,0.01135,0.01,0.012611848521766002,0.01045,0.0107,0.0125,0.00985,0.01055,0.0085,0.010000910856626558,0.2496009957805368,0.2411874028102106,0.25,0.24960120681026893,0.25000021136707756,3389952.0
29,8,128.0,16,32,2.0000016909366205,0.044194192506542,0.4280400265259445,0.0099,0.01,0.011240134304521567,0.01025,0.0107,0.01175,0.00985,0.01055,0.0085,0.010000227707401955,0.24992236958976535,0.24559262569149626,0.25,0.24992258089120886,0.25000021136707756,13559808.0
29,9,0.5,16,32,0.38059605985485434,4.935397433916612,364.5782467906418,0.996,0.01,0.9954602954141947,0.3894,0.0086,0.43865,0.01065,0.01035,0.01165,0.013214004558256368,0.004942855826813491,0.0033996179983483755,0.25,0.0009406157260579115,0.04757450748185679,206.90625
29,9,1.0,16,32,0.38059605985485434,2.467698716958306,118.2891233953209,0.5614,0.01,0.5562036070312679,0.09705,0.0086,0.11,0.01065,0.01035,0.01165,0.010732201416915287,0.07851766172534558,0.054314760751996954,0.25,0.014941756340841416,0.04757450748185679,827.625
29,9,2.0,16,32,0.38059605985485434,1.233849358479153,43.14456169766045,0.1417,0.01,0.13730702129410544,0.03515,0.0086,0.03755,0.01065,0.01035,0.01165,0.010178860675619298,0.17786479563219798,0.13432110193648253,0.25,0.03384732020225173,0.04757450748185679,3310.5
29,9,4.0,16,32,0.38059605985485434,0.6169246792395765,17.572280848830225,0.04565,0.01,0.04368629373965699,0.01835,0.0086,0.0209,0.01065,0.01035,0.01165,0.010044457351406596,0.22742001129661615,0.18943263815847156,0.25,0.04327758011581929,0.04757450748185679,13242.0
29,9,8.0,16,32,0.38059605985485434,0.30846233961978825,7.786140424415112,0.02295,0.01,0.021801591966181276,0.01345,0.0086,0.01445,0.01065,0.01035,0.01165,0.010011098286841828,0.2436876356849747,0.21935686656566986,0.25,0.04637327698852328,0.04757450748185679,52968.0
29,9,16.0,16,32,0.38059605985485434,0.15423116980989413,3.643070212207556,0.01515,0.01,0.014923430662067185,0.0118,0.0086,0.0122,0.01065,0.01035,0.01165,0.010002773569498222,0.24824546912571424,0.23463289873970683,0.25,0.047240623713033364,0.04757450748185679,211872.0
29,9,32.0,16,32,0.38059605985485434,0.07711558490494706,1.759035106103778,0.01205,0.01,0.012248860585362318,0.01075,0.0086,0.011,0.01065,0.01035,0.01165,0.010000693329751495,0.24948545877702802,0.24231073849822404,0.25,0.04747659130080877,0.04757450748185679,847488.0
29,9,64.0,16,32,0.38059605985485434,0.03855779245247353,0.863892553051889,0.0106,0.01,0.011074874359774839,0.0102,0.0086,0.01055,0.01065,0.01035,0.01165,0.010000173328524138,0.2498343348570764,0.24615465479306814,0.25,0.047542981731530785,0.04757450748185679,3389952.0
29,9,128.0,16,32,0.38059605985485434,0.019278896226236766,0.4280400265259445,0.01035,0.01,0.01052548752334991,0.00995,0.0086,0.01015,0.01065,0.01035,0.01165,0.010000043331886392,0.24994014212380256,0.24807723807085652,0.25,0.047563116645940776,0.04757450748185679,13559808.0
29,10,0.5,16,32,0.05581097130926934,1.8899476616544804,364.5782467906418,0.33295,0.01115,0.3312731924484078,0.07865,0.0082,0.10535,0.0106,0.00935,0.0105,0.010424033950634968,0.12227518786427298,0.08616805909143965,0.25,0.003412148500864229,0.0069763714136586675,206.90625
29,10,1.0,16,32,0.05581097130926934,0.9449738308272402,118.2891233953209,0.0856,0.01115,0.08358199130706434,0.0303,0.0082,0.03645,0.0106,0.00935,0.0105,0.010104579285570013,0.20489698681536972,0.15914481976238798,0.25,0.005717749926254169,0.0069763714136586675,827.625
29,10,2.0,16,32,0.05581097130926934,0.4724869154136201,43.14456169766045,0.02995,0.01115,0.03187952732406164,0.01755,0.0082,0.0203,0.0106,0.00935,0.0105,0.010026056307494535,0.2376079726495871,0.20331093983407567,0.25,0.00663056587219988,0.0069763714136586675,3310.5
29,10,4.0,16,32,0.05581097130926934,0.23624345770681004,17.572280848830225,0.01635,0.01115,0.018304210527491427,0.0135,0.0082,0.0152,0.0106,0.00935,0.0105,0.010006508557371176,0.2470165625577917,0.2264928017108525,0.25,0.0068931171429136235,0.0069763714136586675,13242.0
29,10,8.0,16,32,0.05581097130926934,0.11812172885340502,7.786140424415112,0.01275,0.01115,0.013614256352847721,0.0115,0.0082,0.0125,0.0106,0.00935,0.0105,0.010001626794570753,0.24936500012061857,0.2382259074660295,0.25,0.006958651433633894,0.0069763714136586675,52968.0
29,10,16.0,16,32,0.05581097130926934,0.05906086442670251,3.643070212207556,0.01015,0.01115,0.011686349253991287,0.01085,0.0082,0.0113,0.0106,0.00935,0.0105,0.010000406677097477,0.24990003100149177,0.24411038703087864,0.25,0.006973581730204888,0.0069763714136586675,211872.0
29,10,32.0,16,32,0.05581097130926934,0.029530432213351256,1.759035106103778,0.00925,0.01115,0.0108145930733778,0.01045,0.0082,0.01055,0.0106,0.00935,0.0105,0.010000101667927808,0.25000457437084717,0.24705487252027586,0.25,0.006976499063698722,0.0069763714136586675,847488.0
29,10,64.0,16,32,0.05581097130926934,0.014765216106675628,0.863892553051889,0.0089,0.01115,0.010400346614995771,0.01025,0.0082,0.0105,0.0106,0.00935,0.0105,0.010000025416897759,0.2500159332117944,0.24852739613082184,0.25,0.006976816037671828,0.0069763714136586675,3389952.0
29,10,128.0,16,32,0.05581097130926934,0.007382608053337814,0.4280400265259445,0.0086,0.01115,0.010198459872451649,0.01015,0.0082,0.01045,0.0106,0.00935,0.0105,0.010000006354219142,0.25001137791296313,0.24926369304909263,0.25,0.00697668891984564,0.0069763714136586675,13559808.0
29,11,0.5,16,32,2.0000017989997385,11.313713587323274,364.5782467906418,1.0,0.0094,1.0,0.99475,0.0102,1.0,0.0106,0.0095,0.0106,0.038509230502714764,5.074256512095036e-16,3.85425736519166e-09,0.25,5.074261076388105e-16,0.2500002248749673,206.90625
29,11,1.0,16,32,2.0000017989997385,5.656856793661637,118.2891233953209,0.99955,0.0094,0.9995665630687842,0.5529,0.0102,0.9739,0.0106,0.0095,0.0106,0.014390109713150178,0.0017117665293198544,0.0011694290977835651,0.25,0.0017117680690536237,0.2500002248749673,827.625
29,11,2.0,16,32,2.0000017989997385,2.8284283968308186,43.14456169766045,0.6966,0.0094,0.6921945598286611,0.13915,0.0102,0.41985,0.0106,0.0095,0.0106,0.010971287302462688,0.05671814301845518,0.03932475508896031,0.25,0.05671819403641741,0.2500002248749673,3310.5
29,11,4.0,16,32,2.0000017989997385,1.4142141984154093,17.572280848830225,0.18015,0.0094,0.18084917642526877,0.04355,0.0102,0.1013,0.0106,0.0095,0.0106,0.010235543859722388,0.16146819171067933,0.11987498114270409,0.25,0.16146833695129667,0.2500002248749673,13242.0
29,11,8.0,16,32,2.0000017989997385,0.7071070992077046,7.786140424415112,0.05255,0.0094,0.05269773401044334,0.0217,0.0102,0.03595,0.0106,0.0095,0.0106,0.010058440276648718,0.2213123759337256,0.18091837266161798,0.25,0.2213125750041788,0.2500002248749673,52968.0
29,11,16.0,16,32,2.0000017989997385,0.3535535496038523,3.643070212207556,0.02435,0.0094,0.024259500033057976,0.0146,0.0102,0.0194,0.0106,0.0095,0.0106,0.010014582355662766,0.24199684028158402,0.2149209331865271,0.25,0.24199705795771023,0.2500002248749673,211872.0
29,11,32.0,16,32,2.0000017989997385,0.17677677480192616,1.759035106103778,0.01675,0.0094,0.015794578257034987,0.0125,0.0102,0.01335,0.0106,0.0095,0.0106,0.010003643859035146,0.24784090378666296,0.2323919976708121,0.25,0.24784112671952352,0.2500002248749673,847488.0
29,11,64.0,16,32,2.0000017989997385,0.08838838740096308,0.863892553051889,0.0135,0.0094,0.012611848599632118,0.01105,0.0102,0.01095,0.0106,0.0095,0.0106,0.010000910856675775,0.2494013638052206,0.24118740257228655,0.25,0.24940158814171473,0.2500002248749673,3389952.0
29,11,128.0,16,32,2.0000017989997385,0.04419419370048154,0.4280400265259445,0.0116,0.0094,0.01124013433975383,0.0106,0.0102,0.01045,0.0106,0.0095,0.0106,0.01000022770741426,0.2498223675345741,0.24559262557244707,0.25,0.24982259224976103,0.2500002248749673,13559808.0
29,12,0.5,16,32,0.010776659790474166,0.8304855366533163,364.5782467906418,0.067,0.0098,0.06734476632211811,0.02695,0.01075,0.03825,0.00835,0.01075,0.00955,0.010080690648046795,0.21266288263515765,0.1694910482651141,0.25,0.001145897768110315,0.0013470824738092708,206.90625
29,12,1.0,16,32,0.010776659790474166,0.41524276832665813,118.2891233953209,0.02835,0.0098,0.027995537580512535,0.01645,0.01075,0.02035,0.00835,0.01075,0.00955,0.010020119895336578,0.23948388296114792,0.20888115151090297,0.25,0.001290418165987012,0.0013470824738092708,827.625
29,12,2.0,16,32,0.010776659790474166,0.20762138416332906,43.14456169766045,0.0172,0.0098,0.0170567941517554,0.0132,0.01075,0.01425,0.00835,0.01075,0.00955,0.010005026681727867,0.24722042209929107,0.22932989531582965,0.25,0.0013321051911107406,0.0013470824738092708,3310.5
29,12,4.0,16,32,0.010776659790474166,0.10381069208166453,17.572280848830225,0.01265,0.0098,0.013123512072675722,0.0116,0.01075,0.0121,0.00835,0.01075,0.00955,0.010001256464766002,0.24926548268140755,0.23965102862389132,0.25,0.0013431246521829296,0.0013470824738092708,13242.0
29,12,8.0,16,32,0.010776659790474166,0.051905346040832266,7.786140424415112,0.01115,0.0098,0.011469696453158311,0.01065,0.01075,0.01135,0.00835,0.01075,0.00955,0.01000031410333876,0.24979906889432565,0.24482377179507422,0.25,0.0013459997907256827,0.0013470824738092708,52968.0
29,12,16.0,16,32,0.010776659790474166,0.025952673020416133,3.643070212207556,0.01055,0.0098,0.010712920234064283,0.0105,0.01075,0.01065,0.00835,0.01075,0.00955,0.010000078525031382,0.2499412899565565,0.2474116680003985,0.25,0.0013467661247270335,0.0013470824738092708,211872.0
29,12,32.0,16,32,0.010776659790474166,0.012976336510208067,1.759035106103778,0.0101,0.0098,0.010351110290107508,0.0104,0.01075,0.0103,0.00835,0.01075,0.00955,0.010000019631207602,0.24998109643758754,0.24870580676047704,0.25,0.0013469806151787972,0.0013470824738092708,847488.0
29,12,64.0,16,32,0.010776659790474166,0.006488168255104033,0.863892553051889,0.0099,0.0098,0.010174233978200518,0.01035,0.01075,0.0101,0.00835,0.01075,0.00955,0.010000004907798727,0.24999316207928882,0.2493528999751926,0.25,0.0013470456288366814,0.0013470824738092708,3389952.0
29,12,128.0,16,32,0.010776659790474166,0.0032440841275520166,0.4280400265259445,0.0098,0.0098,0.01008678871913709,0.0103,0.01075,0.0101,0.00835,0.01075,0.00955,0.010000001226949445,0.24999723459301404,0.24967644956196305,0.25,0.001347067572884136,0.0013470824738092708,13559808.0
29,13,0.5,16,32,0.2120357049936729,3.6837867907351893,364.5782467906418,0.9131,0.0101,0.9126791050903935,0.16725,0.00985,0.017,0.0108,0.0105,0.01,0.011694877031422801,0.024581883905782212,0.016372686224446677,0.25,0.0026061185420175764,0.026504463124209114,206.90625
29,13,1.0,16,32,0.2120357049936729,1.8418933953675947,118.2891233953209,0.31675,0.0101,0.3140316815801051,0.0511,0.00985,0.01335,0.0108,0.0105,0.01,0.010402378954640117,0.12375813339010955,0.08926956410200829,0.25,0.013120571531036445,0.026504463124209114,827.625
29,13,2.0,16,32,0.2120357049936729,0.9209466976837973,43.14456169766045,0.07995,0.0101,0.07995100857268017,0.0241,0.00985,0.012,0.0108,0.0105,0.01,0.010099306229636687,0.20423548935093416,0.1612941242233136,0.25,0.02165260798462655,0.026504463124209114,3310.5
29,13,4.0,16,32,0.2120357049936729,0.46047334884189867,17.572280848830225,0.03055,0.0101,0.031029461247347928,0.01615,0.00985,0.01155,0.0108,0.0105,0.01,0.010024746720455776,0.23661224075848236,0.20447696629181988,0.25,0.02508512163967874,0.026504463124209114,13242.0
29,13,8.0,16,32,0.2120357049936729,0.23023667442094933,7.786140424415112,0.01855,0.0101,0.018036163870324976,0.01325,0.00985,0.01135,0.0108,0.0105,0.01,0.010006181701113252,0.24631445634168925,0.22708783138460348,0.25,0.026113729700271673,0.026504463124209114,52968.0
29,13,16.0,16,32,0.2120357049936729,0.11511833721047467,3.643070212207556,0.01415,0.0101,0.013509972989956353,0.012,0.00985,0.01115,0.0108,0.0105,0.01,0.010001545114259436,0.24896268533270777,0.23852494361322849,0.25,0.02639448925081932,0.026504463124209114,211872.0
29,13,32.0,16,32,0.2120357049936729,0.05755916860523733,1.759035106103778,0.01205,0.0101,0.011640589073528808,0.01145,0.00985,0.01095,0.0108,0.0105,0.01,0.01000038625912878,0.2496865838486256,0.24426009587536682,0.25,0.026471235416902578,0.026504463124209114,847488.0
29,13,64.0,16,32,0.2120357049936729,0.028779584302618667,0.863892553051889,0.01125,0.0101,0.010793186090927139,0.01115,0.00985,0.01095,0.0108,0.0105,0.01,0.010000096563567448,0.24989488203727897,0.24712975080789523,0.25,0.026493318743542587,0.026504463124209114,3389952.0
29,13,128.0,16,32,0.2120357049936729,0.014389792151309333,0.4280400265259445,0.011,0.0101,0.010389996720709909,0.01115,0.00985,0.0109,0.0108,0.0105,0.01,0.010000024140815904,0.24996036012799625,0.24856483825839798,0.25,0.026500260590106028,0.026504463124209114,13559808.0
29,14,0.5,16,32,0.2386281725037533,3.9079666119658967,364.5782467906418,0.9453,0.01055,0.9431316831158807,0.17005,0.0097,0.0407,0.0109,0.01045,0.00965,0.011924022975942507,0.018907241662465542,0.012675797873846957,0.25,0.002255900262500489,0.02982852156296916,206.90625
29,14,1.0,16,32,0.2386281725037533,1.9539833059829483,118.2891233953209,0.35675,0.01055,0.35481071540381676,0.0508,0.0097,0.02115,0.0109,0.01045,0.00965,0.010453821129965122,0.1159766905552882,0.08214332118465814,0.25,0.013837652860120864,0.02982852156296916,827.625
29,14,2.0,16,32,0.2386281725037533,0.9769916529914742,43.14456169766045,0.08655,0.01055,0.08861128772142363,0.0234,0.0097,0.0138,0.0109,0.01045,0.00965,0.010111820945313498,0.20087903557670617,0.1562996702919393,0.25,0.023967698576992918,0.02982852156296916,3310.5
29,14,4.0,16,32,0.2386281725037533,0.4884958264957371,17.572280848830225,0.0335,0.01055,0.03304210487457303,0.0155,0.0097,0.0112,0.0109,0.01045,0.00965,0.010027854081448156,0.23595501259537244,0.20175970527245546,0.25,0.028152756724366908,0.02982852156296916,13242.0
29,14,8.0,16,32,0.2386281725037533,0.24424791324786854,7.786140424415112,0.01845,0.01055,0.01866667006688263,0.01255,0.0097,0.0101,0.0109,0.01045,0.00965,0.010006957213591966,0.2463735132159204,0.22570021231043885,0.25,0.0293958306060222,0.02982852156296916,52968.0
29,14,16.0,16,32,0.2386281725037533,0.12212395662393427,3.643070212207556,0.0134,0.01055,0.013754300264946505,0.0116,0.0097,0.0095,0.0109,0.01045,0.00965,0.010001738909465306,0.24909907155505334,0.23782746238282748,0.25,0.029721028108782025,0.02982852156296916,211872.0
29,14,32.0,16,32,0.2386281725037533,0.061061978311967136,1.759035106103778,0.01125,0.01055,0.011747570498468564,0.01085,0.0097,0.00925,0.0109,0.01045,0.00965,0.010000434702749255,0.24978194408486443,0.24391089478070116,0.25,0.02980250442070294,0.02982852156296916,847488.0
29,14,64.0,16,32,0.2386281725037533,0.030530989155983568,0.863892553051889,0.01075,0.01055,0.010843176797072888,0.01055,0.0097,0.0091,0.0109,0.01045,0.00965,0.010000108674148769,0.24994935202388582,0.24695509265308813,0.25,0.02982247854597859,0.02982852156296916,3389952.0
29,14,128.0,16,32,0.2386281725037533,0.015265494577991784,0.4280400265259445,0.01045,0.01055,0.010414152533703784,0.01045,0.0097,0.009,0.0109,0.01045,0.00965,0.010000027168440999,0.249989288511548,0.24847750197857363,0.25,0.029827243531512112,0.02982852156296916,13559808.0
29,15,0.5,16,32,2.0000014574006144,11.313712621135439,364.5782467906418,1.0,0.0089,1.0,0.99025,0.01,1.0,0.0097,0.0108,0.011,0.038509222564236174,1.4415197442485951e-19,3.854268209310612e-09,0.25,1.4415207946844757e-19,0.2500001821750768,206.90625
29,15,1.0,16,32,2.0000014574006144,5.656856310567719,118.2891233953209,0.9994,0.0089,0.9995665623166733,0.50595,0.01,0.9315,0.0097,0.0108,0.011,0.014390108840923713,0.001787780777694233,0.0011694299802583452,0.25,0.0017877820804506348,0.2500001821750768,827.625
29,15,2.0,16,32,2.0000014574006144,2.8284281552838597,43.14456169766045,0.6917,0.0089,0.692194474876949,0.11705,0.01,0.34145,0.0097,0.0108,0.011,0.010971287129829525,0.05744584275340431,0.039324763951471844,0.25,0.05744588461420757,0.2500001821750768,3310.5
29,15,4.0,16,32,2.0000014574006144,1.4142140776419299,17.572280848830225,0.17715,0.0089,0.18084914464059526,0.038,0.01,0.0848,0.0097,0.0108,0.011,0.010235543819083984,0.1628157571839864,0.11987499052367837,0.25,0.16281587582787865,0.2500001821750768,13242.0
29,15,8.0,16,32,2.0000014574006144,0.7071070388209649,7.786140424415112,0.05075,0.0089,0.0526977275165606,0.01915,0.01,0.03285,0.0097,0.0108,0.011,0.010058440266641886,0.22246659573686603,0.1809183783194263,0.25,0.2224667578483427,0.2500001821750768,52968.0
29,15,16.0,16,32,2.0000014574006144,0.35355351941048246,3.643070212207556,0.02245,0.0089,0.02425949831236848,0.01295,0.01,0.01835,0.0097,0.0108,0.011,0.010014582353170532,0.2427404190499034,0.21492093615119334,0.25,0.24274059593492134,0.2500001821750768,211872.0
29,15,32.0,16,32,2.0000014574006144,0.17677675970524123,1.759035106103778,0.0151,0.0089,0.0157945776594097,0.01085,0.01,0.01325,0.0097,0.0108,0.011,0.010003643858412679,0.24824749484271114,0.2323919991706185,0.25,0.2482476757407369,0.2500001821750768,847488.0
29,15,64.0,16,32,2.0000014574006144,0.08838837985262062,0.863892553051889,0.0124,0.0089,0.012611848353488943,0.00925,0.01,0.01165,0.0097,0.0108,0.011,0.010000910856520197,0.2496110890883851,0.24118740332438995,0.25,0.24961127098006242,0.2500001821750768,3389952.0
29,15,128.0,16,32,2.0000014574006144,0.04419418992631031,0.4280400265259445,0.01105,0.0089,0.011240134228380848,0.0089,0.01,0.01035,0.0097,0.0108,0.011,0.01000022770737537,0.2499284882504951,0.24559262594877432,0.25,0.24992867037346128,0.2500001821750768,13559808.0
29,16,0.5,16,32,1.0027703175220808,8.0110736060414,364.5782467906418,1.0,0.0094,0.999999993448862,0.8326,0.01035,0.0321,0.01075,0.0107,0.01045,0.02037449523488423,2.492655434924824e-05,1.5469199582752984e-05,0.25,1.249780440976353e-05,0.1253462896902601,206.90625
29,16,1.0,16,32,1.0027703175220808,4.0055368030207,118.2891233953209,0.9519,0.0094,0.9534423855346162,0.2431,0.01035,0.0194,0.01075,0.0107,0.01045,0.01202925240143715,0.017028987063818127,0.011300538245868378,0.25,0.008538081382532155,0.1253462896902601,827.625
29,16,2.0,16,32,1.0027703175220808,2.00276840151035,43.14456169766045,0.3691,0.0094,0.37312821553830067,0.0679,0.01035,0.01525,0.01075,0.0107,0.01045,0.010477231937914768,0.11324353162488204,0.07916027484057336,0.25,0.05677862608240238,0.1253462896902601,3310.5
29,16,4.0,16,32,1.0027703175220808,1.001384200755175,17.572280848830225,0.08995,0.0094,0.09259160010828238,0.0281,0.01035,0.01285,0.01075,0.0107,0.01045,0.010117503029441664,0.20010312620387005,0.15414695817753188,0.25,0.10032873770030788,0.1253462896902601,13242.0
29,16,8.0,16,32,1.0027703175220808,0.5006921003775875,7.786140424415112,0.03135,0.0094,0.033951064461777584,0.01745,0.01035,0.01145,0.01075,0.0107,0.01045,0.010029264097316104,0.2360118702352868,0.2005799367663667,0.25,0.11833284902740934,0.1253462896902601,52968.0
29,16,16.0,16,32,1.0027703175220808,0.25034605018879375,3.643070212207556,0.01705,0.0094,0.018946891155100395,0.0138,0.01035,0.01085,0.01075,0.0107,0.01045,0.010007309063445128,0.2465671786280195,0.225096643028864,0.25,0.12362512400167136,0.1253462896902601,211872.0
29,16,32.0,16,32,1.0027703175220808,0.12517302509439687,1.759035106103778,0.0125,0.0094,0.013861824049632234,0.01185,0.01035,0.01065,0.01075,0.0107,0.01045,0.010001826831084835,0.24924182923857002,0.2375239424472385,0.25,0.12496615412267255,0.1253462896902601,847488.0
29,16,64.0,16,32,1.0027703175220808,0.06258651254719844,0.863892553051889,0.01085,0.0094,0.011794398083693702,0.0111,0.01035,0.0105,0.01075,0.0107,0.01045,0.010000456680602003,0.24986494216076588,0.24375891712247424,0.25,0.1252785736940938,0.1253462896902601,3389952.0
29,16,128.0,16,32,1.0027703175220808,0.03129325627359922,0.4280400265259445,0.01,0.0094,0.010864997211391135,0.0108,0.01035,0.01045,0.01075,0.0107,0.01045,0.010000114168452458,0.24999373720516227,0.24687907658827882,0.25,0.1253431496178761,0.1253462896902601,13559808.0
29,17,0.5,16,32,0.1249318558375287,2.8276560564541504,364.5782467906418,0.6899,0.0102,0.6919228762183812,0.1513,0.01115,0.09455,0.0103,0.00965,0.00955,0.010970735399580083,0.05750220144174922,0.0393531004847989,0.25,0.003591928370430574,0.015616481979691087,206.90625
29,17,1.0,16,32,0.1249318558375287,1.4138280282270752,118.2891233953209,0.1804,0.0102,0.18074756361817157,0.0461,0.01115,0.03395,0.0103,0.00965,0.00955,0.010235413937893675,0.16186489547958338,0.11990497862084021,0.25,0.01011104089360598,0.015616481979691087,827.625
29,17,2.0,16,32,0.1249318558375287,0.7069140141135376,43.14456169766045,0.0537,0.0102,0.052676973227123815,0.02275,0.01115,0.01775,0.0103,0.00965,0.00955,0.01005840828445293,0.2213239675043704,0.18093646367123423,0.25,0.013825207000822943,0.015616481979691087,3310.5
29,17,4.0,16,32,0.1249318558375287,0.3534570070567688,17.572280848830225,0.02595,0.0102,0.024253998695099713,0.01465,0.01115,0.01295,0.0103,0.00965,0.00955,0.01001457438789736,0.24193787800357958,0.21493041267324817,0.25,0.015112874048190403,0.015616481979691087,13242.0
29,17,8.0,16,32,0.1249318558375287,0.1767285035283844,7.786140424415112,0.01645,0.0102,0.01579266746417995,0.01205,0.01115,0.01115,0.0103,0.00965,0.00955,0.01000364186898289,0.24779359633678352,0.23239679326947368,0.25,0.015478656927504908,0.015616481979691087,52968.0
29,17,16.0,16,32,0.1249318558375287,0.0883642517641922,3.643070212207556,0.01355,0.0102,0.012611061584198379,0.0108,0.01115,0.01,0.0103,0.00965,0.00955,0.010000910359280725,0.2493732047485511,0.24118980740480303,0.25,0.015577328632694256,0.015616481979691087,211872.0
29,17,32.0,16,32,0.1249318558375287,0.0441821258820961,1.759035106103778,0.01225,0.0102,0.011239778232294611,0.0104,0.01115,0.0097,0.0103,0.00965,0.00955,0.010000227583072873,0.24980717644017747,0.24559382886946404,0.25,0.015604437077102172,0.015616481979691087,847488.0
29,17,64.0,16,32,0.1249318558375287,0.02209106294104805,0.863892553051889,0.01185,0.0102,0.010604115905919325,0.00995,0.01115,0.00945,0.0103,0.00965,0.00955,0.010000056895346483,0.24993384185543285,0.24779678004373124,0.25,0.015612349349801316,0.015616481979691087,3389952.0
29,17,128.0,16,32,0.1249318558375287,0.011045531470524025,0.4280400265259445,0.0114,0.0102,0.01029819582619713,0.00995,0.01115,0.00945,0.0103,0.00965,0.00955,0.010000014223810227,0.24997449331794513,0.24889837322183764,0.25,0.0156148886811284,0.015616481979691087,13559808.0
29,18,0.5,16,32,2.0000019206419664,11.31371393137929,364.5782467906418,1.0,0.0108,1.0,0.99945,0.0093,1.0,0.0093,0.00885,0.0094,0.038509233329579166,1.0043787245770214e-20,3.8542535036470375e-09,0.25,1.0043796891029857e-20,0.2500002400802458,206.90625
29,18,1.0,16,32,2.0000019206419664,5.656856965689645,118.2891233953209,0.99955,0.0108,0.9995665633366079,0.7123,0.0093,0.90855,0.0093,0.00885,0.0094,0.014390110023746924,0.002289457945604749,0.0011694287835376136,0.25,0.0022894601442192543,0.2500002400802458,827.625
29,18,2.0,16,32,2.0000019206419664,2.8284284828448225,43.14456169766045,0.69445,0.0108,0.692194590079658,0.1871,0.0093,0.30685,0.0093,0.00885,0.0094,0.010971287363936743,0.05853040621697689,0.03932475193305217,0.25,0.05853046242495413,0.2500002400802458,3310.5
29,18,4.0,16,32,2.0000019206419664,1.4142142414224113,17.572280848830225,0.1828,0.0108,0.18084918774367775,0.0538,0.0093,0.0767,0.0093,0.00885,0.0094,0.010235543874193577,0.16233344133575972,0.11987497780217299,0.25,0.1623335972279697,0.2500002400802458,13242.0
29,18,8.0,16,32,2.0000019206419664,0.7071071207112056,7.786140424415112,0.05685,0.0108,0.05269773632289178,0.0237,0.0093,0.0297,0.0093,0.00885,0.0094,0.010058440280212121,0.22180955909683228,0.18091837064689276,0.25,0.22180977210520617,0.2500002400802458,52968.0
29,18,16.0,16,32,2.0000019206419664,0.3535535603556028,3.643070212207556,0.02565,0.0108,0.024259500645789318,0.0155,0.0093,0.0167,0.0093,0.00885,0.0094,0.010014582356550238,0.2422295327059445,0.21492093213082014,0.25,0.2422297653240475,0.2500002400802458,211872.0
29,18,32.0,16,32,2.0000019206419664,0.1767767801778014,1.759035106103778,0.0158,0.0108,0.01579457846984721,0.0122,0.0093,0.0119,0.0093,0.00885,0.0094,0.010003643859256804,0.2479415519948464,0.23239199713673644,0.25,0.2479417900983214,0.2500002400802458,847488.0
29,18,64.0,16,32,2.0000019206419664,0.0883883900889007,0.863892553051889,0.01265,0.0108,0.01261184868728284,0.0109,0.0093,0.0101,0.0093,0.00885,0.0094,0.010000910856731176,0.24944575707214622,0.24118740230446523,0.25,0.24944599662014091,0.2500002400802458,3389952.0
29,18,128.0,16,32,2.0000019206419664,0.04419419504445035,0.4280400265259445,0.01125,0.0108,0.011240134379413362,0.00995,0.0093,0.0092,0.0093,0.00885,0.0094,0.01000022770742811,0.2498428247464291,0.2455926254384383,0.25,0.2498430646757362,0.2500002400802458,13559808.0
29,19,0.5,16,32,1.098814577725168,8.385948543510791,364.5782467906418,1.0,0.0098,0.9999999993177004,0.481,0.0092,0.8709,0.00985,0.0105,0.0109,0.021729126865158096,3.4701300505830064e-05,6.883016980317031e-06,0.25,1.906514743091391e-05,0.137351822215646,206.90625
29,19,1.0,16,32,1.098814577725168,4.1929742717553955,118.2891233953209,0.9684,0.0098,0.9690231107135744,0.1175,0.0092,0.27945,0.00985,0.0105,0.0109,0.012241069782251535,0.013996459913921122,0.009009749974452932,0.25,0.00768975709498124,0.137351822215646,827.625
29,19,2.0,16,32,1.098814577725168,2.0964871358776977,43.14456169766045,0.40765,0.0098,0.40909999292882393,0.03765,0.0092,0.07155,0.00985,0.0105,0.0109,0.01052396035633861,0.10604310532574968,0.07363160054425369,0.25,0.05826085499958958,0.137351822215646,3310.5
29,19,4.0,16,32,1.098814577725168,1.0482435679388489,17.572280848830225,0.10315,0.0098,0.10060632542077325,0.02065,0.0092,0.0275,0.00985,0.0105,0.0109,0.010128819988882137,0.1959069097982093,0.15004845950273094,0.25,0.10763268418168097,0.137351822215646,13242.0
29,19,8.0,16,32,1.098814577725168,0.5241217839694244,7.786140424415112,0.0359,0.0098,0.03575492073640956,0.01415,0.0092,0.01765,0.00985,0.0105,0.0109,0.010032070879601635,0.23449050124248866,0.1983186242559546,0.25,0.1288307905516641,0.137351822215646,52968.0
29,19,16.0,16,32,1.098814577725168,0.2620608919847122,3.643070212207556,0.01975,0.0098,0.019495257280396545,0.01185,0.0092,0.0132,0.00985,0.0105,0.0109,0.010008009361063924,0.24606981917039467,0.22393780565371,0.25,0.13519255222131285,0.137351822215646,211872.0
29,19,32.0,16,32,1.098814577725168,0.1310304459923561,1.759035106103778,0.01395,0.0098,0.014070417797121058,0.0107,0.0092,0.01125,0.00985,0.0105,0.0109,0.01000200181820555,0.24907015291032059,0.23694094654428088,0.25,0.1368409574470485,0.137351822215646,847488.0
29,19,64.0,16,32,1.098814577725168,0.06551522299617805,0.863892553051889,0.01185,0.0098,0.01188481094709703,0.0104,0.0092,0.01065,0.00985,0.0105,0.0109,0.010000500421928304,0.24979914640806156,0.24346697029513306,0.25,0.1372414717882408,0.137351822215646,3389952.0
29,19,128.0,16,32,1.098814577725168,0.03275761149808903,0.4280400265259445,0.01075,0.0098,0.010907022620865346,0.0101,0.0092,0.0103,0.00985,0.0105,0.0109,0.010000125103443188,0.24996590358552873,0.2467330470111069,0.25,0.13733308939701142,0.137351822215646,13559808.0
29,20,0.5,16,32,0.08450268634955013,2.3255476615995656,364.5782467906418,0.4993,0.0095,0.49968076145794227,0.13825,0.0099,0.20945,0.0096,0.0098,0.0101,0.010648030680900394,0.08754239317023768,0.061230319335467936,0.25,0.0036987836961767974,0.010562835793693767,206.90625
29,20,1.0,16,32,0.08450268634955013,1.1627738307997828,118.2891233953209,0.12005,0.0095,0.12229833778772609,0.0426,0.0099,0.0561,0.0096,0.0098,0.0101,0.01015871075635991,0.18393978976777658,0.1402449285143681,0.25,0.007771703180974308,0.010562835793693767,827.625
29,20,2.0,16,32,0.08450268634955013,0.5813869153998914,43.14456169766045,0.04015,0.0095,0.04049583254149631,0.021,0.0099,0.0241,0.0096,0.0098,0.0101,0.010039474456773933,0.22983538575028079,0.19282144390912265,0.25,0.00971085375704192,0.010562835793693767,3310.5
29,20,4.0,16,32,0.08450268634955013,0.2906934576999457,17.572280848830225,0.0205,0.0095,0.020892534707029228,0.01445,0.0099,0.01605,0.0096,0.0098,0.0101,0.010009855955999632,0.24451721758698827,0.22110928053166465,0.25,0.010331180872408986,0.010562835793693767,13242.0
29,20,8.0,16,32,0.08450268634955013,0.14534672884997285,7.786140424415112,0.01335,0.0095,0.014591665889535456,0.01235,0.0099,0.01315,0.0096,0.0098,0.0101,0.01000246319854632,0.24853634236753686,0.23551651114944822,0.25,0.010500994292774188,0.010562835793693767,52968.0
29,20,16.0,16,32,0.08450268634955013,0.07267336442498643,3.643070212207556,0.0111,0.0095,0.012108326052203916,0.01085,0.0099,0.01155,0.0096,0.0098,0.0101,0.010000615750243871,0.2495967413773421,0.24275347526660182,0.25,0.01054579757523966,0.010562835793693767,211872.0
29,20,32.0,16,32,0.08450268634955013,0.03633668221249321,1.759035106103778,0.01045,0.0095,0.011010333937221988,0.0102,0.0099,0.01055,0.0096,0.0098,0.0101,0.010000153934474053,0.249881115609282,0.2463761396509209,0.25,0.010557812768503417,0.010562835793693767,847488.0
29,20,64.0,16,32,0.08450268634955013,0.018168341106246606,0.863892553051889,0.01,0.0095,0.010494576523138328,0.01005,0.0099,0.0102,0.0096,0.0098,0.0101,0.010000038483425547,0.24996128360850112,0.24818799506378358,0.25,0.010561199974150058,0.010562835793693767,3389952.0
29,20,128.0,16,32,0.08450268634955013,0.009084170553123303,0.4280400265259445,0.00975,0.0095,0.010244685614850136,0.0099,0.0099,0.01005,0.0096,0.0098,0.0101,0.01000000962084429,0.24998582594034618,0.2490939881862484,0.25,0.010562236920635154,0.010562835793693767,13559808.0
29,21,0.5,16,32,0.07862014623172549,2.2431427415192355,364.5782467906418,0.4613,0.00875,0.4668442158657764,0.2143,0.00945,0.02105,0.0104,0.00955,0.00985,0.01060176865786355,0.0938064081797789,0.06551118250153226,0.25,0.0036875367642835734,0.009827518278965686,206.90625
29,21,1.0,16,32,0.07862014623172549,1.1215713707596178,118.2891233953209,0.11335,0.00875,0.11414479654418896,0.06035,0.00945,0.01435,0.0104,0.00955,0.00985,0.010147591943884721,0.18884739007329185,0.14373591156291624,0.25,0.0074236047115209544,0.009827518278965686,827.625
29,21,2.0,16,32,0.07862014623172549,0.5607856853798089,43.14456169766045,0.03805,0.00875,0.03873466414180381,0.02795,0.00945,0.0117,0.0104,0.00955,0.00985,0.010036722120676267,0.23178276754798044,0.19479403190406347,0.25,0.00911139753930813,0.009827518278965686,3310.5
29,21,4.0,16,32,0.07862014623172549,0.28039284268990444,17.572280848830225,0.0193,0.00875,0.02038039759805326,0.0185,0.00945,0.011,0.0104,0.00955,0.00985,0.010009169573877924,0.24518956764277217,0.22212619983361812,0.25,0.009638419831284148,0.009827518278965686,13242.0
29,21,8.0,16,32,0.07862014623172549,0.14019642134495222,7.786140424415112,0.01375,0.00875,0.014402263346727966,0.0148,0.00945,0.01065,0.0104,0.00955,0.00985,0.010002291709251739,0.24878179715783655,0.23602887271935627,0.25,0.00977963063617029,0.009827518278965686,52968.0
29,21,16.0,16,32,0.07862014623172549,0.07009821067247611,3.643070212207556,0.0115,0.00875,0.012027499937851056,0.0133,0.00945,0.0104,0.0104,0.00955,0.00985,0.01000057288455789,0.24969578057225117,0.24301014612728783,0.25,0.009815559391017614,0.009827518278965686,211872.0
29,21,32.0,16,32,0.07862014623172549,0.035049105336238055,1.759035106103778,0.01015,0.00875,0.010973069889964127,0.01255,0.00945,0.0103,0.0104,0.00955,0.00985,0.01000014321846738,0.24992465103490513,0.24650453641397083,0.25,0.009824556305638603,0.009827518278965686,847488.0
29,21,64.0,16,32,0.07862014623172549,0.017524552668119028,0.863892553051889,0.0095,0.00875,0.01047669367083388,0.0124,0.00945,0.01025,0.0104,0.00955,0.00985,0.010000035804449806,0.24998155144568657,0.24825220111418758,0.25,0.009826793064946743,0.009827518278965686,3389952.0
29,21,128.0,16,32,0.07862014623172549,0.008762276334059514,0.4280400265259445,0.00945,0.00875,0.01023592684068724,0.0122,0.00945,0.01025,0.0104,0.00955,0.00985,0.010000008951101976,0.24999558465073518,0.24912609217013187,0.25,0.009827344711263253,0.009827518278965686,13559808.0
29,22,0.5,16,32,0.36373863613166746,4.8248598645376966,364.5782467906418,0.994,0.00985,0.9937642038326082,0.2079,0.0088,0.0896,0.0093,0.00945,0.0089,0.013054807788423559,0.005690975648442896,0.00396164574501897,0.25,0.0010350138603115754,0.04546732951645843,206.90625
29,22,1.0,16,32,0.36373863613166746,2.4124299322688483,118.2891233953209,0.5394,0.00985,0.5342994069318506,0.05875,0.0088,0.0348,0.0093,0.00945,0.0089,0.010698813703265347,0.08143660713435502,0.05693365369033501,0.25,0.014810820205120357,0.04546732951645843,827.625
29,22,2.0,16,32,0.36373863613166746,1.2062149661344241,43.14456169766045,0.1326,0.00985,0.13132856457619652,0.0238,0.0088,0.01905,0.0093,0.00945,0.0089,0.010170880173081846,0.1802987103011201,0.13660929716682513,0.25,0.03279080349061402,0.04546732951645843,3310.5
29,22,4.0,16,32,0.36373863613166746,0.6031074830672121,17.572280848830225,0.0419,0.00985,0.04242253115538856,0.0157,0.0088,0.0138,0.0093,0.00945,0.0089,0.010042484612671966,0.2285213352939873,0.19074806902280966,0.25,0.04156101941341121,0.04546732951645843,13242.0
29,22,8.0,16,32,0.36373863613166746,0.30155374153360603,7.786140424415112,0.02195,0.00985,0.021444253914702314,0.01245,0.0088,0.0115,0.0093,0.00945,0.0089,0.010010606493379912,0.24414273263843048,0.22003793302777586,0.25,0.044402072295680516,0.04546732951645843,52968.0
29,22,16.0,16,32,0.36373863613166746,0.15077687076680302,3.643070212207556,0.0152,0.00985,0.014793676759063077,0.01085,0.0088,0.01065,0.0093,0.00945,0.0089,0.010002650707960062,0.2484392657681327,0.23497641506309486,0.25,0.04518347984602672,0.04546732951645843,211872.0
29,22,32.0,16,32,0.36373863613166746,0.07538843538340151,1.759035106103778,0.013,0.00985,0.01219405325632306,0.01025,0.0088,0.01025,0.0093,0.00945,0.0089,0.010000662619791725,0.24957254532683587,0.24248287158392415,0.25,0.04538958862654602,0.04546732951645843,847488.0
29,22,64.0,16,32,0.36373863613166746,0.037694217691700754,0.863892553051889,0.01195,0.00985,0.011049741845174755,0.0098,0.0088,0.0099,0.0093,0.00945,0.0089,0.01000016565137321,0.24987525576953726,0.24624076826533306,0.25,0.045444642368331525,0.04546732951645843,3389952.0
29,22,128.0,16,32,0.36373863613166746,0.018847108845850377,0.4280400265259445,0.01125,0.00985,0.010513459814566235,0.0096,0.0088,0.0099,0.0093,0.00945,0.0089,0.010000041412619847,0.24995992679445642,0.24812030067516505,0.25,0.04546004142989351,0.04546732951645843,13559808.0
29,23,0.5,16,32,0.06780160965991222,2.083099377906484,364.5782467906418,0.4024,0.011,0.40390645016162263,0.0746,0.01025,0.01845,0.00935,0.01025,0.0112,0.01051714315263657,0.10700778075397563,0.07440512615458741,0.25,0.0036276498906272613,0.008475201207489028,206.90625
29,23,1.0,16,32,0.06780160965991222,1.041549688953242,118.2891233953209,0.09825,0.011,0.0994314083784893,0.029,0.01025,0.0149,0.00935,0.01025,0.0112,0.010127170993101245,0.1965693694997445,0.15063090723381983,0.25,0.006663859830958366,0.008475201207489028,827.625
29,23,2.0,16,32,0.06780160965991222,0.520774844476621,43.14456169766045,0.0357,0.011,0.03549252932360873,0.0172,0.01025,0.0134,0.00935,0.01025,0.0112,0.01003166203000891,0.23489335008081258,0.1986412360065958,0.25,0.007963073616944183,0.008475201207489028,3310.5
29,23,4.0,16,32,0.06780160965991222,0.2603874222383105,17.572280848830225,0.0195,0.011,0.019416107001727974,0.01335,0.01025,0.0125,0.00935,0.01025,0.0112,0.01000790736023802,0.24629433075733392,0.22410329250808728,0.25,0.008349576037729034,0.008475201207489028,13242.0
29,23,8.0,16,32,0.06780160965991222,0.13019371111915526,7.786140424415112,0.01375,0.011,0.01404045546495225,0.0116,0.01025,0.01205,0.00935,0.01025,0.0112,0.010001976331208504,0.24918755472620102,0.23702422100606296,0.25,0.008447658658826948,0.008475201207489028,52968.0
29,23,16.0,16,32,0.06780160965991222,0.06509685555957763,3.643070212207556,0.0116,0.011,0.011871858736334331,0.0107,0.01025,0.01185,0.00935,0.01025,0.0112,0.01000049405100442,0.2498588492189291,0.2435086741711836,0.25,0.008470416082408347,0.008475201207489028,211872.0
29,23,32.0,16,32,0.06780160965991222,0.032548427779788815,1.759035106103778,0.01095,0.011,0.010901010627713675,0.0103,0.01025,0.01175,0.00935,0.01025,0.0112,0.010000123510763797,0.24999595227163557,0.24675390728810775,0.25,0.00847506398623974,0.008475201207489028,847488.0
29,23,64.0,16,32,0.06780160965991222,0.016274213889894407,0.863892553051889,0.0103,0.011,0.01044203820700389,0.01025,0.01025,0.0117,0.00935,0.01025,0.0112,0.010000030877566707,0.2500146169061475,0.2483768999113643,0.25,0.008475696732371552,0.008475201207489028,3389952.0
29,23,128.0,16,32,0.06780160965991222,0.008137106944947204,0.4280400265259445,0.01015,0.011,0.01021893457668813,0.0102,0.01025,0.0116,0.00935,0.01025,0.0112,0.010000007719383875,0.2500114682659808,0.24918844323884579,0.25,0.008475589990935782,0.008475201207489028,13559808.0
29,24,0.5,16,32,1.8621588115757,10.91687519122779,364.5782467906418,1.0,0.01005,1.0,0.9121,0.0099,1.0,0.01075,0.01135,0.01075,0.035412128744289964,3.556922710422225e-16,1.2008565709017747e-08,0.25,3.311777483653234e-16,0.2327698514469625,206.90625
29,24,1.0,16,32,1.8621588115757,5.458437595613895,118.2891233953209,0.99905,0.01005,0.9991321658743082,0.31285,0.0099,0.9476,0.01075,0.01135,0.01075,0.014041812791436566,0.0023781412017208135,0.001587114176839732,0.25,0.0022142382969778185,0.2327698514469625,827.625
29,24,2.0,16,32,1.8621588115757,2.7292187978069475,43.14456169766045,0.6519,0.01005,0.6564784088181838,0.08205,0.0099,0.36455,0.01075,0.01135,0.01075,0.010901817058203743,0.06382229693545088,0.04309396227547371,0.25,0.05942362630667533,0.2327698514469625,3310.5
29,24,4.0,16,32,1.8621588115757,1.3646093989034738,17.572280848830225,0.1663,0.01005,0.16809049511441043,0.03245,0.0099,0.094,0.01075,0.01135,0.01075,0.010219156738021658,0.16769335402278157,0.12376157552634087,0.25,0.15613582841810303,0.2327698514469625,13242.0
29,24,8.0,16,32,1.8621588115757,0.6823046994517369,7.786140424415112,0.051,0.01005,0.050083642252565674,0.01825,0.0099,0.03575,0.01075,0.01135,0.01075,0.01005440299544704,0.22434176359388447,0.18324722327745901,0.25,0.20887999594039228,0.2327698514469625,52968.0
29,24,16.0,16,32,1.8621588115757,0.34115234972586844,3.643070212207556,0.02355,0.01005,0.023561361041935073,0.01405,0.0099,0.02055,0.01075,0.01135,0.01075,0.01001357672664917,0.24324561568123607,0.2161392582605819,0.25,0.226480983308985,0.2327698514469625,211872.0
29,24,32.0,16,32,1.8621588115757,0.17057617486293422,1.759035106103778,0.0161,0.01005,0.015550748188418456,0.01155,0.0099,0.0165,0.01075,0.01135,0.01075,0.010003392682060271,0.24835589276767828,0.23300809046935214,0.25,0.23123905706204087,0.2327698514469625,847488.0
29,24,64.0,16,32,1.8621588115757,0.08528808743146711,0.863892553051889,0.01295,0.01005,0.012511101287808685,0.01095,0.0099,0.01435,0.01075,0.01135,0.01075,0.0100008480768178,0.24962665506632145,0.24149632139908794,0.25,0.23242223766795916,0.2327698514469625,3389952.0
29,24,128.0,16,32,1.8621588115757,0.042644043715733555,0.4280400265259445,0.0121,0.01005,0.011194471400707076,0.01055,0.0099,0.01335,0.01075,0.01135,0.01075,0.010000212013348771,0.2499264826822586,0.24574719423226823,0.25,0.2327014009864447,0.2327698514469625,13559808.0
29,25,0.5,16,32,2.0000012029209087,11.313711901358376,364.5782467906418,1.0,0.01,1.0,0.20785,0.01075,0.99995,0.0102,0.00995,0.00955,0.038509216650340905,1.4839020508376745e-20,3.854276287829502e-09,0.25,1.4839029433460762e-20,0.2500001503651136,206.90625
29,25,1.0,16,32,2.0000012029209087,5.656855950679188,118.2891233953209,0.9994,0.01,0.9995665617563755,0.05935,0.01075,0.8161,0.0102,0.00995,0.00955,0.014390108191144765,0.0017434111075159393,0.0011694306376724205,0.25,0.0017434121561087763,0.2500001503651136,827.625
29,25,2.0,16,32,2.0000012029209087,2.828427975339594,43.14456169766045,0.68965,0.01,0.6921944115908072,0.026,0.01075,0.2389,0.0102,0.00995,0.00955,0.010971287001223698,0.05870414953350462,0.03932477055374235,0.25,0.05870418484172907,0.2500001503651136,3310.5
29,25,4.0,16,32,2.0000012029209087,1.414213987669797,17.572280848830225,0.1818,0.01,0.18084912096209715,0.017,0.01075,0.06395,0.0102,0.00995,0.00955,0.010235543788809757,0.16209127698390935,0.11987499751218525,0.25,0.16209137447540245,0.2500001503651136,13242.0
29,25,8.0,16,32,2.0000012029209087,0.7071069938348985,7.786140424415112,0.05295,0.01,0.052697722678839355,0.01355,0.01075,0.02815,0.0102,0.00995,0.00955,0.010058440259187132,0.2212365606108035,0.180918382534301,0.25,0.22123669367584575,0.2500001503651136,52968.0
29,25,16.0,16,32,2.0000012029209087,0.35355349691744925,3.643070212207556,0.0247,0.01,0.024259497030513416,0.0119,0.01075,0.0181,0.0102,0.00995,0.00955,0.010014582351313903,0.24187457890268185,0.2149209383597688,0.25,0.24187472438067598,0.2500001503651136,211872.0
29,25,32.0,16,32,2.0000012029209087,0.17677674845872463,1.759035106103778,0.01595,0.01,0.0157945772141992,0.0111,0.01075,0.01325,0.0102,0.00995,0.00955,0.01000364385794896,0.24775701797036118,0.23239200028792323,0.25,0.24775716698640976,0.2500001503651136,847488.0
29,25,64.0,16,32,2.0000012029209087,0.08838837422936231,0.863892553051889,0.01325,0.01,0.012611848170120649,0.0107,0.01075,0.012,0.0102,0.00995,0.00955,0.010000910856404295,0.2493531168803154,0.2411874038846814,0.25,0.24935326685635437,0.2500001503651136,3389952.0
29,25,128.0,16,32,2.0000012029209087,0.044194187114681156,0.4280400265259445,0.0119,0.01,0.01124013414541176,0.0106,0.01075,0.01105,0.0102,0.00995,0.00955,0.010000227707346395,0.24979658675102587,0.24559262622912528,0.25,0.24979673699379443,0.2500001503651136,13559808.0
29,26,0.5,16,32,0.11510620657424248,2.714184448550157,364.5782467906418,0.65035,0.00985,0.6509315113259605,0.07025,0.0095,0.04575,0.00955,0.00885,0.01035,0.01089153838377621,0.06365939407908981,0.0436879772082443,0.25,0.00366379568262941,0.01438827582178031,206.90625
29,26,1.0,16,32,0.11510620657424248,1.3570922242750785,118.2891233953209,0.1605,0.00985,0.16620882569591572,0.02855,0.0095,0.02125,0.00955,0.00885,0.01035,0.010216726401820156,0.167273448953357,0.12435637424192925,0.25,0.009627106084805557,0.01438827582178031,827.625
29,26,2.0,16,32,0.11510620657424248,0.6785461121375392,43.14456169766045,0.04405,0.00985,0.04969667868864323,0.01675,0.0095,0.01455,0.00955,0.00885,0.01035,0.010053803877208693,0.2240633709638255,0.18360100958697168,0.25,0.01289554233194161,0.01438827582178031,3310.5
29,26,4.0,16,32,0.11510620657424248,0.3392730560687696,17.572280848830225,0.02015,0.00985,0.023457053182632567,0.0122,0.0095,0.01175,0.00955,0.00885,0.01035,0.010013427472462772,0.24310117099380088,0.21632399841286343,0.25,0.013991226803426344,0.01438827582178031,13242.0
29,26,8.0,16,32,0.11510620657424248,0.1696365280343848,7.786140424415112,0.01455,0.00985,0.015514081196795329,0.0106,0.0095,0.0103,0.00955,0.00885,0.01035,0.01000335540129124,0.24828471191268242,0.23310146831939654,0.25,0.014289555669323752,0.01438827582178031,52968.0
29,26,16.0,16,32,0.11510620657424248,0.0848182640171924,3.643070212207556,0.01145,0.00985,0.01249589487169932,0.00985,0.0095,0.00965,0.00955,0.00885,0.01035,0.01000083875867323,0.24959136587466396,0.2415431371525088,0.25,0.014364757659758202,0.01438827582178031,211872.0
29,26,32.0,16,32,0.11510620657424248,0.0424091320085962,1.759035106103778,0.01,0.00985,0.011187565671602348,0.00955,0.0095,0.0095,0.00955,0.00885,0.01035,0.010000209683940596,0.24990889430153057,0.24577061798942643,0.25,0.014383032406106253,0.01438827582178031,847488.0
29,26,64.0,16,32,0.11510620657424248,0.0212045660042981,0.863892553051889,0.0097,0.00985,0.010579274344957153,0.00945,0.0095,0.0093,0.00955,0.00885,0.01035,0.010000052420627141,0.2499828041330534,0.24788519014130533,0.25,0.01438728614627382,0.01438827582178031,3389952.0
29,26,128.0,16,32,0.11510620657424248,0.01060228300214905,0.4280400265259445,0.00925,0.00985,0.010286081770920524,0.00935,0.0095,0.0092,0.00955,0.00885,0.01035,0.010000013105134374,0.24999849390465412,0.2489425802130373,0.25,0.014388189141319308,0.01438827582178031,13559808.0
29,27,0.5,16,32,2.000001763127129,11.313713485860259,364.5782467906418,1.0,0.0098,1.0,0.98995,0.0096,1.0,0.0111,0.0099,0.01085,0.0385092296690653,6.774582099807598e-20,3.8542585039719424e-09,0.25,6.774588072032343e-20,0.25000022039089115,206.90625
29,27,1.0,16,32,2.000001763127129,5.656856742930129,118.2891233953209,0.99965,0.0098,0.9995665629898023,0.49825,0.0096,0.9895,0.0111,0.0099,0.01085,0.014390109621554417,0.001808249120042119,0.001169429190455529,0.25,0.001808250714128659,0.25000022039089115,827.625
29,27,2.0,16,32,2.000001763127129,2.8284283714650647,43.14456169766045,0.6984,0.0098,0.692194550907563,0.1186,0.0096,0.49295,0.0111,0.0099,0.01085,0.01097128728433383,0.057714156317757365,0.039324756019645864,0.25,0.05771420719645474,0.25000022039089115,3310.5
29,27,4.0,16,32,2.000001763127129,1.4142141857325323,17.572280848830225,0.1825,0.0098,0.18084917308744064,0.03775,0.0096,0.12385,0.0111,0.0099,0.01085,0.010235543855454797,0.1610446637190219,0.11987498212783543,0.25,0.16104480569012972,0.25000022039089115,13242.0
29,27,8.0,16,32,2.000001763127129,0.7071070928662662,7.786140424415112,0.0535,0.0098,0.052697733328496275,0.0188,0.0096,0.0425,0.0111,0.0099,0.01085,0.010058440275597864,0.22079643750279737,0.18091837325576565,0.25,0.22079663214889186,0.25000022039089115,52968.0
29,27,16.0,16,32,2.000001763127129,0.3535535464331331,3.643070212207556,0.02575,0.0098,0.024259499852361893,0.012,0.0096,0.02235,0.0111,0.0099,0.01085,0.010014582355401046,0.24165556506038344,0.21492093349785785,0.25,0.24165577809512478,0.25000022039089115,211872.0
29,27,32.0,16,32,2.000001763127129,0.17677677321656654,1.759035106103778,0.01655,0.0098,0.015794578194276113,0.0097,0.0096,0.0158,0.0111,0.0099,0.01085,0.010003643858969777,0.2476462301006664,0.2323919978283124,0.25,0.24764644841655975,0.25000022039089115,847488.0
29,27,64.0,16,32,2.000001763127129,0.08838838660828327,0.863892553051889,0.0139,0.0098,0.012611848573783703,0.00885,0.0096,0.01345,0.0111,0.0099,0.01085,0.010000910856659438,0.24929789349907333,0.24118740265126776,0.25,0.24929811327101298,0.25000022039089115,3389952.0
29,27,128.0,16,32,2.000001763127129,0.044194193304141635,0.4280400265259445,0.0125,0.0098,0.011240134328058142,0.0084,0.0096,0.0127,0.0111,0.0099,0.01085,0.010000227707410178,0.2497691405081135,0.24559262561196663,0.25,0.24976936069548733,0.25000022039089115,13559808.0
29,28,0.5,16,32,0.9653679115089737,7.860251035213463,364.5782467906418,1.0,0.01055,0.9999999843409035,0.2157,0.01025,0.9338,0.00915,0.00965,0.01055,0.01986657070969452,8.876555081175051e-06,2.122538232157331e-05,0.25,4.284570720054164e-06,0.12067098893862171,206.90625
29,28,1.0,16,32,0.9653679115089737,3.9301255176067316,118.2891233953209,0.9428,0.01055,0.9456184629085764,0.0582,0.01025,0.35105,0.00915,0.00965,0.01055,0.011947624114057458,0.01899408530331305,0.012351743562928598,0.25,0.009168140230141305,0.12067098893862171,827.625
29,28,2.0,16,32,0.9653679115089737,1.9650627588033658,43.14456169766045,0.3548,0.01055,0.3589431598345,0.02475,0.01025,0.0864,0.00915,0.00965,0.01055,0.010459083272550542,0.11702363289886814,0.081459532920228,0.25,0.05648543004438658,0.12067098893862171,3310.5
29,28,4.0,16,32,0.9653679115089737,0.9825313794016829,17.572280848830225,0.08975,0.01055,0.08950386713747177,0.01705,0.01025,0.0311,0.00915,0.00965,0.01055,0.01011309884951983,0.20191640559322493,0.1558096358500402,0.25,0.09746180938346521,0.12067098893862171,13242.0
29,28,8.0,16,32,0.9653679115089737,0.49126568970084145,7.786140424415112,0.03195,0.01055,0.033246756614487956,0.01455,0.01025,0.01825,0.00915,0.00965,0.01055,0.010028171239815595,0.23665284452933455,0.20149161537851196,0.25,0.11422853113797078,0.12067098893862171,52968.0
29,28,16.0,16,32,0.9653679115089737,0.24563284485042072,3.643070212207556,0.01795,0.01055,0.018729998802539304,0.013,0.01025,0.01435,0.00915,0.00965,0.01055,0.010007036358860622,0.24677040168567838,0.22556311737499352,0.25,0.11911211364876693,0.12067098893862171,211872.0
29,28,32.0,16,32,0.9653679115089737,0.12281642242521036,1.759035106103778,0.01345,0.01055,0.013778656356193034,0.0118,0.01025,0.0121,0.00915,0.00965,0.01055,0.010001758686770569,0.249307614567018,0.2377585282753188,0.25,0.12033678559892318,0.12067098893862171,847488.0
29,28,64.0,16,32,0.9653679115089737,0.06140821121260518,0.863892553051889,0.0113,0.01055,0.01175819120145122,0.01145,0.01025,0.01115,0.00915,0.00965,0.01055,0.010000439646512455,0.2498881933031001,0.2438763792268341,0.25,0.12061702163988224,0.12067098893862171,3389952.0
29,28,128.0,16,32,0.9653679115089737,0.03070410560630259,0.4280400265259445,0.0098,0.01055,0.010848129022699354,0.0113,0.01025,0.0108,0.00915,0.00965,0.01055,0.010000109910054377,0.25000288317756936,0.24693782880831056,0.25,0.12067238060217604,0.12067098893862171,13559808.0
29,29,0.5,16,32,2.0000011631371044,11.313711788832817,364.5782467906418,1.0,0.0117,1.0,1.0,0.01,1.0,0.0089,0.01035,0.0107,0.0385092157257988,4.723345481891813e-22,3.854277550777398e-09,0.25,4.723348228841007e-22,0.25000014539213805,206.90625
29,29,1.0,16,32,2.0000011631371044,5.656855894416409,118.2891233953209,0.9996,0.0117,0.9995665616687819,0.9606,0.01,0.98955,0.0089,0.01035,0.0107,0.014390108089562294,0.0018439931749110905,0.0011694307404485607,0.25,0.0018439942473195314,0.25000014539213805,827.625
29,29,2.0,16,32,2.0000011631371044,2.8284279472082043,43.14456169766045,0.69825,0.0117,0.692194401697037,0.3878,0.01,0.5043,0.0089,0.01035,0.0107,0.010971286981118255,0.058494159959314576,0.03932477158590116,0.25,0.058494193977678494,0.25000014539213805,3310.5
29,29,4.0,16,32,2.0000011631371044,1.4142139736041022,17.572280848830225,0.18175,0.0117,0.18084911726034525,0.09365,0.01,0.12295,0.0089,0.01035,0.0107,0.010235543784076873,0.1618539162008187,0.11987499860472584,0.25,0.16185401032996644,0.25000014539213805,13242.0
29,29,8.0,16,32,2.0000011631371044,0.7071069868020511,7.786140424415112,0.05315,0.0117,0.05269772192253951,0.0334,0.01,0.041,0.0089,0.01035,0.0107,0.010058440258021701,0.22135808989737854,0.18091838319322884,0.25,0.2213582186322824,0.25000014539213805,52968.0
29,29,16.0,16,32,2.0000011631371044,0.35355349340102554,3.643070212207556,0.02345,0.0117,0.02425949683011602,0.01875,0.01,0.02175,0.0089,0.01035,0.0107,0.010014582351023647,0.24204192730170754,0.21492093870504403,0.25,0.24204206806568077,0.25000014539213805,211872.0
29,29,32.0,16,32,2.0000011631371044,0.17677674670051277,1.759035106103778,0.01455,0.0117,0.015794577144597713,0.0135,0.01,0.01535,0.0089,0.01035,0.0107,0.010003643857876464,0.24786754488456286,0.23239200046259584,0.25,0.24786768903653209,0.25000014539213805,847488.0
29,29,64.0,16,32,2.0000011631371044,0.08838837335025639,0.863892553051889,0.01155,0.0117,0.012611848141453958,0.0116,0.01,0.01305,0.0089,0.01035,0.0107,0.010000910856386177,0.24941419019049288,0.24118740397227395,0.25,0.24941433524194237,0.25000014539213805,3389952.0
29,29,128.0,16,32,2.0000011631371044,0.04419418667512819,0.4280400265259445,0.0104,0.0117,0.011240134132440885,0.01055,0.01,0.0121,0.0089,0.01035,0.0107,0.010000227707341864,0.249828404901497,0.24559262627295367,0.25,0.24982855019384073,0.25000014539213805,13559808.0
43,0,0.5,16,32,2.000000798294078,11.313710756901159,364.5782467906418,1.0,0.00995,1.0,0.35085,0.0103,0.9999,0.01055,0.00935,0.01045,0.03850920724715386,5.386175407481485e-25,3.854289132839594e-09,0.25,5.386177557357451e-25,0.25000009978675974,206.90625
43,0,1.0,16,32,2.000000798294078,5.6568553784505795,118.2891233953209,0.9998,0.00995,0.9995665608654914,0.08825,0.0103,0.77275,0.01055,0.00935,0.01045,0.0143901071579858,0.0014508807786380042,0.0011694316829721652,0.25,0.001450881357752771,0.25000009978675974,827.625
43,0,2.0,16,32,2.000000798294078,2.8284276892252898,43.14456169766045,0.68625,0.00995,0.6921943109648024,0.0339,0.0103,0.21135,0.01055,0.00935,0.01045,0.010971286796738375,0.058888777663850415,0.03932478105146141,0.25,0.05888880116913165,0.25000009978675974,3310.5
43,0,4.0,16,32,2.000000798294078,1.4142138446126449,17.572280848830225,0.17915,0.00995,0.18084908331290472,0.01985,0.0103,0.05765,0.01055,0.00935,0.01045,0.010235543740673252,0.16411181376623826,0.11987500862402514,0.25,0.16411187927098278,0.25000009978675974,13242.0
43,0,8.0,16,32,2.000000798294078,0.7071069223063224,7.786140424415112,0.0521,0.00995,0.05269771498678473,0.0137,0.0103,0.02535,0.01055,0.00935,0.01045,0.010058440247333955,0.22303906110116883,0.18091838923602033,0.25,0.22303915012654965,0.25000009978675974,52968.0
43,0,16.0,16,32,2.000000798294078,0.3535534611531612,3.643070212207556,0.02535,0.00995,0.02425949499234319,0.01125,0.0103,0.01535,0.01055,0.00935,0.01045,0.01001458234836183,0.24290456422588777,0.21492094187143967,0.25,0.24290466118052534,0.25000009978675974,211872.0
43,0,32.0,16,32,2.000000798294078,0.1767767305765806,1.759035106103778,0.01645,0.00995,0.015794576506307313,0.01,0.0103,0.01225,0.01055,0.00935,0.01045,0.010003643857211643,0.24829220221449588,0.2323920020644559,0.25,0.2482923013195932,0.25000009978675974,847488.0
43,0,64.0,16,32,2.000000798294078,0.0883883652882903,0.863892553051889,0.0131,0.00995,0.0126118478785621,0.00965,0.0103,0.01105,0.01055,0.00935,0.01045,0.010000910856220006,0.24962438380426827,0.2411874047755539,0.25,0.2496244834411019,0.25000009978675974,3389952.0
43,0,128.0,16,32,2.000000798294078,0.04419418264414515,0.4280400265259445,0.0118,0.00995,0.011240134013489564,0.0094,0.0103,0.01075,0.01055,0.00935,0.01045,0.010000227707300326,0.24993296256274738,0.2455926266748879,0.25,0.24993306232274934,0.25000009978675974,13559808.0
43,1,0.5,16,32,0.018166656960876187,1.0782699316479505,364.5782467906418,0.1029,0.01035,0.10600125757820356,0.0203,0.01005,0.01595,0.0091,0.0096,0.01075,0.010136349729696459,0.1934010838556998,0.14744843260549179,0.25,0.0017567255731340738,0.0022708321201095234,206.90625
43,1,1.0,16,32,0.018166656960876187,0.5391349658239752,118.2891233953209,0.036,0.01035,0.03695154190241044,0.01405,0.01005,0.0122,0.0091,0.0096,0.01075,0.010033937242260727,0.23386078691355128,0.19687325484289023,0.25,0.0021242343462295247,0.0022708321201095234,827.625
43,1,2.0,16,32,0.018166656960876187,0.2695674829119876,43.14456169766045,0.0204,0.01035,0.01985367755691341,0.01225,0.01005,0.01075,0.0091,0.0096,0.01075,0.010008474951539892,0.24602701858229115,0.22319571524140447,0.25,0.0022347442248457972,0.0022708321201095234,3310.5
43,1,4.0,16,32,0.018166656960876187,0.1347837414559938,17.572280848830225,0.015,0.01035,0.014205497095152142,0.01085,0.01005,0.0098,0.0091,0.0096,0.01075,0.010002118153380502,0.24912652026199555,0.23656743517423703,0.25,0.002262898016728222,0.0022708321201095234,13242.0
43,1,8.0,16,32,0.018166656960876187,0.0673918707279969,7.786140424415112,0.0127,0.01035,0.011943060896700716,0.0102,0.01005,0.0094,0.0091,0.0096,0.01075,0.01000052950182035,0.2498472462456346,0.24327990506082445,0.25,0.0022694446075820023,0.0022708321201095234,52968.0
43,1,16.0,16,32,0.018166656960876187,0.03369593536399845,3.643070212207556,0.0118,0.01035,0.010934025799714387,0.01015,0.01005,0.00935,0.0091,0.0096,0.01075,0.01000013237317236,0.24999493311972287,0.24663947566021327,0.25,0.002270786095971595,0.0022708321201095234,211872.0
43,1,32.0,16,32,0.018166656960876187,0.016847967681999226,1.759035106103778,0.0111,0.01035,0.010457928436208394,0.0101,0.01005,0.0093,0.0091,0.0096,0.01075,0.010000033093150383,0.2500153068939277,0.24831967821181383,0.25,0.002270971157655084,0.0022708321201095234,847488.0
43,1,64.0,16,32,0.018166656960876187,0.008423983840999613,0.863892553051889,0.01095,0.01035,0.010226728907121204,0.0101,0.01005,0.00915,0.0091,0.0096,0.01075,0.010000008273278642,0.25001211347211016,0.24915983165332284,0.25,0.002270942150755739,0.0022708321201095234,3389952.0
43,1,128.0,16,32,0.018166656960876187,0.004211991920499807,0.4280400265259445,0.0107,0.01035,0.010112810060280036,0.0101,0.01005,0.0091,0.0091,0.0096,0.01075,0.010000002068319063,0.25000717163096364,0.2495799148950791,0.25,0.0022708972623893065,0.0022708321201095234,13559808.0
43,2,0.5,16,32,2.000001884786361,11.313713829964373,364.5782467906418,1.0,0.0089,1.0,0.96105,0.01015,1.0,0.01135,0.00975,0.00925,0.03850923249632483,4.3787481383063786e-08,3.8542546418863775e-09,0.25,4.378752264808764e-08,0.25000023559829515,206.90625
43,2,1.0,16,32,2.000001884786361,5.656856914982186,118.2891233953209,0.9997,0.0089,0.9995665632576635,0.3847,0.01015,0.96605,0.01135,0.00975,0.00925,0.014390109932194566,0.0016591207191477613,0.0011694288761656243,0.25,0.001659122282691813,0.25000023559829515,827.625
43,2,2.0,16,32,2.000001884786361,2.828428457491093,43.14456169766045,0.687,0.0089,0.6921945811627893,0.09105,0.01015,0.4032,0.01135,0.00975,0.00925,0.010971287345816474,0.05718422807411871,0.03932475286329649,0.25,0.05718428196414528,0.25000023559829515,3310.5
43,2,4.0,16,32,2.000001884786361,1.4142142287455466,17.572280848830225,0.17685,0.0089,0.18084918440743158,0.03315,0.01015,0.0996,0.01135,0.00975,0.00925,0.010235543869928008,0.16194984918284772,0.11987497878683731,0.25,0.16195000180328117,0.25000023559829515,13242.0
43,2,8.0,16,32,2.000001884786361,0.7071071143727733,7.786140424415112,0.0521,0.0089,0.052697735641267965,0.01845,0.01015,0.03375,0.01135,0.00975,0.00925,0.010058440279161758,0.2214751536075652,0.18091837124075882,0.25,0.22147536232423964,0.25000023559829515,52968.0
43,2,16.0,16,32,2.000001884786361,0.35355355718638665,3.643070212207556,0.0238,0.0089,0.024259500465178902,0.0139,0.01015,0.0186,0.01135,0.00975,0.00925,0.010014582356288647,0.24207583015459466,0.21492093244200328,0.25,0.2420760582852062,0.25000023559829515,211872.0
43,2,32.0,16,32,2.000001884786361,0.17677677859319332,1.759035106103778,0.0153,0.0089,0.01579457840711808,0.01185,0.01015,0.0135,0.01135,0.00975,0.00925,0.010003643859191468,0.24788202763392667,0.23239199729416207,0.25,0.24788226123625912,0.25000023559829515,847488.0
43,2,64.0,16,32,2.000001884786361,0.08838838929659666,0.863892553051889,0.01165,0.0089,0.012611848661446667,0.0109,0.01015,0.01165,0.01135,0.00975,0.00925,0.010000910856714845,0.24942219160099735,0.241187402383409,0.25,0.2494224266547698,0.25000023559829515,3389952.0
43,2,128.0,16,32,2.000001884786361,0.04419419464829833,0.4280400265259445,0.0105,0.0089,0.011240134367723214,0.0101,0.01015,0.01055,0.01135,0.00975,0.00925,0.010000227707424026,0.2498327966463499,0.2455926254779391,0.25,0.24983303208707375,0.25000023559829515,13559808.0
43,3,0.5,16,32,0.009476544774437753,0.7787803705564337,364.5782467906418,0.06335,0.01,0.060863230207619794,0.02435,0.01055,0.0121,0.00975,0.0108,0.01015,0.010070926096985223,0.2173466749970806,0.1742468828239751,0.25,0.0010298477485925024,0.0011845680968047192,206.90625
43,3,1.0,16,32,0.009476544774437753,0.38939018527821684,118.2891233953209,0.0273,0.01,0.026375257834193516,0.0159,0.01055,0.01115,0.00975,0.0108,0.01015,0.010017690732881345,0.24109408396746207,0.21140791347616236,0.25,0.0011423694407848549,0.0011845680968047192,827.625
43,3,2.0,16,32,0.009476544774437753,0.19469509263910842,43.14456169766045,0.01765,0.01,0.016517700625930637,0.0129,0.01055,0.0104,0.00975,0.0108,0.01015,0.010004420137710756,0.24774678220716012,0.23061259969208495,0.25,0.0011738917371545156,0.0011845680968047192,3310.5
43,3,4.0,16,32,0.009476544774437753,0.09734754631955421,17.572280848830225,0.01395,0.01,0.012906941489814087,0.0114,0.01055,0.0102,0.00975,0.0108,0.01015,0.010001104875394984,0.24945000517525664,0.24029481927032445,0.25,0.0011819620715135244,0.0011845680968047192,13242.0
43,3,8.0,16,32,0.009476544774437753,0.048673773159777105,7.786140424415112,0.0126,0.01,0.011373000957749195,0.0104,0.01055,0.01005,0.00975,0.0108,0.01015,0.010000276208910135,0.24987094924868308,0.24514597265019833,0.25,0.0011839566191932044,0.0011845680968047192,52968.0
43,3,16.0,16,32,0.009476544774437753,0.024336886579888552,3.643070212207556,0.01175,0.01,0.010667276279377937,0.0102,0.01055,0.00995,0.00975,0.0108,0.01015,0.01000006905160635,0.24997207730612409,0.24757280664213105,0.25,0.00118443579147535,0.0011845680968047192,211872.0
43,3,32.0,16,32,0.009476544774437753,0.012168443289944276,1.759035106103778,0.01125,0.01,0.010328940889516164,0.01015,0.01055,0.00995,0.00975,0.0108,0.01015,0.010000017262862726,0.2499951968518579,0.24878638085882376,0.25,0.0011845453381805057,0.0011845680968047192,847488.0
43,3,64.0,16,32,0.009476544774437753,0.006084221644972138,0.863892553051889,0.0111,0.01,0.010163309553121077,0.01005,0.01055,0.00985,0.00975,0.0108,0.01015,0.010000004315713218,0.24999988847696406,0.2493931876215732,0.25,0.0011845675683781975,0.0011845680968047192,3389952.0
43,3,128.0,16,32,0.009476544774437753,0.003042110822486069,0.4280400265259445,0.0111,0.01,0.010081366220063516,0.01005,0.01055,0.00985,0.00975,0.0108,0.01015,0.010000001078928114,0.2500005167863534,0.24969659345980494,0.25,0.0011845705454792276,0.0011845680968047192,13559808.0
43,4,0.5,16,32,0.08652005174669186,2.353143283310279,364.5782467906418,0.50895,0.01055,0.510688542611434,0.2146,0.00995,0.05745,0.00995,0.00875,0.01005,0.010663936066026874,0.08892808729216495,0.05984163052884925,0.25,0.0038470313571262213,0.010815006468336483,206.90625
43,4,1.0,16,32,0.08652005174669186,1.1765716416551395,118.2891233953209,0.12465,0.01055,0.12511802343401035,0.05775,0.00995,0.0257,0.00995,0.00875,0.01005,0.010162526289636722,0.18633676131448698,0.13908511531395473,0.25,0.008060933115620192,0.010815006468336483,827.625
43,4,2.0,16,32,0.08652005174669186,0.5882858208275697,43.14456169766045,0.04315,0.01055,0.04109994017298296,0.0243,0.00995,0.016,0.00995,0.00875,0.01005,0.010040418497142106,0.2317210572859678,0.19216217566465144,0.25,0.010024258933590042,0.010815006468336483,3310.5
43,4,4.0,16,32,0.08652005174669186,0.2941429104137849,17.572280848830225,0.02255,0.01055,0.021066455310618147,0.01525,0.00995,0.013,0.00995,0.00875,0.01005,0.010010091354124251,0.2455938920849417,0.22076890507288577,0.25,0.010624398125930306,0.010815006468336483,13242.0
43,4,8.0,16,32,0.08652005174669186,0.14707145520689244,7.786140424415112,0.01605,0.01055,0.01465556996005503,0.01225,0.00995,0.01205,0.00995,0.00875,0.01005,0.010002522009879656,0.24909538575255297,0.23534495362656904,0.25,0.010775872832586526,0.010815006468336483,52968.0
43,4,16.0,16,32,0.08652005174669186,0.07353572760344622,3.643070212207556,0.0134,0.01055,0.012135498006468152,0.01055,0.00995,0.0117,0.00995,0.00875,0.01005,0.010000630450690625,0.24987956411594026,0.24266752442132827,0.25,0.010809796408875978,0.010815006468336483,211872.0
43,4,32.0,16,32,0.08652005174669186,0.03676786380172311,1.759035106103778,0.0121,0.01055,0.011022837440590247,0.00995,0.00995,0.01135,0.00995,0.00875,0.01005,0.010000157609436592,0.2500231108505783,0.24633314269084655,0.25,0.010816006244330456,0.010815006468336483,847488.0
43,4,64.0,16,32,0.08652005174669186,0.018383931900861555,0.863892553051889,0.0114,0.01055,0.010500571045088622,0.0095,0.00995,0.01125,0.00995,0.00875,0.01005,0.01000003940215686,0.2500323968985792,0.24816649389072354,0.25,0.010816407959007235,0.010815006468336483,3389952.0
43,4,128.0,16,32,0.08652005174669186,0.009191965950430777,0.4280400265259445,0.01125,0.01055,0.01024762019909158,0.00945,0.00995,0.0111,0.00995,0.00875,0.01005,0.010000009850526537,0.2500214077174737,0.24908323726306414,0.25,0.010815932566748286,0.010815006468336483,13559808.0
43,5,0.5,16,32,1.1236922608180087,8.480348146883626,364.5782467906418,1.0,0.01025,0.9999999996222372,0.857,0.0101,0.92895,0.0097,0.00945,0.0091,0.022092092348472828,4.093920430567131e-09,5.583662889119691e-06,0.25,2.3001533521165074e-09,0.14046153260225108,206.90625
43,5,1.0,16,32,1.1236922608180087,4.240174073441813,118.2891233953209,0.9726,0.01025,0.9721788166469434,0.26045,0.0101,0.33395,0.0097,0.00945,0.0091,0.01229645683579873,0.012711972927073087,0.008499676493261738,0.25,0.007142172798940038,0.14046153260225108,827.625
43,5,2.0,16,32,1.1236922608180087,2.1200870367209066,43.14456169766045,0.4175,0.01025,0.4182935840209982,0.06815,0.0101,0.07975,0.0097,0.00945,0.0091,0.01053609351625048,0.10417994189717764,0.07228120039338598,0.25,0.05853309722116416,0.14046153260225108,3310.5
43,5,4.0,16,32,1.1236922608180087,1.0600435183604533,17.572280848830225,0.1035,0.01025,0.10270206907206353,0.02865,0.0101,0.03185,0.0097,0.00945,0.0091,0.010131753134107175,0.19505576249074838,0.14902421111647252,0.25,0.10959132536940479,0.14046153260225108,13242.0
43,5,8.0,16,32,1.1236922608180087,0.5300217591802266,7.786140424415112,0.0376,0.01025,0.03622133345006402,0.01785,0.0101,0.01805,0.0097,0.00945,0.0091,0.010032798012295624,0.234278437431636,0.19775027017012753,0.25,0.13162843350923273,0.14046153260225108,52968.0
43,5,16.0,16,32,1.1236922608180087,0.2650108795901133,3.643070212207556,0.02085,0.01025,0.01963545058893021,0.01315,0.0101,0.01335,0.0097,0.00945,0.0091,0.010008190761271338,0.2460723404622292,0.2236461301577839,0.25,0.13825479228939053,0.14046153260225108,211872.0
43,5,32.0,16,32,1.1236922608180087,0.13250543979505666,1.759035106103778,0.0153,0.01025,0.014123369505887226,0.0115,0.0101,0.01145,0.0097,0.00945,0.0091,0.010002047144347515,0.249104826821891,0.23679415613216717,0.25,0.1399585830160846,0.14046153260225108,847488.0
43,5,64.0,16,32,1.1236922608180087,0.06625271989752833,0.863892553051889,0.0122,0.01025,0.011907672919102727,0.01075,0.0101,0.0104,0.0097,0.00945,0.0091,0.01000051175196983,0.24982521331529006,0.24339345552064579,0.25,0.14036332937979978,0.14046153260225108,3389952.0
43,5,128.0,16,32,1.1236922608180087,0.033126359948764166,0.4280400265259445,0.0112,0.01025,0.010917627571284063,0.0103,0.0101,0.0098,0.0097,0.00945,0.0091,0.010000127935860203,0.24998112768145414,0.2466962746625971,0.25,0.14045092926310423,0.14046153260225108,13559808.0
43,6,0.5,16,32,0.596795476817124,6.180203112867403,364.5782467906418,0.99995,0.01045,0.9999418638209874,0.6212,0.0102,0.21735,0.0102,0.0103,0.009,0.015408254600035537,0.0007957688953011152,0.0005002201675415541,0.25,0.00023745563865373254,0.0745994346021405,206.90625
43,6,1.0,16,32,0.596795476817124,3.0901015564337015,118.2891233953209,0.78,0.01045,0.7774929783038189,0.1579,0.0102,0.058,0.0102,0.0103,0.009,0.01116847219382319,0.046332043524106206,0.030583495373682632,0.25,0.013825377003440352,0.0745994346021405,827.625
43,6,2.0,16,32,0.596795476817124,1.5450507782168508,43.14456169766045,0.21885,0.01045,0.21731388891320275,0.04665,0.0102,0.0271,0.0102,0.0103,0.009,0.010281694841269597,0.15099499977947536,0.10995082887623656,0.25,0.04505656644519677,0.0745994346021405,3310.5
43,6,4.0,16,32,0.596795476817124,0.7725253891084254,17.572280848830225,0.0607,0.01045,0.060113382798686166,0.02315,0.0102,0.0175,0.0102,0.0103,0.009,0.010069787919670985,0.21746223662213826,0.17482553151526264,0.25,0.06489023959731362,0.0745994346021405,13242.0
43,6,8.0,16,32,0.596795476817124,0.3862626945542127,7.786140424415112,0.0268,0.01045,0.02618466942219686,0.0144,0.0102,0.01355,0.0102,0.0103,0.009,0.010017407484661827,0.2411969111674679,0.21171402580294163,0.25,0.07197261280350324,0.0745994346021405,52968.0
43,6,16.0,16,32,0.596795476817124,0.19313134727710635,3.643070212207556,0.01695,0.01045,0.016453484000062173,0.01145,0.0102,0.01175,0.0102,0.0103,0.009,0.01000434940647602,0.24780613273209973,0.23076782938102391,0.25,0.07394478957103048,0.0745994346021405,211872.0
43,6,32.0,16,32,0.596795476817124,0.09656567363855317,1.759035106103778,0.0133,0.01045,0.012880952817078998,0.0101,0.0102,0.01095,0.0102,0.0103,0.009,0.010001087197634645,0.2494797171194043,0.24037270820842882,0.25,0.07444418336723806,0.0745994346021405,847488.0
43,6,64.0,16,32,0.596795476817124,0.04828283681927659,0.863892553051889,0.0118,0.01045,0.011361351480107596,0.0098,0.0102,0.0106,0.0102,0.0103,0.009,0.010000271789785518,0.24988549829174378,0.24518495145651098,0.25,0.07456526755135293,0.0745994346021405,3389952.0
43,6,128.0,16,32,0.596795476817124,0.024141418409638293,0.4280400265259445,0.01075,0.01045,0.01066176604728239,0.0097,0.0102,0.01045,0.0102,0.0103,0.009,0.010000067946844913,0.24997923369052927,0.24759230033980972,0.25,0.07459323798235934,0.0745994346021405,13559808.0
43,7,0.5,16,32,0.047943508044565125,1.7516804830939254,364.5782467906418,0.28255,0.0098,0.2827581326514388,0.19475,0.00935,0.0135,0.00825,0.0097,0.00985,0.010363330974798593,0.13415319772409115,0.09527922248889603,0.25,0.00321588745714455,0.005992938505570641,206.90625
43,7,1.0,16,32,0.047943508044565125,0.8758402415469627,118.2891233953209,0.07295,0.0098,0.073458506169355,0.0558,0.00935,0.01155,0.00825,0.0097,0.00985,0.01008977988550821,0.21015681736409947,0.16536104734215834,0.25,0.005037827531957953,0.005992938505570641,827.625
43,7,2.0,16,32,0.047943508044565125,0.43792012077348136,43.14456169766045,0.0288,0.0098,0.029484274216608337,0.0259,0.00935,0.0106,0.00825,0.0097,0.00985,0.010022379681540069,0.2390709043525755,0.20667029000049955,0.25,0.005730948913024582,0.005992938505570641,3310.5
43,7,4.0,16,32,0.047943508044565125,0.21896006038674068,17.572280848830225,0.01715,0.0098,0.01754198853474213,0.01735,0.00935,0.01005,0.00825,0.0097,0.00985,0.010005590847765995,0.24730729567950438,0.22820544003734436,0.25,0.005928389659944982,0.005992938505570641,13242.0
43,7,8.0,16,32,0.047943508044565125,0.10948003019337034,7.786140424415112,0.0133,0.0098,0.013316061860413607,0.0133,0.00935,0.00975,0.00825,0.0097,0.00985,0.01000139745752758,0.24938791681327896,0.23908639742513652,0.25,0.005978265797977389,0.005992938505570641,52968.0
43,7,16.0,16,32,0.047943508044565125,0.05474001509668517,3.643070212207556,0.01155,0.0098,0.011555102898551248,0.0119,0.00935,0.0097,0.00825,0.0097,0.00985,0.010000349348482939,0.24988023204956386,0.244541154948094,0.25,0.005990067457723032,0.005992938505570641,211872.0
43,7,32.0,16,32,0.047943508044565125,0.027370007548342585,1.759035106103778,0.0108,0.0098,0.010753098091853826,0.0112,0.00935,0.0097,0.00825,0.0097,0.00985,0.010000087336127042,0.2499868462391061,0.24727032189582784,0.25,0.005992623186850024,0.005992938505570641,847488.0
43,7,64.0,16,32,0.047943508044565125,0.013685003774171292,0.863892553051889,0.01035,0.0098,0.010370590973476347,0.01105,0.00935,0.0097,0.00825,0.0097,0.00985,0.010000021833969622,0.2500051144245749,0.24863512899727097,0.25,0.005993061107298516,0.005992938505570641,3389952.0
43,7,128.0,16,32,0.047943508044565125,0.006842501887085646,0.4280400265259445,0.01005,0.0098,0.010183825090633458,0.01095,0.00935,0.0097,0.00825,0.0097,0.00985,0.010000005458488486,0.2500054804071779,0.24931756050469994,0.25,0.005993069880543452,0.005992938505570641,13559808.0
43,8,0.5,16,32,2.0000015448001376,11.313712868338529,364.5782467906418,1.0,0.0094,1.0,0.99655,0.01035,1.0,0.01,0.00985,0.01035,0.03850922459532808,3.006547666400101e-10,3.854265434795806e-09,0.25,3.006549988657725e-10,0.2500001931000172,206.90625
43,8,1.0,16,32,2.0000015448001376,5.656856434169264,118.2891233953209,0.9997,0.0094,0.999566562509104,0.59985,0.01035,0.95535,0.01,0.00985,0.01035,0.014390109064086404,0.00173125506081734,0.0011694297544735225,0.25,0.0017312563980388682,0.2500001931000172,827.625
43,8,2.0,16,32,2.0000015448001376,2.828428217084632,43.14456169766045,0.6875,0.0094,0.6921944966121912,0.14895,0.01035,0.3796,0.01,0.00985,0.01035,0.010971287173998416,0.05774598407664154,0.03932476168396204,0.25,0.05774602867964362,0.2500001931000172,3310.5
43,8,4.0,16,32,2.0000015448001376,1.414214108542316,17.572280848830225,0.179,0.0094,0.18084915277283298,0.0446,0.01035,0.09645,0.01,0.00985,0.01035,0.010235543829481483,0.16281139121796306,0.11987498812351785,0.25,0.16281151697349283,0.2500001931000172,13242.0
43,8,8.0,16,32,2.0000015448001376,0.707107054271158,7.786140424415112,0.0512,0.0094,0.05269772917804688,0.0222,0.01035,0.0357,0.01,0.00985,0.01035,0.010058440269202175,0.22226846935230132,0.18091837687185297,0.25,0.22226864103248234,0.2500001931000172,52968.0
43,8,16.0,16,32,2.0000015448001376,0.353553527135579,3.643070212207556,0.02375,0.0094,0.024259498752613875,0.015,0.01035,0.02075,0.01,0.00985,0.01035,0.010014582353808182,0.2425293935278688,0.21492093539267143,0.25,0.24252958085758902,0.2500001931000172,211872.0
43,8,32.0,16,32,2.0000015448001376,0.1767767635677895,1.759035106103778,0.0152,0.0094,0.015794577812314574,0.01155,0.01035,0.01445,0.01,0.00985,0.01035,0.010003643858571937,0.24811265104776012,0.23239199878688693,0.25,0.24811284268998884,0.2500001931000172,847488.0
43,8,64.0,16,32,2.0000015448001376,0.08838838178389476,0.863892553051889,0.0123,0.0094,0.012611848416465678,0.00995,0.01035,0.0121,0.01,0.00985,0.01035,0.01000091085656,0.2495369949321351,0.24118740313196124,0.25,0.24953718767452715,0.2500001931000172,3389952.0
43,8,128.0,16,32,2.0000015448001376,0.04419419089194738,0.4280400265259445,0.0112,0.0094,0.011240134256876071,0.0092,0.01035,0.0113,0.01,0.00985,0.01035,0.01000022770738532,0.24988990262146923,0.24559262585248945,0.25,0.2498900956364472,0.2500001931000172,13559808.0
43,9,0.5,16,32,1.0897414835807573,8.351254693108602,364.5782467906418,1.0,0.00865,0.9999999991539646,0.99995,0.01,0.6053,0.01115,0.00995,0.0116,0.02159800290723179,4.005209427504617e-06,7.429148843983096e-06,0.25,2.1823214317902586e-06,0.13621768544759466,206.90625
43,9,1.0,16,32,1.0897414835807573,4.175627346554301,118.2891233953209,0.96635,0.00865,0.9677912658635277,0.74265,0.01,0.1533,0.01115,0.00995,0.0116,0.012220923260413921,0.01388201083017752,0.009203661418601022,0.25,0.007563901538580896,0.13621768544759466,827.625
43,9,2.0,16,32,1.0897414835807573,2.0878136732771506,43.14456169766045,0.40735,0.00865,0.40573339618729487,0.19905,0.01,0.04675,0.01115,0.00995,0.0116,0.010519538309176384,0.10536934886153163,0.07413212370975375,0.25,0.057412675276151924,0.13621768544759466,3310.5
43,9,4.0,16,32,1.0897414835807573,1.0439068366385753,17.572280848830225,0.09835,0.00865,0.09984398812943146,0.05495,0.01,0.0225,0.01115,0.00995,0.0116,0.010127750430326297,0.19497344253892762,0.1504256909750495,0.25,0.10623532426560926,0.13621768544759466,13242.0
43,9,8.0,16,32,1.0897414835807573,0.5219534183192877,7.786140424415112,0.0364,0.00865,0.03558474580029032,0.02315,0.01,0.01495,0.01115,0.00995,0.0116,0.010031805699759984,0.23386415104488867,0.19852761710257283,0.25,0.12742573345800565,0.13621768544759466,52968.0
43,9,16.0,16,32,1.0897414835807573,0.2609767091596438,3.643070212207556,0.02005,0.00865,0.019443947370909907,0.0152,0.01,0.01205,0.01115,0.00995,0.0116,0.010007943203637777,0.24573151364310286,0.22404501676666078,0.25,0.13389191211999002,0.13621768544759466,211872.0
43,9,32.0,16,32,1.0897414835807573,0.1304883545798219,1.759035106103778,0.01395,0.00865,0.014050999965773114,0.012,0.01,0.01075,0.01115,0.00995,0.0116,0.010001985287435894,0.24889836148389244,0.23699489691132333,0.25,0.13561743485213829,0.13621768544759466,847488.0
43,9,64.0,16,32,1.0897414835807573,0.06524417728991096,0.863892553051889,0.01145,0.00865,0.011876418262860398,0.01065,0.01,0.01015,0.01115,0.00995,0.0116,0.01000049628977243,0.24971312678380653,0.24349398875297545,0.25,0.13606137662548753,0.13621768544759466,3389952.0
43,9,128.0,16,32,1.0897414835807573,0.03262208864495548,0.4280400265259445,0.0105,0.00865,0.010903127330641253,0.00965,0.01,0.00985,0.01115,0.00995,0.0116,0.01000012407043775,0.2499229290373897,0.2467465616547397,0.25,0.1361756917350267,0.13621768544759466,13559808.0
43,10,0.5,16,32,0.0881192258038988,2.37479061212763,364.5782467906418,0.5267,0.01,0.5193183004002678,0.03675,0.00895,0.0271,0.01075,0.01065,0.01,0.010676558955496258,0.08420785725706154,0.05876793265817962,0.25,0.003710165594048742,0.01101490322548735,206.90625
43,10,1.0,16,32,0.0881192258038988,1.187395306063815,118.2891233953209,0.1293,0.01,0.12736146909095641,0.01875,0.00895,0.0155,0.01075,0.01065,0.01,0.010165551762727857,0.18155467202669368,0.13817858827282428,0.25,0.007999228570036505,0.01101490322548735,827.625
43,10,2.0,16,32,0.0881192258038988,0.5936976530319075,43.14456169766045,0.04295,0.01,0.041578928603911706,0.0132,0.00895,0.01175,0.01075,0.01065,0.01,0.010041166896693156,0.22878935494037617,0.19164548162101233,0.25,0.01008037041475968,0.01101490322548735,3310.5
43,10,4.0,16,32,0.0881192258038988,0.29684882651595373,17.572280848830225,0.02035,0.01,0.021203742950990572,0.01075,0.00895,0.0104,0.01075,0.01065,0.01,0.010010277958626168,0.2441201495328728,0.22050195861422994,0.25,0.01075583928998438,0.01101490322548735,13242.0
43,10,8.0,16,32,0.0881192258038988,0.14842441325797687,7.786140424415112,0.01465,0.01,0.014705867769531363,0.01015,0.00895,0.01005,0.01075,0.01065,0.01,0.010002568630084967,0.24838152660205678,0.23521038328761806,0.25,0.010943593914081869,0.01101490322548735,52968.0
43,10,16.0,16,32,0.0881192258038988,0.07421220662898843,3.643070212207556,0.01225,0.01,0.012156849968556387,0.0097,0.00895,0.00965,0.01075,0.01065,0.01,0.010000642103810093,0.24953152599602643,0.24260010141004854,0.25,0.010994262442217649,0.01101490322548735,211872.0
43,10,32.0,16,32,0.0881192258038988,0.03710610331449422,1.759035106103778,0.01125,0.01,0.011032654431360025,0.00965,0.00895,0.00955,0.01075,0.01065,0.01,0.01000016052259573,0.2498516772114499,0.24629941393293045,0.25,0.011008368180839296,0.01101490322548735,847488.0
43,10,64.0,16,32,0.0881192258038988,0.01855305165724711,0.863892553051889,0.01085,0.01,0.010505275523610701,0.0095,0.00895,0.0095,0.01075,0.01065,0.01,0.010000040130439099,0.24994736891884725,0.24814962735454127,0.25,0.011012584320425149,0.01101490322548735,3389952.0
43,10,128.0,16,32,0.0881192258038988,0.009276525828623554,0.4280400265259445,0.0106,0.01,0.010249922740760635,0.00945,0.00895,0.0095,0.01075,0.01065,0.01,0.010000010032596623,0.2499790710436383,0.24907480372529842,0.25,0.011013981103771612,0.01101490322548735,13559808.0
43,11,0.5,16,32,2.000001086884123,11.313711573156878,364.5782467906418,1.0,0.0102,1.0,1.0,0.0114,1.0,0.00915,0.01035,0.00985,0.0385092139537436,1.4626051035824923e-21,3.854279971450541e-09,0.25,1.462605898423625e-21,0.2500001358605154,206.90625
43,11,1.0,16,32,2.000001086884123,5.656855786578439,118.2891233953209,0.9997,0.0102,0.9995665615008925,0.83595,0.0114,0.9841,0.00915,0.01035,0.00985,0.014390107894860796,0.0016258199918455078,0.001169430937437967,0.25,0.0016258208753844759,0.2500001358605154,827.625
43,11,2.0,16,32,2.000001086884123,2.8284278932892195,43.14456169766045,0.69095,0.0102,0.6921943827338055,0.24525,0.0114,0.4669,0.00915,0.01035,0.00985,0.010971286942582458,0.05807136960555591,0.0393247735642235,0.25,0.058071401163980726,0.2500001358605154,3310.5
43,11,4.0,16,32,2.000001086884123,1.4142139466446098,17.572280848830225,0.17955,0.0102,0.18084911016525673,0.06505,0.0114,0.1136,0.00915,0.01035,0.00985,0.01023554377500542,0.16242295183579525,0.11987500069878093,0.25,0.16242304010325903,0.2500001358605154,13242.0
43,11,8.0,16,32,2.000001086884123,0.7071069733223049,7.786140424415112,0.053,0.0102,0.052697720472951785,0.02785,0.0114,0.036,0.00915,0.01035,0.00985,0.01005844025578794,0.2220423786232159,0.18091838445618527,0.25,0.22204249929038392,0.2500001358605154,52968.0
43,11,16.0,16,32,2.000001086884123,0.35355348666115244,3.643070212207556,0.0228,0.0102,0.024259496446017537,0.01725,0.0114,0.0189,0.00915,0.01035,0.00985,0.010014582350467321,0.242466462524963,0.21492093936682755,0.25,0.24246659429143727,0.2500001358605154,211872.0
43,11,32.0,16,32,2.000001086884123,0.17677674333057622,1.759035106103778,0.01445,0.0102,0.015794577011193637,0.01315,0.0114,0.0132,0.00915,0.01035,0.00985,0.010003643857737518,0.2480964665812371,0.23239200079738806,0.25,0.24809660140729237,0.2500001358605154,847488.0
43,11,64.0,16,32,2.000001086884123,0.08838837166528811,0.863892553051889,0.01125,0.0102,0.012611848086509007,0.01135,0.0114,0.0107,0.00915,0.01035,0.00985,0.010000910856351443,0.24953237764019853,0.24118740414016118,0.25,0.24953251324658826,0.2500001358605154,3389952.0
43,11,128.0,16,32,2.000001086884123,0.044194185832644055,0.4280400265259445,0.0103,0.0102,0.011240134107579795,0.01075,0.0114,0.0098,0.00915,0.01035,0.00985,0.01000022770733318,0.24988838355086074,0.24559262635695878,0.25,0.24988851935071907,0.2500001358605154,13559808.0
43,12,0.5,16,32,0.09006416973837862,2.400855444056604,364.5782467906418,0.53275,0.0105,0.5296967410449974,0.2923,0.0106,0.05285,0.0106,0.0101,0.0105,0.010691928584207892,0.08303191794475762,0.057493316941320455,0.25,0.003739100375739888,0.011258021217297328,206.90625
43,12,1.0,16,32,0.09006416973837862,1.200427722028302,118.2891233953209,0.12965,0.0105,0.13009965931527734,0.07665,0.0106,0.0245,0.0106,0.0101,0.0105,0.010169232450509588,0.18129352931339182,0.13709092928553407,0.25,0.008164025598275521,0.011258021217297328,827.625
43,12,2.0,16,32,0.09006416973837862,0.600213861014151,43.14456169766045,0.04245,0.0105,0.04216165299360826,0.0299,0.0106,0.01525,0.0106,0.0101,0.0105,0.010042077178822354,0.22902878369255225,0.19102389823637217,0.25,0.010313643624730215,0.011258021217297328,3310.5
43,12,4.0,16,32,0.09006416973837862,0.3001069305070755,17.572280848830225,0.02195,0.0105,0.021370049903327273,0.01785,0.0106,0.01185,0.0106,0.0101,0.0105,0.01001050491441207,0.24436825997271083,0.22018060838844866,0.25,0.011004412222427231,0.011258021217297328,13242.0
43,12,8.0,16,32,0.09006416973837862,0.15005346525353774,7.786140424415112,0.01525,0.0105,0.014766626680261933,0.01345,0.0106,0.01065,0.0106,0.0101,0.0105,0.01000262533066227,0.248538584095697,0.2350483605676114,0.25,0.011192210612265573,0.011258021217297328,52968.0
43,12,16.0,16,32,0.09006416973837862,0.07502673262676887,3.643070212207556,0.01265,0.0105,0.012182602360708995,0.01145,0.0106,0.01,0.0106,0.0101,0.0105,0.01000065627655716,0.24961810919600094,0.24251892071795042,0.25,0.011240823878200879,0.011258021217297328,211872.0
43,12,32.0,16,32,0.09006416973837862,0.037513366313384436,1.759035106103778,0.0114,0.0105,0.011044484835744257,0.0107,0.0106,0.0098,0.0106,0.0101,0.0105,0.010000164065632679,0.24989693656768233,0.24625880239273115,0.25,0.011253380056066289,0.011258021217297328,847488.0
43,12,64.0,16,32,0.09006416973837862,0.018756683156692218,0.863892553051889,0.01095,0.0105,0.010510942467370313,0.0099,0.0106,0.00965,0.0106,0.0101,0.0105,0.010000041016188975,0.24997048341538328,0.24812931893430834,0.25,0.011256692023953819,0.011258021217297328,3389952.0
43,12,128.0,16,32,0.09006416973837862,0.009378341578346109,0.4280400265259445,0.01075,0.0105,0.010252695753644384,0.0097,0.0106,0.00955,0.0106,0.0101,0.0105,0.01000001025403351,0.24999074851844633,0.24906464918388826,0.25,0.011257604603794836,0.011258021217297328,13559808.0
43,13,0.5,16,32,1.011384481573247,8.045409052415408,364.5782467906418,1.0,0.00945,0.9999999946442887,0.0744,0.0109,0.1821,0.0105,0.01025,0.0101,0.02049301349556963,2.845018314576396e-05,1.4383413897446645e-05,0.25,1.4387036865771205e-05,0.12642306019665586,206.90625
43,13,1.0,16,32,1.011384481573247,4.022704526207704,118.2891233953209,0.9548,0.00945,0.9550908211615701,0.02935,0.0109,0.0532,0.0105,0.01025,0.0101,0.012048120259594449,0.016528579250251203,0.011072065448389748,0.25,0.00835837427807882,0.12642306019665586,827.625
43,13,2.0,16,32,1.011384481573247,2.011352263103852,43.14456169766045,0.3734,0.00945,0.3763824931656076,0.0173,0.0109,0.02345,0.0105,0.01025,0.0101,0.010481415631080564,0.11335626861406814,0.07864284710482775,0.25,0.057323385482658515,0.12642306019665586,3310.5
43,13,4.0,16,32,1.011384481573247,1.005676131551926,17.572280848830225,0.0915,0.00945,0.09330541999999598,0.0127,0.0109,0.01605,0.0105,0.01025,0.0101,0.010118517593858263,0.20026140194034936,0.15376953205688143,0.25,0.10127063709028593,0.12642306019665586,13242.0
43,13,8.0,16,32,1.011384481573247,0.502838065775963,7.786140424415112,0.03295,0.00945,0.03411310645716929,0.01085,0.0109,0.01275,0.0105,0.01025,0.0101,0.010029515808444332,0.2361189632357289,0.20037253852109008,0.25,0.11940352761089011,0.12642306019665586,52968.0
43,13,16.0,16,32,1.011384481573247,0.2514190328879815,3.643070212207556,0.0189,0.00945,0.018996565125971074,0.0098,0.0109,0.0114,0.0105,0.01025,0.0101,0.010007371871068435,0.24663836723788446,0.22499046714971116,0.25,0.12472310859247993,0.12642306019665586,211872.0
43,13,32.0,16,32,1.011384481573247,0.12570951644399075,1.759035106103778,0.0139,0.00945,0.013880817933257789,0.0095,0.0109,0.0108,0.0105,0.01025,0.0101,0.01000184252548799,0.24928308072433633,0.2374705403188945,0.25,0.1260605196816824,0.12642306019665586,847488.0
43,13,64.0,16,32,1.011384481573247,0.06285475822199538,0.863892553051889,0.0118,0.00945,0.011802654252037161,0.00935,0.0109,0.0105,0.0105,0.01025,0.0101,0.010000460603733987,0.24988696404262833,0.2437321766396499,0.25,0.12636589879008311,0.12642306019665586,3389952.0
43,13,128.0,16,32,1.011384481573247,0.03142737911099769,0.4280400265259445,0.01075,0.00945,0.010868840519971671,0.0093,0.0109,0.0104,0.0105,0.01025,0.0101,0.010000115149206157,0.2500050800269472,0.2468657014149904,0.25,0.12642562912686606,0.12642306019665586,13559808.0
43,14,0.5,16,32,1.1024556192371393,8.399830928725704,364.5782467906418,1.0,0.0086,0.9999999993741739,1.0,0.0098,0.95055,0.0092,0.00905,0.00985,0.02178193471200847,4.81754460254558e-07,6.675366345181148e-06,0.25,2.655564559000963e-07,0.1378069524046424,206.90625
43,14,1.0,16,32,1.1024556192371393,4.199915464362852,118.2891233953209,0.9696,0.0086,0.96950497570822,0.8044,0.0098,0.376,0.0092,0.00905,0.00985,0.01224916264742537,0.012975110743017357,0.008933139867991135,0.25,0.00715224187443183,0.1378069524046424,827.625
43,14,2.0,16,32,1.1024556192371393,2.099957732181426,43.14456169766045,0.41,0.0086,0.4104489972864667,0.23275,0.0098,0.0904,0.0092,0.00905,0.00985,0.010525735381214572,0.10471675339522793,0.07343195736905417,0.25,0.05772278660441941,0.1378069524046424,3310.5
43,14,4.0,16,32,1.1024556192371393,1.049978866090713,17.572280848830225,0.1017,0.0086,0.10091255323933657,0.06535,0.0098,0.03325,0.0092,0.00905,0.00985,0.010129249231340301,0.1949232858410877,0.14989763418773622,0.25,0.10744713589783712,0.1378069524046424,13242.0
43,14,8.0,16,32,1.1024556192371393,0.5249894330453565,7.786140424415112,0.03605,0.0086,0.03582320102986249,0.02795,0.0098,0.0186,0.0092,0.00905,0.00985,0.010032177298241712,0.23384004995095514,0.19823501454964082,0.25,0.12889913853556192,0.1378069524046424,52968.0
43,14,16.0,16,32,1.1024556192371393,0.26249471652267825,3.643070212207556,0.01885,0.0086,0.019515820602898467,0.0174,0.0098,0.0136,0.0092,0.00905,0.00985,0.010008035910210218,0.2457318420724404,0.22389490836773807,0.25,0.1354542250591276,0.1378069524046424,211872.0
43,14,32.0,16,32,1.1024556192371393,0.13124735826133913,1.759035106103778,0.0142,0.0086,0.014078194117291465,0.01295,0.0098,0.0115,0.0092,0.00905,0.00985,0.010002008452026178,0.24890460438804696,0.23691935913135065,0.25,0.13720313988079974,0.1378069524046424,847488.0
43,14,64.0,16,32,1.1024556192371393,0.06562367913066956,0.863892553051889,0.01205,0.0086,0.01188817063381437,0.01135,0.0098,0.01055,0.0092,0.00905,0.00985,0.010000502080166895,0.24971815202982894,0.24345615917239552,0.25,0.13765158996539958,0.1378069524046424,3389952.0
43,14,128.0,16,32,1.1024556192371393,0.03281183956533478,0.4280400265259445,0.01125,0.0086,0.010908581620147288,0.0107,0.0098,0.0101,0.0092,0.00905,0.00985,0.010000125517989303,0.24992596143188714,0.24672763927050947,0.25,0.13776614028691428,0.1378069524046424,13559808.0
43,15,0.5,16,32,2.000001641182185,11.313713140948016,364.5782467906418,1.0,0.00975,1.0,0.388,0.0097,1.0,0.0108,0.00995,0.01095,0.038509226835166534,8.066576450675702e-21,3.85426237513141e-09,0.25,8.066583070036485e-21,0.2500002051477731,206.90625
43,15,1.0,16,32,2.000001641182185,5.656856570474008,118.2891233953209,0.9996,0.00975,0.9995665627213118,0.09265,0.0097,0.9659,0.0108,0.00995,0.01095,0.014390109310184737,0.001596558382559957,0.0011694295054836222,0.25,0.001596559692681544,0.2500002051477731,827.625
43,15,2.0,16,32,2.000001641182185,2.828428285237004,43.14456169766045,0.69325,0.00975,0.692194520581281,0.03485,0.0097,0.39595,0.0108,0.00995,0.01095,0.010971287222706794,0.0584348762838867,0.039324759183408144,0.25,0.058434924235025665,0.2500002051477731,3310.5
43,15,4.0,16,32,2.000001641182185,1.414214142618502,17.572280848830225,0.18175,0.00975,0.18084916174086507,0.0196,0.0097,0.0987,0.0108,0.00995,0.01095,0.010235543840947596,0.1631099619995509,0.11987498547667996,0.25,0.1631100958461328,0.2500002051477731,13242.0
43,15,8.0,16,32,2.000001641182185,0.707107071309251,7.786140424415112,0.05285,0.00975,0.05269773101029313,0.01445,0.0097,0.0361,0.0108,0.00995,0.01095,0.0100584402720256,0.22250321258063568,0.1809183752755048,0.25,0.22250339516478995,0.2500002051477731,52968.0
43,15,16.0,16,32,2.000001641182185,0.3535535356546255,3.643070212207556,0.02485,0.00975,0.024259499238105692,0.01225,0.0097,0.0194,0.0108,0.00995,0.01095,0.010014582354511364,0.24269084723840678,0.2149209345561921,0.25,0.24269104638835423,0.2500002051477731,211872.0
43,15,32.0,16,32,2.000001641182185,0.17677676782731275,1.759035106103778,0.0162,0.00975,0.015794577980934272,0.01155,0.0097,0.01245,0.0108,0.00995,0.01095,0.010003643858747567,0.24820105904418255,0.23239199836371718,0.25,0.24820126271576073,0.2500002051477731,847488.0
43,15,64.0,16,32,2.000001641182185,0.08838838391365637,0.863892553051889,0.01315,0.00975,0.01261184848591488,0.01115,0.0097,0.01055,0.0108,0.00995,0.01095,0.0100009108566039,0.24958240643022575,0.2411874029197556,0.25,0.2495826112353253,0.2500002051477731,3389952.0
43,15,128.0,16,32,2.000001641182185,0.04419419195682819,0.4280400265259445,0.0119,0.00975,0.01124013428829993,0.011,0.0097,0.0096,0.0108,0.00995,0.01095,0.010000227707396291,0.24991281043595331,0.24559262574630888,0.25,0.24991301551217943,0.2500002051477731,13559808.0
43,16,0.5,16,32,2.000002031466562,11.313714244838428,364.5782467906418,1.0,0.009,1.0,1.0,0.01,1.0,0.0091,0.0105,0.01,0.038509235905050815,1.7700907521908275e-22,3.854249985512582e-09,0.25,1.770092550130915e-22,0.25000025393332026,206.90625
43,16,1.0,16,32,2.000002031466562,5.656857122419214,118.2891233953209,0.99945,0.009,0.9995665635806139,0.78255,0.01,0.9279,0.0091,0.0105,0.01,0.01439011030672235,0.0016875755307218187,0.0011694284972375995,0.25,0.0016875772448484495,0.25000025393332026,827.625
43,16,2.0,16,32,2.000002031466562,2.828428561209607,43.14456169766045,0.69395,0.009,0.6921946176404347,0.21725,0.01,0.33335,0.0091,0.0105,0.01,0.010971287419943913,0.05672784103491328,0.0393247490577989,0.25,0.05672789865526938,0.25000025393332026,3310.5
43,16,4.0,16,32,2.000002031466562,1.4142142806048035,17.572280848830225,0.18245,0.009,0.18084919805554156,0.05885,0.01,0.0843,0.0091,0.0105,0.01,0.010235543887377846,0.16094440300844984,0.11987497475871511,0.25,0.16094456648503638,0.25000025393332026,13242.0
43,16,8.0,16,32,2.000002031466562,0.7071071403024017,7.786140424415112,0.05515,0.009,0.052697738429694455,0.0247,0.01,0.0315,0.0091,0.0105,0.01,0.01005844028345863,0.220967314537966,0.18091836881133697,0.25,0.2209675389818214,0.25000025393332026,52968.0
43,16,16.0,16,32,2.000002031466562,0.35355357015120087,3.643070212207556,0.0251,0.009,0.02425950120403056,0.01585,0.01,0.01815,0.0091,0.0105,0.01,0.010014582357358795,0.24182642363300372,0.2149209311689971,0.25,0.24182666926415045,0.25000025393332026,211872.0
43,16,32.0,16,32,2.000002031466562,0.17677678507560043,1.759035106103778,0.0163,0.009,0.015794578663734057,0.0122,0.01,0.0127,0.0091,0.0105,0.01,0.010003643859458749,0.24775726229049352,0.23239199665015609,0.25,0.24775751394579046,0.25000025393332026,847488.0
43,16,64.0,16,32,2.000002031466562,0.08838839253780022,0.863892553051889,0.01315,0.009,0.012611848767138759,0.0108,0.01,0.01095,0.0091,0.0105,0.01,0.01000091085678165,0.24936012979533578,0.24118740206046124,0.25,0.24936038307871858,0.25000025393332026,3389952.0
43,16,128.0,16,32,2.000002031466562,0.04419419626890011,0.4280400265259445,0.0116,0.009,0.011240134415545963,0.0101,0.01,0.0103,0.0091,0.0105,0.01,0.010000227707440728,0.24980194247898974,0.24559262531634693,0.25,0.2498021962111364,0.25000025393332026,13559808.0
43,17,0.5,16,32,0.0040864542907240575,0.5114030451672532,364.5782467906418,0.03245,0.01045,0.03476619421535845,0.01265,0.0101,0.011,0.00995,0.0077,0.009,0.010030531216545966,0.23450116421610118,0.19954532984845258,0.25,0.00047913914434533674,0.0005108067863405072,206.90625
43,17,1.0,16,32,0.0040864542907240575,0.2557015225836266,118.2891233953209,0.0169,0.01045,0.0191959285877944,0.01145,0.0101,0.01065,0.00995,0.0077,0.009,0.010007625227948826,0.24595497516543768,0.22456676948754978,0.25,0.0005025418817948659,0.0005108067863405072,827.625
43,17,2.0,16,32,0.0040864542907240575,0.1278507612918133,43.14456169766045,0.01195,0.01045,0.013956850041861573,0.0106,0.0101,0.01025,0.00995,0.0077,0.009,0.010001905833792037,0.24898114056718845,0.23725741069337114,0.25,0.0005087250250900785,0.0005108067863405072,3310.5
43,17,4.0,16,32,0.0040864542907240575,0.06392538064590665,17.572280848830225,0.01035,0.01045,0.011835656250325255,0.01025,0.0101,0.01015,0.00995,0.0077,0.009,0.010000476428878222,0.24974664931748097,0.2436254511234826,0.25,0.0005102891333486884,0.0005108067863405072,13242.0
43,17,8.0,16,32,0.0040864542907240575,0.031962690322953326,7.786140424415112,0.00915,0.01045,0.010884191724986973,0.01015,0.0101,0.0101,0.00995,0.0077,0.009,0.010000119105371486,0.2499376538357396,0.24681231855005306,0.25,0.0005106793989652812,0.0005108067863405072,52968.0
43,17,16.0,16,32,0.0040864542907240575,0.015981345161476663,3.643070212207556,0.0089,0.01045,0.010433935262436238,0.01005,0.0101,0.01,0.00995,0.0077,0.009,0.010000029776227331,0.249984926032785,0.24840610839125613,0.25,0.0005107759868015052,0.0005108067863405072,211872.0
43,17,32.0,16,32,0.0040864542907240575,0.007990672580738331,1.759035106103778,0.00865,0.01045,0.010214958011387122,0.01,0.0101,0.00995,0.00995,0.0077,0.009,0.010000007444049577,0.24999648852204864,0.2492030478349283,0.25,0.0005107996115934366,0.0005108067863405072,847488.0
43,17,64.0,16,32,0.0040864542907240575,0.003995336290369166,0.863892553051889,0.0085,0.01045,0.010106980383691472,0.01,0.0101,0.00995,0.00995,0.0077,0.009,0.010000001861011907,0.24999925064229672,0.24960152312236955,0.25,0.0005108052552325063,0.0005108067863405072,3389952.0
43,17,128.0,16,32,0.0040864542907240575,0.001997668145184583,0.4280400265259445,0.0084,0.01045,0.010053366007131425,0.01,0.0101,0.00995,0.00995,0.0077,0.009,0.010000000465252911,0.2499998769117016,0.24980076146179772,0.25,0.0005108065348431546,0.0005108067863405072,13559808.0
43,18,0.5,16,32,0.22931238833743578,3.830925848094151,364.5782467906418,0.93455,0.01,0.9337836937076459,0.10265,0.00925,0.05105,0.0091,0.0103,0.00965,0.01184331226439086,0.020515864109407592,0.013858373270338419,0.25,0.0023522708988672676,0.028664048542179472,206.90625
43,18,1.0,16,32,0.22931238833743578,1.9154629240470755,118.2891233953209,0.34425,0.01,0.34057844926188985,0.0348,0.00925,0.0228,0.0091,0.0103,0.00965,0.01043577503252702,0.11950293687679708,0.0845495468929239,0.25,0.013701751934278084,0.028664048542179472,827.625
43,18,2.0,16,32,0.22931238833743578,0.9577314620235378,43.14456169766045,0.08665,0.01,0.08555960554175024,0.0193,0.00925,0.0139,0.0091,0.0103,0.00965,0.010107435300843218,0.2026522255707099,0.15800853787544983,0.25,0.02323533292375813,0.028664048542179472,3310.5
43,18,4.0,16,32,0.22931238833743578,0.4788657310117689,17.572280848830225,0.0318,0.01,0.032338646904393795,0.0145,0.00925,0.01145,0.0091,0.0103,0.00965,0.010026765425982428,0.23643843031650857,0.20269248700242967,0.25,0.02710913057531648,0.028664048542179472,13242.0
43,18,8.0,16,32,0.22931238833743578,0.23943286550588444,7.786140424415112,0.0181,0.01,0.018447908979101108,0.01215,0.00925,0.01025,0.0091,0.0103,0.00965,0.01000668553271765,0.24646420745357916,0.22617694563207133,0.25,0.02825864802543674,0.028664048542179472,52968.0
43,18,16.0,16,32,0.22931238833743578,0.11971643275294222,3.643070212207556,0.0132,0.01,0.01366990925873789,0.01085,0.00925,0.0098,0.0091,0.0103,0.00965,0.010001671019406654,0.24910318193353836,0.2380671396726348,0.25,0.028561222795817232,0.028664048542179472,211872.0
43,18,32.0,16,32,0.22931238833743578,0.05985821637647111,1.759035106103778,0.01145,0.01,0.011710709837408063,0.01025,0.00925,0.0096,0.0091,0.0103,0.00965,0.010000417732119163,0.2497734819522155,0.2440308978165255,0.25,0.028638076844909974,0.028664048542179472,847488.0
43,18,64.0,16,32,0.22931238833743578,0.029929108188235555,0.863892553051889,0.01085,0.01,0.01082597450396676,0.00995,0.00925,0.0094,0.0091,0.0103,0.00965,0.010000104431609026,0.2499424813152631,0.24701511473747936,0.25,0.028657453668693947,0.028664048542179472,3389952.0
43,18,128.0,16,32,0.22931238833743578,0.014964554094117778,0.4280400265259445,0.01025,0.01,0.010405845726218355,0.0098,0.00925,0.0093,0.0091,0.0103,0.00965,0.010000026107813424,0.2499851930169955,0.24850751559212989,0.25,0.028662350829861058,0.028664048542179472,13559808.0
43,19,0.5,16,32,1.0342825782362919,8.135974742286427,364.5782467906418,1.0,0.0104,0.9999999968693885,1.0,0.00985,0.1355,0.00985,0.0102,0.0092,0.02081088489280186,2.581833758117834e-05,1.1855237688866579e-05,0.25,1.335172837961804e-05,0.12928532227953649,206.90625
43,19,1.0,16,32,1.0342825782362919,4.0679873711432135,118.2891233953209,0.95905,0.0104,0.9592142272426896,0.821,0.00985,0.0432,0.00985,0.0102,0.0092,0.012098398799199517,0.015720748791535642,0.010488058027109842,0.25,0.008129848295957276,0.12928532227953649,827.625
43,19,2.0,16,32,1.0342825782362919,2.0339936855716068,43.14456169766045,0.38425,0.0104,0.3850079155671502,0.2458,0.00985,0.0217,0.00985,0.0102,0.0092,0.010492543731443829,0.10963582154218002,0.07728873283730636,0.25,0.05669721008584997,0.12928532227953649,3310.5
43,19,4.0,16,32,1.0342825782362919,1.0169968427858034,17.572280848830225,0.09415,0.0104,0.09520773542273098,0.066,0.00985,0.0152,0.00985,0.0102,0.0092,0.0101212149296813,0.1976106810879617,0.1527759614727544,0.25,0.10219264236134334,0.12928532227953649,13242.0
43,19,8.0,16,32,1.0342825782362919,0.5084984213929017,7.786140424415112,0.03235,0.0104,0.034543572911304374,0.02755,0.00985,0.01295,0.00985,0.0102,0.0092,0.010030184931469621,0.2349111697832489,0.19982575867526664,0.25,0.121482265169961,0.12928532227953649,52968.0
43,19,16.0,16,32,1.0342825782362919,0.25424921069645084,3.643070212207556,0.0182,0.0104,0.019128120485245596,0.01715,0.00985,0.0118,0.00985,0.0102,0.0092,0.01000753882741604,0.2461108045231441,0.2247104443001428,0.25,0.12727405871700276,0.12928532227953649,211872.0
43,19,32.0,16,32,1.0342825782362919,0.12712460534822542,1.759035106103778,0.013,0.0104,0.013931025293474142,0.01285,0.00985,0.0116,0.00985,0.0102,0.0092,0.010001884244319224,0.24904327058351217,0.23732968728081624,0.25,0.12879055799575673,0.12928532227953649,847488.0
43,19,64.0,16,32,1.0342825782362919,0.06356230267411271,0.863892553051889,0.0109,0.0104,0.011824455389942057,0.01105,0.00985,0.0114,0.00985,0.0102,0.0092,0.010000471032176125,0.2497735877131272,0.24366164452429323,0.25,0.1291682351376309,0.12928532227953649,3389952.0
43,19,128.0,16,32,1.0342825782362919,0.031781151337056356,0.4280400265259445,0.0102,0.0104,0.010878983589333554,0.01035,0.00985,0.01135,0.00985,0.0102,0.0092,0.010000117756237591,0.24995008821475478,0.24683042214540699,0.25,0.1292595108345726,0.12928532227953649,13559808.0
43,20,0.5,16,32,2.000001321397935,11.313712236461905,364.5782467906418,1.0,0.0096,1.0,0.9393,0.0094,1.0,0.00945,0.0096,0.0099,0.03850921940364793,2.1264896290806266e-21,3.854272526745984e-09,0.25,2.126491034050129e-21,0.2500001651747419,206.90625
43,20,1.0,16,32,2.000001321397935,5.6568561182309525,118.2891233953209,0.9996,0.0096,0.999566562017231,0.34065,0.0094,0.95195,0.00945,0.0096,0.0099,0.01439010849365956,0.0017794464029977737,0.0011694303316029209,0.25,0.0017794475786761749,0.2500001651747419,827.625
43,20,2.0,16,32,2.000001321397935,2.8284280591154762,43.14456169766045,0.6925,0.0096,0.6921944410546662,0.0868,0.0094,0.3687,0.00945,0.0096,0.0099,0.010971287061098161,0.056678594440196364,0.039324767479951415,0.25,0.05667863188768519,0.2500001651747419,3310.5
43,20,4.0,16,32,2.000001321397935,1.4142140295577381,17.572280848830225,0.1835,0.0096,0.180849131985994,0.0326,0.0094,0.09195,0.00945,0.0096,0.0099,0.010235543802904399,0.16109466278880202,0.11987499425857595,0.25,0.1610947692238794,0.2500001651747419,13242.0
43,20,8.0,16,32,2.000001321397935,0.7071070147788691,7.786140424415112,0.0536,0.0096,0.05269772493111648,0.0197,0.0094,0.03505,0.00945,0.0096,0.0099,0.010058440262657809,0.2211179397507037,0.18091838057199983,0.25,0.2211180858430982,0.2500001651747419,52968.0
43,20,16.0,16,32,2.000001321397935,0.35355350738943453,3.643070212207556,0.0266,0.0096,0.0242594976273012,0.01545,0.0094,0.0194,0.00945,0.0096,0.0099,0.010014582352178284,0.24191584344935813,0.21492093733153178,0.25,0.24191600328290613,0.2500001651747419,211872.0
43,20,32.0,16,32,2.000001321397935,0.17677675369471726,1.759035106103778,0.01805,0.0096,0.015794577421473943,0.0132,0.0094,0.014,0.00945,0.0096,0.0099,0.01000364385816485,0.24780516000759395,0.23239199976774444,0.25,0.24780532373220732,0.2500001651747419,847488.0
43,20,64.0,16,32,2.000001321397935,0.08838837684735863,0.863892553051889,0.01445,0.0096,0.012611848255490646,0.0123,0.0094,0.01245,0.00945,0.0096,0.0099,0.010000910856458253,0.2493845159409971,0.24118740362382893,0.25,0.24938468070908928,0.2500001651747419,3389952.0
43,20,128.0,16,32,2.000001321397935,0.044194188423679316,0.4280400265259445,0.01285,0.0096,0.011240134184039328,0.01175,0.0094,0.01125,0.00945,0.0096,0.0099,0.010000227707359881,0.2498141748445681,0.2455926260986035,0.25,0.2498143398965355,0.2500001651747419,13559808.0
43,21,0.5,16,32,1.0504008532883269,8.199125234465743,364.5782467906418,1.0,0.0086,0.9999999978572307,0.9982,0.0111,0.5528,0.01005,0.00915,0.00935,0.021037119487760072,3.9528993121666926e-05,1.0348291724410682e-05,0.25,2.0760644052313672e-05,0.13130010666104086,206.90625
43,21,1.0,16,32,1.0504008532883269,4.099562617232872,118.2891233953209,0.9626,0.0086,0.9619034350159408,0.6039,0.0111,0.13545,0.01005,0.00915,0.00935,0.012133898958877044,0.01465554094565829,0.010096444095944044,0.25,0.0076970963573607405,0.13130010666104086,827.625
43,21,2.0,16,32,1.0504008532883269,2.049781308616436,43.14456169766045,0.39085,0.0086,0.39105647026296075,0.1517,0.0111,0.04345,0.01005,0.00915,0.00935,0.010500383091027164,0.10771123614729088,0.07635369620528151,0.25,0.05656998717892741,0.13130010666104086,3310.5
43,21,4.0,16,32,1.0504008532883269,1.024890654308218,17.572280848830225,0.1003,0.0086,0.09655099936528627,0.0459,0.0111,0.02225,0.01005,0.00915,0.00935,0.010123113994588102,0.19654460768406212,0.15208484370620987,0.25,0.10322531181027915,0.13130010666104086,13242.0
43,21,8.0,16,32,1.0504008532883269,0.512445327154109,7.786140424415112,0.0361,0.0086,0.034846365284625556,0.0224,0.0111,0.01385,0.01005,0.00915,0.00935,0.01003065595932146,0.2344045601577402,0.19944472739907704,0.25,0.12310937500218262,0.13130010666104086,52968.0
43,21,16.0,16,32,1.0504008532883269,0.2562226635770545,3.643070212207556,0.0191,0.0086,0.019220310303349947,0.01505,0.0111,0.0112,0.01005,0.00915,0.00935,0.010007656351662224,0.24588706892849152,0.22451521711907094,0.25,0.12913999350752656,0.13130010666104086,211872.0
43,21,32.0,16,32,1.0504008532883269,0.12811133178852724,1.759035106103778,0.0133,0.0086,0.013966126933787069,0.01165,0.0111,0.0099,0.01005,0.00915,0.00935,0.010001913610850503,0.2489439740843024,0.23723147569988087,0.25,0.13074548139956918,0.13130010666104086,847488.0
43,21,64.0,16,32,1.0504008532883269,0.06405566589426362,0.863892553051889,0.01085,0.0086,0.011839677759879784,0.01075,0.0111,0.0094,0.01005,0.00915,0.00935,0.010000478372901024,0.24972772133888968,0.24361246369925801,0.25,0.1311571057920596,0.13130010666104086,3389952.0
43,21,128.0,16,32,1.0504008532883269,0.03202783294713181,0.4280400265259445,0.00975,0.0086,0.010886061117645854,0.01,0.0111,0.00885,0.01005,0.00915,0.00935,0.010000119591362076,0.24992816951926122,0.24680582234461432,0.25,0.1312623812619108,0.13130010666104086,13559808.0
43,22,0.5,16,32,0.11177342097552981,2.6746025765399066,364.5782467906418,0.6309,0.0099,0.6361755454017652,0.1175,0.00885,0.1052,0.00965,0.0107,0.0101,0.010864788018912826,0.06599976304125796,0.045281077666008834,0.25,0.0036885096493478697,0.013971677621941226,206.90625
43,22,1.0,16,32,0.11177342097552981,1.3373012882699533,118.2891233953209,0.1623,0.0099,0.16132017471262633,0.0395,0.00885,0.03865,0.00965,0.0107,0.0101,0.010210394459931698,0.16995101735743834,0.1259295896329139,0.25,0.009498003304156264,0.013971677621941226,827.625
43,22,2.0,16,32,0.11177342097552981,0.6686506441349767,43.14456169766045,0.05175,0.0099,0.04868929661618903,0.02075,0.00885,0.0206,0.00965,0.0107,0.0101,0.010052242512970103,0.2250510440068258,0.18453352110973154,0.25,0.012577362541378713,0.013971677621941226,3310.5
43,22,4.0,16,32,0.11177342097552981,0.33432532206748833,17.572280848830225,0.02455,0.0099,0.02318429176839314,0.01435,0.00885,0.01545,0.00965,0.0107,0.0101,0.010013038473367035,0.24335341958200518,0.21681051578987964,0.25,0.013600222106387103,0.013971677621941226,13242.0
43,22,8.0,16,32,0.11177342097552981,0.16716266103374416,7.786140424415112,0.0169,0.0099,0.015417900391998536,0.01245,0.00885,0.01295,0.00965,0.0107,0.0101,0.010003258235244221,0.2483398822925718,0.23334732776962466,0.25,0.013878899104250575,0.013971677621941226,52968.0
43,22,16.0,16,32,0.11177342097552981,0.08358133051687208,3.643070212207556,0.0139,0.0099,0.012455936494730759,0.01145,0.00885,0.01235,0.00965,0.0107,0.0101,0.01000081447239213,0.24960094047583825,0.24166639413953028,0.25,0.013949375497847014,0.013971677621941226,211872.0
43,22,32.0,16,32,0.11177342097552981,0.04179066525843604,1.759035106103778,0.0121,0.0099,0.011169402235662878,0.0108,0.00885,0.01175,0.00965,0.0107,0.0101,0.010000203612697201,0.2499092098206233,0.24583228745870025,0.25,0.01396660365747127,0.013971677621941226,847488.0
43,22,64.0,16,32,0.11177342097552981,0.02089533262921802,0.863892553051889,0.01125,0.0099,0.010570620891593108,0.01055,0.00885,0.01145,0.00965,0.0107,0.0101,0.01000005090283672,0.2499818515570008,0.2479160300000409,0.25,0.013970663365161527,0.013971677621941226,3389952.0
43,22,128.0,16,32,0.11177342097552981,0.01044766631460901,0.4280400265259445,0.01085,0.0099,0.010281858995092643,0.01035,0.00885,0.01135,0.00965,0.0107,0.0101,0.010000012725688045,0.24999774120411683,0.24895800078298394,0.25,0.013971551385269652,0.013971677621941226,13559808.0
43,23,0.5,16,32,2.0000023904240805,11.313715260123049,364.5782467906418,1.0,0.00875,1.0,0.8467,0.00885,1.0,0.01055,0.0113,0.0115,0.038509244246926456,2.048811220699404e-18,3.8542385904034344e-09,0.25,2.048813669463243e-18,0.25000029880301006,206.90625
43,23,1.0,16,32,2.0000023904240805,5.656857630061524,118.2891233953209,0.99925,0.00875,0.9995665643709412,0.2615,0.00885,0.9899,0.01055,0.0113,0.0115,0.014390111223271159,0.0017120459676457473,0.001169427569920992,0.25,0.0017120480139037012,0.25000029880301006,827.625
43,23,2.0,16,32,2.0000023904240805,2.828428815030762,43.14456169766045,0.68885,0.00875,0.6921947069089452,0.0699,0.00885,0.5145,0.01055,0.0113,0.0115,0.010971287601349449,0.05721323666218328,0.03932473974494203,0.25,0.0572133050441326,0.25000029880301006,3310.5
43,23,4.0,16,32,2.0000023904240805,1.414214407515381,17.572280848830225,0.1836,0.00875,0.18084923145535808,0.02885,0.00885,0.12295,0.01055,0.0113,0.0115,0.010235543930081296,0.1620926665131301,0.11987496490104785,0.25,0.16209286024823674,0.25000029880301006,13242.0
43,23,8.0,16,32,2.0000023904240805,0.7071072037576905,7.786140424415112,0.05475,0.00875,0.052697745253564604,0.01825,0.00885,0.0428,0.01055,0.0113,0.0115,0.010058440293973956,0.22160451476624393,0.18091836286602753,0.25,0.22160477963062816,0.25000029880301006,52968.0
43,23,16.0,16,32,2.0000023904240805,0.35355360187884527,3.643070212207556,0.02605,0.00875,0.02425950301215696,0.0141,0.00885,0.02215,0.01055,0.0113,0.0115,0.010014582359977669,0.2420867643755341,0.21492092805368154,0.25,0.24208705372054967,0.25000029880301006,211872.0
43,23,32.0,16,32,2.0000023904240805,0.17677680093942263,1.759035106103778,0.01635,0.00875,0.015794579291727687,0.01215,0.00885,0.0151,0.01055,0.0113,0.0115,0.010003643860112849,0.2478656340734845,0.2323919950741371,0.25,0.24786593032547471,0.25000029880301006,847488.0
43,23,64.0,16,32,2.0000023904240805,0.08838840046971132,0.863892553051889,0.01335,0.00875,0.012611849025789707,0.0112,0.00885,0.01275,0.01055,0.0113,0.0115,0.010000910856945136,0.24940823531295314,0.24118740127013977,0.25,0.2494085334086789,0.25000029880301006,3389952.0
43,23,128.0,16,32,2.0000023904240805,0.04419420023485566,0.4280400265259445,0.01195,0.00875,0.01124013453257837,0.0106,0.00885,0.01165,0.01055,0.0113,0.0115,0.010000227707481598,0.24982441998858423,0.24559262492089665,0.25,0.24982471858173894,0.25000029880301006,13559808.0
43,24,0.5,16,32,0.10683901882926844,2.614899081240647,364.5782467906418,0.61045,0.0102,0.6135375806003044,0.26985,0.00795,0.06325,0.0096,0.01005,0.0115,0.010825286868456083,0.06959218513464382,0.04776502037572092,0.25,0.0037175803889850736,0.013354877353658555,206.90625
43,24,1.0,16,32,0.10683901882926844,1.3074495406203235,118.2891233953209,0.1541,0.0102,0.15412561749918496,0.071,0.00795,0.0272,0.0096,0.01005,0.0115,0.01020102586907047,0.17212962903368578,0.12832228542057353,0.25,0.009195080338702474,0.013354877353658555,827.625
43,24,2.0,16,32,0.10683901882926844,0.6537247703101617,43.14456169766045,0.0488,0.0102,0.0472007578618422,0.02945,0.00795,0.01775,0.0096,0.01005,0.0115,0.010049931200031307,0.22575128081297857,0.1859429930107256,0.25,0.012059522670754642,0.013354877353658555,3310.5
43,24,4.0,16,32,0.10683901882926844,0.32686238515508087,17.572280848830225,0.0242,0.0102,0.022777925196775684,0.01745,0.00795,0.0142,0.0096,0.01005,0.0115,0.010012462559435668,0.2434799888862918,0.21754473622809795,0.25,0.0130065815585863,0.013354877353658555,13242.0
43,24,8.0,16,32,0.10683901882926844,0.16343119257754044,7.786140424415112,0.0158,0.0102,0.01527379425062264,0.0129,0.00795,0.01255,0.0096,0.01005,0.0115,0.010003114376204854,0.2483304950733463,0.23371821894825598,0.25,0.0132656932195114,0.013354877353658555,52968.0
43,24,16.0,16,32,0.10683901882926844,0.08171559628877022,3.643070212207556,0.01315,0.0102,0.012395874428072403,0.01145,0.00795,0.0115,0.0096,0.01005,0.0115,0.010000778515094377,0.24957678924094273,0.2418523153837751,0.25,0.01333226964253072,0.013354877353658555,211872.0
43,24,32.0,16,32,0.10683901882926844,0.04085779814438511,1.759035106103778,0.012,0.0102,0.011142053840240267,0.01015,0.00795,0.01075,0.0096,0.01005,0.0115,0.010000194623839094,0.24989219858254857,0.24592530763295814,0.25,0.013349118654824098,0.013354877353658555,847488.0
43,24,64.0,16,32,0.10683901882926844,0.020428899072192554,0.863892553051889,0.01125,0.0102,0.010557580081482254,0.00995,0.00795,0.01065,0.0096,0.01005,0.0115,0.010000048655651336,0.24997210945157516,0.2479625475341673,0.25,0.013353387454244395,0.013354877353658555,3389952.0
43,24,128.0,16,32,0.10683901882926844,0.010214449536096277,0.4280400265259445,0.0109,0.0102,0.010275492411924596,0.0098,0.00795,0.01055,0.0096,0.01005,0.0115,0.010000012163893521,0.2499925611089709,0.24898126048101496,0.25,0.01335447997174919,0.013354877353658555,13559808.0
43,25,0.5,16,32,2.000002676968364,11.31371607059216,364.5782467906418,1.0,0.0098,1.0,1.0,0.00965,1.0,0.00975,0.0106,0.01045,0.03850925090597946,3.5089857153871676e-21,3.8542294940771756e-09,0.25,3.508990412109042e-21,0.2500003346210455,206.90625
43,25,1.0,16,32,2.000002676968364,5.65685803529608,118.2891233953209,0.99915,0.0098,0.999566565001833,0.8067,0.00965,0.9762,0.00975,0.0106,0.01045,0.014390111954922749,0.0017306374945306865,0.0011694268296743974,0.25,0.0017306398109615975,0.2500003346210455,827.625
43,25,2.0,16,32,2.000002676968364,2.82842901764804,43.14456169766045,0.69115,0.0098,0.6921947781691224,0.23285,0.00965,0.4286,0.00975,0.0106,0.01045,0.010971287746159684,0.05708333837414252,0.03932473231078862,0.25,0.05708341477928799,0.2500003346210455,3310.5
43,25,4.0,16,32,2.000002676968364,1.41421450882402,17.572280848830225,0.1811,0.0098,0.18084925811736174,0.0643,0.00965,0.1062,0.00975,0.0106,0.01045,0.010235543964170094,0.16179051256912752,0.11987495703198894,0.25,0.16179072912316939,0.2500003346210455,13242.0
43,25,8.0,16,32,2.000002676968364,0.70710725441201,7.786140424415112,0.0508,0.0098,0.05269775070084156,0.0258,0.00965,0.03985,0.00975,0.0106,0.01045,0.010058440302368014,0.221615400883407,0.18091835812007795,0.25,0.22161569751211557,0.2500003346210455,52968.0
43,25,16.0,16,32,2.000002676968364,0.353553627206005,3.643070212207556,0.02395,0.0098,0.02425950445552629,0.01585,0.00965,0.0217,0.00975,0.0106,0.01045,0.010014582362068234,0.24223124092102186,0.21492092556682516,0.25,0.2422315651437062,0.2500003346210455,211872.0
43,25,32.0,16,32,2.000002676968364,0.1767768136030025,1.759035106103778,0.0163,0.0098,0.01579457979303485,0.0118,0.00965,0.01635,0.00975,0.0106,0.01045,0.010003643860634993,0.24797589315054905,0.23239199381605175,0.25,0.24797622506235953,0.2500003346210455,847488.0
43,25,64.0,16,32,2.000002676968364,0.08838840680150124,0.863892553051889,0.01315,0.0098,0.012611849232262445,0.01045,0.00965,0.01325,0.00975,0.0106,0.01045,0.010000910857075641,0.2494720939248038,0.24118740063925148,0.25,0.24947242783925536,0.2500003346210455,3389952.0
43,25,128.0,16,32,2.000002676968364,0.04419420340075062,0.4280400265259445,0.01155,0.0098,0.011240134626001583,0.0097,0.00965,0.0123,0.00975,0.0106,0.01045,0.01000022770751422,0.24985837899797275,0.24559262460522138,0.25,0.24985871342946075,0.2500003346210455,13559808.0
43,26,0.5,16,32,0.7002513829528694,6.694481944779867,364.5782467906418,1.0,0.00955,0.999993734371887,0.79335,0.01125,0.99115,0.00885,0.0093,0.01085,0.016563851353789044,0.0002655812301212726,0.00020405056612906108,0.25,9.29868118393727e-05,0.08753142286910867,206.90625
43,26,1.0,16,32,0.7002513829528694,3.3472409723899337,118.2891233953209,0.8476,0.00955,0.8463474553207114,0.2266,0.01125,0.51475,0.00885,0.0093,0.01085,0.01138260832740844,0.03499393499056202,0.023551302426170345,0.25,0.01225227568605193,0.08753142286910867,827.625
43,26,2.0,16,32,0.7002513829528694,1.6736204861949668,43.14456169766045,0.2578,0.00955,0.2569660213518624,0.0622,0.01125,0.12535,0.00885,0.0093,0.01085,0.010331221170701649,0.1390883819326783,0.10067480970678977,0.25,0.04869841590051744,0.08753142286910867,3310.5
43,26,4.0,16,32,0.7002513829528694,0.8368102430974834,17.572280848830225,0.0695,0.00955,0.06817292584223404,0.0269,0.01125,0.0407,0.00885,0.0093,0.01085,0.010081928730030673,0.2117939576212196,0.16891273566022658,0.25,0.07415450586266022,0.08753142286910867,13242.0
43,26,8.0,16,32,0.7002513829528694,0.4184051215487417,7.786140424415112,0.0283,0.00955,0.02819930789935418,0.0168,0.01125,0.0198,0.00885,0.0093,0.01085,0.010020427788006584,0.23915956077354658,0.20857252836166032,0.25,0.0837359065890384,0.08753142286910867,52968.0
43,26,16.0,16,32,0.7002513829528694,0.20920256077437085,3.643070212207556,0.01725,0.00955,0.017123758484311066,0.01315,0.01125,0.01385,0.00885,0.0093,0.01085,0.010005103553426993,0.24710124410193032,0.22917304966978336,0.25,0.08651649395587563,0.08753142286910867,211872.0
43,26,32.0,16,32,0.7002513829528694,0.10460128038718543,1.759035106103778,0.013,0.00955,0.013150217895993839,0.01205,0.01125,0.01135,0.00885,0.0093,0.01085,0.010001275676353234,0.24921811299642144,0.23957228580403778,0.25,0.08725766414132428,0.08753142286910867,847488.0
43,26,64.0,16,32,0.7002513829528694,0.052300640193592714,0.863892553051889,0.0115,0.00955,0.011481573370331406,0.0109,0.01125,0.01005,0.00885,0.0093,0.01085,0.010000318905839535,0.24977856729575248,0.24478436028363648,0.25,0.08745389359041851,0.08753142286910867,3389952.0
43,26,128.0,16,32,0.7002513829528694,0.026150320096796357,0.4280400265259445,0.011,0.00955,0.01071851517485618,0.0105,0.01125,0.0097,0.00885,0.0093,0.01085,0.010000079725631824,0.24993184658224443,0.24739195722880045,0.25,0.08750756060659053,0.08753142286910867,13559808.0
43,27,0.5,16,32,1.0590947916815907,8.23298649747598,364.5782467906418,1.0,0.0107,0.9999999982542075,0.2027,0.01105,0.42015,0.00995,0.0106,0.0098,0.021160003461637746,4.688415452722001e-06,9.617014815223099e-06,0.25,2.4827381936086795e-06,0.13238684896019884,206.90625
43,27,1.0,16,32,1.0590947916815907,4.11649324873799,118.2891233953209,0.96395,0.0107,0.9632847280150054,0.05915,0.01105,0.1029,0.00995,0.0106,0.0098,0.01215308444022792,0.015251117276524317,0.009891616259256272,0.25,0.008076189437446016,0.13238684896019884,827.625
43,27,2.0,16,32,1.0590947916815907,2.058246624368995,43.14456169766045,0.3982,0.0107,0.39431069196812163,0.02635,0.01105,0.03585,0.00995,0.0106,0.0098,0.010504613623299058,0.10834673447566127,0.07585543319557897,0.25,0.05737473108944055,0.13238684896019884,3310.5
43,27,4.0,16,32,1.0590947916815907,1.0291233121844976,17.572280848830225,0.09865,0.0107,0.09727696597352214,0.0158,0.01105,0.01955,0.00995,0.0106,0.0098,0.010124138448076664,0.19661514043271688,0.15171484131639568,0.25,0.1041170355990175,0.13238684896019884,13242.0
43,27,8.0,16,32,1.0590947916815907,0.5145616560922488,7.786140424415112,0.03525,0.0107,0.03500961773038953,0.01235,0.01105,0.01445,0.00995,0.0106,0.0098,0.010030910032145438,0.23445994645592594,0.1992404978572497,0.25,0.1241576540747079,0.13238684896019884,52968.0
43,27,16.0,16,32,1.0590947916815907,0.2572808280461244,3.643070212207556,0.0199,0.0107,0.019269897794438367,0.01135,0.01105,0.01235,0.00995,0.0106,0.0098,0.010007719742848526,0.2459241091460974,0.22441054655164194,0.25,0.13022847157278342,0.13238684896019884,211872.0
43,27,32.0,16,32,1.0590947916815907,0.1286404140230622,1.759035106103778,0.0143,0.0107,0.013984979799417542,0.01065,0.01105,0.0113,0.00995,0.0106,0.0098,0.010001929450716372,0.24896214220354934,0.2371788159749921,0.25,0.13183725406683533,0.13238684896019884,847488.0
43,27,64.0,16,32,1.0590947916815907,0.0643202070115311,0.863892553051889,0.012,0.0107,0.011847846987608955,0.0104,0.01105,0.011,0.00995,0.0106,0.0098,0.010000482332371951,0.24973628626251326,0.24358609312477583,0.25,0.13224720003726528,0.13238684896019884,3389952.0
43,27,128.0,16,32,1.0590947916815907,0.03216010350576555,0.4280400265259445,0.0111,0.0107,0.010889857734957702,0.0102,0.01105,0.0106,0.00995,0.0106,0.0098,0.010000120581198837,0.24993227162291215,0.24679263196345239,0.25,0.13235098357448744,0.13238684896019884,13559808.0
43,28,0.5,16,32,2.000001957499865,11.31371403562912,364.5782467906418,1.0,0.0095,1.0,0.99905,0.0089,1.0,0.00945,0.01025,0.0096,0.038509234186126076,2.865058336147882e-23,3.854252333590116e-09,0.25,2.865061140323535e-23,0.2500002446874831,206.90625
43,28,1.0,16,32,2.000001957499865,5.65685701781456,118.2891233953209,0.9994,0.0095,0.9995665634177591,0.65305,0.0089,0.88285,0.00945,0.01025,0.0096,0.014390110117858528,0.0018698850109743008,0.001169428688320321,0.25,0.001869886841124129,0.2500002446874831,827.625
43,28,2.0,16,32,2.000001957499865,2.82842850890728,43.14456169766045,0.69125,0.0095,0.6921945992457852,0.17085,0.0089,0.2784,0.00945,0.01025,0.0096,0.01097128738256353,0.057264078929934625,0.039324750976804164,0.25,0.05726413497714801,0.2500002446874831,3310.5
43,28,4.0,16,32,2.000001957499865,1.41421425445364,17.572280848830225,0.17925,0.0095,0.18084919117318388,0.04995,0.0089,0.0727,0.00945,0.01025,0.0096,0.010235543878578383,0.16147591185595847,0.11987497678998371,0.25,0.1614760699004963,0.2500002446874831,13242.0
43,28,8.0,16,32,2.000001957499865,0.70710712722682,7.786140424415112,0.05505,0.0095,0.05269773702356944,0.02335,0.0089,0.02825,0.00945,0.01025,0.0096,0.01005844028129184,0.22116084895879648,0.18091837003642602,0.25,0.22116106541996244,0.2500002446874831,52968.0
43,28,16.0,16,32,2.000001957499865,0.35355356361341,3.643070212207556,0.0265,0.0095,0.02425950083144845,0.015,0.0089,0.0169,0.00945,0.01025,0.0096,0.01001458235681915,0.24186597557205447,0.2149209318109383,0.25,0.24186621229836172,0.2500002446874831,211872.0
43,28,32.0,16,32,2.000001957499865,0.176776781806705,1.759035106103778,0.01685,0.0095,0.015794578534329848,0.01205,0.0089,0.0129,0.00945,0.01025,0.0096,0.01000364385932397,0.2477586725358229,0.23239199697491017,0.25,0.2477589150296069,0.2500002446874831,847488.0
43,28,64.0,16,32,2.000001957499865,0.0883883909033525,0.863892553051889,0.0141,0.0095,0.012611848713841212,0.01085,0.0089,0.01165,0.00945,0.01025,0.0096,0.010000910856747964,0.24935575643416452,0.24118740222331472,0.25,0.24935600049109427,0.2500002446874831,3389952.0
43,28,128.0,16,32,2.000001957499865,0.04419419545167625,0.4280400265259445,0.01255,0.0095,0.011240134391430288,0.0101,0.0089,0.0108,0.00945,0.01025,0.0096,0.010000227707432306,0.24979842836183735,0.2455926253978333,0.25,0.24979867285203225,0.2500002446874831,13559808.0
43,29,0.5,16,32,1.0089573191655454,8.035749400435215,364.5782467906418,1.0,0.0101,0.9999999943312934,0.9998,0.0099,0.0554,0.0108,0.0096,0.0113,0.020459560675544136,2.5663791780929685e-05,1.4681351993894255e-05,0.25,1.2946835277454787e-05,0.12611966489569318,206.90625
43,29,1.0,16,32,1.0089573191655454,4.017874700217607,118.2891233953209,0.95455,0.0101,0.9546318856534178,0.73655,0.0099,0.02475,0.0108,0.0096,0.0113,0.012042801392779995,0.016686352034992365,0.011135944564841472,0.25,0.00841790850793922,0.12611966489569318,827.625
43,29,2.0,16,32,1.0089573191655454,2.0089373501088037,43.14456169766045,0.37755,0.0101,0.37546606141533984,0.2008,0.0099,0.01585,0.0108,0.0096,0.0113,0.010480236669891826,0.11188809248978426,0.07878819067321657,0.25,0.05644515492251966,0.12611966489569318,3310.5
43,29,4.0,16,32,1.0089573191655454,1.0044686750544018,17.572280848830225,0.0931,0.0101,0.09310419001955206,0.05845,0.0099,0.01225,0.0108,0.0096,0.0113,0.010118231717065402,0.19861932629281012,0.15387567292276672,0.25,0.10019921149543022,0.12611966489569318,13242.0
43,29,8.0,16,32,1.0089573191655454,0.5022343375272009,7.786140424415112,0.03525,0.0101,0.03406745474232522,0.02665,0.0099,0.01095,0.0108,0.0096,0.0113,0.010029444884723121,0.23505920532043909,0.20043088059137162,0.25,0.11858235282264687,0.12611966489569318,52968.0
43,29,16.0,16,32,1.0089573191655454,0.25111716876360046,3.643070212207556,0.02055,0.0101,0.01898257907542102,0.01755,0.0099,0.01025,0.0108,0.0096,0.0113,0.01000735417409869,0.24605442075766146,0.22502033707539662,0.25,0.12412920436824063,0.12611966489569318,211872.0
43,29,32.0,16,32,1.0089573191655454,0.12555858438180023,1.759035106103778,0.0148,0.0101,0.013875472082931535,0.01385,0.0099,0.0101,0.0108,0.0096,0.0113,0.010001838103366033,0.2489801102904746,0.23748556394344864,0.25,0.12560515230210953,0.12611966489569318,847488.0
43,29,64.0,16,32,1.0089573191655454,0.06277929219090012,0.863892553051889,0.01275,0.0101,0.011800331022750597,0.0118,0.0099,0.00995,0.0108,0.0096,0.0113,0.010000459498335999,0.2497333310813693,0.24373969957570055,0.25,0.12598513611707,0.12611966489569318,3389952.0
43,29,128.0,16,32,1.0089573191655454,0.03138964609545006,0.4280400265259445,0.01175,0.0101,0.010867759155562194,0.01145,0.0099,0.00985,0.0108,0.0096,0.0113,0.010000114872864937,0.24992782237967792,0.24686946427477383,0.25,0.12608325282654123,0.12611966489569318,13559808.0
